# https://github.com/mikedh/trimesh
v 0.12298429 0.15031409 0.08113748
v 0.12298429 0.15413630 0.07743454
v 0.11920166 0.15031409 0.07743454
v 0.13209426 0.15031409 0.08266920
v 0.13209426 0.15563393 0.07743454
v 0.14120424 0.15031409 0.07987851
v 0.14120424 0.15285003 0.07743454
v 0.14692450 0.15031409 0.07743454
v 0.12298429 0.14405930 0.07743454
v 0.13209426 0.14383316 0.07743454
v 0.14120424 0.14120418 0.07784653
v 0.14047849 0.14120418 0.07743454
v 0.14267159 0.14120418 0.07743454
v 0.14120424 0.14055371 0.07743454
v -0.05921465 0.06832457 0.07780731
v -0.05921465 0.06943983 0.07743454
v -0.05966908 0.06832457 0.07743454
v -0.05863571 0.06832457 0.07743454
v -0.05921465 0.05921465 0.07753867
v -0.05956686 0.05921465 0.07743454
v -0.05897015 0.05921465 0.07743454
v -0.06832457 0.05010468 0.08038497
v -0.06832457 0.05427074 0.07743454
v -0.07004011 0.05010468 0.07743454
v -0.05921465 0.05903107 0.07743454
v -0.06558055 0.05010468 0.07743454
v -0.06832457 0.04099476 0.08315098
v -0.07336611 0.04099476 0.07743454
v -0.06309807 0.04099476 0.07743454
v -0.06832457 0.03279757 0.07743454
v 0.12298429 0.15942407 0.07697380
v 0.12298429 0.16834396 0.06832457
v 0.11432433 0.15942407 0.06832457
v 0.13209426 0.15942407 0.07661700
v 0.13209426 0.16814780 0.06832457
v 0.14120424 0.15942407 0.07647550
v 0.14120424 0.16792572 0.06832457
v 0.15031421 0.15942407 0.07495642
v 0.15031421 0.16622436 0.06832457
v 0.15942407 0.15942407 0.07067835
v 0.15942407 0.16186738 0.06832457
v 0.16329384 0.15942407 0.06832457
v 0.08654451 0.15031409 0.07052165
v 0.08654451 0.15276408 0.06832457
v 0.07995361 0.15031409 0.06832457
v 0.09565449 0.15031409 0.07224846
v 0.09565449 0.15452456 0.06832457
v 0.10066587 0.15031409 0.06832457
v 0.11387432 0.15031409 0.07673907
v 0.11387432 0.15875560 0.06832457
v 0.10523409 0.15031409 0.06832457
v 0.15031421 0.15031409 0.07731420
v 0.15942407 0.15031409 0.07661092
v 0.16853404 0.15031409 0.07592142
v 0.16853404 0.15862393 0.06832457
v 0.17764401 0.15031409 0.07464552
v 0.17764401 0.15703499 0.06832457
v 0.18675399 0.15031409 0.06896925
v 0.18675399 0.15097672 0.06832457
v 0.18748808 0.15031409 0.06832457
v 0.08654451 0.14698994 0.06832457
v 0.09565449 0.14537609 0.06832457
v 0.11387432 0.14120418 0.07395846
v 0.10820061 0.14120418 0.06832457
v 0.12298429 0.14120418 0.07728726
v 0.13209426 0.14120418 0.07705063
v 0.15031421 0.14120418 0.07724178
v 0.15942407 0.14120418 0.07657564
v 0.16853404 0.14120418 0.07569611
v 0.17764401 0.14120418 0.07492644
v 0.18675399 0.14120418 0.07301778
v 0.19408417 0.14120418 0.06832457
v 0.11387432 0.13558102 0.06832457
v 0.12298429 0.13209426 0.07277679
v 0.11855370 0.13209426 0.06832457
v 0.13209426 0.13209426 0.07271028
v 0.14120424 0.13209426 0.07597262
v 0.15031421 0.13209426 0.07618690
v 0.15942407 0.13209426 0.07524145
v 0.16853404 0.13209426 0.07415259
v 0.17764401 0.13209426 0.07343394
v 0.18675399 0.13209426 0.07194608
v 0.19586384 0.13209426 0.06908208
v 0.19586384 0.13446015 0.06832457
v 0.19707716 0.13209426 0.06832457
v 0.12298429 0.12771612 0.06832457
v 0.13209426 0.12760949 0.06832457
v 0.14120424 0.12337631 0.06832457
v 0.15031421 0.12298429 0.07105261
v 0.14362347 0.12298429 0.06832457
v 0.15942407 0.12298429 0.06895590
v 0.16853404 0.12412113 0.06832457
v 0.16159642 0.12298429 0.06832457
v 0.17764401 0.12509680 0.06832457
v 0.18675399 0.12640983 0.06832457
v 0.19586384 0.13060045 0.06832457
v 0.15031421 0.11408788 0.06832457
v 0.15942407 0.11969215 0.06832457
v -0.05921465 0.08654451 0.07107812
v -0.05921465 0.08995897 0.06832457
v -0.06184012 0.08654451 0.06832457
v -0.05241966 0.08654451 0.06832457
v -0.05921465 0.07743454 0.07626694
v -0.06560969 0.07743454 0.06832457
v -0.05010468 0.07743454 0.07298201
v -0.05010468 0.08536810 0.06832457
v -0.04099476 0.07743454 0.06975263
v -0.04099476 0.08028013 0.06832457
v -0.03478986 0.07743454 0.06832457
v -0.06709689 0.06832457 0.06832457
v -0.05010468 0.06832457 0.07524168
v -0.04099476 0.06832457 0.07274288
v -0.03188485 0.06832457 0.07175422
v -0.03188485 0.07627159 0.06832457
v -0.02277488 0.06832457 0.07129246
v -0.02277488 0.07452285 0.06832457
v -0.01366490 0.06832457 0.07059765
v -0.01366490 0.07256955 0.06832457
v -0.00455499 0.06832457 0.06934243
v -0.00455499 0.07016772 0.06832457
v 0.00048858 0.06832457 0.06832457
v -0.06777549 0.05921465 0.06832457
v -0.05010468 0.05921465 0.07617515
v -0.04099476 0.05921465 0.07394236
v -0.03188485 0.05921465 0.07309818
v -0.02277488 0.05921465 0.07252514
v -0.01366490 0.05921465 0.07181305
v -0.00455499 0.05921465 0.07050270
v 0.00455493 0.05921465 0.06855744
v 0.00455493 0.06108493 0.06832457
v 0.00542384 0.05921465 0.06832457
v -0.06832457 0.05678272 0.06832457
v -0.07232583 0.05010468 0.06832457
v -0.05921465 0.05010468 0.07540727
v -0.05010468 0.05010468 0.07514840
v -0.04099476 0.05010468 0.07356954
v -0.03188485 0.05010468 0.07309318
v -0.02277488 0.05010468 0.07262713
v -0.01366490 0.05010468 0.07193804
v -0.00455499 0.05010468 0.07051331
v 0.00455493 0.05414140 0.06832457
v 0.00398815 0.05010468 0.06832457
v -0.07743454 0.04099476 0.07450694
v -0.07743454 0.04733282 0.06832457
v -0.08387405 0.04099476 0.06832457
v -0.05921465 0.04099476 0.07080817
v -0.05010468 0.04099476 0.06887972
v -0.04099476 0.04133189 0.06832457
v -0.04478914 0.04099476 0.06832457
v -0.03188485 0.04099476 0.06865907
v -0.03610688 0.04099476 0.06832457
v -0.02277488 0.04116845 0.06832457
v -0.02561831 0.04099476 0.06832457
v -0.01366490 0.04187387 0.06832457
v -0.00455499 0.04425651 0.06832457
v -0.07743454 0.03463626 0.06832457
v -0.06832457 0.03188485 0.07556295
v -0.07168335 0.03188485 0.06832457
v -0.05921465 0.03188485 0.07172722
v -0.05010468 0.03188485 0.07309133
v -0.04099476 0.03188485 0.07133168
v -0.04099476 0.04023141 0.06832457
v -0.03188485 0.03188485 0.07037276
v -0.02277488 0.03188485 0.06914449
v -0.02277488 0.03967923 0.06832457
v -0.01819628 0.03188485 0.06832457
v -0.06832457 0.02751464 0.06832457
v -0.05921465 0.02277488 0.07138252
v -0.06323755 0.02277488 0.06832457
v -0.05010468 0.02277488 0.07053828
v -0.04099476 0.02397406 0.06832457
v -0.04267931 0.02277488 0.06832457
v -0.03188485 0.02725345 0.06832457
v -0.02277488 0.03035808 0.06832457
v -0.05921465 0.01606500 0.06832457
v -0.05010468 0.01834315 0.06832457
v -0.05921465 0.00455499 0.06855792
v -0.05921465 0.00567788 0.06832457
v -0.05944633 0.00455499 0.06832457
v -0.05885363 0.00455499 0.06832457
v -0.05921465 0.00226837 0.06832457
v -0.06832457 -0.01366490 0.07174128
v -0.06832457 -0.01029611 0.06832457
v -0.07183725 -0.01366490 0.06832457
v -0.05921465 -0.01366490 0.06986558
v -0.05921465 -0.00870162 0.06832457
v -0.05846739 -0.01366490 0.06832457
v -0.06832457 -0.01693493 0.06832457
v -0.05921465 -0.01473790 0.06832457
v 0.13209426 0.17764395 0.06028599
v 0.13209426 0.17868936 0.05921465
v 0.13011539 0.17764395 0.05921465
v 0.13454127 0.17764395 0.05921465
v 0.12298429 0.16853404 0.06803411
v 0.12298429 0.17728311 0.05921465
v 0.11459553 0.16853404 0.05921465
v 0.13209426 0.16853404 0.06804407
v 0.14120424 0.16853404 0.06792688
v 0.14120424 0.17739940 0.05921465
v 0.15031421 0.16853404 0.06654507
v 0.15031421 0.17586344 0.05921465
v 0.15942407 0.16853404 0.06181866
v 0.15942407 0.17113519 0.05921465
v 0.16334450 0.16853404 0.05921465
v 0.04099482 0.15942407 0.06180722
v 0.04099482 0.16218799 0.05921465
v 0.03297639 0.15942407 0.05921465
v 0.05010474 0.15942407 0.06365204
v 0.05010474 0.16418368 0.05921465
v 0.05921459 0.15942407 0.06466037
v 0.05921459 0.16530114 0.05921465
v 0.06832457 0.15942407 0.06547064
v 0.06832457 0.16611934 0.05921465
v 0.07743454 0.15942407 0.06641263
v 0.07743454 0.16696829 0.05921465
v 0.08654451 0.15942407 0.06694657
v 0.08654451 0.16732377 0.05921465
v 0.09565449 0.15942407 0.06746733
v 0.09565449 0.16770941 0.05921465
v 0.10476446 0.15942407 0.06655478
v 0.10476446 0.16761428 0.05921465
v 0.11387432 0.15942407 0.06577736
v 0.11387432 0.16585994 0.05921465
v 0.16853404 0.15942407 0.06788397
v 0.16853404 0.16806513 0.05921465
v 0.17764401 0.15942407 0.06702095
v 0.17764401 0.16719532 0.05921465
v 0.18675399 0.15942407 0.06456017
v 0.18675399 0.16481441 0.05921465
v 0.19372642 0.15942407 0.05921465
v 0.01366490 0.15031409 0.05962282
v 0.01366490 0.15085667 0.05921465
v 0.01302117 0.15031409 0.05921465
v 0.02277488 0.15031409 0.06227052
v 0.02277488 0.15509349 0.05921465
v 0.03188485 0.15031409 0.06393188
v 0.03188485 0.15898126 0.05921465
v 0.04099482 0.15031409 0.06517661
v 0.05010474 0.15031409 0.06623101
v 0.05921459 0.15031409 0.06710255
v 0.06832457 0.15031409 0.06774426
v 0.07743454 0.15031409 0.06822318
v 0.10476446 0.15031409 0.06733340
v 0.19586384 0.15031409 0.06748617
v 0.19586384 0.15899599 0.05921465
v 0.20497382 0.15031409 0.06612229
v 0.20497382 0.15729785 0.05921465
v 0.21284258 0.15031409 0.05921465
v 0.01366490 0.14981204 0.05921465
v 0.02277488 0.14636266 0.05921465
v 0.03188485 0.14392060 0.05921465
v 0.04099482 0.14195895 0.05921465
v 0.05010474 0.14120418 0.06119919
v 0.04435062 0.14120418 0.05921465
v 0.05921459 0.14120418 0.06370616
v 0.06832457 0.14120418 0.06549501
v 0.07743454 0.14120418 0.06690675
v 0.08654451 0.14120418 0.06761336
v 0.09565449 0.14120418 0.06777072
v 0.10476446 0.14120418 0.06515026
v 0.19586384 0.14120418 0.06816030
v 0.20497382 0.14120418 0.06755388
v 0.21408367 0.14120418 0.06563705
v 0.21408367 0.14876390 0.05921465
v 0.22215915 0.14120418 0.05921465
v 0.05010474 0.13905126 0.05921465
v 0.05921459 0.13635111 0.05921465
v 0.06832457 0.13453072 0.05921465
v 0.07743454 0.13305861 0.05921465
v 0.08654451 0.13226718 0.05921465
v 0.09565449 0.13209426 0.05965173
v 0.09306335 0.13209426 0.05921465
v 0.10476446 0.13496703 0.05921465
v 0.09617680 0.13209426 0.05921465
v 0.11387432 0.13209426 0.06305760
v 0.10964298 0.13209426 0.05921465
v 0.20497382 0.13209426 0.06774306
v 0.21408367 0.13209426 0.06654572
v 0.22319365 0.13209426 0.06315207
v 0.22319365 0.13860077 0.05921465
v 0.22814572 0.13209426 0.05921465
v 0.09565449 0.13165861 0.05921465
v 0.11387432 0.12827486 0.05921465
v 0.12298429 0.12482274 0.05921465
v 0.13209426 0.12368196 0.05921465
v 0.14120424 0.12298429 0.06728715
v 0.13464427 0.12298429 0.05921465
v 0.16853404 0.12298429 0.06715554
v 0.17764401 0.12298429 0.06628788
v 0.18675399 0.12298429 0.06694388
v 0.19586384 0.12298429 0.06726581
v 0.20497382 0.12298429 0.06725109
v 0.21408367 0.12298429 0.06597543
v 0.22319365 0.12298429 0.06417876
v 0.23230362 0.12298429 0.05965722
v 0.23230362 0.12366027 0.05921465
v 0.23279858 0.12298429 0.05921465
v 0.13209426 0.11387438 0.05983770
v 0.13209426 0.11501664 0.05921465
v 0.13151526 0.11387438 0.05921465
v 0.14120424 0.11387438 0.06682223
v 0.15031421 0.11387438 0.06827760
v 0.15942407 0.11387438 0.06777561
v 0.16853404 0.11387438 0.06732088
v 0.17764401 0.11387438 0.06783271
v 0.18675399 0.11387438 0.06776232
v 0.19586384 0.11387438 0.06765234
v 0.20497382 0.11387438 0.06734645
v 0.21408367 0.11387438 0.06613046
v 0.22319365 0.11387438 0.06500489
v 0.23230362 0.11387438 0.06200671
v 0.23582828 0.11387438 0.05921465
v 0.13209426 0.10476440 0.06159347
v 0.12863070 0.10476440 0.05921465
v 0.14120424 0.10476440 0.06403989
v 0.15031421 0.10476440 0.06543195
v 0.15942407 0.10476440 0.06552404
v 0.16853404 0.10476440 0.06616223
v 0.17764401 0.10476440 0.06674135
v 0.18675399 0.10476440 0.06675273
v 0.19586384 0.10476440 0.06661576
v 0.20497382 0.10476440 0.06631756
v 0.21408367 0.10476440 0.06541705
v 0.22319365 0.10476440 0.06403381
v 0.23230362 0.10476440 0.06116855
v 0.23492324 0.10476440 0.05921465
v -0.30518323 0.09565443 0.05960393
v -0.30518323 0.09608465 0.05921465
v -0.30661738 0.09565443 0.05921465
v -0.29607332 0.09565443 0.06164628
v -0.29607332 0.09823626 0.05921465
v -0.28696334 0.09565443 0.06200886
v -0.28696334 0.09857798 0.05921465
v -0.27785337 0.09565443 0.06108487
v -0.27785337 0.09761095 0.05921465
v -0.27060205 0.09565443 0.05921465
v -0.05921465 0.09565443 0.06571138
v -0.05921465 0.10202295 0.05921465
v -0.06571907 0.09565443 0.05921465
v -0.05010468 0.09565443 0.06413102
v -0.05010468 0.10072112 0.05921465
v -0.04099476 0.09565443 0.06184602
v -0.04099476 0.09834212 0.05921465
v -0.03196001 0.09565443 0.05921465
v 0.13209426 0.10154712 0.05921465
v 0.14120424 0.09768540 0.05921465
v 0.15031421 0.09565443 0.06028599
v 0.14732766 0.09565443 0.05921465
v 0.15942407 0.09565443 0.06145102
v 0.16853404 0.09565443 0.06246758
v 0.17764401 0.09565443 0.06328672
v 0.18675399 0.09565443 0.06379116
v 0.19586384 0.09565443 0.06422508
v 0.20497382 0.09565443 0.06437999
v 0.21408367 0.09565443 0.06359571
v 0.22319365 0.09565443 0.06251484
v 0.23230362 0.09565443 0.06015480
v 0.23366952 0.09565443 0.05921465
v -0.32340318 0.08654451 0.06049246
v -0.32340318 0.08840227 0.05921465
v -0.32499552 0.08654451 0.05921465
v -0.31429321 0.08654451 0.06440711
v -0.31429321 0.09426051 0.05921465
v -0.30518323 0.08654451 0.06483859
v -0.29607332 0.08654451 0.06488591
v -0.28696334 0.08654451 0.06476170
v -0.27785337 0.08654451 0.06467098
v -0.26874346 0.08654451 0.06456566
v -0.26874346 0.09524047 0.05921465
v -0.25963348 0.08654451 0.06387639
v -0.25963348 0.09312785 0.05921465
v -0.25052351 0.08654451 0.06306332
v -0.25052351 0.09187520 0.05921465
v -0.24141359 0.08654451 0.06221819
v -0.24141359 0.09067643 0.05921465
v -0.23230368 0.08654451 0.06117362
v -0.23230368 0.08919001 0.05921465
v -0.22319376 0.08654451 0.06217760
v -0.22319376 0.09072703 0.05921465
v -0.21408379 0.08654451 0.06287783
v -0.21408379 0.09221607 0.05921465
v -0.20497382 0.08654451 0.06385303
v -0.20497382 0.09481972 0.05921465
v -0.19586390 0.08654451 0.06416726
v -0.19586390 0.09471208 0.05921465
v -0.18675393 0.08654451 0.06432033
v -0.18675393 0.09373093 0.05921465
v -0.17764395 0.08654451 0.06391853
v -0.17764395 0.09262842 0.05921465
v -0.16853404 0.08654451 0.06316602
v -0.16853404 0.09181535 0.05921465
v -0.15942407 0.08654451 0.06210077
v -0.15942407 0.09095883 0.05921465
v -0.15031409 0.08654451 0.06096619
v -0.15031409 0.09038806 0.05921465
v -0.14120418 0.08654451 0.06094235
v -0.14120418 0.08974761 0.05921465
v -0.13209426 0.08654451 0.06057328
v -0.13209426 0.08886427 0.05921465
v -0.12298429 0.08654451 0.05945575
v -0.12298429 0.08691323 0.05921465
v -0.12260902 0.08654451 0.05921465
v -0.06760734 0.08654451 0.05921465
v -0.05010468 0.08654451 0.06789178
v -0.04099476 0.08654451 0.06636512
v -0.03188485 0.08654451 0.06480312
v -0.03188485 0.09562874 0.05921465
v -0.02277488 0.08654451 0.06371701
v -0.02277488 0.09371966 0.05921465
v -0.01366490 0.08654451 0.06236988
v -0.01366490 0.09142226 0.05921465
v -0.00455499 0.08654451 0.06211889
v -0.00455499 0.09098601 0.05921465
v 0.00455493 0.08654451 0.06174499
v 0.00455493 0.09034508 0.05921465
v 0.01366490 0.08654451 0.06122106
v 0.01366490 0.08946860 0.05921465
v 0.02277488 0.08654451 0.05962026
v 0.02277488 0.08712280 0.05921465
v 0.02482170 0.08654451 0.05921465
v 0.15031421 0.08862346 0.05921465
v 0.15942407 0.08654451 0.06025493
v 0.15244460 0.08654451 0.05921465
v 0.16853404 0.08654451 0.06139636
v 0.17764401 0.08654451 0.06226617
v 0.18675399 0.08654451 0.06267738
v 0.19586384 0.08654451 0.06300789
v 0.20497382 0.08654451 0.06317401
v 0.21408367 0.08654451 0.06252295
v 0.22319365 0.08654451 0.06154412
v 0.23230362 0.08811396 0.05921465
v 0.23170829 0.08654451 0.05921465
v -0.32340318 0.07743454 0.06239218
v -0.32795811 0.07743454 0.05921465
v -0.31429321 0.07743454 0.06580961
v -0.30518323 0.07743454 0.06597400
v -0.29607332 0.07743454 0.06533766
v -0.28696334 0.07743454 0.06447262
v -0.27785337 0.07743454 0.06515932
v -0.26874346 0.07743454 0.06521589
v -0.25963348 0.07743454 0.06520247
v -0.25052351 0.07743454 0.06525558
v -0.24141359 0.07743454 0.06533283
v -0.23230368 0.07743454 0.06522751
v -0.22319376 0.07743454 0.06526279
v -0.21408379 0.07743454 0.06533492
v -0.20497382 0.07743454 0.06530786
v -0.19586390 0.07743454 0.06549555
v -0.18675393 0.07743454 0.06573957
v -0.17764395 0.07743454 0.06591654
v -0.16853404 0.07743454 0.06573093
v -0.15942407 0.07743454 0.06539315
v -0.15031409 0.07743454 0.06477857
v -0.14120418 0.07743454 0.06429398
v -0.13209426 0.07743454 0.06353587
v -0.12298429 0.07743454 0.06265056
v -0.11387438 0.07743454 0.06019378
v -0.11387438 0.07888836 0.05921465
v -0.11158168 0.07743454 0.05921465
v -0.07743454 0.07743454 0.06404209
v -0.07743454 0.08644325 0.05921465
v -0.08213860 0.07743454 0.05921465
v -0.06957746 0.07743454 0.05921465
v -0.06820053 0.07743454 0.05921465
v -0.03188485 0.07743454 0.06801289
v -0.02277488 0.07743454 0.06746536
v -0.01366490 0.07743454 0.06674093
v -0.00455499 0.07743454 0.06634271
v 0.00455493 0.07743454 0.06590378
v 0.01366490 0.07743454 0.06544238
v 0.02277488 0.07743454 0.06444257
v 0.03188485 0.07743454 0.06325346
v 0.03188485 0.08489853 0.05921465
v 0.04099482 0.07743454 0.06180894
v 0.04099482 0.08224219 0.05921465
v 0.05010474 0.07743454 0.06001341
v 0.05010474 0.07901186 0.05921465
v 0.05357766 0.07743454 0.05921465
v 0.15942407 0.08190811 0.05921465
v 0.16853404 0.07743454 0.05949086
v 0.16671062 0.07743454 0.05921465
v 0.17764401 0.07743454 0.06059653
v 0.18675399 0.07743454 0.06086653
v 0.19586384 0.07743454 0.06107426
v 0.20497382 0.07743454 0.06113380
v 0.21408367 0.07743454 0.06045747
v 0.22319365 0.07775748 0.05921465
v 0.22251749 0.07743454 0.05921465
v -0.32340318 0.06832457 0.06183738
v -0.32736778 0.06832457 0.05921465
v -0.31429321 0.06832457 0.06618869
v -0.30518323 0.06832457 0.06624347
v -0.29607332 0.06832457 0.06457025
v -0.28696334 0.06832457 0.06332040
v -0.27785337 0.06832457 0.06394845
v -0.26874346 0.06832457 0.06472999
v -0.25963348 0.06832457 0.06518960
v -0.25052351 0.06832457 0.06511724
v -0.24141359 0.06832457 0.06554252
v -0.23230368 0.06832457 0.06557053
v -0.22319376 0.06832457 0.06555939
v -0.21408379 0.06832457 0.06548887
v -0.20497382 0.06832457 0.06538069
v -0.19586390 0.06832457 0.06573939
v -0.18675393 0.06832457 0.06604296
v -0.17764395 0.06832457 0.06627774
v -0.16853404 0.06832457 0.06583530
v -0.15942407 0.06832457 0.06520200
v -0.15031409 0.06832457 0.06443471
v -0.14120418 0.06832457 0.06439453
v -0.13209426 0.06832457 0.06429070
v -0.12298429 0.06832457 0.06381226
v -0.11387438 0.06832457 0.06258965
v -0.10476440 0.06832457 0.05999798
v -0.10476440 0.07021779 0.05921465
v -0.10270190 0.06832457 0.05921465
v -0.08654451 0.06832457 0.06123394
v -0.08654451 0.07064557 0.05921465
v -0.09081751 0.06832457 0.05921465
v -0.07743454 0.06832457 0.06435257
v -0.06832457 0.06832457 0.06263494
v -0.06832457 0.07487893 0.05921465
v 0.00455493 0.06832457 0.06806153
v 0.01366490 0.06832457 0.06744713
v 0.02277488 0.06832457 0.06655324
v 0.03188485 0.06832457 0.06551892
v 0.04099482 0.06832457 0.06427348
v 0.05010474 0.06832457 0.06246817
v 0.05921459 0.06832457 0.06002164
v 0.05921459 0.07178205 0.05921465
v 0.06183749 0.06832457 0.05921465
v 0.16853404 0.07653379 0.05921465
v 0.17764401 0.07279563 0.05921465
v 0.18675399 0.07246745 0.05921465
v 0.19586384 0.07246941 0.05921465
v 0.20497382 0.07277292 0.05921465
v 0.21408367 0.07441443 0.05921465
v -0.32340318 0.05921465 0.06266630
v -0.32819325 0.05921465 0.05921465
v -0.31429321 0.05921465 0.06602031
v -0.30518323 0.05921465 0.06687361
v -0.29607332 0.05921465 0.06645823
v -0.28696334 0.05921465 0.06395489
v -0.27785337 0.05921465 0.06330836
v -0.26874346 0.05921465 0.06349605
v -0.25963348 0.05921465 0.06353903
v -0.25052351 0.05921465 0.06346232
v -0.24141359 0.05921465 0.06365025
v -0.23230368 0.05921465 0.06372046
v -0.22319376 0.05921465 0.06438017
v -0.21408379 0.05921465 0.06484568
v -0.20497382 0.05921465 0.06516165
v -0.19586390 0.05921465 0.06553620
v -0.18675393 0.05921465 0.06585807
v -0.17764395 0.05921465 0.06607783
v -0.16853404 0.05921465 0.06602305
v -0.15942407 0.05921465 0.06586576
v -0.15031409 0.05921465 0.06568259
v -0.14120418 0.05921465 0.06584889
v -0.13209426 0.05921465 0.06578261
v -0.12298429 0.05921465 0.06544471
v -0.11387438 0.05921465 0.06470776
v -0.10476440 0.05921465 0.06345522
v -0.09565443 0.05921465 0.05990887
v -0.09565443 0.06107718 0.05921465
v -0.08654451 0.05921465 0.06419319
v -0.07743454 0.05921465 0.06292319
v -0.06832457 0.05921465 0.06647193
v 0.01366490 0.05921465 0.06750542
v 0.02277488 0.05921465 0.06653476
v 0.03188485 0.05921465 0.06543440
v 0.04099482 0.05921465 0.06406558
v 0.05010474 0.05921465 0.06220096
v 0.05921459 0.05921465 0.05965054
v 0.06061649 0.05921465 0.05921465
v -0.32340318 0.05010468 0.05955684
v -0.32383806 0.05010468 0.05921465
v -0.31429321 0.05010468 0.06334680
v -0.30518323 0.05010468 0.06526995
v -0.29607332 0.05010468 0.06581855
v -0.28696334 0.05010468 0.06434280
v -0.27785337 0.05010468 0.06209987
v -0.26874346 0.05107337 0.05921465
v -0.27037603 0.05010468 0.05921465
v -0.25963348 0.05309385 0.05921465
v -0.25052351 0.05306315 0.05921465
v -0.24141359 0.05303597 0.05921465
v -0.23230368 0.05311918 0.05921465
v -0.22319376 0.05194968 0.05921465
v -0.21408379 0.05050254 0.05921465
v -0.20497382 0.05010468 0.06037271
v -0.21107644 0.05010468 0.05921465
v -0.19586390 0.05010468 0.06130880
v -0.18675393 0.05010468 0.06173676
v -0.17764395 0.05010468 0.06200129
v -0.16853404 0.05010468 0.06303757
v -0.15942407 0.05010468 0.06382024
v -0.15031409 0.05010468 0.06420660
v -0.14120418 0.05010468 0.06425273
v -0.13209426 0.05010468 0.06400967
v -0.12298429 0.05010468 0.06338674
v -0.11387438 0.05010468 0.06108361
v -0.10476440 0.05131495 0.05921465
v -0.10788029 0.05010468 0.05921465
v -0.09565443 0.05796492 0.05921465
v -0.08654451 0.05220956 0.05921465
v -0.07743454 0.05141270 0.05921465
v -0.07687020 0.05010468 0.05921465
v 0.00455493 0.05010468 0.06824625
v 0.01366490 0.05010468 0.06671458
v 0.02277488 0.05010468 0.06575310
v 0.03188485 0.05010468 0.06445384
v 0.04099482 0.05010468 0.06279778
v 0.05010474 0.05010468 0.06079745
v 0.05921459 0.05654967 0.05921465
v 0.05576587 0.05010468 0.05921465
v -0.32340318 0.04955143 0.05921465
v -0.31429321 0.04232317 0.05921465
v -0.30518323 0.04146725 0.05921465
v -0.29607332 0.04108942 0.05921465
v -0.28696334 0.04132515 0.05921465
v -0.27785337 0.04491109 0.05921465
v -0.20497382 0.04835153 0.05921465
v -0.19586390 0.04714316 0.05921465
v -0.18675393 0.04668260 0.05921465
v -0.17764395 0.04641312 0.05921465
v -0.16853404 0.04479849 0.05921465
v -0.15942407 0.04331267 0.05921465
v -0.15031409 0.04209244 0.05921465
v -0.14120418 0.04195350 0.05921465
v -0.13209426 0.04220378 0.05921465
v -0.12298429 0.04281503 0.05921465
v -0.11387438 0.04663277 0.05921465
v -0.07743454 0.04988062 0.05921465
v -0.08621168 0.04099476 0.05921465
v -0.04099476 0.04099476 0.06791764
v -0.02277488 0.04099476 0.06822282
v -0.01366490 0.04099476 0.06799674
v -0.00455499 0.04099476 0.06743872
v 0.00455493 0.04099476 0.06641316
v 0.01366490 0.04099476 0.06451946
v 0.02277488 0.04099476 0.06440884
v 0.03188485 0.04099476 0.06319624
v 0.04099482 0.04099476 0.06117320
v 0.05010474 0.04191142 0.05921465
v 0.04933906 0.04099476 0.05921465
v -0.07743454 0.03309393 0.05921465
v -0.07436997 0.03188485 0.05921465
v -0.01366490 0.03188485 0.06802201
v -0.00455499 0.03188485 0.06688285
v 0.00455493 0.03188485 0.06523842
v 0.01366490 0.03188485 0.06300318
v 0.02277488 0.03188485 0.06197202
v 0.03188485 0.03188485 0.05982971
v 0.04099482 0.03633958 0.05921465
v 0.03402722 0.03188485 0.05921465
v -0.06832457 0.02277488 0.05934483
v -0.06842226 0.02277488 0.05921465
v -0.04099476 0.02277488 0.06811762
v -0.03188485 0.02277488 0.06744534
v -0.02277488 0.02277488 0.06661385
v -0.01366490 0.02277488 0.06572175
v -0.00455499 0.02277488 0.06462431
v 0.00455493 0.02277488 0.06307143
v 0.01366490 0.02277488 0.06071579
v 0.02277488 0.02434134 0.05921465
v 0.02010334 0.02277488 0.05921465
v 0.03188485 0.03049874 0.05921465
v -0.06832457 0.02255601 0.05921465
v -0.05921465 0.01366490 0.06800610
v -0.06768548 0.01366490 0.05921465
v -0.05010468 0.01366490 0.06733119
v -0.04099476 0.01366490 0.06607139
v -0.03188485 0.01366490 0.06515175
v -0.02277488 0.01366490 0.06407470
v -0.01366490 0.01366490 0.06289369
v -0.00455499 0.01366490 0.06148779
v 0.00455493 0.01381636 0.05921465
v 0.00424403 0.01366490 0.05921465
v 0.01366490 0.01939839 0.05921465
v -0.06719893 0.00455499 0.05921465
v -0.05010468 0.00455499 0.06606483
v -0.04099476 0.00455499 0.06441754
v -0.03188485 0.00455499 0.06295544
v -0.02277488 0.00455499 0.06130499
v -0.01366490 0.00571644 0.05921465
v -0.01591706 0.00455499 0.05921465
v -0.00455499 0.00986654 0.05921465
v -0.05921465 -0.00455493 0.06809479
v -0.06663883 -0.00455493 0.05921465
v -0.05010468 -0.00455493 0.06369907
v -0.04099476 -0.00455493 0.06076187
v -0.03188485 -0.00198907 0.05921465
v -0.03711557 -0.00455493 0.05921465
v -0.02277488 0.00137609 0.05921465
v -0.06832457 -0.01366490 0.06248307
v -0.06716943 -0.01366490 0.05921465
v -0.05010468 -0.01321554 0.05921465
v -0.05026281 -0.01366490 0.05921465
v -0.04099476 -0.00680923 0.05921465
v -0.05921465 -0.02277488 0.06406832
v -0.06355709 -0.02277488 0.05921465
v -0.05319262 -0.02277488 0.05921465
v -0.05921465 -0.03188485 0.06007671
v -0.06003940 -0.03188485 0.05921465
v -0.05819887 -0.03188485 0.05921465
v -0.05921465 -0.03309172 0.05921465
v 0.12298429 0.17764395 0.05696666
v 0.12298429 0.18305713 0.05010468
v 0.11764830 0.17764395 0.05010468
v 0.13209426 0.18557453 0.05010468
v 0.14120424 0.17764395 0.05883998
v 0.14120424 0.18577892 0.05010468
v 0.15031421 0.17764395 0.05658281
v 0.15031421 0.18391800 0.05010468
v 0.15942407 0.17764395 0.05175698
v 0.15942407 0.17924386 0.05010468
v 0.16117132 0.17764395 0.05010468
v 0.02277488 0.16853404 0.05012780
v 0.02277488 0.16855711 0.05010468
v 0.02271390 0.16853404 0.05010468
v 0.03188485 0.16853404 0.05270213
v 0.03188485 0.17107725 0.05010468
v 0.04099482 0.16853404 0.05408996
v 0.04099482 0.17231923 0.05010468
v 0.05010474 0.16853404 0.05467749
v 0.05010474 0.17278332 0.05010468
v 0.05921459 0.16853404 0.05512923
v 0.05921459 0.17306852 0.05010468
v 0.06832457 0.16853404 0.05541557
v 0.06832457 0.17319858 0.05010468
v 0.07743454 0.16853404 0.05632907
v 0.07743454 0.17405260 0.05010468
v 0.08654451 0.16853404 0.05685824
v 0.08654451 0.17476755 0.05010468
v 0.09565449 0.16853404 0.05732501
v 0.09565449 0.17552131 0.05010468
v 0.10476446 0.16853404 0.05849701
v 0.10476446 0.17621213 0.05010468
v 0.11290717 0.16853404 0.05010468
v 0.11409467 0.16853404 0.05010468
v 0.16853404 0.16853404 0.05859053
v 0.16853404 0.17659730 0.05010468
v 0.17764401 0.16853404 0.05680329
v 0.17764401 0.17493498 0.05010468
v 0.18606710 0.16853404 0.05010468
v -0.00455499 0.15942407 0.05348533
v -0.00455499 0.16293550 0.05010468
v -0.01019984 0.15942407 0.05010468
v 0.00455493 0.15942407 0.05614793
v 0.00455493 0.16589415 0.05010468
v 0.01366490 0.15942407 0.05756348
v 0.01366490 0.16763222 0.05010468
v 0.02277488 0.15942407 0.05840766
v 0.03188485 0.15942407 0.05913347
v 0.11387432 0.16822004 0.05010468
v 0.18675399 0.16844380 0.05010468
v 0.19586384 0.15942407 0.05880994
v 0.19586384 0.16773933 0.05010468
v 0.20497382 0.15942407 0.05629402
v 0.20497382 0.16555524 0.05010468
v 0.21242297 0.15942407 0.05010468
v -0.01366490 0.15031409 0.05294734
v -0.01366490 0.15536410 0.05010468
v -0.02200532 0.15031409 0.05010468
v -0.00455499 0.15031409 0.05638671
v 0.00455493 0.15031409 0.05805266
v 0.21408367 0.15031409 0.05889392
v 0.21408367 0.15913063 0.05010468
v 0.22319365 0.15031409 0.05681688
v 0.22319365 0.15707064 0.05010468
v 0.23118842 0.15031409 0.05010468
v -0.01366490 0.14658535 0.05010468
v -0.00455499 0.14222622 0.05010468
v 0.00455493 0.14120418 0.05208755
v -0.00004858 0.14120418 0.05010468
v 0.01366490 0.14120418 0.05477816
v 0.02277488 0.14120418 0.05644292
v 0.03188485 0.14120418 0.05775112
v 0.04099482 0.14120418 0.05880517
v 0.22319365 0.14120418 0.05893898
v 0.23230362 0.14120418 0.05680478
v 0.23230362 0.14919531 0.05010468
v 0.24104607 0.14120418 0.05010468
v 0.00455493 0.13910538 0.05010468
v 0.01366490 0.13656169 0.05010468
v 0.02277488 0.13492429 0.05010468
v 0.03188485 0.13364875 0.05010468
v 0.04099482 0.13267535 0.05010468
v 0.05010474 0.13212168 0.05010468
v 0.05921459 0.13209426 0.05231220
v 0.05062604 0.13209426 0.05010468
v 0.06832457 0.13209426 0.05428469
v 0.07743454 0.13209426 0.05712384
v 0.08654451 0.13209426 0.05884677
v 0.10476446 0.13209426 0.05215132
v 0.23230362 0.13209426 0.05827415
v 0.24141359 0.13209426 0.05618262
v 0.24141359 0.14070797 0.05010468
v 0.25001514 0.13209426 0.05010468
v 0.05921459 0.13016951 0.05010468
v 0.06832457 0.12868434 0.05010468
v 0.07743454 0.12650681 0.05010468
v 0.08654451 0.12520546 0.05010468
v 0.09565449 0.12449169 0.05010468
v 0.10476446 0.13022828 0.05010468
v 0.11387432 0.12389946 0.05010468
v 0.12298429 0.12351888 0.05010468
v 0.13209426 0.12298429 0.05531245
v 0.12722456 0.12298429 0.05010468
v 0.24141359 0.12298429 0.05709320
v 0.25052357 0.12298429 0.05448365
v 0.25052357 0.13106924 0.05010468
v 0.25662076 0.12298429 0.05010468
v 0.12580669 0.11387438 0.05010468
v 0.24141359 0.11387438 0.05792981
v 0.25052357 0.11387438 0.05641484
v 0.25963354 0.11387438 0.05275542
v 0.25963354 0.11819869 0.05010468
v 0.26241910 0.11387438 0.05010468
v -0.33251309 0.10476440 0.05454320
v -0.33251309 0.10926503 0.05010468
v -0.33789372 0.10476440 0.05010468
v -0.32340318 0.10476440 0.05711365
v -0.32340318 0.11208171 0.05010468
v -0.31429321 0.10476440 0.05763823
v -0.31429321 0.11343670 0.05010468
v -0.30518323 0.10476440 0.05767435
v -0.30518323 0.11331153 0.05010468
v -0.29607332 0.10476440 0.05723083
v -0.29607332 0.11267740 0.05010468
v -0.28696334 0.10476440 0.05622041
v -0.28696334 0.11129194 0.05010468
v -0.27785337 0.10476440 0.05625004
v -0.27785337 0.11123669 0.05010468
v -0.26874346 0.10476440 0.05605322
v -0.26874346 0.11100596 0.05010468
v -0.25963348 0.10476440 0.05548066
v -0.25963348 0.11051512 0.05010468
v -0.25052351 0.10476440 0.05487376
v -0.25052351 0.10987735 0.05010468
v -0.24141359 0.10476440 0.05424631
v -0.24141359 0.10920012 0.05010468
v -0.23230368 0.10476440 0.05350584
v -0.23230368 0.10842204 0.05010468
v -0.22319376 0.10476440 0.05477625
v -0.22319376 0.10992450 0.05010468
v -0.21408379 0.10476440 0.05597132
v -0.21408379 0.11159360 0.05010468
v -0.20497382 0.10476440 0.05666268
v -0.20497382 0.11216146 0.05010468
v -0.19586390 0.10476440 0.05519968
v -0.19586390 0.11056191 0.05010468
v -0.18675393 0.10476440 0.05348033
v -0.18675393 0.10869324 0.05010468
v -0.17764395 0.10476440 0.05244637
v -0.17764395 0.10744089 0.05010468
v -0.16853404 0.10476440 0.05422693
v -0.16853404 0.10949504 0.05010468
v -0.15942407 0.10476440 0.05606574
v -0.15942407 0.11134821 0.05010468
v -0.15031409 0.10476440 0.05675495
v -0.15031409 0.11195284 0.05010468
v -0.14120418 0.10476440 0.05623978
v -0.14120418 0.11127204 0.05010468
v -0.13209426 0.10476440 0.05523568
v -0.13209426 0.11008120 0.05010468
v -0.12298429 0.10476440 0.05351043
v -0.12298429 0.10823810 0.05010468
v -0.11863184 0.10476440 0.05010468
v -0.05921465 0.10476440 0.05613118
v -0.05921465 0.11065924 0.05010468
v -0.06540889 0.10476440 0.05010468
v -0.05010468 0.10476440 0.05428082
v -0.05010468 0.10887808 0.05010468
v -0.04099476 0.10476440 0.05357093
v -0.04099476 0.10827982 0.05010468
v -0.03188485 0.10476440 0.05110782
v -0.03188485 0.10581511 0.05010468
v -0.02465785 0.10476440 0.05010468
v 0.05921459 0.10476440 0.05088753
v 0.05921459 0.10578102 0.05010468
v 0.05076891 0.10476440 0.05010468
v 0.06832457 0.10476440 0.05157661
v 0.06832457 0.10671628 0.05010468
v 0.07743454 0.10476440 0.05185622
v 0.07743454 0.10719931 0.05010468
v 0.08654451 0.10476440 0.05182439
v 0.08654451 0.10734755 0.05010468
v 0.09565449 0.10476440 0.05334198
v 0.09565449 0.10922050 0.05010468
v 0.10476446 0.10476440 0.05365944
v 0.10476446 0.10876065 0.05010468
v 0.11387432 0.10476440 0.05411077
v 0.11387432 0.10897720 0.05010468
v 0.12298429 0.10476440 0.05519348
v 0.12298429 0.11010855 0.05010468
v 0.24141359 0.10476440 0.05783004
v 0.25052357 0.10476440 0.05643141
v 0.25963354 0.10476440 0.05406964
v 0.26432347 0.10476440 0.05010468
v -0.35073298 0.09565443 0.05188537
v -0.35073298 0.09747773 0.05010468
v -0.35265666 0.09565443 0.05010468
v -0.34162301 0.09565443 0.05771512
v -0.34162301 0.10371405 0.05010468
v -0.33251309 0.09565443 0.05855721
v -0.32340318 0.09565443 0.05883408
v -0.31429321 0.09565443 0.05902255
v -0.26874346 0.09565443 0.05912995
v -0.25963348 0.09565443 0.05850577
v -0.25052351 0.09565443 0.05822259
v -0.24141359 0.09565443 0.05803227
v -0.23230368 0.09565443 0.05779696
v -0.22319376 0.09565443 0.05809885
v -0.21408379 0.09565443 0.05846947
v -0.20497382 0.09565443 0.05906314
v -0.19586390 0.09565443 0.05901581
v -0.18675393 0.09565443 0.05862504
v -0.17764395 0.09565443 0.05789125
v -0.16853404 0.09565443 0.05775255
v -0.15942407 0.09565443 0.05829835
v -0.15031409 0.09565443 0.05877250
v -0.14120418 0.09565443 0.05865109
v -0.13209426 0.09565443 0.05856347
v -0.12298429 0.09565443 0.05829144
v -0.11387438 0.09565443 0.05532712
v -0.11387438 0.10170370 0.05010468
v -0.10572469 0.09565443 0.05010468
v -0.06832457 0.09565443 0.05590665
v -0.06832457 0.10148036 0.05010468
v -0.07555848 0.09565443 0.05010468
v -0.03188485 0.09565443 0.05920023
v -0.02277488 0.09565443 0.05804521
v -0.02277488 0.10457426 0.05010468
v -0.01366490 0.09565443 0.05655479
v -0.01366490 0.10343039 0.05010468
v -0.00455499 0.09565443 0.05658180
v -0.00455499 0.10383332 0.05010468
v 0.00455493 0.09565443 0.05656463
v 0.00455493 0.10415256 0.05010468
v 0.01366490 0.09565443 0.05649751
v 0.01366490 0.10434365 0.05010468
v 0.02277488 0.09565443 0.05598044
v 0.02277488 0.10446936 0.05010468
v 0.03188485 0.09565443 0.05541950
v 0.03188485 0.10450029 0.05010468
v 0.04099482 0.09565443 0.05483252
v 0.04099482 0.10391319 0.05010468
v 0.05010474 0.09565443 0.05488187
v 0.05010474 0.10469806 0.05010468
v 0.05921459 0.09565443 0.05489135
v 0.06832457 0.09565443 0.05480474
v 0.07743454 0.09565443 0.05423522
v 0.08654451 0.09565443 0.05337018
v 0.09565449 0.09565443 0.05283654
v 0.10476446 0.09565443 0.05220580
v 0.11387432 0.09565443 0.05138242
v 0.12298429 0.09565443 0.05116618
v 0.13209426 0.09565443 0.05541462
v 0.14120424 0.09565443 0.05774868
v 0.24141359 0.09565443 0.05766135
v 0.25052357 0.09565443 0.05632305
v 0.25963354 0.09565443 0.05468345
v 0.26627827 0.09565443 0.05010468
v -0.35073298 0.08654451 0.05713379
v -0.35920501 0.08654451 0.05010468
v -0.34162301 0.08654451 0.05836606
v -0.33251309 0.08654451 0.05879128
v -0.11387438 0.08654451 0.05789387
v -0.10476440 0.08654451 0.05662525
v -0.10476440 0.09507275 0.05010468
v -0.09565443 0.08654451 0.05392128
v -0.09565443 0.09064245 0.05010468
v -0.09089148 0.08654451 0.05010468
v -0.07743454 0.08654451 0.05913919
v -0.07743454 0.09388936 0.05010468
v -0.08332682 0.08654451 0.05010468
v -0.06832457 0.08654451 0.05767363
v 0.03188485 0.08654451 0.05866247
v 0.04099482 0.08654451 0.05797744
v 0.05010474 0.08654451 0.05749714
v 0.05921459 0.08654451 0.05699760
v 0.06832457 0.08654451 0.05648232
v 0.07743454 0.08654451 0.05596048
v 0.08654451 0.08654451 0.05539817
v 0.09565449 0.08654451 0.05538124
v 0.10476446 0.08654451 0.05498677
v 0.11387432 0.08654451 0.05441380
v 0.12298429 0.08654451 0.05350620
v 0.13209426 0.08654451 0.05640757
v 0.14120424 0.08654451 0.05779064
v 0.15031421 0.08654451 0.05901766
v 0.23230362 0.08654451 0.05914968
v 0.24141359 0.08654451 0.05726182
v 0.25052357 0.08654451 0.05615085
v 0.25963354 0.08654451 0.05439335
v 0.26541853 0.08654451 0.05010468
v -0.35984290 0.07743454 0.05601722
v -0.35984290 0.08544409 0.05010468
v -0.36617237 0.07743454 0.05010468
v -0.35073298 0.07743454 0.05815673
v -0.34162301 0.07743454 0.05854380
v -0.33251309 0.07743454 0.05891591
v -0.10476440 0.07743454 0.05857199
v -0.09565443 0.07743454 0.05750716
v -0.08654451 0.07743454 0.05569726
v -0.08654451 0.08353484 0.05010468
v -0.06832457 0.07743454 0.05879945
v 0.05921459 0.07743454 0.05863237
v 0.06832457 0.07743454 0.05767703
v 0.07743454 0.07743454 0.05712700
v 0.08654451 0.07743454 0.05656892
v 0.09565449 0.07743454 0.05658019
v 0.10476446 0.07743454 0.05553240
v 0.11387432 0.07743454 0.05382001
v 0.12298429 0.07743454 0.05210125
v 0.13209426 0.07743454 0.05542064
v 0.14120424 0.07743454 0.05697268
v 0.15031421 0.07743454 0.05774653
v 0.15942407 0.07743454 0.05858517
v 0.22319365 0.07743454 0.05917555
v 0.23230362 0.07743454 0.05844104
v 0.24141359 0.07743454 0.05677456
v 0.25052357 0.07743454 0.05553728
v 0.25963354 0.07743454 0.05394340
v 0.26456070 0.07743454 0.05010468
v -0.35984290 0.06832457 0.05665612
v -0.36696023 0.06832457 0.05010468
v -0.35073298 0.06832457 0.05816603
v -0.34162301 0.06832457 0.05841082
v -0.33251309 0.06832457 0.05880415
v -0.09565443 0.06832457 0.05841613
v 0.06832457 0.06832457 0.05809534
v 0.07743454 0.06832457 0.05745870
v 0.08654451 0.06832457 0.05668187
v 0.09565449 0.06832457 0.05652148
v 0.10476446 0.06832457 0.05478293
v 0.11387432 0.06832457 0.05052036
v 0.12298429 0.07329142 0.05010468
v 0.11500561 0.06832457 0.05010468
v 0.13209426 0.06832457 0.05217415
v 0.12799925 0.06832457 0.05010468
v 0.14120424 0.06832457 0.05507612
v 0.15031421 0.06832457 0.05624759
v 0.15942407 0.06832457 0.05689251
v 0.16853404 0.06832457 0.05759788
v 0.17764401 0.06832457 0.05831671
v 0.18675399 0.06832457 0.05833507
v 0.19586384 0.06832457 0.05828428
v 0.20497382 0.06832457 0.05818927
v 0.21408367 0.06832457 0.05792046
v 0.22319365 0.06832457 0.05736929
v 0.23230362 0.06832457 0.05663276
v 0.24141359 0.06832457 0.05530101
v 0.25052357 0.06832457 0.05411798
v 0.25963354 0.06832457 0.05159360
v 0.26149571 0.06832457 0.05010468
v -0.35984290 0.05921465 0.05020225
v -0.35994381 0.05921465 0.05010468
v -0.35073298 0.05921465 0.05735666
v -0.34162301 0.05921465 0.05818999
v -0.33251309 0.05921465 0.05871528
v 0.06832457 0.05921465 0.05807936
v 0.07743454 0.05921465 0.05745745
v 0.08654451 0.05921465 0.05683243
v 0.09565449 0.05921465 0.05662805
v 0.10476446 0.05921465 0.05506372
v 0.11387432 0.05921465 0.05329019
v 0.12298429 0.05921465 0.05153459
v 0.12298429 0.06253976 0.05010468
v 0.13209426 0.05921465 0.05413538
v 0.14120424 0.05921465 0.05542356
v 0.15031421 0.05921465 0.05556792
v 0.15942407 0.05921465 0.05652481
v 0.16853404 0.05921465 0.05739725
v 0.17764401 0.05921465 0.05809748
v 0.18675399 0.05921465 0.05782384
v 0.19586384 0.05921465 0.05751443
v 0.20497382 0.05921465 0.05721164
v 0.21408367 0.05921465 0.05706060
v 0.22319365 0.05921465 0.05680215
v 0.23230362 0.05921465 0.05628520
v 0.24141359 0.05921465 0.05488431
v 0.25052357 0.05921465 0.05311716
v 0.25963354 0.06322265 0.05010468
v 0.25746393 0.05921465 0.05010468
v -0.35984290 0.05910754 0.05010468
v -0.35073298 0.05010468 0.05137467
v -0.35211080 0.05010468 0.05010468
v -0.34162301 0.05010468 0.05720019
v -0.33251309 0.05010468 0.05815673
v -0.26874346 0.05010468 0.05874532
v -0.25963348 0.05010468 0.05715007
v -0.25052351 0.05010468 0.05692619
v -0.24141359 0.05010468 0.05667597
v -0.23230368 0.05010468 0.05637652
v -0.22319376 0.05010468 0.05770743
v -0.21408379 0.05010468 0.05896163
v -0.10476440 0.05010468 0.05892032
v -0.09565443 0.05010468 0.05764019
v -0.08654451 0.05010468 0.05817944
v -0.07743454 0.05010468 0.05883044
v 0.05921459 0.05010468 0.05874109
v 0.06832457 0.05010468 0.05758280
v 0.07743454 0.05010468 0.05688035
v 0.08654451 0.05010468 0.05614167
v 0.09565449 0.05010468 0.05573350
v 0.10476446 0.05010468 0.05468500
v 0.11387432 0.05010468 0.05418414
v 0.12298429 0.05010468 0.05375779
v 0.13209426 0.05010468 0.05461496
v 0.14120424 0.05010468 0.05480123
v 0.15031421 0.05010468 0.05464202
v 0.15942407 0.05010468 0.05580497
v 0.16853404 0.05010468 0.05682802
v 0.17764401 0.05010468 0.05757701
v 0.18675399 0.05010468 0.05695611
v 0.19586384 0.05010468 0.05633956
v 0.20497382 0.05010468 0.05580980
v 0.21408367 0.05010468 0.05559176
v 0.22319365 0.05010468 0.05536735
v 0.23230362 0.05010468 0.05489522
v 0.24141359 0.05010468 0.05286503
v 0.25052357 0.05170411 0.05010468
v 0.24873054 0.05010468 0.05010468
v -0.35073298 0.04874820 0.05010468
v -0.34162301 0.04099590 0.05010468
v -0.33251309 0.04099476 0.05595368
v -0.34162080 0.04099476 0.05010468
v -0.32340318 0.04099476 0.05656904
v -0.31429321 0.04099476 0.05845189
v -0.30518323 0.04099476 0.05874389
v -0.29607332 0.04099476 0.05912226
v -0.28696334 0.04099476 0.05894256
v -0.27785337 0.04099476 0.05643386
v -0.26874346 0.04099476 0.05422086
v -0.25963348 0.04099476 0.05134535
v -0.25052351 0.04099476 0.05208170
v -0.24141359 0.04099476 0.05261981
v -0.23230368 0.04099476 0.05280560
v -0.22319376 0.04099476 0.05189818
v -0.21408379 0.04099476 0.05157685
v -0.20497382 0.04099476 0.05112159
v -0.19586390 0.04099476 0.05216503
v -0.18675393 0.04099476 0.05321908
v -0.17764395 0.04099476 0.05409771
v -0.16853404 0.04099476 0.05585158
v -0.15942407 0.04099476 0.05729795
v -0.15031409 0.04099476 0.05843437
v -0.14120418 0.04099476 0.05856091
v -0.13209426 0.04099476 0.05847621
v -0.12298429 0.04099476 0.05832189
v -0.11387438 0.04099476 0.05707496
v -0.10476440 0.04099476 0.05454636
v -0.09565443 0.04099476 0.05054468
v -0.08654451 0.04099476 0.05744892
v 0.05010474 0.04099476 0.05911726
v 0.05921459 0.04099476 0.05801445
v 0.06832457 0.04099476 0.05684215
v 0.07743454 0.04099476 0.05611229
v 0.08654451 0.04099476 0.05525601
v 0.09565449 0.04099476 0.05461967
v 0.10476446 0.04099476 0.05427045
v 0.11387432 0.04099476 0.05422002
v 0.12298429 0.04099476 0.05416936
v 0.13209426 0.04099476 0.05456233
v 0.14120424 0.04099476 0.05402386
v 0.15031421 0.04099476 0.05355209
v 0.15942407 0.04099476 0.05494845
v 0.16853404 0.04099476 0.05609220
v 0.17764401 0.04099476 0.05679452
v 0.18675399 0.04099476 0.05594921
v 0.19586384 0.04099476 0.05513316
v 0.20497382 0.04099476 0.05432683
v 0.21408367 0.04099476 0.05401683
v 0.22319365 0.04099476 0.05321574
v 0.23230362 0.04099476 0.05196995
v 0.24141359 0.04383957 0.05010468
v 0.23744118 0.04099476 0.05010468
v -0.33251309 0.03359067 0.05010468
v -0.32340318 0.03188485 0.05177534
v -0.32663882 0.03188485 0.05010468
v -0.31429321 0.03188485 0.05386204
v -0.30518323 0.03188485 0.05531895
v -0.29607332 0.03188485 0.05545723
v -0.28696334 0.03188485 0.05103838
v -0.27785337 0.03302103 0.05010468
v -0.28260618 0.03188485 0.05010468
v -0.26874346 0.03395683 0.05010468
v -0.25963348 0.03792208 0.05010468
v -0.25052351 0.03625751 0.05010468
v -0.24141359 0.03486180 0.05010468
v -0.23230368 0.03261161 0.05010468
v -0.22319376 0.03188485 0.05388379
v -0.23195934 0.03188485 0.05010468
v -0.21408379 0.03188485 0.05627656
v -0.20497382 0.03188485 0.05757558
v -0.19586390 0.03188485 0.05774873
v -0.18675393 0.03188485 0.05768484
v -0.17764395 0.03188485 0.05756879
v -0.16853404 0.03188485 0.05783814
v -0.15942407 0.03188485 0.05793357
v -0.15031409 0.03188485 0.05768108
v -0.14120418 0.03188485 0.05756497
v -0.13209426 0.03188485 0.05745029
v -0.12298429 0.03188485 0.05708516
v -0.11387438 0.03188485 0.05637056
v -0.10476440 0.03188485 0.05457377
v -0.09565443 0.03188485 0.05290604
v -0.08654451 0.03188485 0.05464995
v -0.07743454 0.03188485 0.05527765
v 0.04099482 0.03188485 0.05813617
v 0.05010474 0.03188485 0.05706376
v 0.05921459 0.03188485 0.05589962
v 0.06832457 0.03188485 0.05452150
v 0.07743454 0.03188485 0.05344242
v 0.08654451 0.03188485 0.05215377
v 0.09565449 0.03188485 0.05115825
v 0.10476446 0.03188485 0.05042148
v 0.11387432 0.03188485 0.05046248
v 0.12298429 0.03188485 0.05044228
v 0.13209426 0.03188485 0.05093497
v 0.14120424 0.03188485 0.05030864
v 0.15031421 0.03266996 0.05010468
v 0.14405894 0.03188485 0.05010468
v 0.15942407 0.03188485 0.05153191
v 0.15226495 0.03188485 0.05010468
v 0.16853404 0.03188485 0.05302781
v 0.17764401 0.03188485 0.05403060
v 0.18675399 0.03188485 0.05311221
v 0.19586384 0.03188485 0.05207068
v 0.20497382 0.03188485 0.05079544
v 0.21408367 0.03188485 0.05026215
v 0.22319365 0.03267306 0.05010468
v 0.21655428 0.03188485 0.05010468
v 0.23230362 0.03551084 0.05010468
v -0.32340318 0.03013569 0.05010468
v -0.31429321 0.02793014 0.05010468
v -0.30518323 0.02656525 0.05010468
v -0.29607332 0.02637541 0.05010468
v -0.28696334 0.03093153 0.05010468
v -0.25052351 0.02277488 0.05150038
v -0.25052351 0.02762163 0.05010468
v -0.25670677 0.02277488 0.05010468
v -0.24141359 0.02277488 0.05312449
v -0.24141359 0.03020793 0.05010468
v -0.23230368 0.02277488 0.05396914
v -0.23230368 0.03160197 0.05010468
v -0.22319376 0.02277488 0.05515581
v -0.21408379 0.02277488 0.05577296
v -0.20497382 0.02277488 0.05648917
v -0.19586390 0.02277488 0.05658430
v -0.18675393 0.02277488 0.05625170
v -0.17764395 0.02277488 0.05572498
v -0.16853404 0.02277488 0.05555707
v -0.15942407 0.02277488 0.05520356
v -0.15031409 0.02277488 0.05435437
v -0.14120418 0.02277488 0.05420023
v -0.13209426 0.02277488 0.05399334
v -0.12298429 0.02277488 0.05337435
v -0.11387438 0.02277488 0.05482084
v -0.10476440 0.02277488 0.05542678
v -0.09565443 0.02277488 0.05530155
v -0.08654451 0.02277488 0.05707657
v -0.07743454 0.02277488 0.05507064
v 0.02277488 0.02277488 0.05887061
v 0.03188485 0.02277488 0.05749583
v 0.04099482 0.02277488 0.05619377
v 0.05010474 0.02277488 0.05506963
v 0.05921459 0.02277488 0.05340838
v 0.06832457 0.02277488 0.05127925
v 0.07743454 0.02381563 0.05010468
v 0.07456785 0.02277488 0.05010468
v 0.08654451 0.02725667 0.05010468
v 0.09565449 0.02963871 0.05010468
v 0.10476446 0.03121114 0.05010468
v 0.11387432 0.03110224 0.05010468
v 0.12298429 0.03115129 0.05010468
v 0.13209426 0.03009355 0.05010468
v 0.14120424 0.03144044 0.05010468
v 0.15942407 0.02879423 0.05010468
v 0.16853404 0.02550381 0.05010468
v 0.17764401 0.02329355 0.05010468
v 0.18675399 0.02526379 0.05010468
v 0.19586384 0.02774304 0.05010468
v 0.20497382 0.03052664 0.05010468
v 0.21408367 0.03157854 0.05010468
v -0.25052351 0.02046573 0.05010468
v -0.24141359 0.01755267 0.05010468
v -0.23230368 0.01614219 0.05010468
v -0.22319376 0.01425511 0.05010468
v -0.21408379 0.01366490 0.05088097
v -0.21908587 0.01366490 0.05010468
v -0.20497382 0.01366490 0.05242294
v -0.19586390 0.01366490 0.05205035
v -0.18675393 0.01366490 0.05105132
v -0.17764395 0.01420361 0.05010468
v -0.18128455 0.01366490 0.05010468
v -0.16853404 0.01527923 0.05010468
v -0.15942407 0.01605564 0.05010468
v -0.15031409 0.01699722 0.05010468
v -0.14120418 0.01718771 0.05010468
v -0.13209426 0.01725441 0.05010468
v -0.12298429 0.01758099 0.05010468
v -0.11387438 0.01629180 0.05010468
v -0.10476440 0.01366490 0.05243337
v -0.10911334 0.01366490 0.05010468
v -0.09565443 0.01366490 0.05407780
v -0.08654451 0.01366490 0.05594718
v -0.07743454 0.01366490 0.05263478
v -0.06832457 0.01366490 0.05719644
v 0.00455493 0.01366490 0.05917859
v 0.01366490 0.01366490 0.05793375
v 0.02277488 0.01366490 0.05691200
v 0.03188485 0.01366490 0.05568045
v 0.04099482 0.01366490 0.05415243
v 0.05010474 0.01366490 0.05268437
v 0.05921459 0.01392865 0.05010468
v 0.05886364 0.01366490 0.05010468
v 0.06832457 0.01993483 0.05010468
v -0.21408379 0.01281524 0.05010468
v -0.20497382 0.01107627 0.05010468
v -0.19586390 0.01150984 0.05010468
v -0.18675393 0.01258266 0.05010468
v -0.10476440 0.00820976 0.05010468
v -0.09565443 0.00539619 0.05010468
v -0.08654451 0.00495964 0.05010468
v -0.07743454 0.00455499 0.05356312
v -0.08519566 0.00455499 0.05010468
v -0.06832457 0.00455499 0.05550689
v -0.01366490 0.00455499 0.05896860
v -0.00455499 0.00455499 0.05771315
v 0.00455493 0.00455499 0.05614740
v 0.01366490 0.00455499 0.05425835
v 0.02277488 0.00455499 0.05267411
v 0.03188485 0.00455499 0.05067229
v 0.04099482 0.00645643 0.05010468
v 0.03431612 0.00455499 0.05010468
v 0.05010474 0.00961536 0.05010468
v -0.07743454 -0.00455493 0.05668080
v -0.08203894 -0.00455493 0.05010468
v -0.06832457 -0.00455493 0.05572861
v -0.03188485 -0.00455493 0.05825090
v -0.02277488 -0.00455493 0.05702680
v -0.01366490 -0.00455493 0.05542332
v -0.00455499 -0.00455493 0.05289429
v 0.00455493 -0.00366175 0.05010468
v 0.00207102 -0.00455493 0.05010468
v 0.01366490 -0.00035441 0.05010468
v 0.02277488 0.00150704 0.05010468
v 0.03188485 0.00386924 0.05010468
v -0.07743454 -0.01366490 0.05921042
v -0.08099908 -0.01366490 0.05010468
v -0.06832457 -0.01366490 0.05745196
v -0.05010468 -0.01366490 0.05900460
v -0.04099476 -0.01366490 0.05579877
v -0.03188485 -0.01366490 0.05041742
v -0.02277488 -0.01202041 0.05010468
v -0.03120041 -0.01366490 0.05010468
v -0.01366490 -0.00973505 0.05010468
v -0.00455499 -0.00734460 0.05010468
v -0.07743454 -0.02277488 0.05116749
v -0.07822120 -0.02277488 0.05010468
v -0.06832457 -0.02277488 0.05194360
v -0.05010468 -0.02277488 0.05747521
v -0.04099476 -0.02277488 0.05479980
v -0.03188485 -0.02277488 0.05026710
v -0.03151071 -0.02277488 0.05010468
v -0.07743454 -0.02432930 0.05010468
v -0.06832457 -0.02594256 0.05010468
v -0.06733114 -0.03188485 0.05010468
v -0.05010468 -0.03188485 0.05562627
v -0.04099476 -0.03188485 0.05177778
v -0.03188485 -0.02309066 0.05010468
v -0.03818834 -0.03188485 0.05010468
v -0.05921465 -0.04099482 0.05640775
v -0.06507415 -0.04099482 0.05010468
v -0.05010468 -0.04099482 0.05199939
v -0.04099476 -0.03449380 0.05010468
v -0.04716736 -0.04099482 0.05010468
v -0.05921465 -0.04712707 0.05010468
v -0.05010468 -0.04306346 0.05010468
v 0.12298429 0.18556082 0.04099476
v 0.11509067 0.17764395 0.04099476
v 0.13209426 0.18616432 0.04099476
v 0.14120424 0.18621486 0.04099476
v 0.15031421 0.18577403 0.04099476
v 0.15942407 0.18483275 0.04099476
v 0.16813517 0.17764395 0.04099476
v -0.01366490 0.16853404 0.04398501
v -0.01366490 0.17152768 0.04099476
v -0.02093124 0.16853404 0.04099476
v -0.00455499 0.16853404 0.04665846
v -0.00455499 0.17409879 0.04099476
v 0.00455493 0.16853404 0.04798174
v 0.00455493 0.17508543 0.04099476
v 0.01366490 0.16853404 0.04915655
v 0.01366490 0.17554659 0.04099476
v 0.02277488 0.17582291 0.04099476
v 0.03188485 0.17594296 0.04099476
v 0.04099482 0.17600715 0.04099476
v 0.05010474 0.17587686 0.04099476
v 0.05921459 0.17572570 0.04099476
v 0.06832457 0.17556155 0.04099476
v 0.07743454 0.17606181 0.04099476
v 0.08654451 0.17642611 0.04099476
v 0.09565449 0.17673659 0.04099476
v 0.10476446 0.17692822 0.04099476
v 0.11387432 0.16853404 0.04447305
v 0.11387432 0.17107046 0.04099476
v 0.16853404 0.17756206 0.04099476
v 0.17764401 0.17676783 0.04099476
v 0.18675399 0.16853404 0.04960328
v 0.18675399 0.17550218 0.04099476
v 0.19586384 0.16853404 0.04230917
v 0.19586384 0.16970992 0.04099476
v 0.19713330 0.16853404 0.04099476
v -0.05010468 0.15942407 0.04469848
v -0.05010468 0.16319299 0.04099476
v -0.05566877 0.15942407 0.04099476
v -0.04099476 0.15942407 0.04719228
v -0.04099476 0.16578114 0.04099476
v -0.03188485 0.15942407 0.04822594
v -0.03188485 0.16716987 0.04099476
v -0.02277488 0.15942407 0.04898143
v -0.02277488 0.16833514 0.04099476
v -0.01366490 0.15942407 0.04969954
v 0.20497382 0.16799492 0.04099476
v 0.21408367 0.15942407 0.04936755
v 0.21408367 0.16705459 0.04099476
v 0.22319365 0.15942407 0.04284453
v 0.22319365 0.16121387 0.04099476
v 0.22513556 0.15942407 0.04099476
v -0.05010468 0.15031409 0.04456884
v -0.05415958 0.15031409 0.04099476
v -0.04099476 0.15031409 0.04835814
v -0.03188485 0.15031409 0.04933923
v -0.02277488 0.15031409 0.05005473
v 0.23230362 0.15031409 0.04973274
v 0.23230362 0.15859610 0.04099476
v 0.24141359 0.15031409 0.04456121
v 0.24141359 0.15387022 0.04099476
v 0.24530506 0.15031409 0.04099476
v -0.05010468 0.14597368 0.04099476
v -0.04099476 0.14164072 0.04099476
v -0.03188485 0.14120418 0.04330844
v -0.03791815 0.14120418 0.04099476
v -0.02277488 0.14120418 0.04597819
v -0.01366490 0.14120418 0.04774803
v -0.00455499 0.14120418 0.04941702
v 0.24141359 0.14120418 0.05000281
v 0.25052357 0.14120418 0.04747623
v 0.25052357 0.14790654 0.04099476
v 0.25825536 0.14120418 0.04099476
v -0.03188485 0.13858825 0.04099476
v -0.02277488 0.13570178 0.04099476
v -0.01366490 0.13392580 0.04099476
v -0.00455499 0.13296896 0.04099476
v 0.00455493 0.13243139 0.04099476
v 0.01366490 0.13217258 0.04099476
v 0.02277488 0.13209426 0.04389155
v 0.01491129 0.13209426 0.04099476
v 0.03188485 0.13209426 0.04676557
v 0.04099482 0.13209426 0.04887658
v 0.05010474 0.13209426 0.05002934
v 0.25052357 0.13209426 0.04996681
v 0.25963354 0.13209426 0.04795539
v 0.25963354 0.14008975 0.04099476
v 0.26791263 0.13209426 0.04099476
v 0.02277488 0.12955052 0.04099476
v 0.03188485 0.12727416 0.04099476
v 0.04099482 0.12571633 0.04099476
v 0.05010474 0.12541509 0.04099476
v 0.05921459 0.12515932 0.04099476
v 0.06832457 0.12490106 0.04099476
v 0.07743454 0.12403768 0.04099476
v 0.08654451 0.12348670 0.04099476
v 0.09565449 0.12321335 0.04099476
v 0.10476446 0.12298429 0.04490238
v 0.09912449 0.12298429 0.04099476
v 0.11387432 0.12298429 0.04716009
v 0.12298429 0.12298429 0.04853559
v 0.25963354 0.12298429 0.04925698
v 0.26874340 0.12298429 0.04528463
v 0.26874340 0.12975997 0.04099476
v 0.27399194 0.12298429 0.04099476
v -0.34162301 0.11387438 0.04664683
v -0.34162301 0.11955374 0.04099476
v -0.34929663 0.11387438 0.04099476
v -0.33251309 0.11387438 0.04860240
v -0.33251309 0.12159234 0.04099476
v -0.32340318 0.11387438 0.04908514
v -0.32340318 0.12212139 0.04099476
v -0.31429321 0.11387438 0.04980224
v -0.31429321 0.12259144 0.04099476
v -0.30518323 0.11387438 0.04977542
v -0.30518323 0.12287539 0.04099476
v -0.29607332 0.11387438 0.04917240
v -0.29607332 0.12228203 0.04099476
v -0.28696334 0.11387438 0.04622829
v -0.28696334 0.11897272 0.04099476
v -0.27785337 0.11387438 0.04697192
v -0.27785337 0.11970466 0.04099476
v -0.26874346 0.11387438 0.04759020
v -0.26874346 0.12031984 0.04099476
v -0.25963348 0.11387438 0.04764718
v -0.25963348 0.12041271 0.04099476
v -0.25052351 0.11387438 0.04773647
v -0.25052351 0.12058246 0.04099476
v -0.24141359 0.11387438 0.04763740
v -0.24141359 0.12060773 0.04099476
v -0.23230368 0.11387438 0.04707658
v -0.23230368 0.12019670 0.04099476
v -0.22319376 0.11387438 0.04818076
v -0.22319376 0.12139529 0.04099476
v -0.21408379 0.11387438 0.04914057
v -0.21408379 0.12236601 0.04099476
v -0.20497382 0.11387438 0.04912269
v -0.20497382 0.12231582 0.04099476
v -0.19586390 0.11387438 0.04809612
v -0.19586390 0.12165183 0.04099476
v -0.18675393 0.11387438 0.04751742
v -0.18675393 0.12108403 0.04099476
v -0.17764395 0.11387438 0.04760885
v -0.17764395 0.12131381 0.04099476
v -0.16853404 0.11387438 0.04857230
v -0.16853404 0.12216437 0.04099476
v -0.15942407 0.11387438 0.04899770
v -0.15942407 0.12237698 0.04099476
v -0.15031409 0.11387438 0.04895097
v -0.15031409 0.12224519 0.04099476
v -0.14120418 0.11387438 0.04834604
v -0.14120418 0.12154442 0.04099476
v -0.13209426 0.11387438 0.04734719
v -0.13209426 0.12049836 0.04099476
v -0.12298429 0.11387438 0.04589093
v -0.12298429 0.11891651 0.04099476
v -0.11517781 0.11387438 0.04099476
v -0.05921465 0.11387438 0.04532015
v -0.05921465 0.11810946 0.04099476
v -0.06393135 0.11387438 0.04099476
v -0.05010468 0.11387438 0.04301232
v -0.05010468 0.11572468 0.04099476
v -0.04099476 0.11387438 0.04270726
v -0.04099476 0.11541599 0.04099476
v -0.03494567 0.11387438 0.04099476
v 0.07743454 0.11387438 0.04173905
v 0.07743454 0.11451042 0.04099476
v 0.07527757 0.11387438 0.04099476
v 0.08654451 0.11387438 0.04506707
v 0.08654451 0.11760139 0.04099476
v 0.09565449 0.11387438 0.04582584
v 0.09565449 0.11925280 0.04099476
v 0.10476446 0.11387438 0.04424816
v 0.11387432 0.11387438 0.04564607
v 0.12298429 0.11387438 0.04728121
v 0.26874340 0.11387438 0.04802376
v 0.27785337 0.11387438 0.04210776
v 0.27785337 0.11548722 0.04099476
v 0.27904141 0.11387438 0.04099476
v -0.35984290 0.10476440 0.04723543
v -0.35984290 0.11112440 0.04099476
v -0.36670607 0.10476440 0.04099476
v -0.35073298 0.10476440 0.04938769
v -0.35073298 0.11363447 0.04099476
v -0.34162301 0.10476440 0.04970729
v -0.11387438 0.10476440 0.04873240
v -0.11387438 0.11343169 0.04099476
v -0.10476440 0.10476440 0.04356110
v -0.10476440 0.10744554 0.04099476
v -0.10169518 0.10476440 0.04099476
v -0.06832457 0.10476440 0.04664338
v -0.06832457 0.11046576 0.04099476
v -0.07562900 0.10476440 0.04099476
v -0.03188485 0.11343026 0.04099476
v -0.02277488 0.10476440 0.04993618
v -0.02277488 0.11224240 0.04099476
v -0.01366490 0.10476440 0.04902190
v -0.01366490 0.11177099 0.04099476
v -0.00455499 0.10476440 0.04932815
v -0.00455499 0.11181539 0.04099476
v 0.00455493 0.10476440 0.04957271
v 0.00455493 0.11183262 0.04099476
v 0.01366490 0.10476440 0.04972357
v 0.01366490 0.11179066 0.04099476
v 0.02277488 0.10476440 0.04984635
v 0.02277488 0.11193824 0.04099476
v 0.03188485 0.10476440 0.04988265
v 0.03188485 0.11213100 0.04099476
v 0.04099482 0.10476440 0.04942596
v 0.04099482 0.11241537 0.04099476
v 0.05010474 0.10476440 0.05005533
v 0.05010474 0.11261797 0.04099476
v 0.05921459 0.11279935 0.04099476
v 0.06832457 0.11293972 0.04099476
v 0.26874340 0.10476440 0.04885745
v 0.27785337 0.10476440 0.04658550
v 0.28488636 0.10476440 0.04099476
v -0.36895287 0.09565443 0.04860669
v -0.36895287 0.10364151 0.04099476
v -0.37678963 0.09565443 0.04099476
v -0.35984290 0.09565443 0.04977727
v -0.10476440 0.09565443 0.04974139
v -0.09565443 0.09565443 0.04624462
v -0.09565443 0.10120946 0.04099476
v -0.08740067 0.09565443 0.04099476
v -0.07736224 0.09565443 0.04099476
v 0.26874340 0.09565443 0.04945910
v 0.27785337 0.09565443 0.04777902
v 0.28696334 0.09565443 0.04402560
v 0.28696334 0.10036564 0.04099476
v 0.29003572 0.09565443 0.04099476
v -0.36895287 0.08654451 0.04972273
v -0.37788567 0.08654451 0.04099476
v -0.35984290 0.08654451 0.05004650
v -0.08654451 0.08654451 0.04801613
v -0.08654451 0.09516948 0.04099476
v -0.07743454 0.09532458 0.04099476
v 0.26874340 0.08654451 0.04913557
v 0.27785337 0.08654451 0.04743868
v 0.28696334 0.08654451 0.04333401
v 0.28933346 0.08654451 0.04099476
v -0.37806284 0.07743454 0.04319894
v -0.37806284 0.08127093 0.04099476
v -0.38032761 0.07743454 0.04099476
v -0.36895287 0.07743454 0.04992640
v 0.26874340 0.07743454 0.04870540
v 0.27785337 0.07743454 0.04649317
v 0.28696334 0.07983851 0.04099476
v 0.28627145 0.07743454 0.04099476
v -0.37806284 0.06832457 0.04550254
v -0.38265854 0.06832457 0.04099476
v -0.36895287 0.06832457 0.04995096
v 0.12298429 0.06832457 0.04879093
v 0.26874340 0.06832457 0.04804289
v 0.27785337 0.06832457 0.04521161
v 0.28340399 0.06832457 0.04099476
v -0.37806284 0.06331861 0.04099476
v -0.36895287 0.05921465 0.04967606
v -0.37770322 0.05921465 0.04099476
v 0.25963354 0.05921465 0.04973364
v 0.26874340 0.05921465 0.04715049
v 0.27785337 0.05921465 0.04345322
v 0.28099680 0.05921465 0.04099476
v -0.36895287 0.05010468 0.04674029
v -0.37470439 0.05010468 0.04099476
v -0.35984290 0.05010468 0.04954034
v 0.25052357 0.05010468 0.04980022
v 0.25963354 0.05010468 0.04821265
v 0.26874340 0.05010468 0.04560053
v 0.27785337 0.05129892 0.04099476
v 0.27736425 0.05010468 0.04099476
v -0.36895287 0.04420865 0.04099476
v -0.35984290 0.04099476 0.04489058
v -0.36390018 0.04099476 0.04099476
v -0.35073298 0.04099476 0.04898524
v -0.34162301 0.04099476 0.05010426
v 0.24141359 0.04099476 0.04948366
v 0.25052357 0.04099476 0.04800248
v 0.25963354 0.04099476 0.04598212
v 0.26874340 0.04099476 0.04307675
v 0.27272463 0.04099476 0.04099476
v -0.35984290 0.03704810 0.04099476
v -0.35073298 0.03229010 0.04099476
v -0.34162301 0.03188485 0.04709363
v -0.34950596 0.03188485 0.04099476
v -0.33251309 0.03188485 0.04901773
v -0.27785337 0.03188485 0.04885107
v -0.26874346 0.03188485 0.04897237
v -0.25963348 0.03188485 0.04870278
v -0.25052351 0.03188485 0.04918200
v -0.24141359 0.03188485 0.04955465
v -0.23230368 0.03188485 0.05001152
v 0.15031421 0.03188485 0.04990679
v 0.22319365 0.03188485 0.04996264
v 0.23230362 0.03188485 0.04956383
v 0.24141359 0.03188485 0.04802638
v 0.25052357 0.03188485 0.04661161
v 0.25963354 0.03188485 0.04456645
v 0.26874340 0.03474849 0.04099476
v 0.26711607 0.03188485 0.04099476
v -0.34162301 0.02551377 0.04099476
v -0.33251309 0.02352256 0.04099476
v -0.32340318 0.02315295 0.04099476
v -0.31429321 0.02277488 0.04110783
v -0.31502247 0.02277488 0.04099476
v -0.30518323 0.02277488 0.04385674
v -0.29607332 0.02277488 0.04206991
v -0.28696334 0.02632201 0.04099476
v -0.29453456 0.02277488 0.04099476
v -0.27785337 0.02320224 0.04099476
v -0.26874346 0.02277488 0.04794389
v -0.27764100 0.02277488 0.04099476
v -0.25963348 0.02277488 0.04982775
v 0.07743454 0.02277488 0.04984123
v 0.08654451 0.02277488 0.04907691
v 0.09565449 0.02277488 0.04863054
v 0.10476446 0.02277488 0.04829401
v 0.11387432 0.02277488 0.04820347
v 0.12298429 0.02277488 0.04806399
v 0.13209426 0.02277488 0.04830676
v 0.14120424 0.02277488 0.04818225
v 0.15031421 0.02277488 0.04798138
v 0.15942407 0.02277488 0.04872054
v 0.16853404 0.02277488 0.04942322
v 0.17764401 0.02277488 0.04996842
v 0.18675399 0.02277488 0.04953235
v 0.19586384 0.02277488 0.04908025
v 0.20497382 0.02277488 0.04865402
v 0.21408367 0.02277488 0.04841828
v 0.22319365 0.02277488 0.04815286
v 0.23230362 0.02277488 0.04770768
v 0.24141359 0.02277488 0.04636681
v 0.25052357 0.02277488 0.04505223
v 0.25963354 0.02277488 0.04236549
v 0.26183164 0.02277488 0.04099476
v -0.31429321 0.02269280 0.04099476
v -0.30518323 0.02045983 0.04099476
v -0.29607332 0.02191645 0.04099476
v -0.26874346 0.01395142 0.04099476
v -0.25963348 0.01366490 0.04576331
v -0.26819485 0.01366490 0.04099476
v -0.25052351 0.01366490 0.04789406
v -0.24141359 0.01366490 0.04884648
v -0.23230368 0.01366490 0.04911137
v -0.22319376 0.01366490 0.04988229
v -0.17764395 0.01366490 0.04974544
v -0.16853404 0.01366490 0.04893595
v -0.15942407 0.01366490 0.04828018
v -0.15031409 0.01366490 0.04791802
v -0.14120418 0.01366490 0.04816216
v -0.13209426 0.01366490 0.04824990
v -0.12298429 0.01366490 0.04838425
v -0.11387438 0.01366490 0.04847801
v 0.05921459 0.01366490 0.05003887
v 0.06832457 0.01366490 0.04862124
v 0.07743454 0.01366490 0.04787165
v 0.08654451 0.01366490 0.04721719
v 0.09565449 0.01366490 0.04680735
v 0.10476446 0.01366490 0.04645568
v 0.11387432 0.01366490 0.04624307
v 0.12298429 0.01366490 0.04601252
v 0.13209426 0.01366490 0.04642701
v 0.14120424 0.01366490 0.04630208
v 0.15031421 0.01366490 0.04607177
v 0.15942407 0.01366490 0.04670095
v 0.16853404 0.01366490 0.04732531
v 0.17764401 0.01366490 0.04784530
v 0.18675399 0.01366490 0.04753572
v 0.19586384 0.01366490 0.04722691
v 0.20497382 0.01366490 0.04693431
v 0.21408367 0.01366490 0.04661870
v 0.22319365 0.01366490 0.04628354
v 0.23230362 0.01366490 0.04582340
v 0.24141359 0.01366490 0.04460198
v 0.25052357 0.01366490 0.04285622
v 0.25963354 0.01910126 0.04099476
v 0.25503397 0.01366490 0.04099476
v -0.25963348 0.00899917 0.04099476
v -0.25052351 0.00686324 0.04099476
v -0.24141359 0.00585151 0.04099476
v -0.23230368 0.00512886 0.04099476
v -0.22319376 0.00455499 0.04136634
v -0.22518301 0.00455499 0.04099476
v -0.21408379 0.00455499 0.04376751
v -0.20497382 0.00455499 0.04360086
v -0.19586390 0.00455499 0.04255176
v -0.18675393 0.00455499 0.04217988
v -0.17764395 0.00455499 0.04241997
v -0.16853404 0.00455499 0.04286075
v -0.15942407 0.00455499 0.04373592
v -0.15031409 0.00455499 0.04525155
v -0.14120418 0.00455499 0.04650140
v -0.13209426 0.00455499 0.04719478
v -0.12298429 0.00455499 0.04788929
v -0.11387438 0.00455499 0.04805011
v -0.10476440 0.00455499 0.04942775
v -0.09565443 0.00455499 0.04987884
v -0.08654451 0.00455499 0.04991901
v 0.04099482 0.00455499 0.04919571
v 0.05010474 0.00455499 0.04767436
v 0.05921459 0.00455499 0.04626936
v 0.06832457 0.00455499 0.04489434
v 0.07743454 0.00455499 0.04398888
v 0.08654451 0.00455499 0.04288143
v 0.09565449 0.00455499 0.04226846
v 0.10476446 0.00546384 0.04099476
v 0.10078758 0.00455499 0.04099476
v 0.11387432 0.00622231 0.04099476
v 0.12298429 0.00683886 0.04099476
v 0.13209426 0.00617647 0.04099476
v 0.14120424 0.00609207 0.04099476
v 0.15031421 0.00633854 0.04099476
v 0.15942407 0.00562847 0.04099476
v 0.16853404 0.00495845 0.04099476
v 0.17764401 0.00455499 0.04126322
v 0.17480171 0.00455499 0.04099476
v 0.18675399 0.00455499 0.04110843
v 0.19586384 0.00459737 0.04099476
v 0.19245827 0.00455499 0.04099476
v 0.20497382 0.00480127 0.04099476
v 0.21408367 0.00516492 0.04099476
v 0.22319365 0.00558126 0.04099476
v 0.23230362 0.00624007 0.04099476
v 0.24141359 0.00846326 0.04099476
v 0.25052357 0.01129651 0.04099476
v -0.22319376 0.00419003 0.04099476
v -0.21408379 0.00182849 0.04099476
v -0.20497382 0.00211531 0.04099476
v -0.19586390 0.00291407 0.04099476
v -0.18675393 0.00314784 0.04099476
v -0.17764395 0.00271302 0.04099476
v -0.16853404 0.00137198 0.04099476
v -0.15942407 -0.00072753 0.04099476
v -0.15031409 -0.00273341 0.04099476
v -0.14120418 -0.00455493 0.04233837
v -0.14560366 -0.00455493 0.04099476
v -0.13209426 -0.00455493 0.04407901
v -0.12298429 -0.00455493 0.04560119
v -0.11387438 -0.00455493 0.04571515
v -0.10476440 -0.00455493 0.04593998
v -0.09565443 -0.00455493 0.04565036
v -0.08654451 -0.00455493 0.04412067
v 0.00455493 -0.00455493 0.04950958
v 0.01366490 -0.00455493 0.04658794
v 0.02277488 -0.00455493 0.04530525
v 0.03188485 -0.00455493 0.04402667
v 0.04099482 -0.00455493 0.04228550
v 0.05010474 -0.00357580 0.04099476
v 0.04533619 -0.00455493 0.04099476
v 0.05921459 -0.00181270 0.04099476
v 0.06832457 -0.00003922 0.04099476
v 0.07743454 0.00102067 0.04099476
v 0.08654451 0.00225592 0.04099476
v 0.09565449 0.00306761 0.04099476
v 0.17764401 0.00427157 0.04099476
v 0.18675399 0.00443149 0.04099476
v -0.14120418 -0.00614959 0.04099476
v -0.13209426 -0.00840205 0.04099476
v -0.12298429 -0.01105303 0.04099476
v -0.11387438 -0.01158839 0.04099476
v -0.10476440 -0.01070559 0.04099476
v -0.09565443 -0.00945795 0.04099476
v -0.08654451 -0.00770962 0.04099476
v -0.07893348 -0.01366490 0.04099476
v -0.02277488 -0.01366490 0.04511809
v -0.01366490 -0.01354420 0.04099476
v -0.01487106 -0.01366490 0.04099476
v -0.00455499 -0.01267350 0.04099476
v 0.00455493 -0.01201797 0.04099476
v 0.01366490 -0.01036620 0.04099476
v 0.02277488 -0.00921780 0.04099476
v 0.03188485 -0.00793260 0.04099476
v 0.04099482 -0.00608271 0.04099476
v -0.07987648 -0.02277488 0.04099476
v -0.02277488 -0.02277488 0.04673421
v -0.01576042 -0.02277488 0.04099476
v -0.07743454 -0.03188485 0.04412115
v -0.07921833 -0.03188485 0.04099476
v -0.06832457 -0.03188485 0.04837680
v -0.03188485 -0.03188485 0.04757613
v -0.02277488 -0.03188485 0.04530877
v -0.01366490 -0.03188485 0.04121011
v -0.01366490 -0.03095472 0.04099476
v -0.01295036 -0.03188485 0.04099476
v -0.07743454 -0.03696299 0.04099476
v -0.06832457 -0.04099482 0.04433292
v -0.07458657 -0.04099482 0.04099476
v -0.04099476 -0.04099482 0.04806018
v -0.03188485 -0.04099482 0.04468620
v -0.02277488 -0.04068762 0.04099476
v -0.02312464 -0.04099482 0.04099476
v -0.01366490 -0.03223354 0.04099476
v -0.06832457 -0.04411995 0.04099476
v -0.05921465 -0.05010474 0.04666507
v -0.06436855 -0.05010474 0.04099476
v -0.05010468 -0.05010474 0.04481578
v -0.04099476 -0.05010474 0.04234296
v -0.03188485 -0.04664969 0.04099476
v -0.03817624 -0.05010474 0.04099476
v -0.05921465 -0.05543900 0.04099476
v -0.05010468 -0.05429268 0.04099476
v -0.04099476 -0.05169797 0.04099476
v 0.12298429 0.17764395 0.03199619
v 0.13209426 0.18612975 0.03188485
v 0.12303865 0.17764395 0.03188485
v 0.14120424 0.18607116 0.03188485
v 0.15031421 0.18555486 0.03188485
v 0.15942407 0.18396175 0.03188485
v 0.16711950 0.17764395 0.03188485
v -0.05921465 0.16853404 0.03896272
v -0.05921465 0.17562407 0.03188485
v -0.06766665 0.16853404 0.03188485
v -0.05010468 0.16853404 0.03927028
v -0.05010468 0.17591453 0.03188485
v -0.04099476 0.16853404 0.03906876
v -0.04099476 0.17561889 0.03188485
v -0.03188485 0.16853404 0.03979051
v -0.03188485 0.17594016 0.03188485
v -0.02277488 0.16853404 0.04078388
v -0.02277488 0.17619777 0.03188485
v -0.01366490 0.17630196 0.03188485
v -0.00455499 0.17645150 0.03188485
v 0.00455493 0.17640102 0.03188485
v 0.01366490 0.17615098 0.03188485
v 0.02277488 0.17599964 0.03188485
v 0.03188485 0.17569852 0.03188485
v 0.04099482 0.17533123 0.03188485
v 0.05010474 0.17473894 0.03188485
v 0.05921459 0.17391878 0.03188485
v 0.06832457 0.17282164 0.03188485
v 0.07743454 0.17378104 0.03188485
v 0.08654451 0.17424792 0.03188485
v 0.09565449 0.17450035 0.03188485
v 0.10476446 0.17415935 0.03188485
v 0.11387432 0.17463857 0.03188485
v 0.12298429 0.17757368 0.03188485
v 0.16853404 0.17734414 0.03188485
v 0.17764401 0.17650872 0.03188485
v 0.18675399 0.17542183 0.03188485
v 0.19586384 0.17066002 0.03188485
v 0.19809437 0.16853404 0.03188485
v -0.06832457 0.15942407 0.03634161
v -0.06832457 0.16649514 0.03188485
v -0.07528996 0.15942407 0.03188485
v -0.05921465 0.15942407 0.04068404
v 0.20497382 0.16806495 0.03188485
v 0.21408367 0.16734588 0.03188485
v 0.22319365 0.16416967 0.03188485
v 0.22890306 0.15942407 0.03188485
v -0.06832457 0.15031409 0.03256655
v -0.06902742 0.15031409 0.03188485
v -0.05921465 0.15031409 0.03821200
v 0.23230362 0.15899771 0.03188485
v 0.24141359 0.15766454 0.03188485
v 0.25052357 0.15031409 0.03212667
v 0.25052357 0.15052307 0.03188485
v 0.25074613 0.15031409 0.03188485
v -0.06832457 0.14958411 0.03188485
v -0.05921465 0.14365321 0.03188485
v -0.05010468 0.14120418 0.03463238
v -0.05295479 0.14120418 0.03188485
v -0.04099476 0.14120418 0.04014409
v 0.25963354 0.14120418 0.03967577
v 0.25963354 0.14784616 0.03188485
v 0.26716197 0.14120418 0.03188485
v -0.05921465 0.13209426 0.03614950
v -0.05921465 0.13668054 0.03188485
v -0.06332660 0.13209426 0.03188485
v -0.05010468 0.13209426 0.03389210
v -0.04099476 0.13353223 0.03188485
v -0.04613638 0.13209426 0.03188485
v -0.03188485 0.13267750 0.03188485
v -0.02277488 0.13209426 0.03282630
v -0.02552670 0.13209426 0.03188485
v -0.01366490 0.13209426 0.03546333
v -0.00455499 0.13209426 0.03680873
v 0.00455493 0.13209426 0.03863192
v 0.01366490 0.13209426 0.04037052
v 0.26874340 0.13209426 0.04026026
v 0.26874340 0.14000809 0.03188485
v 0.27750194 0.13209426 0.03188485
v -0.34162301 0.12298429 0.03681016
v -0.34162301 0.12789750 0.03188485
v -0.34860843 0.12298429 0.03188485
v -0.33251309 0.12298429 0.03830999
v -0.33251309 0.12920761 0.03188485
v -0.32340318 0.12298429 0.03937429
v -0.32340318 0.12990099 0.03188485
v -0.31429321 0.12298429 0.04028070
v -0.31429321 0.13022703 0.03188485
v -0.30518323 0.12298429 0.04065377
v -0.30518323 0.12954885 0.03188485
v -0.29607332 0.12298429 0.03702539
v -0.29607332 0.12593198 0.03188485
v -0.28696334 0.12298429 0.03473496
v -0.28696334 0.12543458 0.03188485
v -0.27785337 0.12298429 0.03364372
v -0.27785337 0.12453371 0.03188485
v -0.26874346 0.12298429 0.03622484
v -0.26874346 0.12707788 0.03188485
v -0.25963348 0.12298429 0.03631920
v -0.25963348 0.12710029 0.03188485
v -0.25052351 0.12298429 0.03636730
v -0.25052351 0.12712836 0.03188485
v -0.24141359 0.12298429 0.03669065
v -0.24141359 0.12738067 0.03188485
v -0.23230368 0.12298429 0.03665495
v -0.23230368 0.12725532 0.03188485
v -0.22319376 0.12298429 0.03829432
v -0.22319376 0.12861431 0.03188485
v -0.21408379 0.12298429 0.03910160
v -0.21408379 0.12841153 0.03188485
v -0.20497382 0.12298429 0.03948605
v -0.20497382 0.12923950 0.03188485
v -0.19586390 0.12298429 0.03908432
v -0.19586390 0.12885731 0.03188485
v -0.18675393 0.12298429 0.03907263
v -0.18675393 0.12917554 0.03188485
v -0.17764395 0.12298429 0.03944474
v -0.17764395 0.12960720 0.03188485
v -0.16853404 0.12298429 0.03975821
v -0.16853404 0.12950313 0.03188485
v -0.15942407 0.12298429 0.03964543
v -0.15942407 0.12921721 0.03188485
v -0.15031409 0.12298429 0.03923810
v -0.15031409 0.12881833 0.03188485
v -0.14120418 0.12298429 0.03767878
v -0.14120418 0.12777805 0.03188485
v -0.13209426 0.12298429 0.03597909
v -0.13209426 0.12655729 0.03188485
v -0.12298429 0.12298429 0.03414142
v -0.12298429 0.12508112 0.03188485
v -0.11963671 0.12298429 0.03188485
v -0.05921465 0.12298429 0.03675073
v -0.06481498 0.12298429 0.03188485
v -0.05010468 0.12298429 0.03251040
v -0.04829580 0.12298429 0.03188485
v -0.02277488 0.13109958 0.03188485
v -0.01366490 0.12944782 0.03188485
v -0.00455499 0.12894702 0.03188485
v 0.00455493 0.12834793 0.03188485
v 0.01366490 0.12768340 0.03188485
v 0.02277488 0.12628591 0.03188485
v 0.03188485 0.12538475 0.03188485
v 0.04099482 0.12468427 0.03188485
v 0.05010474 0.12469840 0.03188485
v 0.05921459 0.12498790 0.03188485
v 0.06832457 0.12516159 0.03188485
v 0.07743454 0.12435812 0.03188485
v 0.08654451 0.12355256 0.03188485
v 0.09565449 0.12298429 0.03460425
v 0.09289479 0.12298429 0.03188485
v 0.27785337 0.12298429 0.03861046
v 0.27785337 0.13145095 0.03188485
v 0.28633404 0.12298429 0.03188485
v -0.36895287 0.11387438 0.03882784
v -0.36895287 0.12082320 0.03188485
v -0.37591901 0.11387438 0.03188485
v -0.35984290 0.11387438 0.04049754
v -0.35984290 0.12249166 0.03188485
v -0.35073298 0.11387438 0.04085457
v -0.35073298 0.12282270 0.03188485
v -0.11387438 0.11387438 0.04019755
v -0.11387438 0.12108928 0.03188485
v -0.10557276 0.11387438 0.03188485
v -0.06832457 0.11387438 0.03748435
v -0.06832457 0.11972648 0.03188485
v -0.07603753 0.11387438 0.03188485
v -0.04099476 0.12159824 0.03188485
v -0.03188485 0.11387438 0.04013592
v -0.03188485 0.12015229 0.03188485
v -0.02277488 0.11387438 0.03698397
v -0.02277488 0.11764944 0.03188485
v -0.01366490 0.11387438 0.03600991
v -0.01366490 0.11649680 0.03188485
v -0.00455499 0.11387438 0.03553116
v -0.00455499 0.11620057 0.03188485
v 0.00455493 0.11387438 0.03511685
v 0.00455493 0.11599952 0.03188485
v 0.01366490 0.11387438 0.03491080
v 0.01366490 0.11604494 0.03188485
v 0.02277488 0.11387438 0.03599316
v 0.02277488 0.11698067 0.03188485
v 0.03188485 0.11387438 0.03713369
v 0.03188485 0.11801833 0.03188485
v 0.04099482 0.11387438 0.03831232
v 0.04099482 0.11907876 0.03188485
v 0.05010474 0.11387438 0.03862756
v 0.05010474 0.11895186 0.03188485
v 0.05921459 0.11387438 0.03883636
v 0.05921459 0.11852908 0.03188485
v 0.06832457 0.11387438 0.03896320
v 0.06832457 0.11817223 0.03188485
v 0.07743454 0.11949766 0.03188485
v 0.08654451 0.12081206 0.03188485
v 0.28696334 0.11387438 0.03699863
v 0.28696334 0.12205178 0.03188485
v 0.29235625 0.11387438 0.03188485
v -0.37806284 0.10476440 0.03356934
v -0.37806284 0.10646892 0.03188485
v -0.37980211 0.10476440 0.03188485
v -0.36895287 0.10476440 0.04080582
v -0.10476440 0.11340523 0.03188485
v -0.09565443 0.10476440 0.03723294
v -0.09565443 0.10976404 0.03188485
v -0.08723307 0.10476440 0.03188485
v -0.07743454 0.10476440 0.03425151
v -0.07743454 0.10781032 0.03188485
v -0.08198690 0.10476440 0.03188485
v 0.28696334 0.10476440 0.04003215
v 0.29604530 0.10476440 0.03188485
v -0.37806284 0.09565443 0.04052252
v -0.38715592 0.09565443 0.03188485
v -0.08654451 0.09565443 0.04063457
v -0.08654451 0.10450321 0.03188485
v -0.07743454 0.09565443 0.04063302
v 0.29607332 0.09565443 0.03678346
v 0.29607332 0.10466838 0.03188485
v 0.30105126 0.09565443 0.03188485
v -0.38717276 0.08654451 0.03650230
v -0.38717276 0.09540778 0.03188485
v -0.39183035 0.08654451 0.03188485
v -0.37806284 0.08654451 0.04087669
v 0.29607332 0.08654451 0.03754461
v 0.30197740 0.08654451 0.03188485
v -0.38717276 0.07743454 0.03770524
v -0.39313409 0.07743454 0.03188485
v 0.28696334 0.07743454 0.04072672
v 0.29607332 0.07743454 0.03712863
v 0.30156243 0.07743454 0.03188485
v -0.38717276 0.06832457 0.03765649
v -0.39323479 0.06832457 0.03188485
v 0.28696334 0.06832457 0.03958267
v 0.29607332 0.06832457 0.03491020
v 0.29925883 0.06832457 0.03188485
v -0.38717276 0.06132913 0.03188485
v -0.37806284 0.05921465 0.04056334
v -0.38689783 0.05921465 0.03188485
v 0.28696334 0.05921465 0.03883529
v 0.29607332 0.05921465 0.03450739
v 0.29891193 0.05921465 0.03188485
v -0.37806284 0.05010468 0.03739083
v -0.38363722 0.05010468 0.03188485
v 0.27785337 0.05010468 0.04082268
v 0.28696334 0.05010468 0.03800350
v 0.29607332 0.05010468 0.03265703
v 0.29688990 0.05010468 0.03188485
v -0.37806284 0.04433095 0.03188485
v -0.36895287 0.04099476 0.03968811
v -0.37681746 0.04099476 0.03188485
v 0.27785337 0.04099476 0.03939915
v 0.28696334 0.04099476 0.03680539
v 0.29607332 0.04675037 0.03188485
v 0.29485071 0.04099476 0.03188485
v -0.36895287 0.03291887 0.03188485
v -0.35984290 0.03188485 0.03859979
v -0.36707515 0.03188485 0.03188485
v -0.35073298 0.03188485 0.04054254
v 0.26874340 0.03188485 0.04048586
v 0.27785337 0.03188485 0.03770524
v 0.28696334 0.03188485 0.03464359
v 0.29067957 0.03188485 0.03188485
v -0.35984290 0.02519113 0.03188485
v -0.35073298 0.02371007 0.03188485
v -0.34162301 0.02277488 0.03537178
v -0.34562033 0.02277488 0.03188485
v -0.33251309 0.02277488 0.03895366
v -0.32340318 0.02277488 0.04008394
v -0.28696334 0.02277488 0.03520530
v -0.27785337 0.02277488 0.04068398
v 0.26874340 0.02277488 0.03876585
v 0.27785337 0.02277488 0.03588206
v 0.28696334 0.02480453 0.03188485
v 0.28566957 0.02277488 0.03188485
v -0.34162301 0.01961452 0.03188485
v -0.33251309 0.01831359 0.03188485
v -0.32340318 0.01826519 0.03188485
v -0.31429321 0.01740581 0.03188485
v -0.30518323 0.01692355 0.03188485
v -0.29607332 0.02055794 0.03188485
v -0.28696334 0.02002698 0.03188485
v -0.27785337 0.01367587 0.03188485
v -0.26874346 0.01366490 0.04068750
v -0.27784538 0.01366490 0.03188485
v 0.25963354 0.01366490 0.04004472
v 0.26874340 0.01366490 0.03711832
v 0.27785337 0.01366490 0.03322917
v 0.27995181 0.01366490 0.03188485
v -0.26874346 0.00542313 0.03188485
v -0.25963348 0.00455499 0.03638172
v -0.26717323 0.00455499 0.03188485
v -0.25052351 0.00455499 0.03819031
v -0.24141359 0.00455499 0.03938615
v -0.23230368 0.00455499 0.04031628
v 0.10476446 0.00455499 0.04028559
v 0.11387432 0.00455499 0.03953117
v 0.12298429 0.00455499 0.03877300
v 0.13209426 0.00455499 0.03940755
v 0.14120424 0.00455499 0.03953058
v 0.15031421 0.00455499 0.03937089
v 0.15942407 0.00455499 0.04003799
v 0.16853404 0.00455499 0.04064000
v 0.19586384 0.00455499 0.04096085
v 0.20497382 0.00455499 0.04080456
v 0.21408367 0.00455499 0.04054552
v 0.22319365 0.00455499 0.04026961
v 0.23230362 0.00455499 0.03985691
v 0.24141359 0.00455499 0.03861356
v 0.25052357 0.00455499 0.03729802
v 0.25963354 0.00455499 0.03589976
v 0.26874340 0.00542074 0.03188485
v 0.26742816 0.00455499 0.03188485
v 0.27785337 0.01189798 0.03188485
v -0.25963348 0.00069708 0.03188485
v -0.25052351 -0.00076562 0.03188485
v -0.24141359 -0.00170016 0.03188485
v -0.23230368 -0.00218344 0.03188485
v -0.22319376 -0.00313532 0.03188485
v -0.21408379 -0.00333434 0.03188485
v -0.20497382 -0.00310200 0.03188485
v -0.19586390 -0.00444055 0.03188485
v -0.18675393 -0.00443017 0.03188485
v -0.17764395 -0.00455493 0.03630531
v -0.18645233 -0.00455493 0.03188485
v -0.16853404 -0.00455493 0.03842610
v -0.15942407 -0.00455493 0.03959042
v -0.15031409 -0.00455493 0.04016352
v 0.05010474 -0.00455493 0.03968453
v 0.05921459 -0.00455493 0.03736806
v 0.06832457 -0.00455493 0.03519469
v 0.07743454 -0.00455493 0.03461546
v 0.08654451 -0.00455493 0.03428692
v 0.09565449 -0.00455493 0.03351212
v 0.10476446 -0.00349522 0.03188485
v 0.10002571 -0.00455493 0.03188485
v 0.11387432 -0.00258774 0.03188485
v 0.12298429 -0.00182927 0.03188485
v 0.13209426 -0.00248504 0.03188485
v 0.14120424 -0.00254124 0.03188485
v 0.15031421 -0.00234652 0.03188485
v 0.15942407 -0.00274062 0.03188485
v 0.16853404 -0.00302827 0.03188485
v 0.17764401 -0.00328588 0.03188485
v 0.18675399 -0.00342965 0.03188485
v 0.19586384 -0.00356269 0.03188485
v 0.20497382 -0.00367796 0.03188485
v 0.21408367 -0.00367016 0.03188485
v 0.22319365 -0.00365752 0.03188485
v 0.23230362 -0.00358224 0.03188485
v 0.24141359 -0.00312120 0.03188485
v 0.25052357 -0.00225824 0.03188485
v 0.25963354 -0.00065589 0.03188485
v -0.17764395 -0.00919157 0.03188485
v -0.16853404 -0.01116306 0.03188485
v -0.15942407 -0.01255339 0.03188485
v -0.15031409 -0.01293963 0.03188485
v -0.14120418 -0.01366490 0.03277671
v -0.14445400 -0.01366490 0.03188485
v -0.13209426 -0.01366490 0.03430158
v -0.12298429 -0.01366490 0.03888267
v -0.11387438 -0.01366490 0.04002476
v -0.10476440 -0.01366490 0.03843749
v -0.09565443 -0.01366490 0.03511673
v -0.08654451 -0.01295954 0.03188485
v -0.09018159 -0.01366490 0.03188485
v -0.08098924 -0.01366490 0.03188485
v -0.01366490 -0.01366490 0.04080391
v -0.00455499 -0.01366490 0.03875858
v 0.00455493 -0.01366490 0.03780460
v 0.01366490 -0.01366490 0.03660375
v 0.02277488 -0.01366490 0.03593212
v 0.03188485 -0.01366490 0.03505033
v 0.04099482 -0.01366490 0.03423554
v 0.05010474 -0.01366490 0.03259361
v 0.05921459 -0.01249057 0.03188485
v 0.05400747 -0.01366490 0.03188485
v 0.06832457 -0.01012611 0.03188485
v 0.07743454 -0.00897098 0.03188485
v 0.08654451 -0.00799257 0.03188485
v 0.09565449 -0.00696623 0.03188485
v -0.14120418 -0.01640189 0.03188485
v -0.13209426 -0.02277488 0.03366470
v -0.13678712 -0.02277488 0.03188485
v -0.12298429 -0.02277488 0.03756493
v -0.11387438 -0.02277488 0.03745925
v -0.10476440 -0.02277488 0.03576928
v -0.09565443 -0.02277488 0.03197533
v -0.09549308 -0.02277488 0.03188485
v -0.08105987 -0.02277488 0.03188485
v -0.01366490 -0.02277488 0.04031193
v -0.00455499 -0.02277488 0.03973991
v 0.00455493 -0.02277488 0.03890055
v 0.01366490 -0.02277488 0.03746903
v 0.02277488 -0.02277488 0.03680003
v 0.03188485 -0.02277488 0.03582221
v 0.04099482 -0.02277488 0.03444982
v 0.05010474 -0.02277488 0.03309542
v 0.05741596 -0.02277488 0.03188485
v -0.13209426 -0.03046083 0.03188485
v -0.12298429 -0.03188485 0.03341991
v -0.13061923 -0.03188485 0.03188485
v -0.11387438 -0.03188485 0.03284132
v -0.10476440 -0.02899832 0.03188485
v -0.11133975 -0.03188485 0.03188485
v -0.09565443 -0.02295989 0.03188485
v -0.08128411 -0.03188485 0.03188485
v -0.00455499 -0.03188485 0.03988546
v 0.00455493 -0.03188485 0.03870457
v 0.01366490 -0.03188485 0.03755641
v 0.02277488 -0.03188485 0.03657943
v 0.03188485 -0.03188485 0.03547239
v 0.04099482 -0.03188485 0.03423494
v 0.05010474 -0.03188485 0.03292072
v 0.05593419 -0.03188485 0.03188485
v -0.12298429 -0.03408962 0.03188485
v -0.11387438 -0.03309482 0.03188485
v -0.07743454 -0.04099482 0.03813261
v -0.08029848 -0.04099482 0.03188485
v -0.02277488 -0.04099482 0.04088885
v -0.01366490 -0.04099482 0.03807819
v -0.00455499 -0.04099482 0.03744346
v 0.00455493 -0.04099482 0.03650904
v 0.01366490 -0.04099482 0.03513056
v 0.02277488 -0.04099482 0.03369272
v 0.03188485 -0.04084200 0.03188485
v 0.03152776 -0.04099482 0.03188485
v 0.04099482 -0.03728533 0.03188485
v 0.05010474 -0.03418612 0.03188485
v -0.07743454 -0.05010474 0.03245515
v -0.07792580 -0.05010474 0.03188485
v -0.06832457 -0.05010474 0.03499639
v -0.03188485 -0.05010474 0.03948992
v -0.02277488 -0.05010474 0.03790385
v -0.01366490 -0.05010474 0.03604198
v -0.00455499 -0.05010474 0.03455275
v 0.00455493 -0.05010474 0.03257245
v 0.01366490 -0.04757214 0.03188485
v 0.00715292 -0.05010474 0.03188485
v 0.02277488 -0.04461849 0.03188485
v -0.07743454 -0.05075234 0.03188485
v -0.06832457 -0.05321169 0.03188485
v -0.05921465 -0.05921459 0.03836775
v -0.06553906 -0.05921459 0.03188485
v -0.05010468 -0.05921459 0.03793967
v -0.04099476 -0.05921459 0.03706396
v -0.03188485 -0.05921459 0.03499627
v -0.02277488 -0.05921459 0.03289253
v -0.01366490 -0.05745870 0.03188485
v -0.01906896 -0.05921459 0.03188485
v -0.00455499 -0.05475777 0.03188485
v 0.00455493 -0.05124682 0.03188485
v -0.05921465 -0.06595713 0.03188485
v -0.05010468 -0.06655711 0.03188485
v -0.04099476 -0.06603616 0.03188485
v -0.03188485 -0.06358421 0.03188485
v -0.02277488 -0.06065309 0.03188485
v -0.05921465 0.17764395 0.02555543
v -0.05921465 0.18039572 0.02277488
v -0.06424761 0.17764395 0.02277488
v -0.05010468 0.17764395 0.02473563
v -0.05010468 0.17957443 0.02277488
v -0.04731911 0.17764395 0.02277488
v 0.13209426 0.18574548 0.02277488
v 0.12355947 0.17764395 0.02277488
v 0.14120424 0.18526053 0.02277488
v 0.15031421 0.18365449 0.02277488
v 0.15942407 0.17764395 0.02295339
v 0.15921688 0.17764395 0.02277488
v -0.07743454 0.16853404 0.03092134
v -0.07743454 0.17673975 0.02277488
v -0.08567739 0.16853404 0.02277488
v -0.06832457 0.16853404 0.03172004
v -0.06832457 0.17743051 0.02277488
v -0.04099476 0.17712665 0.02277488
v -0.03188485 0.17700434 0.02277488
v -0.02277488 0.17670834 0.02277488
v -0.01366490 0.17595601 0.02277488
v -0.00455499 0.17524272 0.02277488
v 0.00455493 0.17393017 0.02277488
v 0.01366490 0.17140931 0.02277488
v 0.02277488 0.16976619 0.02277488
v 0.03188485 0.16853404 0.02301842
v 0.02849829 0.16853404 0.02277488
v 0.04099482 0.16853404 0.02365226
v 0.05010474 0.16853404 0.02464527
v 0.05921459 0.16853404 0.02584118
v 0.06832457 0.16853404 0.02727753
v 0.07743454 0.16853404 0.02643937
v 0.08654451 0.16853404 0.02612627
v 0.09565449 0.16853404 0.02591801
v 0.10476446 0.16853404 0.02623260
v 0.11387432 0.17470646 0.02277488
v 0.10768694 0.16853404 0.02277488
v 0.12298429 0.17716134 0.02277488
v 0.15942407 0.17760229 0.02277488
v 0.16853404 0.17638421 0.02277488
v 0.17764401 0.17517614 0.02277488
v 0.18675399 0.17262286 0.02277488
v 0.19586384 0.16853404 0.02873075
v 0.19210076 0.16853404 0.02277488
v -0.08654451 0.15942407 0.02978593
v -0.08654451 0.16664320 0.02277488
v -0.09364486 0.15942407 0.02277488
v -0.07743454 0.15942407 0.03170556
v 0.03188485 0.16828090 0.02277488
v 0.04099482 0.16766447 0.02277488
v 0.05010474 0.16684461 0.02277488
v 0.05921459 0.16600162 0.02277488
v 0.06832457 0.16514373 0.02277488
v 0.07743454 0.16620362 0.02277488
v 0.08654451 0.16643488 0.02277488
v 0.09565449 0.16658831 0.02277488
v 0.10476446 0.15942407 0.02372038
v 0.10328686 0.15942407 0.02277488
v 0.10533965 0.15942407 0.02277488
v 0.19586384 0.16821760 0.02277488
v 0.20497382 0.16773558 0.02277488
v 0.21408367 0.16667193 0.02277488
v 0.22319365 0.16217363 0.02277488
v 0.22658992 0.15942407 0.02277488
v -0.08654451 0.15031409 0.02734327
v -0.09122592 0.15031409 0.02277488
v -0.07743454 0.15031409 0.03130221
v 0.10476446 0.15879536 0.02277488
v 0.23230362 0.15879953 0.02277488
v 0.24141359 0.15767151 0.02277488
v 0.25052357 0.15361995 0.02277488
v 0.25425947 0.15031409 0.02277488
v -0.08654451 0.14483219 0.02277488
v -0.07743454 0.14120418 0.02785569
v -0.08327013 0.14120418 0.02277488
v -0.06832457 0.14127553 0.02277488
v -0.06960589 0.14120418 0.02277488
v -0.05921465 0.14120418 0.02924305
v -0.06731576 0.14120418 0.02277488
v 0.25963354 0.14904994 0.02277488
v 0.26874340 0.14120418 0.02736413
v 0.26874340 0.14436245 0.02277488
v 0.27216113 0.14120418 0.02277488
v -0.32340318 0.13209426 0.02548951
v -0.32340318 0.13481611 0.02277488
v -0.32857972 0.13209426 0.02277488
v -0.31920671 0.13209426 0.02277488
v -0.20497382 0.13209426 0.02306980
v -0.20497382 0.13233632 0.02277488
v -0.20662445 0.13209426 0.02277488
v -0.20373940 0.13209426 0.02277488
v -0.07743454 0.13363010 0.02277488
v -0.06832457 0.13209426 0.02383566
v -0.06832457 0.13526022 0.02277488
v -0.07106334 0.13209426 0.02277488
v -0.04099476 0.13209426 0.02560061
v -0.03188485 0.13209426 0.02769053
v 0.27785337 0.13209426 0.03136897
v 0.27785337 0.13868541 0.02277488
v 0.28593791 0.13209426 0.02277488
v -0.36895287 0.12298429 0.02595478
v -0.36895287 0.12620252 0.02277488
v -0.37216330 0.12298429 0.02277488
v -0.35984290 0.12298429 0.03073287
v -0.35984290 0.13087863 0.02277488
v -0.35073298 0.12298429 0.03159809
v -0.35073298 0.13133407 0.02277488
v -0.34162301 0.13141012 0.02277488
v -0.33251309 0.13188493 0.02277488
v -0.31429321 0.13061541 0.02277488
v -0.30518323 0.12980503 0.02277488
v -0.29607332 0.13139701 0.02277488
v -0.28696334 0.13066989 0.02277488
v -0.27785337 0.12984610 0.02277488
v -0.26874346 0.13106537 0.02277488
v -0.25963348 0.13111037 0.02277488
v -0.25052351 0.13116336 0.02277488
v -0.24141359 0.13131535 0.02277488
v -0.23230368 0.13202971 0.02277488
v -0.22319376 0.13137990 0.02277488
v -0.21408379 0.13172233 0.02277488
v -0.19586390 0.13165927 0.02277488
v -0.18675393 0.13112736 0.02277488
v -0.17764395 0.13071167 0.02277488
v -0.16853404 0.13014120 0.02277488
v -0.15942407 0.12946522 0.02277488
v -0.15031409 0.12873560 0.02277488
v -0.14120418 0.12801576 0.02277488
v -0.13209426 0.12710744 0.02277488
v -0.12298429 0.12591147 0.02277488
v -0.11496812 0.12298429 0.02277488
v -0.06832457 0.12298429 0.02863407
v -0.07506031 0.12298429 0.02277488
v -0.04099476 0.12298429 0.02516127
v -0.03188485 0.12664926 0.02277488
v -0.03718942 0.12298429 0.02277488
v -0.02277488 0.12751740 0.02277488
v -0.01366490 0.12768543 0.02277488
v -0.00455499 0.12795693 0.02277488
v 0.00455493 0.12840533 0.02277488
v 0.01366490 0.12918597 0.02277488
v 0.02277488 0.12781495 0.02277488
v 0.03188485 0.12667292 0.02277488
v 0.04099482 0.12578553 0.02277488
v 0.05010474 0.12646657 0.02277488
v 0.05921459 0.12696260 0.02277488
v 0.06832457 0.12740040 0.02277488
v 0.07743454 0.12643558 0.02277488
v 0.08654451 0.12588805 0.02277488
v 0.09565449 0.12298429 0.02524072
v 0.09565449 0.12333828 0.02277488
v 0.09669876 0.12298429 0.02277488
v 0.28696334 0.12298429 0.03143007
v 0.28696334 0.13116443 0.02277488
v 0.29607332 0.12298429 0.02573454
v 0.29607332 0.12591863 0.02277488
v 0.29902375 0.12298429 0.02277488
v -0.37806284 0.11387438 0.03083187
v -0.37806284 0.12193525 0.02277488
v -0.38623878 0.11387438 0.02277488
v -0.11387438 0.12276167 0.02277488
v -0.10476440 0.11387438 0.02937037
v -0.10476440 0.11738807 0.02277488
v -0.10054517 0.11387438 0.02277488
v -0.07743454 0.11387438 0.02738351
v -0.07743454 0.11700779 0.02277488
v -0.07976830 0.11387438 0.02277488
v -0.03188485 0.12236226 0.02277488
v -0.02277488 0.12084299 0.02277488
v -0.01366490 0.11950880 0.02277488
v -0.00455499 0.11922675 0.02277488
v 0.00455493 0.11891019 0.02277488
v 0.01366490 0.11874747 0.02277488
v 0.02277488 0.11904758 0.02277488
v 0.03188485 0.11935169 0.02277488
v 0.04099482 0.11960006 0.02277488
v 0.05010474 0.11894608 0.02277488
v 0.05921459 0.11853713 0.02277488
v 0.06832457 0.11801642 0.02277488
v 0.07743454 0.11918056 0.02277488
v 0.08654451 0.11989689 0.02277488
v 0.09565449 0.12260211 0.02277488
v 0.29607332 0.11387438 0.02964765
v 0.30323625 0.11387438 0.02277488
v -0.38717276 0.10476440 0.02920783
v -0.38717276 0.11139977 0.02277488
v -0.39361265 0.10476440 0.02277488
v -0.09565443 0.11253357 0.02277488
v -0.08654451 0.10476440 0.03158963
v -0.08654451 0.11236900 0.02277488
v 0.29607332 0.10476440 0.03186870
v 0.30518329 0.10476440 0.02588898
v 0.30518329 0.10867548 0.02277488
v 0.30832338 0.10476440 0.02277488
v -0.39628273 0.09565443 0.02378964
v -0.39628273 0.09668791 0.02277488
v -0.39729723 0.09565443 0.02277488
v -0.38717276 0.09565443 0.03187001
v 0.30518329 0.09565443 0.02949119
v 0.31184661 0.09565443 0.02277488
v -0.39628273 0.08654451 0.02928329
v -0.40273502 0.08654451 0.02277488
v 0.30518329 0.08654451 0.03033763
v 0.31293011 0.08654451 0.02277488
v -0.39628273 0.07743454 0.03020102
v -0.40363565 0.07743454 0.02277488
v 0.30518329 0.07743454 0.03032678
v 0.31329250 0.07743454 0.02277488
v -0.39628273 0.06832457 0.03003192
v -0.40339130 0.06832457 0.02277488
v 0.30518329 0.06832457 0.02941537
v 0.31279123 0.06832457 0.02277488
v -0.39628273 0.05921465 0.02538329
v -0.39884898 0.05921465 0.02277488
v -0.38717276 0.05921465 0.03087270
v 0.30518329 0.05921465 0.02981383
v 0.31374967 0.05921465 0.02277488
v -0.39628273 0.05643201 0.02277488
v -0.38717276 0.05010468 0.02603781
v -0.39060101 0.05010468 0.02277488
v 0.30518329 0.05010468 0.02901131
v 0.31316149 0.05010468 0.02277488
v -0.38717276 0.04670590 0.02277488
v -0.37806284 0.04099476 0.03029901
v -0.38554877 0.04099476 0.02277488
v 0.29607332 0.04099476 0.03139472
v 0.30518329 0.04099476 0.02799040
v 0.31178796 0.04099476 0.02277488
v -0.37806284 0.03344077 0.02277488
v -0.36895287 0.03188485 0.03083736
v -0.37682644 0.03188485 0.02277488
v 0.29607332 0.03188485 0.02979004
v 0.30518329 0.03188485 0.02608365
v 0.30901694 0.03188485 0.02277488
v -0.36895287 0.02410781 0.02277488
v -0.35984290 0.02291369 0.02277488
v -0.35073298 0.02277488 0.02873737
v -0.35877806 0.02277488 0.02277488
v 0.28696334 0.02277488 0.03148735
v 0.29607332 0.02277488 0.02823234
v 0.30518329 0.02352256 0.02277488
v 0.30484307 0.02277488 0.02277488
v -0.35073298 0.01765883 0.02277488
v -0.34162301 0.01682335 0.02277488
v -0.33251309 0.01700521 0.02277488
v -0.32340318 0.01688856 0.02277488
v -0.31429321 0.01524228 0.02277488
v -0.30518323 0.01728380 0.02277488
v -0.29607332 0.01868671 0.02277488
v -0.28696334 0.01366490 0.02458411
v -0.28885233 0.01366490 0.02277488
v -0.27785337 0.01366490 0.03187609
v 0.28696334 0.01366490 0.02977920
v 0.29607332 0.01366490 0.02635264
v 0.30095863 0.01366490 0.02277488
v -0.28696334 0.01118433 0.02277488
v -0.27785337 0.00455499 0.02412212
v -0.27990794 0.00455499 0.02277488
v -0.26874346 0.00455499 0.03056014
v 0.26874340 0.00455499 0.03142416
v 0.27785337 0.00455499 0.02865118
v 0.28696334 0.00455499 0.02586997
v 0.29607332 0.00800443 0.02277488
v 0.29210258 0.00455499 0.02277488
v -0.27785337 0.00326276 0.02277488
v -0.26874346 -0.00094688 0.02277488
v -0.25963348 -0.00303048 0.02277488
v -0.25052351 -0.00410968 0.02277488
v -0.24141359 -0.00455493 0.02424049
v -0.24588960 -0.00455493 0.02277488
v -0.23230368 -0.00455493 0.02714092
v -0.22319376 -0.00455493 0.02828455
v -0.21408379 -0.00455493 0.02496934
v -0.20497382 -0.00455493 0.02887923
v -0.19586390 -0.00455493 0.03153437
v -0.18675393 -0.00455493 0.03161943
v 0.10476446 -0.00455493 0.02999061
v 0.11387432 -0.00455493 0.02782381
v 0.12298429 -0.00455493 0.02565145
v 0.13209426 -0.00455493 0.02724516
v 0.14120424 -0.00455493 0.02712542
v 0.15031421 -0.00455493 0.02675682
v 0.15942407 -0.00455493 0.02742952
v 0.16853404 -0.00455493 0.02797097
v 0.17764401 -0.00455493 0.02854836
v 0.18675399 -0.00455493 0.02917492
v 0.19586384 -0.00455493 0.02971178
v 0.20497382 -0.00455493 0.03012824
v 0.21408367 -0.00455493 0.03023446
v 0.22319365 -0.00455493 0.03032160
v 0.23230362 -0.00455493 0.03029555
v 0.24141359 -0.00455493 0.02982277
v 0.25052357 -0.00455493 0.02916265
v 0.25963354 -0.00455493 0.02807486
v 0.26874340 -0.00455493 0.02509052
v 0.27785337 -0.00389189 0.02277488
v 0.27547729 -0.00455493 0.02277488
v 0.28696334 -0.00012052 0.02277488
v -0.24141359 -0.00585300 0.02277488
v -0.23230368 -0.00841719 0.02277488
v -0.22319376 -0.00873476 0.02277488
v -0.21408379 -0.00764108 0.02277488
v -0.20497382 -0.01233447 0.02277488
v -0.19586390 -0.01103890 0.02277488
v -0.18675393 -0.01366490 0.02317083
v -0.18830198 -0.01366490 0.02277488
v -0.17764395 -0.01366490 0.02588028
v -0.16853404 -0.01366490 0.02754444
v -0.15942407 -0.01366490 0.02959067
v -0.15031409 -0.01366490 0.03029352
v -0.08654451 -0.01366490 0.03034008
v 0.05921459 -0.01366490 0.03064984
v 0.06832457 -0.01366490 0.02875328
v 0.07743454 -0.01366490 0.02817583
v 0.08654451 -0.01366490 0.02757168
v 0.09565449 -0.01366490 0.02765948
v 0.10476446 -0.01366490 0.02803773
v 0.11387432 -0.01366490 0.02732074
v 0.12298429 -0.01366490 0.02641475
v 0.13209426 -0.01366490 0.02503490
v 0.14120424 -0.01366490 0.02412403
v 0.15031421 -0.01366490 0.02347982
v 0.15942407 -0.01366490 0.02391577
v 0.16853404 -0.01366490 0.02424753
v 0.17764401 -0.01366490 0.02448225
v 0.18675399 -0.01366490 0.02435696
v 0.19586384 -0.01366490 0.02426106
v 0.20497382 -0.01366490 0.02416325
v 0.21408367 -0.01366490 0.02401966
v 0.22319365 -0.01366490 0.02375275
v 0.23230362 -0.01366490 0.02325779
v 0.24141359 -0.01314372 0.02277488
v 0.23621786 -0.01366490 0.02277488
v 0.25052357 -0.01260281 0.02277488
v 0.25963354 -0.01185316 0.02277488
v 0.26874340 -0.00808698 0.02277488
v -0.18675393 -0.01569152 0.02277488
v -0.17764395 -0.02277488 0.02560401
v -0.18306404 -0.02277488 0.02277488
v -0.16853404 -0.02277488 0.02673966
v -0.15942407 -0.02277488 0.02709883
v -0.15031409 -0.02277488 0.02662390
v -0.14120418 -0.02277488 0.02847975
v -0.08654451 -0.02277488 0.02854669
v 0.05921459 -0.02277488 0.03166229
v 0.06832457 -0.02277488 0.03079754
v 0.07743454 -0.02277488 0.03024346
v 0.08654451 -0.02277488 0.02975488
v 0.09565449 -0.02277488 0.02904147
v 0.10476446 -0.02277488 0.02757967
v 0.11387432 -0.02277488 0.02656931
v 0.12298429 -0.02277488 0.02560002
v 0.13209426 -0.02277488 0.02503240
v 0.14120424 -0.02277488 0.02422494
v 0.15031421 -0.02277488 0.02348351
v 0.15942407 -0.02277488 0.02411371
v 0.16853404 -0.02277488 0.02464801
v 0.17764401 -0.02277488 0.02506667
v 0.18675399 -0.02277488 0.02512991
v 0.19586384 -0.02277488 0.02518702
v 0.20497382 -0.02277488 0.02522713
v 0.21408367 -0.02277488 0.02511549
v 0.22319365 -0.02277488 0.02487290
v 0.23230362 -0.02277488 0.02428263
v 0.23930252 -0.02277488 0.02277488
v -0.17764395 -0.03188485 0.02548933
v -0.18417728 -0.03188485 0.02277488
v -0.16853404 -0.03188485 0.02452844
v -0.15942407 -0.03163558 0.02277488
v -0.15999162 -0.03188485 0.02277488
v -0.15031409 -0.03157502 0.02277488
v -0.14120418 -0.03188485 0.02695388
v -0.15010148 -0.03188485 0.02277488
v -0.13209426 -0.03188485 0.03150827
v -0.10476440 -0.03188485 0.03059429
v -0.09565443 -0.03188485 0.02996051
v -0.08654451 -0.03188485 0.02595496
v 0.05921459 -0.03188485 0.03154969
v 0.06832457 -0.03188485 0.03061318
v 0.07743454 -0.03188485 0.02957767
v 0.08654451 -0.03188485 0.02876031
v 0.09565449 -0.03188485 0.02773428
v 0.10476446 -0.03188485 0.02635777
v 0.11387432 -0.03188485 0.02564168
v 0.12298429 -0.03188485 0.02494681
v 0.13209426 -0.03188485 0.02376664
v 0.14120424 -0.03082138 0.02277488
v 0.13979864 -0.03188485 0.02277488
v 0.15031421 -0.02665359 0.02277488
v 0.15942407 -0.03079271 0.02277488
v 0.16853404 -0.03188485 0.02332419
v 0.16167998 -0.03188485 0.02277488
v 0.17764401 -0.03188485 0.02391040
v 0.18675399 -0.03188485 0.02377784
v 0.19586384 -0.03188485 0.02361751
v 0.20497382 -0.03188485 0.02342516
v 0.21408367 -0.03188485 0.02318573
v 0.22319365 -0.03188485 0.02287614
v 0.23230362 -0.02941370 0.02277488
v 0.22445810 -0.03188485 0.02277488
v -0.17764395 -0.04099482 0.02284282
v -0.17796075 -0.04099482 0.02277488
v -0.16853404 -0.03932929 0.02277488
v -0.17604923 -0.04099482 0.02277488
v -0.15942407 -0.04099482 0.02295768
v -0.15942407 -0.03508186 0.02277488
v -0.16265368 -0.04099482 0.02277488
v -0.15031409 -0.04099482 0.02384639
v -0.15031409 -0.03258985 0.02277488
v -0.14120418 -0.04099482 0.02517879
v -0.13209426 -0.04099482 0.02610099
v -0.12298429 -0.04099482 0.02647412
v -0.11387438 -0.04099482 0.02589065
v -0.10476440 -0.04099482 0.02432638
v -0.09565443 -0.04099482 0.02524179
v -0.08654451 -0.03755873 0.02277488
v -0.09014791 -0.04099482 0.02277488
v -0.08412546 -0.04099482 0.02277488
v 0.03188485 -0.04099482 0.03184277
v 0.04099482 -0.04099482 0.03087080
v 0.05010474 -0.04099482 0.03019512
v 0.05921459 -0.04099482 0.02948916
v 0.06832457 -0.04099482 0.02875584
v 0.07743454 -0.04099482 0.02766472
v 0.08654451 -0.04099482 0.02664870
v 0.09565449 -0.04099482 0.02543366
v 0.10476446 -0.04099482 0.02384907
v 0.11387432 -0.03998286 0.02277488
v 0.11123931 -0.04099482 0.02277488
v 0.12298429 -0.03684413 0.02277488
v 0.13209426 -0.03425652 0.02277488
v 0.16853404 -0.03306383 0.02277488
v 0.17764401 -0.03436542 0.02277488
v 0.18675399 -0.03403944 0.02277488
v 0.19586384 -0.03362012 0.02277488
v 0.20497382 -0.03316730 0.02277488
v 0.21408367 -0.03268909 0.02277488
v 0.22319365 -0.03208053 0.02277488
v -0.17764395 -0.04113615 0.02277488
v -0.15942407 -0.04141754 0.02277488
v -0.15031409 -0.04328156 0.02277488
v -0.14120418 -0.04539490 0.02277488
v -0.13209426 -0.04639655 0.02277488
v -0.12298429 -0.04557878 0.02277488
v -0.11387438 -0.04534352 0.02277488
v -0.10476440 -0.04338557 0.02277488
v -0.09565443 -0.04501551 0.02277488
v -0.08275008 -0.05010474 0.02277488
v 0.01366490 -0.05010474 0.03094894
v 0.02277488 -0.05010474 0.03008395
v 0.03188485 -0.05010474 0.02920467
v 0.04099482 -0.05010474 0.02830052
v 0.05010474 -0.05010474 0.02739966
v 0.05921459 -0.05010474 0.02647722
v 0.06832457 -0.05010474 0.02544290
v 0.07743454 -0.05010474 0.02345377
v 0.08654451 -0.04863256 0.02277488
v 0.08087170 -0.05010474 0.02277488
v 0.09565449 -0.04561371 0.02277488
v 0.10476446 -0.04257244 0.02277488
v -0.07743454 -0.05921459 0.02595001
v -0.08018905 -0.05921459 0.02277488
v -0.06832457 -0.05921459 0.02583337
v -0.01366490 -0.05921459 0.03099436
v -0.00455499 -0.05921459 0.02988923
v 0.00455493 -0.05921459 0.02875370
v 0.01366490 -0.05921459 0.02757424
v 0.02277488 -0.05921459 0.02673990
v 0.03188485 -0.05921459 0.02584749
v 0.04099482 -0.05921459 0.02486557
v 0.05010474 -0.05921459 0.02337533
v 0.05921459 -0.05752766 0.02277488
v 0.05314308 -0.05921459 0.02277488
v 0.06832457 -0.05493575 0.02277488
v 0.07743454 -0.05117095 0.02277488
v -0.07743454 -0.06299865 0.02277488
v -0.06832457 -0.06226707 0.02277488
v -0.05921465 -0.06832457 0.02999634
v -0.06606930 -0.06832457 0.02277488
v -0.05010468 -0.06832457 0.03044915
v -0.04099476 -0.06832457 0.03015876
v -0.03188485 -0.06832457 0.02902746
v -0.02277488 -0.06832457 0.02781421
v -0.01366490 -0.06832457 0.02648067
v -0.00455499 -0.06832457 0.02527714
v 0.00455493 -0.06832457 0.02391577
v 0.01366490 -0.06772721 0.02277488
v 0.01092225 -0.06832457 0.02277488
v 0.02277488 -0.06647760 0.02277488
v 0.03188485 -0.06495750 0.02277488
v 0.04099482 -0.06316602 0.02277488
v 0.05010474 -0.06023526 0.02277488
v -0.05921465 -0.07577950 0.02277488
v -0.05010468 -0.07612693 0.02277488
v -0.04099476 -0.07677931 0.02277488
v -0.03188485 -0.07552773 0.02277488
v -0.02277488 -0.07411867 0.02277488
v -0.01366490 -0.07258904 0.02277488
v -0.00455499 -0.07111049 0.02277488
v 0.00455493 -0.06955284 0.02277488
v -0.07743454 0.17764395 0.02132905
v -0.07743454 0.18520367 0.01366490
v -0.08519596 0.17764395 0.01366490
v -0.06832457 0.17764395 0.02242821
v -0.06832457 0.18582237 0.01366490
v -0.05921465 0.18566251 0.01366490
v -0.05010468 0.18468654 0.01366490
v -0.04280251 0.17764395 0.01366490
v 0.13209426 0.18277115 0.01366490
v 0.12614137 0.17764395 0.01366490
v 0.14120424 0.17764395 0.01373708
v 0.14092231 0.17764395 0.01366490
v 0.15031421 0.17764395 0.01614767
v -0.08654451 0.16853404 0.02254486
v -0.08654451 0.17742193 0.01366490
v -0.09544224 0.16853404 0.01366490
v -0.04099476 0.17638713 0.01366490
v -0.03188485 0.17498446 0.01366490
v -0.02277488 0.17211080 0.01366490
v -0.01366490 0.16853404 0.01441699
v -0.01706117 0.16853404 0.01366490
v -0.00455499 0.16853404 0.01556844
v 0.00455493 0.16853404 0.01720679
v 0.01366490 0.16853404 0.01988190
v 0.02277488 0.16853404 0.02154499
v 0.11387432 0.16853404 0.01654804
v 0.12298429 0.17704260 0.01366490
v 0.11471021 0.16853404 0.01366490
v 0.14120424 0.17759395 0.01366490
v 0.15031421 0.17625523 0.01366490
v 0.15942407 0.17483151 0.01366490
v 0.16853404 0.17188942 0.01366490
v 0.17764401 0.16853404 0.01464063
v 0.17440403 0.16853404 0.01366490
v 0.18675399 0.16853404 0.01825291
v -0.09565443 0.15942407 0.02238756
v -0.09565443 0.16820198 0.01366490
v -0.10437411 0.15942407 0.01366490
v -0.01366490 0.16704565 0.01366490
v -0.00455499 0.16410750 0.01366490
v 0.00455493 0.15942407 0.01372874
v 0.00400311 0.15942407 0.01366490
v 0.01366490 0.15942407 0.01484829
v 0.02277488 0.15942407 0.01515824
v 0.03188485 0.15942407 0.01546377
v 0.04099482 0.15942407 0.01583111
v 0.05010474 0.15942407 0.01626384
v 0.05921459 0.15942407 0.01678914
v 0.06832457 0.15942407 0.01738346
v 0.07743454 0.15942407 0.01615655
v 0.08654451 0.15942407 0.01581764
v 0.09565449 0.15942407 0.01562703
v 0.11387432 0.15942407 0.01396710
v 0.11396265 0.15942407 0.01366490
v 0.17764401 0.16801655 0.01366490
v 0.18675399 0.16717923 0.01366490
v 0.19586384 0.16669196 0.01366490
v 0.20497382 0.16551024 0.01366490
v 0.21408367 0.16009194 0.01366490
v 0.22319365 0.15942407 0.01951218
v 0.21492529 0.15942407 0.01366490
v -0.09565443 0.15031409 0.02148932
v -0.10346562 0.15031409 0.01366490
v 0.00455493 0.15031409 0.01427644
v -0.00330794 0.15031409 0.01366490
v 0.01366490 0.15031409 0.01526111
v 0.02277488 0.15031409 0.01532626
v 0.03188485 0.15031409 0.01538461
v 0.04099482 0.15031409 0.01548231
v 0.05010474 0.15031409 0.01560426
v 0.05921459 0.15031409 0.01577204
v 0.06832457 0.15031409 0.01569927
v 0.07743454 0.15031409 0.01450032
v 0.08654451 0.15031409 0.01416373
v 0.09565449 0.15223646 0.01366490
v 0.09326088 0.15031409 0.01366490
v 0.10476446 0.15735257 0.01366490
v 0.11387432 0.15906519 0.01366490
v 0.22319365 0.15816790 0.01366490
v 0.23230362 0.15658146 0.01366490
v 0.24141359 0.15376323 0.01366490
v 0.25052357 0.15031409 0.01815301
v 0.24619889 0.15031409 0.01366490
v -0.09565443 0.14120418 0.02059489
v -0.10276312 0.14120418 0.01366490
v -0.08654451 0.14120418 0.02252567
v -0.06832457 0.14120418 0.02260417
v 0.00455493 0.14421648 0.01366490
v 0.01366490 0.14120418 0.01418418
v 0.00914192 0.14120418 0.01366490
v 0.02277488 0.14120418 0.01425225
v 0.03188485 0.14120418 0.01444012
v 0.04099482 0.14120418 0.01469296
v 0.05010474 0.14120418 0.01494169
v 0.05921459 0.14120418 0.01534200
v 0.06832457 0.14120418 0.01577264
v 0.07743454 0.14120418 0.01466495
v 0.08654451 0.14120418 0.01429451
v 0.09367442 0.14120418 0.01366490
v 0.25052357 0.14929575 0.01366490
v 0.25963354 0.14765841 0.01366490
v 0.26874340 0.14246559 0.01366490
v 0.27017868 0.14120418 0.01366490
v -0.34162301 0.13209426 0.02126557
v -0.34162301 0.13953459 0.01366490
v -0.35032809 0.13209426 0.01366490
v -0.33251309 0.13209426 0.02220178
v -0.33251309 0.13972622 0.01366490
v -0.32340318 0.13555843 0.01366490
v -0.31429321 0.13209426 0.01904821
v -0.31429321 0.13593346 0.01366490
v -0.30518323 0.13209426 0.02019739
v -0.30518323 0.13794327 0.01366490
v -0.29607332 0.13209426 0.02030671
v -0.29607332 0.13624179 0.01366490
v -0.28696334 0.13209426 0.01518840
v -0.28696334 0.13279736 0.01366490
v -0.28430218 0.13209426 0.01366490
v -0.26874346 0.13209426 0.01747036
v -0.26874346 0.13403916 0.01366490
v -0.27395630 0.13209426 0.01366490
v -0.25963348 0.13209426 0.01923776
v -0.25963348 0.13537383 0.01366490
v -0.25052351 0.13209426 0.01930040
v -0.25052351 0.13523167 0.01366490
v -0.24141359 0.13209426 0.02052045
v -0.24141359 0.13611037 0.01366490
v -0.23230368 0.13209426 0.02247101
v -0.23230368 0.13575244 0.01366490
v -0.22319376 0.13209426 0.01993382
v -0.22319376 0.13555706 0.01366490
v -0.21408379 0.13209426 0.02210003
v -0.21408379 0.13772559 0.01366490
v -0.20497382 0.13655537 0.01366490
v -0.19586390 0.13209426 0.02030301
v -0.19586390 0.13504177 0.01366490
v -0.18675393 0.13209426 0.01718664
v -0.18675393 0.13372976 0.01366490
v -0.17916924 0.13209426 0.01366490
v -0.09565443 0.13279641 0.01366490
v -0.08654451 0.13209426 0.01943612
v -0.09446990 0.13209426 0.01366490
v -0.07743454 0.13209426 0.02050024
v -0.04099476 0.13209426 0.01929128
v -0.04099476 0.13326627 0.01366490
v -0.04339451 0.13209426 0.01366490
v -0.03188485 0.13209426 0.01857722
v -0.03188485 0.13355452 0.01366490
v -0.02277488 0.13209426 0.01621872
v -0.02277488 0.13306105 0.01366490
v -0.01366490 0.13209426 0.01430386
v -0.01366490 0.13240045 0.01366490
v -0.00455499 0.13209426 0.01463079
v -0.00455499 0.13291085 0.01366490
v 0.00455493 0.13209426 0.01477569
v 0.00455493 0.13438982 0.01366490
v 0.01366490 0.13209426 0.01534855
v 0.02277488 0.13209426 0.01420170
v 0.03188485 0.13209426 0.01474380
v 0.04099482 0.13209426 0.01503426
v 0.05010474 0.13209426 0.01542544
v 0.05921459 0.13209426 0.01623034
v 0.06832457 0.13209426 0.01734781
v 0.07743454 0.13209426 0.01644295
v 0.08654451 0.13209426 0.01652139
v 0.09565449 0.13209426 0.01500243
v 0.09565449 0.13772959 0.01366490
v 0.09745252 0.13209426 0.01366490
v 0.27785337 0.13958472 0.01366490
v 0.28696334 0.13209426 0.01914358
v 0.28696334 0.13488972 0.01366490
v 0.28983414 0.13209426 0.01366490
v -0.37806284 0.12298429 0.01962316
v -0.37806284 0.12895328 0.01366490
v -0.38412887 0.12298429 0.01366490
v -0.36895287 0.13144583 0.01366490
v -0.35984290 0.13165289 0.01366490
v -0.35073298 0.13197756 0.01366490
v -0.27785337 0.13157612 0.01366490
v -0.17764395 0.13176584 0.01366490
v -0.16853404 0.13064849 0.01366490
v -0.15942407 0.12959951 0.01366490
v -0.15031409 0.12883157 0.01366490
v -0.14120418 0.12862945 0.01366490
v -0.13209426 0.12825084 0.01366490
v -0.12298429 0.12728435 0.01366490
v -0.11387438 0.12298429 0.01723868
v -0.11387438 0.12352109 0.01366490
v -0.11332566 0.12298429 0.01366490
v -0.08654451 0.12604880 0.01366490
v -0.07743454 0.12642449 0.01366490
v -0.07659733 0.12298429 0.01366490
v -0.04099476 0.12298429 0.01451021
v -0.04105824 0.12298429 0.01366490
v 0.10476446 0.12298429 0.01785588
v 0.10476446 0.12549359 0.01366490
v 0.11188281 0.12298429 0.01366490
v 0.17764401 0.12298429 0.01368469
v 0.17764401 0.12301576 0.01366490
v 0.17752290 0.12298429 0.01366490
v 0.17788303 0.12298429 0.01366490
v 0.29607332 0.12991875 0.01366490
v 0.30400038 0.12298429 0.01366490
v -0.38717276 0.11387438 0.02138847
v -0.38717276 0.12150419 0.01366490
v -0.39487323 0.11387438 0.01366490
v -0.10476440 0.11934209 0.01366490
v -0.09565443 0.11387438 0.01634419
v -0.09565443 0.11574817 0.01366490
v -0.08654451 0.11387438 0.01850760
v -0.08654451 0.11757332 0.01366490
v -0.07743454 0.11932504 0.01366490
v -0.04099476 0.12294668 0.01366490
v -0.03188485 0.12190497 0.01366490
v -0.02277488 0.12042624 0.01366490
v -0.01366490 0.11892509 0.01366490
v -0.00455499 0.11891526 0.01366490
v 0.00455493 0.11890858 0.01366490
v 0.01366490 0.11866957 0.01366490
v 0.02277488 0.11855114 0.01366490
v 0.03188485 0.11831236 0.01366490
v 0.04099482 0.11787176 0.01366490
v 0.05010474 0.11753166 0.01366490
v 0.05921459 0.11686939 0.01366490
v 0.06832457 0.11609888 0.01366490
v 0.07743454 0.11755067 0.01366490
v 0.08654451 0.11801779 0.01366490
v 0.09565449 0.11879051 0.01366490
v 0.10476446 0.12122315 0.01366490
v 0.17764401 0.12297225 0.01366490
v 0.30518329 0.11387438 0.02125371
v 0.30518329 0.12190783 0.01366490
v 0.31227183 0.11387438 0.01366490
v -0.39628273 0.10476440 0.02008528
v -0.39628273 0.11134559 0.01366490
v -0.40263608 0.10476440 0.01366490
v 0.31376278 0.10476440 0.01366490
v -0.40518847 0.09565443 0.01366490
v 0.31429327 0.09565443 0.01877469
v 0.31429327 0.10176075 0.01366490
v 0.31944454 0.09565443 0.01366490
v -0.48738220 0.08654451 0.01405269
v -0.48738220 0.08694524 0.01366490
v -0.48776743 0.08654451 0.01366490
v -0.48689052 0.08654451 0.01366490
v -0.41450259 0.08654451 0.01837629
v -0.41450259 0.09150255 0.01366490
v -0.42090610 0.08654451 0.01366490
v -0.40539271 0.08654451 0.01939249
v -0.40539271 0.09346628 0.01366490
v 0.31429327 0.08654451 0.02181268
v 0.32218134 0.08654451 0.01366490
v -0.48738220 0.07743454 0.02075481
v -0.49458572 0.07743454 0.01366490
v -0.47827226 0.07743454 0.01546234
v -0.47827226 0.07964927 0.01366490
v -0.46916229 0.07743454 0.01495713
v -0.46916229 0.07905251 0.01366490
v -0.46582347 0.07743454 0.01366490
v -0.43272254 0.07743454 0.01530892
v -0.43272254 0.07963353 0.01366490
v -0.43613461 0.07743454 0.01366490
v -0.42361256 0.07743454 0.01867813
v -0.42361256 0.08409375 0.01366490
v -0.41450259 0.07743454 0.02134705
v -0.40539271 0.07743454 0.02152961
v 0.31429327 0.07743454 0.02221018
v 0.32239974 0.07743454 0.01366490
v -0.48738220 0.06832457 0.02184504
v -0.49583441 0.06832457 0.01366490
v -0.47827226 0.06832457 0.01701540
v -0.46916229 0.06832457 0.01484013
v -0.46601740 0.06832457 0.01366490
v -0.43272254 0.06832457 0.01595259
v -0.43748784 0.06832457 0.01366490
v -0.42361256 0.06832457 0.01919013
v -0.41450259 0.06832457 0.02168101
v -0.40539271 0.06832457 0.02110809
v 0.31429327 0.06832457 0.02201152
v 0.32202458 0.06832457 0.01366490
v -0.48738220 0.05921465 0.01952165
v -0.49341851 0.05921465 0.01366490
v -0.47827226 0.06431842 0.01366490
v -0.48090893 0.05921465 0.01366490
v -0.46916229 0.06690019 0.01366490
v -0.43272254 0.06598443 0.01366490
v -0.42361256 0.06275290 0.01366490
v -0.41450259 0.06028080 0.01366490
v -0.40539271 0.06083733 0.01366490
v -0.40418446 0.05921465 0.01366490
v 0.31429327 0.05921465 0.02254033
v 0.32261789 0.05921465 0.01366490
v -0.48738220 0.05330151 0.01366490
v -0.39628273 0.05010468 0.01911986
v -0.40148410 0.05010468 0.01366490
v 0.31429327 0.05010468 0.02230364
v 0.32307637 0.05010468 0.01366490
v -0.39628273 0.04449099 0.01366490
v -0.38717276 0.04099476 0.01685411
v -0.39054444 0.04099476 0.01366490
v 0.31429327 0.04099476 0.02176332
v 0.32277095 0.04099476 0.01366490
v 0.42361248 0.04099476 0.01756316
v 0.42361248 0.04525757 0.01366490
v 0.41881073 0.04099476 0.01366490
v 0.43272245 0.04099476 0.01484615
v 0.43272245 0.04226011 0.01366490
v 0.43432248 0.04099476 0.01366490
v -0.38717276 0.03799939 0.01366490
v -0.37806284 0.03188485 0.01843166
v -0.38249561 0.03188485 0.01366490
v 0.31429327 0.03188485 0.02076501
v 0.32264781 0.03188485 0.01366490
v 0.42361248 0.03188485 0.01948220
v 0.41568351 0.03188485 0.01366490
v 0.43272245 0.03188485 0.01844984
v 0.43972540 0.03188485 0.01366490
v -0.37806284 0.02746361 0.01366490
v -0.36895287 0.02305061 0.01366490
v -0.35984290 0.02277488 0.02188057
v -0.36739606 0.02277488 0.01366490
v 0.30518329 0.02277488 0.02265269
v 0.31429327 0.02277488 0.01956040
v 0.32133424 0.02277488 0.01366490
v 0.42361248 0.02277488 0.01976693
v 0.41501212 0.02277488 0.01366490
v 0.43272245 0.02277488 0.01807743
v 0.43796504 0.02277488 0.01366490
v -0.35984290 0.01722771 0.01366490
v -0.35073298 0.01557434 0.01366490
v -0.34162301 0.01666057 0.01366490
v -0.33251309 0.01622117 0.01366490
v -0.32340318 0.01461083 0.01366490
v -0.31429321 0.01529890 0.01366490
v -0.30518323 0.01592541 0.01366490
v -0.29607332 0.01500535 0.01366490
v -0.29513365 0.01366490 0.01366490
v 0.30518329 0.01366490 0.02122694
v 0.31429327 0.01366490 0.01790607
v 0.31929207 0.01366490 0.01366490
v 0.42361248 0.01366490 0.01911902
v 0.41567016 0.01366490 0.01366490
v 0.43272245 0.01366490 0.01473075
v 0.43395197 0.01366490 0.01366490
v -0.28696334 0.00455499 0.01874411
v -0.29163539 0.00455499 0.01366490
v 0.29607332 0.00455499 0.02160913
v 0.30518329 0.00455499 0.01884896
v 0.31429327 0.00521773 0.01366490
v 0.31382596 0.00455499 0.01366490
v 0.42361248 0.00455499 0.01454544
v 0.42264581 0.00455499 0.01366490
v 0.43272245 0.01178050 0.01366490
v 0.42519796 0.00455499 0.01366490
v -0.28696334 0.00002611 0.01366490
v -0.27785337 -0.00011027 0.01366490
v -0.26874346 -0.00285912 0.01366490
v -0.25963348 -0.00391459 0.01366490
v -0.25052351 -0.00455493 0.01886213
v -0.25615871 -0.00455493 0.01366490
v 0.27785337 -0.00455493 0.02224523
v 0.28696334 -0.00455493 0.02005351
v 0.29607332 -0.00455493 0.01745445
v 0.30518329 -0.00406945 0.01366490
v 0.30428684 -0.00455493 0.01366490
v 0.42361248 0.00364143 0.01366490
v -0.25052351 -0.00742114 0.01366490
v -0.24141359 -0.01329839 0.01366490
v -0.23230368 -0.01366490 0.01622814
v -0.24063659 -0.01366490 0.01366490
v -0.22319376 -0.01366490 0.01719654
v -0.21408379 -0.01366490 0.02109325
v -0.20497382 -0.01366490 0.02159911
v -0.19586390 -0.01366490 0.02115548
v 0.24141359 -0.01366490 0.02223128
v 0.25052357 -0.01366490 0.02167416
v 0.25963354 -0.01366490 0.02101338
v 0.26874340 -0.01366490 0.01817298
v 0.27785337 -0.01366490 0.01534623
v 0.28696334 -0.01324630 0.01366490
v 0.28467596 -0.01366490 0.01366490
v 0.29607332 -0.01090688 0.01366490
v -0.24141359 -0.02277488 0.01488751
v -0.24141359 -0.01536775 0.01366490
v -0.24486494 -0.02277488 0.01366490
v -0.23230368 -0.02277488 0.01382232
v -0.22319376 -0.02277488 0.01655108
v -0.21408379 -0.02277488 0.01617289
v -0.20497382 -0.02258319 0.01366490
v -0.20554626 -0.02277488 0.01366490
v -0.19586390 -0.02277488 0.01583624
v -0.20402205 -0.02277488 0.01366490
v -0.18675393 -0.02277488 0.01840812
v 0.24141359 -0.02277488 0.02246660
v 0.25052357 -0.02277488 0.02160019
v 0.25963354 -0.02277488 0.02054864
v 0.26874340 -0.02277488 0.01862705
v 0.27785337 -0.02277488 0.01678842
v 0.28696334 -0.02277488 0.01434141
v 0.28696334 -0.01731515 0.01366490
v 0.28796172 -0.02277488 0.01366490
v -0.25052351 -0.03188485 0.01518393
v -0.25052351 -0.02763790 0.01366490
v -0.25488979 -0.03188485 0.01366490
v -0.24141359 -0.02623075 0.01366490
v -0.24627179 -0.03188485 0.01366490
v -0.23230368 -0.03188485 0.01563513
v -0.23717278 -0.03188485 0.01366490
v -0.22319376 -0.03188485 0.01549685
v -0.21408379 -0.02715278 0.01366490
v -0.21903354 -0.03188485 0.01366490
v -0.19586390 -0.02960646 0.01366490
v -0.18675393 -0.03188485 0.01806539
v -0.19260454 -0.03188485 0.01366490
v -0.15942407 -0.02913779 0.01366490
v -0.16455305 -0.03188485 0.01366490
v -0.15031409 -0.02845675 0.01366490
v -0.14120418 -0.03188485 0.01377678
v -0.14120418 -0.03155887 0.01366490
v -0.14078474 -0.03188485 0.01366490
v 0.14120424 -0.03188485 0.02266461
v 0.15031421 -0.03188485 0.02224934
v 0.15942407 -0.03188485 0.02267683
v 0.23230362 -0.03188485 0.02244556
v 0.24141359 -0.03188485 0.02133036
v 0.25052357 -0.03188485 0.02017093
v 0.25963354 -0.03188485 0.01897794
v 0.26874340 -0.03188485 0.01746577
v 0.27785337 -0.03188485 0.01492989
v 0.28696334 -0.02414840 0.01366490
v 0.28025603 -0.03188485 0.01366490
v -0.25052351 -0.03467304 0.01366490
v -0.23230368 -0.04001802 0.01366490
v -0.22319376 -0.03530818 0.01366490
v -0.21408379 -0.04099482 0.01662415
v -0.21408379 -0.03583771 0.01366490
v -0.21848434 -0.04099482 0.01366490
v -0.20497382 -0.04099482 0.01639873
v -0.20497382 -0.03413934 0.01366490
v -0.19586390 -0.04099482 0.01792145
v -0.19586390 -0.03297144 0.01366490
v -0.18675393 -0.04099482 0.01970965
v -0.16853404 -0.04099482 0.02162015
v -0.15942407 -0.03565288 0.01366490
v -0.15031409 -0.03478444 0.01366490
v -0.14120418 -0.03212887 0.01366490
v -0.12298429 -0.04099482 0.01520807
v -0.12298429 -0.03779328 0.01366490
v -0.12721145 -0.04099482 0.01366490
v -0.12033463 -0.04099482 0.01366490
v -0.08654451 -0.04099482 0.02145737
v 0.11387432 -0.04099482 0.02255470
v 0.12298429 -0.04099482 0.02174860
v 0.13209426 -0.04099482 0.02131802
v 0.14120424 -0.04099482 0.02074969
v 0.15031421 -0.04099482 0.02024078
v 0.15942407 -0.04099482 0.02072346
v 0.16853404 -0.04099482 0.02112734
v 0.17764401 -0.04099482 0.02143413
v 0.18675399 -0.04099482 0.02137464
v 0.19586384 -0.04099482 0.02124703
v 0.20497382 -0.04099482 0.02108663
v 0.21408367 -0.04099482 0.02095962
v 0.22319365 -0.04099482 0.02077132
v 0.23230362 -0.04099482 0.02038342
v 0.24141359 -0.04099482 0.01913077
v 0.25052357 -0.04099482 0.01777703
v 0.25963354 -0.04099482 0.01619244
v 0.26874340 -0.04057634 0.01366490
v 0.26800764 -0.04099482 0.01366490
v 0.27785337 -0.03395998 0.01366490
v -0.21408379 -0.04986018 0.01366490
v -0.20497382 -0.04760665 0.01366490
v -0.19586390 -0.04751819 0.01366490
v -0.18675393 -0.04675162 0.01366490
v -0.17764395 -0.04604787 0.01366490
v -0.16853404 -0.04528409 0.01366490
v -0.15942407 -0.04439098 0.01366490
v -0.15031409 -0.04463041 0.01366490
v -0.14120418 -0.04442537 0.01366490
v -0.13209426 -0.04323238 0.01366490
v -0.11387438 -0.04590285 0.01366490
v -0.10476440 -0.05010474 0.01716495
v -0.11076790 -0.05010474 0.01366490
v -0.09565443 -0.05010474 0.02050161
v -0.08654451 -0.05010474 0.01821905
v 0.08654451 -0.05010474 0.02202004
v 0.09565449 -0.05010474 0.02059728
v 0.10476446 -0.05010474 0.01927871
v 0.11387432 -0.05010474 0.01808530
v 0.12298429 -0.05010474 0.01702344
v 0.13209426 -0.05010474 0.01593995
v 0.14120424 -0.05010474 0.01446921
v 0.15031421 -0.04960787 0.01366490
v 0.14617455 -0.05010474 0.01366490
v 0.15942407 -0.05009949 0.01366490
v 0.16853404 -0.05010474 0.01429147
v 0.15953815 -0.05010474 0.01366490
v 0.17764401 -0.05010474 0.01478565
v 0.18675399 -0.05010474 0.01513666
v 0.19586384 -0.05010474 0.01531965
v 0.20497382 -0.05010474 0.01531625
v 0.21408367 -0.05010474 0.01541364
v 0.22319365 -0.05010474 0.01527822
v 0.23230362 -0.05010474 0.01482671
v 0.24141359 -0.04945695 0.01366490
v 0.23791504 -0.05010474 0.01366490
v 0.25052357 -0.04726708 0.01366490
v 0.25963354 -0.04452527 0.01366490
v -0.10476440 -0.05524838 0.01366490
v -0.09565443 -0.05921459 0.01667607
v -0.10147446 -0.05921459 0.01366490
v -0.08654451 -0.05921459 0.01458532
v 0.05921459 -0.05921459 0.02187049
v 0.06832457 -0.05921459 0.02053922
v 0.07743454 -0.05921459 0.01881516
v 0.08654451 -0.05921459 0.01752168
v 0.09565449 -0.05921459 0.01575804
v 0.10476446 -0.05921459 0.01439685
v 0.11387432 -0.05645639 0.01366490
v 0.10650456 -0.05921459 0.01366490
v 0.12298429 -0.05402738 0.01366490
v 0.13209426 -0.05274194 0.01366490
v 0.14120424 -0.05101037 0.01366490
v 0.16853404 -0.05074620 0.01366490
v 0.17764401 -0.05124456 0.01366490
v 0.18675399 -0.05163360 0.01366490
v 0.19586384 -0.05190015 0.01366490
v 0.20497382 -0.05197990 0.01366490
v 0.21408367 -0.05220014 0.01366490
v 0.22319365 -0.05214626 0.01366490
v 0.23230362 -0.05163211 0.01366490
v -0.09565443 -0.06322920 0.01366490
v -0.08654451 -0.06058848 0.01366490
v -0.07743454 -0.06832457 0.01874232
v -0.08242941 -0.06832457 0.01366490
v -0.06832457 -0.06832457 0.01641506
v 0.01366490 -0.06832457 0.02237815
v 0.02277488 -0.06832457 0.02162778
v 0.03188485 -0.06832457 0.02081203
v 0.04099482 -0.06832457 0.01995969
v 0.05010474 -0.06832457 0.01845860
v 0.05921459 -0.06832457 0.01698893
v 0.06832457 -0.06832457 0.01530904
v 0.07743454 -0.06787407 0.01366490
v 0.07581913 -0.06832457 0.01366490
v 0.08654451 -0.06554788 0.01366490
v 0.09565449 -0.06222808 0.01366490
v 0.10476446 -0.06014097 0.01366490
v -0.07743454 -0.07288885 0.01366490
v -0.06832457 -0.07125187 0.01366490
v -0.05921465 -0.07743454 0.02105540
v -0.06614286 -0.07743454 0.01366490
v -0.05010468 -0.07743454 0.02150041
v -0.04099476 -0.07743454 0.02220118
v -0.03188485 -0.07743454 0.02110976
v -0.02277488 -0.07743454 0.01988268
v -0.01366490 -0.07743454 0.01856208
v -0.00455499 -0.07743454 0.01717234
v 0.00455493 -0.07743454 0.01567024
v 0.01366490 -0.07743454 0.01391685
v 0.02277488 -0.07658195 0.01366490
v 0.01538712 -0.07743454 0.01366490
v 0.03188485 -0.07553464 0.01366490
v 0.04099482 -0.07449496 0.01366490
v 0.05010474 -0.07316589 0.01366490
v 0.05921459 -0.07177854 0.01366490
v 0.06832457 -0.07007056 0.01366490
v -0.05921465 -0.08458376 0.01366490
v -0.05010468 -0.08554310 0.01366490
v -0.04099476 -0.08654451 0.01541167
v -0.04544437 -0.08654451 0.01366490
v -0.03188485 -0.08654451 0.01370937
v -0.02277488 -0.08506405 0.01366490
v -0.03166145 -0.08654451 0.01366490
v -0.01366490 -0.08344495 0.01366490
v -0.00455499 -0.08156729 0.01366490
v 0.00455493 -0.07969713 0.01366490
v 0.01366490 -0.07770681 0.01366490
v -0.04099476 -0.08839869 0.01366490
v -0.03188485 -0.08659160 0.01366490
v -0.08654451 0.17764395 0.01302618
v -0.08654451 0.18600547 0.00455499
v -0.09520113 0.17764395 0.00455499
v -0.07743454 0.18635046 0.00455499
v -0.06832457 0.18620884 0.00455499
v -0.05921465 0.18518078 0.00455499
v -0.05010468 0.17764395 0.00620699
v -0.05133641 0.17764395 0.00455499
v 0.13209426 0.17764395 0.00855875
v -0.09565443 0.16853404 0.01281273
v -0.09565443 0.17700762 0.00455499
v -0.10375953 0.16853404 0.00455499
v -0.05010468 0.17677408 0.00455499
v -0.04099476 0.16853404 0.00526536
v -0.04152942 0.16853404 0.00455499
v -0.03188485 0.16853404 0.00710005
v -0.02277488 0.16853404 0.01010865
v 0.12298429 0.16853404 0.00524330
v 0.13209426 0.16853404 0.00488573
v 0.14120424 0.16853404 0.00526273
v 0.15031421 0.16853404 0.00612122
v 0.15942407 0.16853404 0.00739431
v 0.16853404 0.16853404 0.01030588
v -0.10476440 0.15942407 0.00749975
v -0.10476440 0.16233784 0.00455499
v -0.10758114 0.15942407 0.00455499
v -0.04099476 0.16524106 0.00455499
v -0.03188485 0.16036415 0.00455499
v -0.02277488 0.15942407 0.00550675
v -0.02989912 0.15942407 0.00455499
v -0.01366490 0.15942407 0.00705820
v -0.00455499 0.15942407 0.00952804
v 0.12298429 0.16694295 0.00455499
v 0.11581922 0.15942407 0.00455499
v 0.13209426 0.16721350 0.00455499
v 0.14120424 0.16656381 0.00455499
v 0.15031421 0.16508150 0.00455499
v 0.15942407 0.16175276 0.00455499
v 0.16853404 0.16158050 0.00455499
v 0.17764401 0.16097569 0.00455499
v 0.18675399 0.15942407 0.00500512
v 0.18179858 0.15942407 0.00455499
v 0.19586384 0.15942407 0.00582540
v 0.20497382 0.15942407 0.00746185
v 0.21408367 0.15942407 0.01299572
v -0.10476440 0.15659231 0.00455499
v -0.09565443 0.15031409 0.00585979
v -0.09565443 0.15047181 0.00455499
v -0.08654451 0.15031409 0.00463212
v -0.08654451 0.15035868 0.00455499
v -0.08525032 0.15031409 0.00455499
v -0.04099476 0.15031409 0.00557673
v -0.04099476 0.15296912 0.00455499
v -0.04562587 0.15031409 0.00455499
v -0.03188485 0.15031409 0.00628394
v -0.03188485 0.15753907 0.00455499
v -0.02277488 0.15031409 0.00764173
v -0.01366490 0.15031409 0.00913674
v -0.00455499 0.15031409 0.01309562
v 0.09565449 0.15031409 0.01174635
v 0.10476446 0.15031409 0.00658184
v 0.11387432 0.15031409 0.00500613
v 0.11413693 0.15031409 0.00455499
v 0.18675399 0.15908372 0.00455499
v 0.19586384 0.15865451 0.00455499
v 0.20497382 0.15831429 0.00455499
v 0.21408367 0.15757090 0.00455499
v 0.22319365 0.15614635 0.00455499
v 0.23230362 0.15329081 0.00455499
v 0.24141359 0.15031409 0.00855589
v 0.23689198 0.15031409 0.00455499
v -0.09565443 0.14120418 0.00672042
v -0.08654451 0.14120418 0.00485456
v -0.07743454 0.14120418 0.00466549
v -0.07743454 0.14255303 0.00455499
v -0.07426131 0.14120418 0.00455499
v -0.04099476 0.14714748 0.00455499
v -0.03188485 0.14667284 0.00455499
v -0.02277488 0.14597762 0.00455499
v -0.01366490 0.14430863 0.00455499
v -0.00455499 0.14120418 0.00510746
v -0.00541598 0.14120418 0.00455499
v 0.00455493 0.14120418 0.01046574
v 0.09565449 0.14120418 0.01225102
v 0.10476446 0.14120418 0.00550324
v 0.11387432 0.14647001 0.00455499
v 0.10984468 0.14120418 0.00455499
v 0.24141359 0.14902204 0.00455499
v 0.25052357 0.14750469 0.00455499
v 0.25963354 0.14573741 0.00455499
v 0.26874340 0.14120418 0.01149255
v 0.26563346 0.14120418 0.00455499
v -0.35073298 0.13209426 0.01262522
v -0.35073298 0.13768286 0.00455499
v -0.35813004 0.13209426 0.00455499
v -0.34162301 0.14048511 0.00455499
v -0.33251309 0.13981074 0.00455499
v -0.32340318 0.13846797 0.00455499
v -0.31429321 0.13987648 0.00455499
v -0.30518323 0.13894993 0.00455499
v -0.29607332 0.13745302 0.00455499
v -0.28696334 0.14002550 0.00455499
v -0.27785337 0.13209426 0.01326364
v -0.27785337 0.13960212 0.00455499
v -0.26874346 0.13931739 0.00455499
v -0.25963348 0.13955259 0.00455499
v -0.25052351 0.13992596 0.00455499
v -0.24141359 0.13862997 0.00455499
v -0.23230368 0.13930225 0.00455499
v -0.22319376 0.13848335 0.00455499
v -0.21408379 0.13919967 0.00455499
v -0.20497382 0.13926244 0.00455499
v -0.19586390 0.13855231 0.00455499
v -0.18675393 0.13757116 0.00455499
v -0.17764395 0.13209426 0.01328313
v -0.17764395 0.13675165 0.00455499
v -0.16853404 0.13209426 0.01116210
v -0.16853404 0.13540590 0.00455499
v -0.15942407 0.13209426 0.00765747
v -0.15942407 0.13369131 0.00455499
v -0.15149087 0.13209426 0.00455499
v -0.08654451 0.13209426 0.00767690
v -0.07743454 0.13209426 0.00663650
v -0.07708901 0.13209426 0.00455499
v -0.04099476 0.13209426 0.01232916
v -0.03188485 0.13209426 0.01176220
v -0.02277488 0.13209426 0.01257753
v -0.01366490 0.13209426 0.01333129
v -0.00455499 0.13209426 0.01309180
v -0.00455499 0.14082009 0.00455499
v 0.00455493 0.13209426 0.01296419
v 0.00455493 0.13834655 0.00455499
v 0.01366490 0.13209426 0.01241863
v 0.01366490 0.13628513 0.00455499
v 0.02277488 0.13209426 0.01299733
v 0.02277488 0.13585883 0.00455499
v 0.03188485 0.13209426 0.01163453
v 0.03188485 0.13532335 0.00455499
v 0.04099482 0.13209426 0.00999600
v 0.04099482 0.13457191 0.00455499
v 0.04895997 0.13209426 0.00455499
v 0.10476446 0.13209426 0.00730634
v 0.11319476 0.13209426 0.00455499
v 0.26874340 0.14017189 0.00455499
v 0.27785337 0.13757133 0.00455499
v 0.28696334 0.13209426 0.00667131
v 0.28621185 0.13209426 0.00455499
v -0.38717276 0.12298429 0.00906545
v -0.38717276 0.12736732 0.00455499
v -0.39157325 0.12298429 0.00455499
v -0.37806284 0.13124192 0.00455499
v -0.36895287 0.13165325 0.00455499
v -0.35984290 0.13192677 0.00455499
v -0.15031409 0.13204825 0.00455499
v -0.14120418 0.13164192 0.00455499
v -0.13209426 0.13115686 0.00455499
v -0.12298429 0.13061786 0.00455499
v -0.11387438 0.13056070 0.00455499
v -0.10476440 0.12298429 0.01113915
v -0.10476440 0.12928039 0.00455499
v -0.09565443 0.12298429 0.00518978
v -0.09565443 0.12365025 0.00455499
v -0.09240955 0.12298429 0.00455499
v -0.07743454 0.12298429 0.00719506
v -0.07743454 0.12713259 0.00455499
v -0.08275926 0.12298429 0.00455499
v -0.04099476 0.12298429 0.01357597
v -0.03188485 0.12298429 0.01138395
v -0.02277488 0.12298429 0.00887764
v -0.01366490 0.12298429 0.00537795
v -0.00455499 0.12298429 0.00483018
v 0.00455493 0.12304604 0.00455499
v 0.00262278 0.12298429 0.00455499
v 0.01366490 0.12385023 0.00455499
v 0.02277488 0.12354827 0.00455499
v 0.03188485 0.12404317 0.00455499
v 0.04099482 0.12509173 0.00455499
v 0.11387432 0.12298429 0.01220012
v 0.11387432 0.13155568 0.00455499
v 0.12298429 0.12298429 0.00798917
v 0.12298429 0.12620312 0.00455499
v 0.13209426 0.12298429 0.00670922
v 0.13209426 0.12460589 0.00455499
v 0.14120424 0.12298429 0.00551122
v 0.14120424 0.12365472 0.00455499
v 0.14721560 0.12298429 0.00455499
v 0.15942407 0.12298429 0.00605309
v 0.15942407 0.12388188 0.00455499
v 0.15269983 0.12298429 0.00455499
v 0.16853404 0.12298429 0.00953376
v 0.16853404 0.12498087 0.00455499
v 0.17764401 0.12527388 0.00455499
v 0.18675399 0.12298429 0.00936073
v 0.18675399 0.12360466 0.00455499
v 0.18823028 0.12298429 0.00455499
v 0.28696334 0.13185567 0.00455499
v 0.29607332 0.12971580 0.00455499
v 0.30317116 0.12298429 0.00455499
v -0.39628273 0.11387438 0.01125491
v -0.39628273 0.12038100 0.00455499
v -0.40277076 0.11387438 0.00455499
v -0.08654451 0.12254745 0.00455499
v 0.00455493 0.12296093 0.00455499
v 0.01366490 0.12276465 0.00455499
v 0.02277488 0.12285018 0.00455499
v 0.03188485 0.12274092 0.00455499
v 0.04099482 0.12253916 0.00455499
v 0.05010474 0.12134749 0.00455499
v 0.05921459 0.12031221 0.00455499
v 0.06832457 0.11950177 0.00455499
v 0.07743454 0.12026465 0.00455499
v 0.08654451 0.12048000 0.00455499
v 0.09565449 0.12037414 0.00455499
v 0.10476446 0.12075657 0.00455499
v 0.11387432 0.12098032 0.00455499
v 0.12298429 0.12132305 0.00455499
v 0.13209426 0.12188196 0.00455499
v 0.14120424 0.12248838 0.00455499
v 0.15942407 0.12238353 0.00455499
v 0.16853404 0.12160563 0.00455499
v 0.17764401 0.12132418 0.00455499
v 0.18675399 0.12255609 0.00455499
v 0.30518329 0.12177116 0.00455499
v 0.31286788 0.11387438 0.00455499
v -0.40490213 0.10476440 0.00455499
v 0.31429327 0.10476440 0.00952917
v 0.31429327 0.10872370 0.00455499
v 0.31827033 0.10476440 0.00455499
v -0.48738220 0.09565443 0.00684184
v -0.48738220 0.09795421 0.00455499
v -0.48969096 0.09565443 0.00455499
v -0.48295936 0.09565443 0.00455499
v -0.41450259 0.09565443 0.00678378
v -0.41450259 0.09773231 0.00455499
v -0.41686285 0.09565443 0.00455499
v -0.40539271 0.09565443 0.01185083
v -0.40539271 0.10209280 0.00455499
v 0.32258475 0.09565443 0.00455499
v -0.49649215 0.08654451 0.00551999
v -0.49649215 0.08755714 0.00455499
v -0.49744695 0.08654451 0.00455499
v -0.47827226 0.08654451 0.01306289
v -0.47827226 0.09537911 0.00455499
v -0.46916229 0.08654451 0.01267415
v -0.46916229 0.09517056 0.00455499
v -0.46005234 0.08654451 0.01168132
v -0.46005234 0.09423327 0.00455499
v -0.45094243 0.08654451 0.00974482
v -0.45094243 0.09209400 0.00455499
v -0.44183245 0.08654451 0.01040423
v -0.44183245 0.09266317 0.00455499
v -0.43272254 0.08654451 0.01159060
v -0.43272254 0.09352416 0.00455499
v -0.42361256 0.08654451 0.01252621
v -0.42361256 0.09376222 0.00455499
v 0.32292259 0.08654451 0.00455499
v -0.49649215 0.07743454 0.01209217
v -0.50377095 0.07743454 0.00455499
v -0.46005234 0.07743454 0.01335990
v -0.45094243 0.07743454 0.01256120
v -0.44183245 0.07743454 0.01305026
v 0.32340312 0.07743454 0.00786519
v 0.32340312 0.08085752 0.00455499
v 0.32672846 0.07743454 0.00455499
v -0.49649215 0.06832457 0.01281077
v -0.50383300 0.06832457 0.00455499
v -0.46005234 0.06832457 0.01329458
v -0.45094243 0.06832457 0.01234585
v -0.44183245 0.06832457 0.01301187
v 0.32340312 0.06832457 0.01072514
v 0.32948089 0.06832457 0.00455499
v -0.49649215 0.05921465 0.00713694
v -0.49883118 0.05921465 0.00455499
v -0.47827226 0.05921465 0.01227152
v -0.46916229 0.05921465 0.00857657
v -0.46005234 0.05980343 0.00455499
v -0.46388203 0.05921465 0.00455499
v -0.45094243 0.06097066 0.00455499
v -0.44183245 0.06078583 0.00455499
v -0.43272254 0.06046182 0.00455499
v -0.42361256 0.05994010 0.00455499
v -0.41450259 0.05932236 0.00455499
v -0.40539271 0.05921465 0.00595200
v -0.40874228 0.05921465 0.00455499
v 0.32340312 0.05921465 0.01244187
v 0.33087659 0.05921465 0.00455499
v 0.42361248 0.05921465 0.00840557
v 0.42361248 0.06307650 0.00455499
v 0.41910970 0.05921465 0.00455499
v 0.43142986 0.05921465 0.00455499
v -0.49649215 0.05678016 0.00455499
v -0.48738220 0.05089206 0.00455499
v -0.47827226 0.05192405 0.00455499
v -0.46916229 0.05570453 0.00455499
v -0.40539271 0.05777645 0.00455499
v -0.40411195 0.05010468 0.00455499
v 0.32340312 0.05010468 0.01335698
v 0.33152485 0.05010468 0.00455499
v 0.40539265 0.05010468 0.00779778
v 0.40539265 0.05334336 0.00455499
v 0.40186203 0.05010468 0.00455499
v 0.41450262 0.05010468 0.01185447
v 0.41450262 0.05777717 0.00455499
v 0.42361248 0.05010468 0.01280642
v 0.43272245 0.05010468 0.01262677
v 0.43272245 0.05906296 0.00455499
v 0.44183242 0.05010468 0.01031399
v 0.44183242 0.05640125 0.00455499
v 0.44923007 0.05010468 0.00455499
v -0.39628273 0.04099476 0.00548005
v -0.39706933 0.04099476 0.00455499
v 0.32340312 0.04099476 0.01304173
v 0.33138359 0.04099476 0.00455499
v 0.39628267 0.04099476 0.01121336
v 0.39628267 0.04788530 0.00455499
v 0.38957965 0.04099476 0.00455499
v 0.40539265 0.04099476 0.01322269
v 0.41450262 0.04099476 0.01307392
v 0.44183242 0.04099476 0.01269513
v 0.45094240 0.04099476 0.01258701
v 0.45094240 0.04959369 0.00455499
v 0.46005237 0.04099476 0.00878936
v 0.46005237 0.04547375 0.00455499
v 0.46916234 0.04099476 0.00909340
v 0.46916234 0.04582602 0.00455499
v 0.47366941 0.04099476 0.00455499
v -0.39628273 0.04020464 0.00455499
v -0.38717276 0.03381711 0.00455499
v -0.38585737 0.03188485 0.00455499
v 0.32340312 0.03188485 0.01325500
v 0.33233166 0.03188485 0.00455499
v 0.39628267 0.03188485 0.01244104
v 0.38839376 0.03188485 0.00455499
v 0.40539265 0.03188485 0.01285684
v 0.41450262 0.03188485 0.01354450
v 0.44183242 0.03188485 0.01321590
v 0.45094240 0.03188485 0.00522143
v 0.46005237 0.03188485 0.00494939
v 0.46916234 0.03188485 0.01131368
v 0.47592080 0.03188485 0.00455499
v -0.37806284 0.02434921 0.00455499
v -0.36895287 0.02277488 0.01173580
v -0.37395689 0.02277488 0.00455499
v 0.32340312 0.02277488 0.01283175
v 0.33251309 0.02277488 0.00561881
v 0.33251309 0.02780771 0.00455499
v 0.33358109 0.02277488 0.00455499
v 0.39628267 0.02277488 0.00683105
v 0.39401698 0.02277488 0.00455499
v 0.40539265 0.02277488 0.01303482
v 0.41450262 0.02277488 0.01362783
v 0.44183242 0.02277488 0.01289797
v 0.45094240 0.02881622 0.00455499
v 0.45077252 0.02277488 0.00455499
v 0.46005237 0.03117394 0.00455499
v 0.46916234 0.02277488 0.00944048
v 0.46293759 0.02277488 0.00455499
v 0.47404420 0.02277488 0.00455499
v -0.36895287 0.01782256 0.00455499
v -0.35984290 0.01546031 0.00455499
v -0.35073298 0.01516145 0.00455499
v -0.34162301 0.01558805 0.00455499
v -0.33251309 0.01491529 0.00455499
v -0.32340318 0.01409656 0.00455499
v -0.31429321 0.01457733 0.00455499
v -0.30518323 0.01467466 0.00455499
v -0.29607332 0.01366490 0.01229000
v -0.30375654 0.01366490 0.00455499
v 0.32340312 0.01366490 0.01244855
v 0.33251309 0.01583725 0.00455499
v 0.33243084 0.01366490 0.00455499
v 0.39628267 0.01929027 0.00455499
v 0.40539265 0.01366490 0.01263362
v 0.39688659 0.01366490 0.00455499
v 0.41450262 0.01366490 0.01359725
v 0.44183242 0.01366490 0.01255113
v 0.45094240 0.01366490 0.00487942
v 0.45094240 0.01519412 0.00455499
v 0.45126390 0.01366490 0.00455499
v 0.46916234 0.01366693 0.00455499
v -0.29607332 0.00455499 0.00947583
v -0.30087429 0.00455499 0.00455499
v 0.31429327 0.00455499 0.01352233
v 0.32340312 0.00455499 0.01075947
v 0.32998371 0.00455499 0.00455499
v 0.40539265 0.00455499 0.01057273
v 0.39927804 0.00455499 0.00455499
v 0.41450262 0.00455499 0.01320732
v 0.43272245 0.00455499 0.01342142
v 0.44183242 0.00455499 0.01176423
v 0.45094240 0.01258385 0.00455499
v 0.45042515 0.00455499 0.00455499
v -0.29607332 -0.00155067 0.00455499
v -0.28696334 -0.00455493 0.00588465
v -0.28914499 -0.00455493 0.00455499
v -0.27785337 -0.00455493 0.00922608
v -0.26874346 -0.00455493 0.01229876
v -0.25963348 -0.00455493 0.01302844
v 0.30518329 -0.00455493 0.01338184
v 0.31429327 -0.00455493 0.01020241
v 0.32340312 -0.00445485 0.00455499
v 0.32323754 -0.00455493 0.00455499
v 0.40539265 -0.00243807 0.00455499
v 0.41450262 -0.00455493 0.01076907
v 0.40736151 -0.00455493 0.00455499
v 0.42361248 -0.00455493 0.01225036
v 0.43272245 -0.00455493 0.01141334
v 0.44183242 -0.00455493 0.00562227
v 0.44303453 -0.00455493 0.00455499
v -0.28696334 -0.00570953 0.00455499
v -0.27785337 -0.00880808 0.00455499
v -0.26874346 -0.01171553 0.00455499
v -0.25963348 -0.01366490 0.00484872
v -0.26020312 -0.01366490 0.00455499
v -0.25052351 -0.01366490 0.00906628
v -0.24141359 -0.01366490 0.01343793
v 0.28696334 -0.01366490 0.01321638
v 0.29607332 -0.01366490 0.01118070
v 0.30518329 -0.01366490 0.00814396
v 0.31429327 -0.01288205 0.00455499
v 0.31228292 -0.01366490 0.00455499
v 0.41450262 -0.01130784 0.00455499
v 0.42361248 -0.01322806 0.00455499
v 0.43272245 -0.01311803 0.00455499
v 0.44183242 -0.00618082 0.00455499
v -0.27785337 -0.02277488 0.00691092
v -0.27785337 -0.01949412 0.00455499
v -0.28691471 -0.02277488 0.00455499
v -0.26874346 -0.02277488 0.01029789
v -0.26874346 -0.01559103 0.00455499
v -0.25963348 -0.02277488 0.01169652
v -0.25052351 -0.02277488 0.01305473
v -0.20497382 -0.02277488 0.01358414
v 0.29607332 -0.02277488 0.01033372
v 0.30518329 -0.02277488 0.00559229
v 0.30663240 -0.02277488 0.00455499
v -0.28696334 -0.03188485 0.00871998
v -0.28696334 -0.02279454 0.00455499
v -0.29255444 -0.03188485 0.00455499
v -0.27785337 -0.03188485 0.00909495
v -0.26874346 -0.03188485 0.01088953
v -0.25963348 -0.03188485 0.01319158
v -0.24141359 -0.03188485 0.01276755
v -0.21408379 -0.03188485 0.01328415
v -0.20497382 -0.03188485 0.01352590
v -0.19586390 -0.03188485 0.01360047
v -0.15942407 -0.03188485 0.01353335
v -0.15031409 -0.03188485 0.01356417
v -0.14120418 -0.03188485 0.01365995
v 0.28696334 -0.03188485 0.01196486
v 0.29607332 -0.03188485 0.00759995
v 0.30518329 -0.02410692 0.00455499
v 0.29973674 -0.03188485 0.00455499
v -0.28696334 -0.04099482 0.00650299
v -0.29101479 -0.04099482 0.00455499
v -0.27785337 -0.04099482 0.00653726
v -0.26874346 -0.04099482 0.00901234
v -0.25963348 -0.04099482 0.01246482
v -0.25052351 -0.04099482 0.01136500
v -0.24141359 -0.04099482 0.01166701
v -0.23230368 -0.04099482 0.01355326
v -0.22319376 -0.04099482 0.01311260
v -0.12298429 -0.04099482 0.01359785
v 0.26874340 -0.04099482 0.01353824
v 0.27785337 -0.04099482 0.01164824
v 0.28696334 -0.04099482 0.00916862
v 0.29607332 -0.03583628 0.00455499
v 0.29241300 -0.04099482 0.00455499
v -0.28696334 -0.04671544 0.00455499
v -0.27785337 -0.04695594 0.00455499
v -0.26874346 -0.05010474 0.00685298
v -0.27518094 -0.05010474 0.00455499
v -0.25963348 -0.05010474 0.01083094
v -0.25052351 -0.05010474 0.01024008
v -0.24141359 -0.05010474 0.01075375
v -0.23230368 -0.05010474 0.01165974
v -0.22319376 -0.05010474 0.01278126
v -0.21408379 -0.05010474 0.01364732
v -0.20497382 -0.05010474 0.01347679
v -0.19586390 -0.05010474 0.01341069
v -0.18675393 -0.05010474 0.01331699
v -0.17764395 -0.05010474 0.01331127
v -0.16853404 -0.05010474 0.01331365
v -0.15942407 -0.05010474 0.01330870
v -0.15031409 -0.05010474 0.01333272
v -0.14120418 -0.05010474 0.01336008
v -0.13209426 -0.05010474 0.01332217
v -0.12298429 -0.05010474 0.01321369
v -0.11387438 -0.05010474 0.01346320
v 0.15031421 -0.05010474 0.01336139
v 0.15942407 -0.05010474 0.01366174
v 0.24141359 -0.05010474 0.01323265
v 0.25052357 -0.05010474 0.01190966
v 0.25963354 -0.05010474 0.01044083
v 0.26874340 -0.05010474 0.00864518
v 0.27785337 -0.05010474 0.00581843
v 0.28696334 -0.04695660 0.00455499
v 0.28003049 -0.05010474 0.00455499
v -0.26874346 -0.05919987 0.00455499
v -0.25963348 -0.05921459 0.00751066
v -0.26873183 -0.05921459 0.00455499
v -0.25052351 -0.05921459 0.00860709
v -0.24141359 -0.05921459 0.00997603
v -0.23230368 -0.05921459 0.01087362
v -0.22319376 -0.05921459 0.01176113
v -0.21408379 -0.05921459 0.01202953
v -0.20497382 -0.05921459 0.01189065
v -0.19586390 -0.05921459 0.01188278
v -0.18675393 -0.05921459 0.01204175
v -0.17764395 -0.05921459 0.01220512
v -0.16853404 -0.05921459 0.01228100
v -0.15942407 -0.05921459 0.01233339
v -0.15031409 -0.05921459 0.01235867
v -0.14120418 -0.05921459 0.01250279
v -0.13209426 -0.05921459 0.01237208
v -0.12298429 -0.05921459 0.01194471
v -0.11387438 -0.05921459 0.01234847
v -0.10476440 -0.05921459 0.01319689
v 0.11387432 -0.05921459 0.01206201
v 0.12298429 -0.05921459 0.01079661
v 0.13209426 -0.05921459 0.00999844
v 0.14120424 -0.05921459 0.00904357
v 0.15031421 -0.05921459 0.00791574
v 0.15942407 -0.05921459 0.00809866
v 0.16853404 -0.05921459 0.00853485
v 0.17764401 -0.05921459 0.00879884
v 0.18675399 -0.05921459 0.00861144
v 0.19586384 -0.05921459 0.00875551
v 0.20497382 -0.05921459 0.00877547
v 0.21408367 -0.05921459 0.00886029
v 0.22319365 -0.05921459 0.00888032
v 0.23230362 -0.05921459 0.00867075
v 0.24141359 -0.05921459 0.00737619
v 0.25052357 -0.05921459 0.00589585
v 0.25963354 -0.05853105 0.00455499
v 0.25641751 -0.05921459 0.00455499
v 0.26874340 -0.05540890 0.00455499
v 0.27785337 -0.05155301 0.00455499
v -0.25963348 -0.06832457 0.00487858
v -0.26142251 -0.06832457 0.00455499
v -0.25052351 -0.06832457 0.00663453
v -0.24141359 -0.06832457 0.00773114
v -0.23230368 -0.06832457 0.00858963
v -0.22319376 -0.06832457 0.00897270
v -0.21408379 -0.06832457 0.00906104
v -0.20497382 -0.06832457 0.00888515
v -0.19586390 -0.06832457 0.00933790
v -0.18675393 -0.06832457 0.00971574
v -0.17764395 -0.06832457 0.01025015
v -0.16853404 -0.06832457 0.01033008
v -0.15942407 -0.06832457 0.01009244
v -0.15031409 -0.06832457 0.00990075
v -0.14120418 -0.06832457 0.00980729
v -0.13209426 -0.06832457 0.00931793
v -0.12298429 -0.06832457 0.00859624
v -0.11387438 -0.06832457 0.00936741
v -0.10476440 -0.06832457 0.01125509
v -0.09565443 -0.06832457 0.01218748
v -0.08654451 -0.06832457 0.01089072
v 0.07743454 -0.06832457 0.01323676
v 0.08654451 -0.06832457 0.01130283
v 0.09565449 -0.06832457 0.00909132
v 0.10476446 -0.06832457 0.00804436
v 0.11387432 -0.06832457 0.00730753
v 0.12298429 -0.06832457 0.00581056
v 0.13209426 -0.06667429 0.00455499
v 0.12651414 -0.06832457 0.00455499
v 0.14120424 -0.06444865 0.00455499
v 0.15031421 -0.06285822 0.00455499
v 0.15942407 -0.06291258 0.00455499
v 0.16853404 -0.06324542 0.00455499
v 0.17764401 -0.06345612 0.00455499
v 0.18675399 -0.06326240 0.00455499
v 0.19586384 -0.06355494 0.00455499
v 0.20497382 -0.06392634 0.00455499
v 0.21408367 -0.06425101 0.00455499
v 0.22319365 -0.06437552 0.00455499
v 0.23230362 -0.06425118 0.00455499
v 0.24141359 -0.06281340 0.00455499
v 0.25052357 -0.06091952 0.00455499
v -0.25963348 -0.06873405 0.00455499
v -0.25052351 -0.07078463 0.00455499
v -0.24141359 -0.07217115 0.00455499
v -0.23230368 -0.07315499 0.00455499
v -0.22319376 -0.07427663 0.00455499
v -0.21408379 -0.07485449 0.00455499
v -0.20497382 -0.07538635 0.00455499
v -0.19586390 -0.07681477 0.00455499
v -0.18675393 -0.07743454 0.00540149
v -0.19243830 -0.07743454 0.00455499
v -0.17764395 -0.07743454 0.00630552
v -0.16853404 -0.07743454 0.00701237
v -0.15942407 -0.07743454 0.00751132
v -0.15031409 -0.07743454 0.00770700
v -0.14120418 -0.07743454 0.00746173
v -0.13209426 -0.07743454 0.00654465
v -0.12298429 -0.07743454 0.00522536
v -0.11387438 -0.07627434 0.00455499
v -0.11984694 -0.07743454 0.00455499
v -0.10476440 -0.07729799 0.00455499
v -0.09565443 -0.07723254 0.00455499
v -0.08654451 -0.07573318 0.00455499
v -0.07743454 -0.07743454 0.00949901
v -0.08410567 -0.07743454 0.00455499
v -0.06832457 -0.07743454 0.00595009
v 0.02277488 -0.07743454 0.01252055
v 0.03188485 -0.07743454 0.01116425
v 0.04099482 -0.07743454 0.00984800
v 0.05010474 -0.07743454 0.00810707
v 0.05921459 -0.07743454 0.00625879
v 0.06832457 -0.07718170 0.00455499
v 0.06689328 -0.07743454 0.00455499
v 0.07743454 -0.07536817 0.00455499
v 0.08654451 -0.07380337 0.00455499
v 0.09565449 -0.07233191 0.00455499
v 0.10476446 -0.07142514 0.00455499
v 0.11387432 -0.07090473 0.00455499
v 0.12298429 -0.06956714 0.00455499
v -0.18675393 -0.07837224 0.00455499
v -0.17764395 -0.07939535 0.00455499
v -0.16853404 -0.08023852 0.00455499
v -0.15942407 -0.08089697 0.00455499
v -0.15031409 -0.08126193 0.00455499
v -0.14120418 -0.08081919 0.00455499
v -0.13209426 -0.07964832 0.00455499
v -0.12298429 -0.07815349 0.00455499
v -0.07743454 -0.08291221 0.00455499
v -0.06832457 -0.07877463 0.00455499
v -0.05921465 -0.08654451 0.01111001
v -0.06541502 -0.08654451 0.00455499
v -0.05010468 -0.08654451 0.01241428
v -0.02277488 -0.08654451 0.01191396
v -0.01366490 -0.08654451 0.01012689
v -0.00455499 -0.08654451 0.00775760
v 0.00455493 -0.08654451 0.00511217
v 0.01366490 -0.08495045 0.00455499
v 0.00632685 -0.08654451 0.00455499
v 0.02277488 -0.08383495 0.00455499
v 0.03188485 -0.08274531 0.00455499
v 0.04099482 -0.08168489 0.00455499
v 0.05010474 -0.08035755 0.00455499
v 0.05921459 -0.07888466 0.00455499
v -0.05921465 -0.09286606 0.00455499
v -0.05010468 -0.09370625 0.00455499
v -0.04099476 -0.09565449 0.00470835
v -0.04132324 -0.09565449 0.00455499
v -0.03188485 -0.09454799 0.00455499
v -0.04015875 -0.09565449 0.00455499
v -0.02277488 -0.09309810 0.00455499
v -0.01366490 -0.09156948 0.00455499
v -0.00455499 -0.08940989 0.00455499
v 0.00455493 -0.08703923 0.00455499
v -0.04099476 -0.09578961 0.00455499
v -0.09565443 0.17764395 0.00065351
v -0.09565443 0.18163913 -0.00455493
v -0.09968269 0.17764395 -0.00455493
v -0.08654451 0.18638861 -0.00455493
v -0.07743454 0.18626153 -0.00455493
v -0.06832457 0.18454438 -0.00455493
v -0.05921465 0.17764395 -0.00306523
v -0.06131041 0.17764395 -0.00455493
v -0.10476440 0.16853404 0.00392359
v -0.10476440 0.17700082 -0.00455493
v -0.11322612 0.16853404 -0.00455493
v -0.05921465 0.17606056 -0.00455493
v -0.05010468 0.16853404 -0.00351530
v -0.05165625 0.16853404 -0.00455493
v -0.11368614 0.15942407 -0.00455493
v -0.05010468 0.15945047 -0.00455493
v -0.04099476 0.15942407 0.00044191
v -0.05007929 0.15942407 -0.00455493
v -0.03188485 0.15942407 0.00367463
v 0.12298429 0.15942407 -0.00263482
v 0.13209426 0.15942407 -0.00224370
v 0.14120424 0.15942407 -0.00179309
v 0.15031421 0.15942407 -0.00076985
v 0.15942407 0.15942407 0.00228560
v 0.16853404 0.15942407 0.00240910
v 0.17764401 0.15942407 0.00300866
v -0.10476440 0.15051579 -0.00455493
v -0.09565443 0.15038663 -0.00455493
v -0.08654451 0.15041864 -0.00455493
v -0.07743454 0.15031409 -0.00181425
v -0.07743454 0.15059674 -0.00455493
v -0.06832457 0.15031409 -0.00332540
v -0.06832457 0.15106076 -0.00455493
v -0.05921465 0.15031409 -0.00284898
v -0.05921465 0.15161610 -0.00455493
v -0.05010468 0.15031409 0.00200045
v -0.05010468 0.15939385 -0.00455493
v 0.12298429 0.15197468 -0.00455493
v 0.12133723 0.15031409 -0.00455493
v 0.13209426 0.15031409 -0.00431526
v 0.12749606 0.15031409 -0.00455493
v 0.14120424 0.15193146 -0.00455493
v 0.13678443 0.15031409 -0.00455493
v 0.15031421 0.15146488 -0.00455493
v 0.15942407 0.15031409 -0.00412929
v 0.15437758 0.15031409 -0.00455493
v 0.16853404 0.15192580 -0.00455493
v 0.16351128 0.15031409 -0.00455493
v 0.17764401 0.15382385 -0.00455493
v 0.18675399 0.15349030 -0.00455493
v 0.19586384 0.15189791 -0.00455493
v 0.20497382 0.15031409 -0.00442821
v 0.20213413 0.15031409 -0.00455493
v 0.21408367 0.15031409 -0.00396854
v 0.22319365 0.15031409 -0.00214517
v 0.23230362 0.15031409 0.00125831
v -0.31429321 0.14120418 -0.00228924
v -0.31429321 0.14303845 -0.00455493
v -0.31778228 0.14120418 -0.00455493
v -0.31202960 0.14120418 -0.00455493
v -0.06832457 0.14721173 -0.00455493
v -0.07435024 0.14120418 -0.00455493
v -0.05921465 0.14848071 -0.00455493
v -0.05010468 0.14553833 -0.00455493
v -0.04099476 0.14309675 -0.00455493
v -0.03188485 0.14164668 -0.00455493
v -0.02277488 0.14120418 -0.00253814
v -0.02987641 0.14120418 -0.00455493
v -0.01366490 0.14120418 0.00016034
v 0.11387432 0.14120418 0.00065947
v 0.11999124 0.14120418 -0.00455493
v 0.13209426 0.14841926 -0.00455493
v 0.15942407 0.14923346 -0.00455493
v 0.20497382 0.15013635 -0.00455493
v 0.21408367 0.14977545 -0.00455493
v 0.22319365 0.14853799 -0.00455493
v 0.23230362 0.14712280 -0.00455493
v 0.24141359 0.14568549 -0.00455493
v 0.25052357 0.14234185 -0.00455493
v 0.25963354 0.14120418 -0.00106949
v 0.25223947 0.14120418 -0.00455493
v -0.35073298 0.13941574 -0.00455493
v -0.35900563 0.13209426 -0.00455493
v -0.34162301 0.14056647 -0.00455493
v -0.33251309 0.13939744 -0.00455493
v -0.32340318 0.14080173 -0.00455493
v -0.30518323 0.13922191 -0.00455493
v -0.29607332 0.14098918 -0.00455493
v -0.28696334 0.14076799 -0.00455493
v -0.27785337 0.14059973 -0.00455493
v -0.26874346 0.14066881 -0.00455493
v -0.25963348 0.14108336 -0.00455493
v -0.25052351 0.14038020 -0.00455493
v -0.24141359 0.14055914 -0.00455493
v -0.23230368 0.14004385 -0.00455493
v -0.22319376 0.14092326 -0.00455493
v -0.21408379 0.14101154 -0.00455493
v -0.20497382 0.14110643 -0.00455493
v -0.19586390 0.14103192 -0.00455493
v -0.18675393 0.14101571 -0.00455493
v -0.17764395 0.14097363 -0.00455493
v -0.16853404 0.14078736 -0.00455493
v -0.15942407 0.14054209 -0.00455493
v -0.15031409 0.13209426 0.00451213
v -0.15031409 0.14023209 -0.00455493
v -0.14120418 0.13209426 0.00414699
v -0.14120418 0.14011544 -0.00455493
v -0.13209426 0.13209426 0.00376421
v -0.13209426 0.13987309 -0.00455493
v -0.12298429 0.13209426 0.00334048
v -0.12298429 0.13963926 -0.00455493
v -0.11387438 0.13209426 0.00350815
v -0.11387438 0.13976604 -0.00455493
v -0.10476440 0.13209426 0.00274217
v -0.10476440 0.13895333 -0.00455493
v -0.09565443 0.13209426 -0.00030398
v -0.09565443 0.13611156 -0.00455493
v -0.08963555 0.13209426 -0.00455493
v -0.07735342 0.13209426 -0.00455493
v -0.02277488 0.14016086 -0.00455493
v -0.01366490 0.13895923 -0.00455493
v -0.00455499 0.13798076 -0.00455493
v 0.00455493 0.13702828 -0.00455493
v 0.01366490 0.13592213 -0.00455493
v 0.02277488 0.13531423 -0.00455493
v 0.03188485 0.13466591 -0.00455493
v 0.04099482 0.13390291 -0.00455493
v 0.04963493 0.13209426 -0.00455493
v 0.11387432 0.13357753 -0.00455493
v 0.11193126 0.13209426 -0.00455493
v 0.25963354 0.13910377 -0.00455493
v 0.26874340 0.13760144 -0.00455493
v 0.27785337 0.13396150 -0.00455493
v 0.28016245 0.13209426 -0.00455493
v -0.38717276 0.13033438 -0.00455493
v -0.39520422 0.12298429 -0.00455493
v -0.37806284 0.13134867 -0.00455493
v -0.36895287 0.13133609 -0.00455493
v -0.35984290 0.13177633 -0.00455493
v -0.08654451 0.12298429 0.00277126
v -0.08654451 0.12813872 -0.00455493
v -0.07743454 0.13068461 -0.00455493
v 0.00455493 0.12298429 0.00447696
v 0.01366490 0.12298429 0.00385159
v 0.02277488 0.12298429 0.00410986
v 0.03188485 0.12298429 0.00369138
v 0.04099482 0.12298429 0.00265712
v 0.05010474 0.12298429 -0.00284356
v 0.05010474 0.13070029 -0.00455493
v 0.05312359 0.12298429 -0.00455493
v 0.11387432 0.12951744 -0.00455493
v 0.12298429 0.12600034 -0.00455493
v 0.13209426 0.12474716 -0.00455493
v 0.14120424 0.12382883 -0.00455493
v 0.15002275 0.12298429 -0.00455493
v 0.15942407 0.12386727 -0.00455493
v 0.15052414 0.12298429 -0.00455493
v 0.16853404 0.12495375 -0.00455493
v 0.17764401 0.12517202 -0.00455493
v 0.18675399 0.12298429 -0.00153434
v 0.18501294 0.12298429 -0.00455493
v 0.28696334 0.12994117 -0.00455493
v 0.29607332 0.12820828 -0.00455493
v 0.30138612 0.12298429 -0.00455493
v -0.39628273 0.12246543 -0.00455493
v -0.40451720 0.11387438 -0.00455493
v 0.05921459 0.12237233 -0.00455493
v 0.06832457 0.12154889 -0.00455493
v 0.07743454 0.12186897 -0.00455493
v 0.08654451 0.12193573 -0.00455493
v 0.09565449 0.12129086 -0.00455493
v 0.10476446 0.12166142 -0.00455493
v 0.11387432 0.12170851 -0.00455493
v 0.12298429 0.12138402 -0.00455493
v 0.13209426 0.12192512 -0.00455493
v 0.14120424 0.12246424 -0.00455493
v 0.15942407 0.12241638 -0.00455493
v 0.16853404 0.12179625 -0.00455493
v 0.17764401 0.12179685 -0.00455493
v 0.30518329 0.12191540 -0.00455493
v 0.31320798 0.11387438 -0.00455493
v -0.40539271 0.10476440 0.00065905
v -0.40539271 0.10974520 -0.00455493
v -0.41032544 0.10476440 -0.00455493
v 0.31429327 0.11142606 -0.00455493
v 0.32096612 0.10476440 -0.00455493
v -0.49649215 0.09565443 0.00089490
v -0.49649215 0.10122180 -0.00455493
v -0.50184679 0.09565443 -0.00455493
v -0.48738220 0.10420233 -0.00455493
v -0.47827226 0.09565443 0.00437570
v -0.47827226 0.10453117 -0.00455493
v -0.46916229 0.09565443 0.00423539
v -0.46916229 0.10419238 -0.00455493
v -0.46005234 0.09565443 0.00368750
v -0.46005234 0.10347503 -0.00455493
v -0.45094243 0.09565443 0.00219387
v -0.45094243 0.10201526 -0.00455493
v -0.44183245 0.09565443 0.00129384
v -0.44183245 0.10093713 -0.00455493
v -0.43272254 0.09565443 -0.00173098
v -0.43272254 0.09788281 -0.00455493
v -0.42990142 0.09565443 -0.00455493
v -0.41450259 0.10061914 -0.00455493
v -0.42021254 0.09565443 -0.00455493
v 0.32270181 0.09565443 -0.00455493
v -0.50452268 0.08654451 -0.00455493
v -0.42361256 0.09477597 -0.00455493
v 0.32340312 0.08654451 -0.00016135
v 0.32340312 0.09083748 -0.00455493
v 0.32771611 0.08654451 -0.00455493
v -0.50503314 0.07743454 -0.00455493
v 0.33115768 0.07743454 -0.00455493
v -0.50475287 0.06832457 -0.00455493
v 0.33177114 0.06832457 -0.00455493
v 0.42361248 0.06832457 0.00285590
v 0.42361248 0.07572716 -0.00455493
v 0.41466856 0.06832457 -0.00455493
v 0.43272245 0.06832457 0.00165838
v 0.43272245 0.07453388 -0.00455493
v 0.44183242 0.06832457 -0.00316465
v 0.44183242 0.06971562 -0.00455493
v 0.44330382 0.06832457 -0.00455493
v -0.50190359 0.05921465 -0.00455493
v -0.46005234 0.05921465 0.00010508
v -0.45094243 0.05961949 -0.00455493
v -0.45530793 0.05921465 -0.00455493
v -0.44183245 0.05974472 -0.00455493
v -0.43272254 0.05991530 -0.00455493
v -0.42361256 0.05981809 -0.00455493
v -0.41450259 0.05963719 -0.00455493
v -0.41353539 0.05921465 -0.00455493
v 0.33251309 0.05921465 0.00007862
v 0.33251309 0.06448692 -0.00455493
v 0.33708036 0.05921465 -0.00455493
v 0.40539265 0.05921465 0.00010681
v 0.40539265 0.06386143 -0.00455493
v 0.40061831 0.05921465 -0.00455493
v 0.41450262 0.05921465 0.00413454
v 0.41450262 0.06827748 -0.00455493
v 0.43272245 0.05921465 0.00449961
v 0.44183242 0.05921465 0.00308019
v 0.44999194 0.05921465 -0.00455493
v 0.46916234 0.05921465 -0.00186104
v 0.46916234 0.06190270 -0.00455493
v 0.46288610 0.05921465 -0.00455493
v 0.47184491 0.05921465 -0.00455493
v -0.49649215 0.05351901 -0.00455493
v -0.48738220 0.05071080 -0.00455493
v -0.47827226 0.05071819 -0.00455493
v -0.46916229 0.05260485 -0.00455493
v -0.46005234 0.05630642 -0.00455493
v -0.40539271 0.05010468 -0.00364882
v -0.40618396 0.05010468 -0.00455493
v 0.33251309 0.05010468 0.00230932
v 0.33884215 0.05010468 -0.00455493
v 0.39628267 0.05010468 0.00427949
v 0.39628267 0.05891466 -0.00455493
v 0.38746321 0.05010468 -0.00455493
v 0.45094240 0.05010468 0.00286239
v 0.45094240 0.05730247 -0.00455493
v 0.45958853 0.05010468 -0.00455493
v 0.46916234 0.05010468 0.00351828
v 0.46017540 0.05010468 -0.00455493
v 0.47717655 0.05010468 -0.00455493
v -0.40539271 0.04930890 -0.00455493
v -0.40165806 0.04099476 -0.00455493
v 0.33251309 0.04099476 0.00104731
v 0.33779407 0.04099476 -0.00455493
v 0.38717282 0.04099476 0.00416470
v 0.38717282 0.04973418 -0.00455493
v 0.37846756 0.04099476 -0.00455493
v 0.46005237 0.04988194 -0.00455493
v 0.47827220 0.04099476 -0.00178075
v 0.47827220 0.04392517 -0.00455493
v 0.48101461 0.04099476 -0.00455493
v -0.39628273 0.03554690 -0.00455493
v -0.38717276 0.03225970 -0.00455493
v -0.38694969 0.03188485 -0.00455493
v 0.33251309 0.03188485 0.00439209
v 0.34105313 0.03188485 -0.00455493
v 0.38717282 0.03188485 0.00120586
v 0.38144302 0.03188485 -0.00455493
v 0.47827220 0.03188485 0.00280309
v 0.48561442 0.03188485 -0.00455493
v -0.37806284 0.02367407 -0.00455493
v -0.37551838 0.02277488 -0.00455493
v 0.34162307 0.02277488 0.00088805
v 0.34162307 0.02997178 -0.00455493
v 0.34707046 0.02277488 -0.00455493
v 0.38717282 0.02277488 -0.00169629
v 0.38430083 0.02277488 -0.00455493
v 0.45094240 0.02277488 0.00437260
v 0.46005237 0.02277488 0.00415611
v 0.47827220 0.02277488 0.00297683
v 0.48579895 0.02277488 -0.00455493
v -0.36895287 0.01644617 -0.00455493
v -0.35984290 0.01535916 -0.00455493
v -0.35073298 0.01539612 -0.00455493
v -0.34162301 0.01523328 -0.00455493
v -0.33251309 0.01449853 -0.00455493
v -0.32340318 0.01422441 -0.00455493
v -0.31429321 0.01366490 -0.00362629
v -0.31516248 0.01366490 -0.00455493
v -0.30518323 0.01366490 -0.00073338
v 0.33251309 0.01366490 0.00452030
v 0.34162307 0.01366490 0.00210994
v 0.34830225 0.01366490 -0.00455493
v 0.38717282 0.01366490 -0.00426036
v 0.38687289 0.01366490 -0.00455493
v 0.39628267 0.01366490 0.00424892
v 0.46005237 0.01366490 0.00390881
v 0.46916234 0.01366490 0.00455487
v 0.47827220 0.01366490 0.00077748
v 0.48360491 0.01366490 -0.00455493
v -0.31429321 0.01284230 -0.00455493
v -0.30518323 0.00455499 -0.00153267
v -0.30906540 0.00455499 -0.00455493
v 0.33251309 0.00455499 0.00345731
v 0.34162307 0.00455499 -0.00393897
v 0.34223819 0.00455499 -0.00455493
v 0.38717282 0.01330197 -0.00455493
v 0.39628267 0.00455499 0.00349927
v 0.38808155 0.00455499 -0.00455493
v 0.45094240 0.00455499 0.00428927
v 0.46005237 0.00455499 0.00281680
v 0.46916234 0.00455499 0.00423884
v 0.47827220 0.00570917 -0.00455493
v 0.47817361 0.00455499 -0.00455493
v -0.30518323 0.00052351 -0.00455493
v -0.29607332 -0.00455493 0.00044286
v -0.30077255 -0.00455493 -0.00455493
v 0.32340312 -0.00455493 0.00450474
v 0.33251309 -0.00455493 0.00064695
v 0.34162307 0.00391352 -0.00455493
v 0.33777726 -0.00455493 -0.00455493
v 0.39628267 -0.00455493 -0.00094014
v 0.39266574 -0.00455493 -0.00455493
v 0.40539265 -0.00455493 0.00406414
v 0.45094240 -0.00414342 -0.00455493
v 0.44993615 -0.00455493 -0.00455493
v 0.46005237 -0.00356394 -0.00455493
v 0.46916234 -0.00455493 0.00273526
v 0.46103847 -0.00455493 -0.00455493
v 0.47643721 -0.00455493 -0.00455493
v -0.29607332 -0.00806218 -0.00455493
v -0.28696334 -0.01143605 -0.00455493
v -0.27785337 -0.01311886 -0.00455493
v -0.26874346 -0.01366490 0.00004882
v -0.27518505 -0.01366490 -0.00455493
v 0.31429327 -0.01366490 0.00382465
v 0.32340312 -0.01366490 -0.00201648
v 0.33251309 -0.01060104 -0.00455493
v 0.32641506 -0.01366490 -0.00455493
v 0.39628267 -0.00854391 -0.00455493
v 0.40539265 -0.01366490 0.00167227
v 0.39885986 -0.01366490 -0.00455493
v 0.41450262 -0.01366490 0.00337291
v 0.42361248 -0.01366490 0.00424260
v 0.43272245 -0.01366490 0.00426829
v 0.44183242 -0.01366490 0.00301743
v 0.45094240 -0.01366490 -0.00125587
v 0.45094240 -0.00811899 -0.00455493
v 0.45429969 -0.01366490 -0.00455493
v 0.46916234 -0.01190799 -0.00455493
v -0.30518323 -0.02277488 -0.00240457
v -0.30518323 -0.02070516 -0.00455493
v -0.30784476 -0.02277488 -0.00455493
v -0.29607332 -0.02277488 0.00240338
v -0.29607332 -0.01705152 -0.00455493
v -0.28696334 -0.02277488 0.00454557
v -0.28696334 -0.01537782 -0.00455493
v -0.27785337 -0.01415139 -0.00455493
v 0.31429327 -0.02277488 0.00181973
v 0.32340312 -0.02277488 -0.00415027
v 0.32381225 -0.02277488 -0.00455493
v 0.40539265 -0.01990306 -0.00455493
v 0.41450262 -0.02260488 -0.00455493
v 0.42361248 -0.02277488 0.00057185
v 0.41515517 -0.02277488 -0.00455493
v 0.43272245 -0.02277488 -0.00174892
v 0.44183242 -0.02154422 -0.00455493
v 0.43710613 -0.02277488 -0.00455493
v 0.45094240 -0.01695496 -0.00455493
v -0.33251309 -0.03188485 -0.00430936
v -0.33251309 -0.03164476 -0.00455493
v -0.33302099 -0.03188485 -0.00455493
v -0.33078796 -0.03188485 -0.00455493
v -0.31429321 -0.03188485 -0.00307029
v -0.31429321 -0.03000611 -0.00455493
v -0.31961173 -0.03188485 -0.00455493
v -0.30518323 -0.03188485 0.00008678
v -0.29607332 -0.03188485 0.00338787
v 0.30518329 -0.03188485 0.00232190
v 0.31429327 -0.03188485 -0.00223160
v 0.32340312 -0.02320725 -0.00455493
v 0.31672573 -0.03188485 -0.00455493
v 0.42361248 -0.02792263 -0.00455493
v 0.43272245 -0.02555996 -0.00455493
v -0.35073298 -0.04099482 -0.00024205
v -0.35073298 -0.03655314 -0.00455493
v -0.35723919 -0.04099482 -0.00455493
v -0.34162301 -0.04099482 0.00308442
v -0.34162301 -0.03308415 -0.00455493
v -0.33251309 -0.04099482 0.00386924
v -0.32340318 -0.04099482 0.00349277
v -0.32340318 -0.03243232 -0.00455493
v -0.31429321 -0.04099482 0.00131017
v -0.30518323 -0.04099482 0.00201797
v -0.29607332 -0.04099482 0.00346458
v 0.29607332 -0.04099482 0.00286257
v 0.30518329 -0.04099482 -0.00184226
v 0.31429327 -0.03445357 -0.00455493
v 0.30816138 -0.04099482 -0.00455493
v -0.35073298 -0.05010474 0.00029230
v -0.35879225 -0.05010474 -0.00455493
v -0.34162301 -0.05010474 0.00366902
v -0.33251309 -0.05010474 0.00424480
v -0.32340318 -0.05010474 0.00213957
v -0.31429321 -0.05010474 0.00120848
v -0.30518323 -0.05010474 0.00054276
v -0.29607332 -0.05010474 0.00268763
v -0.28696334 -0.05010474 0.00430560
v -0.27785337 -0.05010474 0.00435114
v 0.28696334 -0.05010474 0.00288314
v 0.29607332 -0.05010474 -0.00121361
v 0.30518329 -0.04434031 -0.00455493
v 0.30008709 -0.05010474 -0.00455493
v -0.35073298 -0.05921459 -0.00086290
v -0.35661972 -0.05921459 -0.00455493
v -0.34162301 -0.05921459 0.00323039
v -0.33251309 -0.05921459 0.00335497
v -0.32340318 -0.05921459 -0.00080574
v -0.31429321 -0.05921459 0.00071985
v -0.30518323 -0.05921459 -0.00141597
v -0.29607332 -0.05921459 0.00208896
v -0.28696334 -0.05921459 0.00403911
v -0.27785337 -0.05921459 0.00413156
v -0.26874346 -0.05921459 0.00455314
v 0.25963354 -0.05921459 0.00412208
v 0.26874340 -0.05921459 0.00213832
v 0.27785337 -0.05921459 0.00023234
v 0.28696334 -0.05921459 -0.00288939
v 0.29607332 -0.05393451 -0.00455493
v 0.28895187 -0.05921459 -0.00455493
v -0.35073298 -0.06774545 -0.00455493
v -0.34162301 -0.06832457 0.00181788
v -0.35053355 -0.06832457 -0.00455493
v -0.33251309 -0.06832457 0.00007081
v -0.32340318 -0.06832457 -0.00106388
v -0.31429321 -0.06832457 -0.00197178
v -0.30518323 -0.06739587 -0.00455493
v -0.30610597 -0.06832457 -0.00455493
v -0.29607332 -0.06832457 0.00146878
v -0.30503982 -0.06832457 -0.00455493
v -0.28696334 -0.06832457 0.00382835
v -0.27785337 -0.06832457 0.00396198
v -0.26874346 -0.06832457 0.00388211
v 0.13209426 -0.06832457 0.00353038
v 0.14120424 -0.06832457 0.00170189
v 0.15031421 -0.06832457 0.00002855
v 0.15942407 -0.06832457 0.00002128
v 0.16853404 -0.06832457 -0.00012559
v 0.17764401 -0.06832457 -0.00029588
v 0.18675399 -0.06832457 -0.00065243
v 0.19586384 -0.06832457 0.00027454
v 0.20497382 -0.06832457 0.00103486
v 0.21408367 -0.06832457 0.00148886
v 0.22319365 -0.06832457 0.00152415
v 0.23230362 -0.06832457 0.00143266
v 0.24141359 -0.06832457 0.00065833
v 0.25052357 -0.06832457 -0.00026292
v 0.25963354 -0.06832457 -0.00144213
v 0.26874340 -0.06823498 -0.00455493
v 0.26846051 -0.06832457 -0.00455493
v 0.27785337 -0.06524384 -0.00455493
v 0.28696334 -0.06109381 -0.00455493
v -0.34162301 -0.07743454 -0.00065482
v -0.34632516 -0.07743454 -0.00455493
v -0.33251309 -0.07743454 -0.00438803
v -0.32340318 -0.07551628 -0.00455493
v -0.33151656 -0.07743454 -0.00455493
v -0.31429321 -0.07179779 -0.00455493
v -0.29607332 -0.07743454 -0.00070971
v -0.30159283 -0.07743454 -0.00455493
v -0.28696334 -0.07743454 0.00177383
v -0.27785337 -0.07743454 0.00164264
v -0.26874346 -0.07743454 -0.00145853
v -0.25963348 -0.07743454 -0.00367939
v -0.25052351 -0.07743454 -0.00195444
v -0.24141359 -0.07743454 0.00076061
v -0.23230368 -0.07743454 0.00219101
v -0.22319376 -0.07743454 0.00311494
v -0.21408379 -0.07743454 0.00356591
v -0.20497382 -0.07743454 0.00394654
v -0.19586390 -0.07743454 0.00439000
v -0.11387438 -0.07743454 0.00423723
v -0.10476440 -0.07743454 0.00448000
v -0.09565443 -0.07743454 0.00439614
v -0.08654451 -0.07743454 0.00334251
v 0.06832457 -0.07743454 0.00418478
v 0.07743454 -0.07743454 0.00181216
v 0.08654451 -0.07743454 -0.00016654
v 0.09565449 -0.07743454 -0.00130975
v 0.10476446 -0.07743454 -0.00275511
v 0.11387432 -0.07682335 -0.00455493
v 0.11037898 -0.07743454 -0.00455493
v 0.12298429 -0.07553703 -0.00455493
v 0.13209426 -0.07476866 -0.00455493
v 0.14120424 -0.07378221 -0.00455493
v 0.15031421 -0.07259816 -0.00455493
v 0.15942407 -0.07275403 -0.00455493
v 0.16853404 -0.07274067 -0.00455493
v 0.17764401 -0.07263911 -0.00455493
v 0.18675399 -0.07277060 -0.00455493
v 0.19586384 -0.07481366 -0.00455493
v 0.20497382 -0.07680970 -0.00455493
v 0.21408367 -0.07682484 -0.00455493
v 0.22319365 -0.07668108 -0.00455493
v 0.23230362 -0.07634026 -0.00455493
v 0.24141359 -0.07516950 -0.00455493
v 0.25052357 -0.07381958 -0.00455493
v 0.25963354 -0.07211006 -0.00455493
v -0.34162301 -0.08210379 -0.00455493
v -0.33251309 -0.07764125 -0.00455493
v -0.29607332 -0.08416939 -0.00455493
v -0.28696334 -0.08646029 -0.00455493
v -0.27785337 -0.08573371 -0.00455493
v -0.26874346 -0.08160335 -0.00455493
v -0.25963348 -0.07833344 -0.00455493
v -0.25052351 -0.08018363 -0.00455493
v -0.24141359 -0.08303636 -0.00455493
v -0.23230368 -0.08517694 -0.00455493
v -0.22319376 -0.08654451 -0.00439924
v -0.22365838 -0.08654451 -0.00455493
v -0.21408379 -0.08654451 -0.00234079
v -0.20497382 -0.08654451 -0.00078124
v -0.19586390 -0.08654451 0.00029516
v -0.18675393 -0.08654451 0.00103652
v -0.17764395 -0.08654451 0.00137860
v -0.16853404 -0.08654451 0.00195038
v -0.15942407 -0.08654451 0.00244766
v -0.15031409 -0.08654451 0.00278658
v -0.14120418 -0.08654451 0.00248760
v -0.13209426 -0.08654451 0.00196511
v -0.12298429 -0.08654451 0.00135720
v -0.11387438 -0.08654451 0.00058651
v -0.10476440 -0.08654451 -0.00118428
v -0.09565443 -0.08654451 -0.00372463
v -0.08654451 -0.08587205 -0.00455493
v -0.09214520 -0.08654451 -0.00455493
v -0.07743454 -0.08654451 0.00107658
v -0.08517599 -0.08654451 -0.00455493
v -0.06832457 -0.08621949 -0.00455493
v -0.06890440 -0.08654451 -0.00455493
v -0.06821543 -0.08654451 -0.00455493
v 0.01366490 -0.08654451 0.00199664
v 0.02277488 -0.08654451 0.00020444
v 0.03188485 -0.08654451 -0.00158453
v 0.04099482 -0.08654451 -0.00340289
v 0.05010474 -0.08618081 -0.00455493
v 0.04709315 -0.08654451 -0.00455493
v 0.05921459 -0.08499330 -0.00455493
v 0.06832457 -0.08370936 -0.00455493
v 0.07743454 -0.08219814 -0.00455493
v 0.08654451 -0.08075726 -0.00455493
v 0.09565449 -0.08010066 -0.00455493
v 0.10476446 -0.07907152 -0.00455493
v -0.22319376 -0.08670235 -0.00455493
v -0.21408379 -0.08881623 -0.00455493
v -0.20497382 -0.09047824 -0.00455493
v -0.19586390 -0.09166694 -0.00455493
v -0.18675393 -0.09254539 -0.00455493
v -0.17764395 -0.09290934 -0.00455493
v -0.16853404 -0.09350061 -0.00455493
v -0.15942407 -0.09401470 -0.00455493
v -0.15031409 -0.09438682 -0.00455493
v -0.14120418 -0.09410846 -0.00455493
v -0.13209426 -0.09362870 -0.00455493
v -0.12298429 -0.09300184 -0.00455493
v -0.11387438 -0.09218508 -0.00455493
v -0.10476440 -0.09007531 -0.00455493
v -0.09565443 -0.08738792 -0.00455493
v -0.07743454 -0.09236288 -0.00455493
v -0.05921465 -0.09565449 0.00032562
v -0.06387430 -0.09565449 -0.00455493
v -0.05010468 -0.09565449 0.00175267
v -0.03188485 -0.09565449 0.00306571
v -0.02277488 -0.09565449 0.00103033
v -0.01366490 -0.09565449 -0.00144732
v -0.00455499 -0.09565449 -0.00425613
v 0.00455493 -0.09363002 -0.00455493
v -0.00367886 -0.09565449 -0.00455493
v 0.01366490 -0.09142166 -0.00455493
v 0.02277488 -0.09003317 -0.00455493
v 0.03188485 -0.08870888 -0.00455493
v 0.04099482 -0.08739549 -0.00455493
v -0.05921465 -0.10002959 -0.00455493
v -0.05010468 -0.10037917 -0.00455493
v -0.04099476 -0.10083956 -0.00455493
v -0.03188485 -0.10018009 -0.00455493
v -0.02277488 -0.09911734 -0.00455493
v -0.01366490 -0.09762406 -0.00455493
v -0.00455499 -0.09586406 -0.00455493
v -0.09565443 0.17764395 -0.01318532
v -0.08654451 0.18284023 -0.01366490
v -0.09536755 0.17764395 -0.01366490
v -0.07743454 0.17764395 -0.01326239
v -0.08088613 0.17764395 -0.01366490
v -0.06832457 0.17764395 -0.01147002
v -0.10476440 0.17681181 -0.01366490
v -0.11303627 0.16853404 -0.01366490
v -0.09565443 0.17742950 -0.01366490
v -0.07743454 0.17701524 -0.01366490
v -0.06832457 0.16853404 -0.01351589
v -0.06856048 0.16853404 -0.01366490
v -0.05921465 0.16853404 -0.01198673
v -0.11367053 0.15942407 -0.01366490
v -0.06832457 0.15942407 -0.01343411
v -0.06941068 0.15942407 -0.01366490
v -0.05921465 0.15942407 -0.01227081
v -0.05010468 0.15942407 -0.00457901
v -0.10476440 0.15053010 -0.01366490
v -0.09565443 0.15041786 -0.01366490
v -0.08654451 0.15058964 -0.01366490
v -0.07743454 0.15342987 -0.01366490
v 0.12298429 0.15031409 -0.00620812
v 0.14120424 0.15031409 -0.00615686
v 0.15031421 0.15031409 -0.00569391
v 0.16853404 0.15031409 -0.00619388
v 0.17764401 0.15031409 -0.00814080
v 0.18675399 0.15031409 -0.00777507
v 0.19586384 0.15031409 -0.00614834
v -0.31429321 0.14120418 -0.00732952
v -0.30518323 0.14120418 -0.01045305
v -0.30518323 0.14381415 -0.01366490
v -0.30900079 0.14120418 -0.01366490
v -0.29607332 0.14120418 -0.01354533
v -0.29607332 0.14123279 -0.01366490
v -0.29560196 0.14120418 -0.01366490
v -0.25963348 0.14120418 -0.01276475
v -0.25963348 0.14135760 -0.01366490
v -0.26023942 0.14120418 -0.01366490
v -0.25792778 0.14120418 -0.01366490
v -0.23230368 0.14120418 -0.01142865
v -0.23230368 0.14253056 -0.01366490
v -0.23541063 0.14120418 -0.01366490
v -0.22319376 0.14120418 -0.00711912
v -0.22319376 0.14489394 -0.01366490
v -0.21408379 0.14120418 -0.00796884
v -0.21408379 0.14401996 -0.01366490
v -0.20497382 0.14120418 -0.00584519
v -0.20497382 0.14562076 -0.01366490
v -0.19586390 0.14120418 -0.00652039
v -0.19586390 0.14547288 -0.01366490
v -0.18675393 0.14120418 -0.00677115
v -0.18675393 0.14513451 -0.01366490
v -0.17764395 0.14120418 -0.00732189
v -0.17764395 0.14454836 -0.01366490
v -0.16853404 0.14120418 -0.00997806
v -0.16853404 0.14326763 -0.01366490
v -0.15998685 0.14120418 -0.01366490
v -0.06832457 0.14673388 -0.01366490
v -0.07414174 0.14120418 -0.01366490
v -0.05921465 0.14738822 -0.01366490
v -0.05010468 0.14312667 -0.01366490
v -0.04099476 0.14120418 -0.00895524
v -0.04534912 0.14120418 -0.01366490
v -0.03188485 0.14120418 -0.00540352
v 0.12298429 0.14120418 -0.00756675
v 0.13209426 0.14120418 -0.00949711
v 0.14120424 0.14120418 -0.01086301
v 0.15031421 0.14120418 -0.01048040
v 0.15942407 0.14120418 -0.01153767
v 0.16853404 0.14120418 -0.01307952
v 0.17764401 0.14184022 -0.01366490
v 0.17461348 0.14120418 -0.01366490
v 0.18675399 0.14150858 -0.01366490
v 0.19586384 0.14120418 -0.01361191
v 0.19214177 0.14120418 -0.01366490
v 0.20497382 0.14168197 -0.01366490
v 0.19857538 0.14120418 -0.01366490
v 0.21408367 0.14461577 -0.01366490
v 0.22319365 0.14261991 -0.01366490
v 0.23230362 0.14120418 -0.01271957
v 0.22775674 0.14120418 -0.01366490
v 0.24141359 0.14120418 -0.00981969
v 0.25052357 0.14120418 -0.00575209
v -0.35073298 0.13947695 -0.01366490
v -0.35846043 0.13209426 -0.01366490
v -0.34162301 0.13899493 -0.01366490
v -0.33251309 0.14005768 -0.01366490
v -0.32340318 0.14096427 -0.01366490
v -0.31429321 0.14020163 -0.01366490
v -0.28696334 0.14114988 -0.01366490
v -0.27785337 0.14096594 -0.01366490
v -0.26874346 0.14104259 -0.01366490
v -0.25052351 0.14112973 -0.01366490
v -0.24141359 0.14067131 -0.01366490
v -0.15942407 0.14119238 -0.01366490
v -0.15031409 0.14102602 -0.01366490
v -0.14120418 0.14097720 -0.01366490
v -0.13209426 0.14070183 -0.01366490
v -0.12298429 0.14037645 -0.01366490
v -0.11387438 0.14053005 -0.01366490
v -0.10476440 0.14008015 -0.01366490
v -0.09565443 0.13817883 -0.01366490
v -0.08757448 0.13209426 -0.01366490
v -0.07731599 0.13209426 -0.01366490
v -0.04099476 0.14016700 -0.01366490
v -0.03188485 0.13862485 -0.01366490
v -0.02277488 0.13736963 -0.01366490
v -0.01366490 0.13609433 -0.01366490
v -0.00455499 0.13555354 -0.01366490
v 0.00455493 0.13493609 -0.01366490
v 0.01366490 0.13412213 -0.01366490
v 0.02277488 0.13334417 -0.01366490
v 0.03188485 0.13246262 -0.01366490
v 0.04099482 0.13209426 -0.01146436
v 0.03525215 0.13209426 -0.01366490
v 0.11387432 0.13209426 -0.00734210
v 0.12298429 0.13429320 -0.01366490
v 0.11918777 0.13209426 -0.01366490
v 0.13209426 0.13370317 -0.01366490
v 0.14120424 0.13270742 -0.01366490
v 0.15031421 0.13511544 -0.01366490
v 0.15942407 0.13719940 -0.01366490
v 0.16853404 0.13942194 -0.01366490
v 0.19586384 0.14112091 -0.01366490
v 0.23230362 0.14041162 -0.01366490
v 0.24141359 0.13804114 -0.01366490
v 0.25052357 0.13595641 -0.01366490
v 0.25963354 0.13273883 -0.01366490
v 0.26874340 0.13209426 -0.01145446
v 0.26088536 0.13209426 -0.01366490
v 0.27785337 0.13209426 -0.00662732
v -0.38717276 0.13052273 -0.01366490
v -0.39617476 0.12298429 -0.01366490
v -0.37806284 0.13069320 -0.01366490
v -0.36895287 0.13008845 -0.01366490
v -0.35984290 0.13133252 -0.01366490
v -0.08654451 0.12992495 -0.01366490
v -0.07743454 0.13040179 -0.01366490
v 0.04099482 0.13082743 -0.01366490
v 0.05010474 0.12770611 -0.01366490
v 0.05921459 0.12298429 -0.01242387
v 0.05921459 0.12336773 -0.01366490
v 0.06001639 0.12298429 -0.01366490
v 0.10476446 0.12298429 -0.01213360
v 0.10476446 0.12395680 -0.01366490
v 0.09868288 0.12298429 -0.01366490
v 0.11293280 0.12298429 -0.01366490
v 0.12298429 0.12787724 -0.01366490
v 0.13209426 0.12688386 -0.01366490
v 0.14120424 0.12756592 -0.01366490
v 0.15031421 0.12298429 -0.01212144
v 0.15031421 0.12301266 -0.01366490
v 0.15942407 0.12479776 -0.01366490
v 0.16853404 0.12611973 -0.01366490
v 0.17764401 0.12579179 -0.01366490
v 0.18026555 0.12298429 -0.01366490
v 0.26874340 0.12976557 -0.01366490
v 0.27785337 0.12775981 -0.01366490
v 0.28696334 0.12553591 -0.01366490
v 0.29607332 0.12298429 -0.01077819
v 0.29045761 0.12298429 -0.01366490
v -0.39628273 0.12294048 -0.01366490
v -0.40493855 0.11387438 -0.01366490
v 0.06832457 0.12187386 -0.01366490
v 0.07743454 0.12221932 -0.01366490
v 0.08654451 0.12259704 -0.01366490
v 0.09565449 0.12277716 -0.01366490
v 0.11387432 0.12295288 -0.01366490
v 0.12298429 0.12208694 -0.01366490
v 0.13209426 0.12257785 -0.01366490
v 0.14120424 0.12281018 -0.01366490
v 0.15031421 0.12298018 -0.01366490
v 0.15942407 0.12258488 -0.01366490
v 0.16853404 0.12225443 -0.01366490
v 0.17764401 0.12242144 -0.01366490
v 0.29607332 0.12212992 -0.01366490
v 0.30518329 0.12007803 -0.01366490
v 0.31139410 0.11387438 -0.01366490
v -0.49649215 0.10476440 -0.01033086
v -0.49649215 0.10802847 -0.01366490
v -0.49958050 0.10476440 -0.01366490
v -0.48738220 0.10476440 -0.00520730
v -0.48738220 0.11295187 -0.01366490
v -0.47827226 0.10476440 -0.00493109
v -0.47827226 0.11333680 -0.01366490
v -0.46916229 0.10476440 -0.00580198
v -0.46916229 0.11218089 -0.01366490
v -0.46005234 0.10476440 -0.01159292
v -0.46005234 0.10667616 -0.01366490
v -0.45811373 0.10476440 -0.01366490
v -0.40539271 0.11312920 -0.01366490
v -0.41335374 0.10476440 -0.01366490
v 0.31429327 0.10954922 -0.01366490
v 0.31908846 0.10476440 -0.01366490
v -0.50429416 0.09565443 -0.01366490
v -0.45094243 0.10350877 -0.01366490
v -0.44183245 0.10096258 -0.01366490
v -0.43272254 0.09565443 -0.00802970
v -0.43520874 0.09565443 -0.01366490
v -0.41450259 0.09565443 -0.01032692
v -0.41428378 0.09565443 -0.01366490
v 0.32241619 0.09565443 -0.01366490
v -0.50500011 0.08654451 -0.01366490
v -0.43272254 0.09429747 -0.01366490
v -0.42361256 0.08654451 -0.01307470
v -0.42484331 0.08654451 -0.01366490
v -0.41450259 0.09132755 -0.01366490
v -0.42017955 0.08654451 -0.01366490
v 0.32340312 0.09319454 -0.01366490
v 0.32989037 0.08654451 -0.01366490
v -0.50513709 0.07743454 -0.01366490
v -0.42361256 0.08507723 -0.01366490
v 0.33173001 0.07743454 -0.01366490
v 0.42361248 0.07743454 -0.00936770
v 0.42361248 0.08174056 -0.01366490
v 0.41883695 0.07743454 -0.01366490
v 0.43175697 0.07743454 -0.01366490
v -0.50455225 0.06832457 -0.01366490
v 0.33251309 0.06832457 -0.01013505
v 0.33251309 0.07124364 -0.01366490
v 0.33537877 0.06832457 -0.01366490
v 0.40539265 0.06832457 -0.00772262
v 0.40539265 0.07426763 -0.01366490
v 0.39944792 0.06832457 -0.01366490
v 0.41450262 0.06832457 -0.00457245
v 0.41450262 0.07726175 -0.01366490
v 0.43272245 0.07741517 -0.01366490
v 0.44183242 0.07691497 -0.01366490
v 0.45094240 0.06832457 -0.01053071
v 0.45094240 0.07133329 -0.01366490
v 0.45746267 0.06832457 -0.01366490
v -0.50071704 0.05921465 -0.01366490
v -0.45094243 0.06046212 -0.01366490
v -0.45965186 0.05921465 -0.01366490
v -0.44183245 0.06094253 -0.01366490
v -0.43272254 0.06099445 -0.01366490
v -0.42361256 0.06487906 -0.01366490
v -0.41450259 0.06313431 -0.01366490
v -0.41406262 0.05921465 -0.01366490
v 0.34035873 0.05921465 -0.01366490
v 0.39628267 0.05921465 -0.00715280
v 0.39628267 0.06562370 -0.01366490
v 0.38988280 0.05921465 -0.01366490
v 0.45094240 0.05921465 -0.00736970
v 0.46005237 0.05921465 -0.00519419
v 0.46005237 0.06766254 -0.01366490
v 0.46916234 0.06804305 -0.01366490
v 0.47793257 0.05921465 -0.01366490
v -0.49649215 0.05489475 -0.01366490
v -0.48738220 0.05200452 -0.01366490
v -0.47827226 0.05115110 -0.01366490
v -0.46916229 0.05336761 -0.01366490
v -0.46005234 0.05890042 -0.01366490
v -0.41035801 0.05010468 -0.01366490
v 0.34162307 0.05010468 -0.01346797
v 0.34162307 0.05030894 -0.01366490
v 0.34181631 0.05010468 -0.01366490
v 0.38720322 0.05010468 -0.01366490
v 0.46005237 0.05010468 -0.00539905
v 0.47827220 0.05010468 -0.00595170
v 0.47827220 0.05870193 -0.01366490
v 0.48586285 0.05010468 -0.01366490
v -0.40539271 0.04504293 -0.01366490
v -0.40255517 0.04099476 -0.01366490
v 0.34162307 0.04099476 -0.01084590
v 0.34488654 0.04099476 -0.01366490
v 0.38717282 0.05004644 -0.01366490
v 0.37832367 0.04099476 -0.01366490
v 0.48680115 0.04099476 -0.01366490
v -0.39628273 0.03449684 -0.01366490
v -0.38717276 0.03188485 -0.00795233
v -0.38976929 0.03188485 -0.01366490
v 0.34162307 0.03188485 -0.00520653
v 0.35052645 0.03188485 -0.01366490
v 0.35984302 0.03188485 -0.00994134
v 0.35984302 0.03935248 -0.01366490
v 0.35209405 0.03188485 -0.01366490
v 0.36370993 0.03188485 -0.01366490
v 0.38308752 0.03188485 -0.01366490
v 0.48721755 0.03188485 -0.01366490
v -0.38717276 0.02957201 -0.01366490
v -0.37806284 0.02394545 -0.01366490
v -0.37382880 0.02277488 -0.01366490
v 0.35073304 0.02277488 -0.01095212
v 0.35073304 0.02988875 -0.01366490
v 0.35984302 0.02277488 -0.01010716
v 0.36367035 0.02277488 -0.01366490
v 0.37875175 0.02277488 -0.01366490
v 0.48727930 0.02277488 -0.01366490
v -0.36895287 0.01844615 -0.01366490
v -0.35984290 0.01620817 -0.01366490
v -0.35073298 0.01570100 -0.01366490
v -0.34162301 0.01511037 -0.01366490
v -0.33251309 0.01442176 -0.01366490
v -0.32340318 0.01436764 -0.01366490
v -0.31429321 0.01366490 -0.00733048
v -0.31429321 0.01386899 -0.01366490
v -0.31386018 0.01366490 -0.01366490
v 0.35073304 0.01366490 -0.00975114
v 0.35984302 0.01366490 -0.01193321
v 0.36178327 0.01366490 -0.01366490
v 0.37825453 0.01366490 -0.01366490
v 0.48720694 0.01366490 -0.01366490
v -0.31429321 0.00455499 -0.01332128
v -0.31429321 0.00589871 -0.01366490
v -0.31455839 0.00455499 -0.01366490
v 0.35073304 0.00781769 -0.01366490
v 0.35038722 0.00455499 -0.01366490
v 0.35984302 0.01092279 -0.01366490
v 0.38717282 0.00455499 -0.00765198
v 0.38088202 0.00455499 -0.01366490
v 0.47827220 0.00455499 -0.00462067
v 0.48707008 0.00455499 -0.01366490
v -0.31429321 0.00408524 -0.01366490
v -0.30518323 -0.00455493 -0.00807428
v -0.31131750 -0.00455493 -0.01366490
v 0.34162307 -0.00455493 -0.00669950
v 0.34870243 -0.00455493 -0.01366490
v 0.38717282 -0.00153661 -0.01366490
v 0.38815057 -0.00455493 -0.01366490
v 0.45094240 -0.00455493 -0.00715292
v 0.46005237 -0.00455493 -0.00601625
v 0.47827220 -0.00455493 -0.00639427
v 0.48550344 -0.00455493 -0.01366490
v -0.30518323 -0.00936818 -0.01366490
v -0.29607332 -0.01268929 -0.01366490
v -0.28696334 -0.01366490 -0.01172775
v -0.29005170 -0.01366490 -0.01366490
v -0.27785337 -0.01366490 -0.00618267
v 0.33251309 -0.01366490 -0.00832951
v 0.34162307 -0.01271582 -0.01366490
v 0.33908939 -0.01366490 -0.01366490
v 0.39628267 -0.01366490 -0.00586885
v 0.38866270 -0.01366490 -0.01366490
v 0.46005237 -0.01188397 -0.01366490
v 0.45811844 -0.01366490 -0.01366490
v 0.46916234 -0.01324391 -0.01366490
v 0.47827220 -0.01199597 -0.01366490
v -0.31429321 -0.02277488 -0.00926542
v -0.31429321 -0.01908243 -0.01366490
v -0.31913745 -0.02277488 -0.01366490
v -0.30518323 -0.01530719 -0.01366490
v -0.29607332 -0.01415443 -0.01366490
v 0.33251309 -0.02277488 -0.00890708
v 0.33730233 -0.02277488 -0.01366490
v 0.39628267 -0.02127951 -0.01366490
v 0.40539265 -0.02277488 -0.00863612
v 0.40036047 -0.02277488 -0.01366490
v 0.41450262 -0.02277488 -0.00465006
v 0.44183242 -0.02277488 -0.00592351
v 0.45094240 -0.02232867 -0.01366490
v 0.45056653 -0.02277488 -0.01366490
v -0.35073298 -0.03188485 -0.01181114
v -0.35073298 -0.03015709 -0.01366490
v -0.35358167 -0.03188485 -0.01366490
v -0.34162301 -0.03188485 -0.00667369
v -0.34162301 -0.02606106 -0.01366490
v -0.33251309 -0.02624494 -0.01366490
v -0.32340318 -0.03188485 -0.00555295
v -0.32340318 -0.02599323 -0.01366490
v 0.32340312 -0.03188485 -0.00691354
v 0.33251309 -0.02838582 -0.01366490
v 0.33067727 -0.03188485 -0.01366490
v 0.40539265 -0.02778786 -0.01366490
v 0.41450262 -0.03188485 -0.01343334
v 0.41427028 -0.03188485 -0.01366490
v 0.42361248 -0.03188485 -0.00726336
v 0.43272245 -0.03188485 -0.01043373
v 0.44183242 -0.03025335 -0.01366490
v 0.43713224 -0.03188485 -0.01366490
v -0.36895287 -0.04099482 -0.00965840
v -0.36895287 -0.03693718 -0.01366490
v -0.37284717 -0.04099482 -0.01366490
v -0.35984290 -0.04099482 -0.00531900
v -0.35984290 -0.03296840 -0.01366490
v 0.31429327 -0.04099482 -0.00657940
v 0.32340312 -0.04099482 -0.01254898
v 0.32452667 -0.04099482 -0.01366490
v 0.41450262 -0.03211582 -0.01366490
v 0.42361248 -0.03826439 -0.01366490
v 0.43272245 -0.03509575 -0.01366490
v -0.36895287 -0.05010474 -0.00793034
v -0.37461892 -0.05010474 -0.01366490
v -0.35984290 -0.05010474 -0.00478351
v 0.30518329 -0.05010474 -0.00637972
v 0.31429327 -0.05010474 -0.00943440
v 0.32340312 -0.04223353 -0.01366490
v 0.31879187 -0.05010474 -0.01366490
v -0.36895287 -0.05921459 -0.00864142
v -0.37399614 -0.05921459 -0.01366490
v -0.35984290 -0.05921459 -0.00525218
v 0.29607332 -0.05921459 -0.00699997
v 0.30518329 -0.05921459 -0.01077032
v 0.31429327 -0.05483454 -0.01366490
v 0.30852759 -0.05921459 -0.01366490
v -0.36895287 -0.06832457 -0.01139486
v -0.37123492 -0.06832457 -0.01366490
v -0.35984290 -0.06832457 -0.00638026
v -0.35073298 -0.06832457 -0.00463271
v -0.30518323 -0.06832457 -0.00457793
v 0.26874340 -0.06832457 -0.00461817
v 0.27785337 -0.06832457 -0.00669754
v 0.28696334 -0.06832457 -0.00908029
v 0.29607332 -0.06761146 -0.01366490
v 0.29447567 -0.06832457 -0.01366490
v 0.30518329 -0.06231219 -0.01366490
v -0.36895287 -0.07173187 -0.01366490
v -0.35984290 -0.07743454 -0.00913745
v -0.36563396 -0.07743454 -0.01366490
v -0.35073298 -0.07743454 -0.00628597
v -0.32340318 -0.07743454 -0.00544584
v -0.31429321 -0.07743454 -0.00570852
v -0.30518323 -0.07743454 -0.00516784
v 0.11387432 -0.07743454 -0.00524110
v 0.12298429 -0.07743454 -0.00709152
v 0.13209426 -0.07743454 -0.00858235
v 0.14120424 -0.07743454 -0.01085049
v 0.15031421 -0.07738072 -0.01366490
v 0.14996421 -0.07743454 -0.01366490
v 0.15942407 -0.07743454 -0.01220524
v 0.15105784 -0.07743454 -0.01366490
v 0.16853404 -0.07743454 -0.01076198
v 0.17764401 -0.07743454 -0.00963891
v 0.18675399 -0.07743454 -0.00757658
v 0.19586384 -0.07743454 -0.00604904
v 0.20497382 -0.07743454 -0.00490391
v 0.21408367 -0.07743454 -0.00493586
v 0.22319365 -0.07743454 -0.00503242
v 0.23230362 -0.07743454 -0.00526041
v 0.24141359 -0.07743454 -0.00602829
v 0.25052357 -0.07743454 -0.00695688
v 0.25963354 -0.07743454 -0.00816786
v 0.26874340 -0.07743454 -0.01058608
v 0.27785337 -0.07676715 -0.01366490
v 0.27595210 -0.07743454 -0.01366490
v 0.28696334 -0.07348168 -0.01366490
v -0.35984290 -0.08386469 -0.01366490
v -0.35073298 -0.08654451 -0.00871599
v -0.35753810 -0.08654451 -0.01366490
v -0.34162301 -0.08654451 -0.00576150
v -0.33251309 -0.08654451 -0.00930059
v -0.32340318 -0.08654451 -0.01048404
v -0.31429321 -0.08654451 -0.00902194
v -0.30518323 -0.08654451 -0.00635922
v -0.29607332 -0.08654451 -0.00511271
v -0.28696334 -0.08654451 -0.00459343
v -0.27785337 -0.08654451 -0.00497091
v -0.26874346 -0.08654451 -0.00639999
v -0.25963348 -0.08654451 -0.01080066
v -0.25052351 -0.08654451 -0.00945157
v -0.24141359 -0.08654451 -0.00802785
v -0.23230368 -0.08654451 -0.00571442
v -0.08654451 -0.08654451 -0.00510639
v -0.06832457 -0.08654451 -0.00512356
v 0.05010474 -0.08654451 -0.00521195
v 0.05921459 -0.08654451 -0.00716597
v 0.06832457 -0.08654451 -0.00907129
v 0.07743454 -0.08654451 -0.01100385
v 0.08654451 -0.08654451 -0.01295280
v 0.09565449 -0.08584750 -0.01366490
v 0.08998328 -0.08654451 -0.01366490
v 0.10476446 -0.08431810 -0.01366490
v 0.11387432 -0.08354026 -0.01366490
v 0.12298429 -0.08342797 -0.01366490
v 0.13209426 -0.08213228 -0.01366490
v 0.14120424 -0.08004695 -0.01366490
v 0.15942407 -0.07882792 -0.01366490
v 0.16853404 -0.08026558 -0.01366490
v 0.17764401 -0.08145684 -0.01366490
v 0.18675399 -0.08415365 -0.01366490
v 0.19586384 -0.08654451 -0.01206213
v 0.19331491 -0.08654451 -0.01366490
v 0.20497382 -0.08654451 -0.01007897
v 0.21408367 -0.08654451 -0.01043904
v 0.22319365 -0.08654451 -0.01084703
v 0.23230362 -0.08654451 -0.01140749
v 0.24141359 -0.08654451 -0.01252449
v 0.25052357 -0.08636850 -0.01366490
v 0.24919951 -0.08654451 -0.01366490
v 0.25963354 -0.08458716 -0.01366490
v 0.26874340 -0.08101833 -0.01366490
v -0.35073298 -0.09184813 -0.01366490
v -0.34162301 -0.09565449 -0.01013368
v -0.34549862 -0.09565449 -0.01366490
v -0.33251309 -0.09155881 -0.01366490
v -0.33690315 -0.09565449 -0.01366490
v -0.32340318 -0.09017628 -0.01366490
v -0.31429321 -0.09237731 -0.01366490
v -0.30518323 -0.09565449 -0.01306325
v -0.30636948 -0.09565449 -0.01366490
v -0.29607332 -0.09565449 -0.01150882
v -0.28696334 -0.09565449 -0.01036698
v -0.27785337 -0.09565449 -0.01257062
v -0.26874346 -0.09519309 -0.01366490
v -0.27265358 -0.09565449 -0.01366490
v -0.25963348 -0.08923751 -0.01366490
v -0.25052351 -0.09110725 -0.01366490
v -0.24141359 -0.09212589 -0.01366490
v -0.23230368 -0.09507340 -0.01366490
v -0.22319376 -0.09565449 -0.01229757
v -0.22807074 -0.09565449 -0.01366490
v -0.21408379 -0.09565449 -0.01003039
v -0.20497382 -0.09565449 -0.00822705
v -0.19586390 -0.09565449 -0.00740182
v -0.18675393 -0.09565449 -0.00685537
v -0.17764395 -0.09565449 -0.00682861
v -0.16853404 -0.09565449 -0.00627780
v -0.15942407 -0.09565449 -0.00577694
v -0.15031409 -0.09565449 -0.00541979
v -0.14120418 -0.09565449 -0.00564140
v -0.13209426 -0.09565449 -0.00609016
v -0.12298429 -0.09565449 -0.00674468
v -0.11387438 -0.09565449 -0.00651968
v -0.10476440 -0.09565449 -0.00907254
v -0.09565443 -0.09565449 -0.01347208
v -0.08654451 -0.09565449 -0.01365215
v -0.07743454 -0.09565449 -0.00774658
v -0.06832457 -0.09334576 -0.01366490
v -0.07058698 -0.09565449 -0.01366490
v -0.06745738 -0.09565449 -0.01366490
v 0.00455493 -0.09565449 -0.00826418
v 0.01366490 -0.09565449 -0.01183414
v 0.02277488 -0.09535789 -0.01366490
v 0.02077127 -0.09565449 -0.01366490
v 0.03188485 -0.09396327 -0.01366490
v 0.04099482 -0.09257889 -0.01366490
v 0.05010474 -0.09161013 -0.01366490
v 0.05921459 -0.09053826 -0.01366490
v 0.06832457 -0.08944792 -0.01366490
v 0.07743454 -0.08838594 -0.01366490
v 0.08654451 -0.08710277 -0.01366490
v 0.19586384 -0.08854616 -0.01366490
v 0.20497382 -0.09134662 -0.01366490
v 0.21408367 -0.09078127 -0.01366490
v 0.22319365 -0.09014601 -0.01366490
v 0.23230362 -0.08935708 -0.01366490
v 0.24141359 -0.08792174 -0.01366490
v -0.34162301 -0.09916729 -0.01366490
v -0.30518323 -0.09625489 -0.01366490
v -0.29607332 -0.09778100 -0.01366490
v -0.28696334 -0.09888172 -0.01366490
v -0.27785337 -0.09673059 -0.01366490
v -0.22319376 -0.09699464 -0.01366490
v -0.21408379 -0.09915769 -0.01366490
v -0.20497382 -0.10083759 -0.01366490
v -0.19586390 -0.10152698 -0.01366490
v -0.18675393 -0.10190958 -0.01366490
v -0.17764395 -0.10183001 -0.01366490
v -0.16853404 -0.10237563 -0.01366490
v -0.15942407 -0.10292065 -0.01366490
v -0.15031409 -0.10332304 -0.01366490
v -0.14120418 -0.10308433 -0.01366490
v -0.13209426 -0.10260183 -0.01366490
v -0.12298429 -0.10197210 -0.01366490
v -0.11387438 -0.10234857 -0.01366490
v -0.10476440 -0.09998739 -0.01366490
v -0.09565443 -0.09584016 -0.01366490
v -0.08654451 -0.09566683 -0.01366490
v -0.07743454 -0.10053706 -0.01366490
v -0.05921465 -0.10476446 -0.01360226
v -0.05927759 -0.10476446 -0.01366490
v -0.05010468 -0.10461521 -0.01366490
v -0.05770928 -0.10476446 -0.01366490
v -0.04099476 -0.10476446 -0.01322031
v -0.04599929 -0.10476446 -0.01366490
v -0.03188485 -0.10401005 -0.01366490
v -0.03870833 -0.10476446 -0.01366490
v -0.02277488 -0.10281861 -0.01366490
v -0.01366490 -0.10142410 -0.01366490
v -0.00455499 -0.09978926 -0.01366490
v 0.00455493 -0.09828204 -0.01366490
v 0.01366490 -0.09666145 -0.01366490
v -0.05921465 -0.10482180 -0.01366490
v -0.04099476 -0.10510927 -0.01366490
v -0.08654451 0.17764395 -0.01892215
v -0.10476440 0.16853404 -0.02203000
v -0.09565443 0.17428738 -0.02277488
v -0.10146463 0.16853404 -0.02277488
v -0.08654451 0.17506778 -0.02277488
v -0.07743454 0.16853404 -0.02214575
v -0.07968682 0.16853404 -0.02277488
v -0.10476440 0.16725582 -0.02277488
v -0.11243367 0.15942407 -0.02277488
v -0.07743454 0.15942407 -0.02031046
v -0.08041781 0.15942407 -0.02277488
v -0.10476440 0.15176845 -0.02277488
v -0.09565443 0.15166938 -0.02277488
v -0.08654451 0.15401214 -0.02277488
v -0.30518323 0.14120418 -0.02234811
v -0.29607332 0.14120418 -0.01377898
v -0.25963348 0.14293587 -0.02277488
v -0.26782447 0.14120418 -0.02277488
v -0.25146389 0.14120418 -0.02277488
v -0.23230368 0.14387882 -0.02277488
v -0.24005759 0.14120418 -0.02277488
v -0.22319376 0.14656907 -0.02277488
v -0.21408379 0.14521420 -0.02277488
v -0.20497382 0.14609641 -0.02277488
v -0.19586390 0.14507610 -0.02277488
v -0.18675393 0.14483160 -0.02277488
v -0.17764395 0.14439821 -0.02277488
v -0.16853404 0.14395392 -0.02277488
v -0.15942407 0.14120418 -0.01442873
v -0.15942407 0.14278781 -0.02277488
v -0.15382034 0.14120418 -0.02277488
v -0.06832457 0.14712113 -0.02277488
v -0.07430398 0.14120418 -0.02277488
v -0.05921465 0.14666277 -0.02277488
v -0.05010468 0.14171422 -0.02277488
v -0.04832768 0.14120418 -0.02277488
v 0.17764401 0.14120418 -0.01437199
v 0.18675399 0.14120418 -0.01399928
v 0.20497382 0.14120418 -0.01417422
v 0.21408367 0.14120418 -0.01737416
v 0.22319365 0.14120418 -0.01522118
v -0.35073298 0.13727766 -0.02277488
v -0.35597169 0.13209426 -0.02277488
v -0.34162301 0.13691682 -0.02277488
v -0.33251309 0.13969940 -0.02277488
v -0.32340318 0.13830715 -0.02277488
v -0.31429321 0.14040780 -0.02277488
v -0.30518323 0.14118481 -0.02277488
v -0.29607332 0.14097053 -0.02277488
v -0.28696334 0.14101213 -0.02277488
v -0.27785337 0.14098608 -0.02277488
v -0.26874346 0.14118624 -0.02277488
v -0.25052351 0.14117181 -0.02277488
v -0.24141359 0.14108276 -0.02277488
v -0.15031409 0.14107031 -0.02277488
v -0.14120418 0.14095217 -0.02277488
v -0.13209426 0.14058608 -0.02277488
v -0.12298429 0.14016378 -0.02277488
v -0.11387438 0.14021719 -0.02277488
v -0.10476440 0.13935232 -0.02277488
v -0.09565443 0.13586056 -0.02277488
v -0.08844382 0.13209426 -0.02277488
v -0.07743454 0.13209426 -0.02041191
v -0.07743454 0.13250005 -0.02277488
v -0.07921976 0.13209426 -0.02277488
v -0.04099476 0.13990819 -0.02277488
v -0.03188485 0.13813919 -0.02277488
v -0.02277488 0.13667905 -0.02277488
v -0.01366490 0.13524204 -0.02277488
v -0.00455499 0.13439232 -0.02277488
v 0.00455493 0.13328516 -0.02277488
v 0.01366490 0.13209426 -0.02177405
v 0.01196587 0.13209426 -0.02277488
v 0.02277488 0.13209426 -0.01853979
v 0.03188485 0.13209426 -0.01505381
v 0.12298429 0.13209426 -0.01656300
v 0.13209426 0.13209426 -0.01583499
v 0.14120424 0.13209426 -0.01444012
v 0.15031421 0.13209426 -0.01832664
v 0.15942407 0.13209426 -0.01927966
v 0.16853404 0.13209426 -0.01931977
v 0.17764401 0.13209426 -0.01956558
v 0.18675399 0.13209426 -0.02222633
v 0.19586384 0.13450086 -0.02277488
v 0.18881917 0.13209426 -0.02277488
v 0.20497382 0.13784599 -0.02277488
v 0.21408367 0.13882959 -0.02277488
v 0.22319365 0.13778251 -0.02277488
v 0.23230362 0.13575017 -0.02277488
v 0.24141359 0.13264459 -0.02277488
v 0.25052357 0.13209426 -0.01889354
v 0.24242091 0.13209426 -0.02277488
v 0.25963354 0.13209426 -0.01439649
v -0.38717276 0.12846404 -0.02277488
v -0.39384860 0.12298429 -0.02277488
v -0.37806284 0.12863308 -0.02277488
v -0.36895287 0.12827241 -0.02277488
v -0.35984290 0.13100654 -0.02277488
v -0.08654451 0.13074636 -0.02277488
v 0.01366490 0.13162243 -0.02277488
v 0.02277488 0.13036627 -0.02277488
v 0.03188485 0.12924659 -0.02277488
v 0.04099482 0.12813127 -0.02277488
v 0.05010474 0.12617224 -0.02277488
v 0.05921459 0.12345523 -0.02277488
v 0.06062829 0.12298429 -0.02277488
v 0.08654451 0.12298429 -0.02036440
v 0.08654451 0.12331587 -0.02277488
v 0.08435673 0.12298429 -0.02277488
v 0.09565449 0.12298429 -0.01605880
v 0.09565449 0.12408221 -0.02277488
v 0.10476446 0.12527370 -0.02277488
v 0.11387432 0.12298429 -0.01479793
v 0.11387432 0.12376744 -0.02277488
v 0.11580223 0.12298429 -0.02277488
v 0.18675399 0.12913883 -0.02277488
v 0.18469405 0.12298429 -0.02277488
v 0.25052357 0.12871206 -0.02277488
v 0.25963354 0.12586737 -0.02277488
v 0.26874340 0.12375826 -0.02277488
v 0.27785337 0.12298429 -0.01972532
v 0.27019119 0.12298429 -0.02277488
v 0.28696334 0.12298429 -0.01640427
v -0.49649215 0.11387438 -0.02118582
v -0.49649215 0.11536837 -0.02277488
v -0.49795684 0.11387438 -0.02277488
v -0.48738220 0.11387438 -0.01495320
v -0.48738220 0.12144446 -0.02277488
v -0.47827226 0.11387438 -0.01476634
v -0.47827226 0.12142509 -0.02277488
v -0.46975270 0.11387438 -0.02277488
v -0.39628273 0.12259507 -0.02277488
v -0.40513283 0.11387438 -0.02277488
v 0.06832457 0.12202042 -0.02277488
v 0.07743454 0.12255371 -0.02277488
v 0.12298429 0.12222749 -0.02277488
v 0.13209426 0.12257326 -0.02277488
v 0.14120424 0.12276965 -0.02277488
v 0.15031421 0.12275624 -0.02277488
v 0.15942407 0.12203693 -0.02277488
v 0.16853404 0.12154037 -0.02277488
v 0.17764401 0.12163097 -0.02277488
v 0.27785337 0.12144023 -0.02277488
v 0.28696334 0.11993927 -0.02277488
v 0.29607332 0.11859459 -0.02277488
v 0.30518329 0.11387438 -0.02002329
v 0.30098140 0.11387438 -0.02277488
v -0.50420177 0.10476440 -0.02277488
v -0.46916229 0.11360258 -0.02277488
v -0.46005234 0.10909170 -0.02277488
v -0.45575577 0.10476440 -0.02277488
v -0.40539271 0.11340100 -0.02277488
v -0.41329053 0.10476440 -0.02277488
v 0.30518329 0.11262316 -0.02277488
v 0.31429327 0.10476440 -0.01856506
v 0.31301498 0.10476440 -0.02277488
v -0.50499606 0.09565443 -0.02277488
v -0.45094243 0.09825349 -0.02277488
v -0.44183245 0.09565443 -0.01948565
v -0.44789591 0.09565443 -0.02277488
v -0.41402277 0.09565443 -0.02277488
v 0.31429327 0.10238433 -0.02277488
v 0.32095516 0.09565443 -0.02277488
v -0.50521237 0.08654451 -0.02277488
v -0.44183245 0.09014672 -0.02277488
v -0.43272254 0.08654451 -0.02097195
v -0.43808618 0.08654451 -0.02277488
v -0.41450259 0.08654451 -0.01783556
v -0.41430601 0.08654451 -0.02277488
v 0.32340312 0.09111792 -0.02277488
v 0.32793176 0.08654451 -0.02277488
v -0.50507748 0.07743454 -0.02277488
v -0.43272254 0.07743454 -0.02268898
v -0.43340346 0.07743454 -0.02277488
v -0.42361256 0.07743454 -0.02026254
v -0.41450259 0.07743454 -0.02208215
v -0.41443059 0.07743454 -0.02277488
v 0.33182263 0.07743454 -0.02277488
v 0.41450262 0.07743454 -0.01585674
v 0.41450262 0.08399719 -0.02277488
v 0.40779459 0.07743454 -0.02277488
v 0.42361248 0.08587718 -0.02277488
v 0.43272245 0.07743454 -0.01389962
v 0.43272245 0.08480000 -0.02277488
v 0.44183242 0.07743454 -0.01621354
v 0.44183242 0.08400005 -0.02277488
v 0.45060098 0.07743454 -0.02277488
v -0.50411522 0.06832457 -0.02277488
v -0.45094243 0.06832457 -0.02244204
v -0.45094243 0.06890923 -0.02277488
v -0.45147845 0.06832457 -0.02277488
v -0.44183245 0.06832457 -0.02163237
v -0.44183245 0.07151383 -0.02277488
v -0.43272254 0.06832457 -0.02155530
v -0.42361256 0.06832457 -0.01721537
v -0.41450259 0.06832457 -0.01914191
v -0.41426671 0.06832457 -0.02277488
v 0.33251309 0.07125509 -0.02277488
v 0.33541942 0.06832457 -0.02277488
v 0.39628267 0.06832457 -0.02089334
v 0.39628267 0.07021040 -0.02277488
v 0.39440513 0.06832457 -0.02277488
v 0.40539265 0.07651842 -0.02277488
v 0.45094240 0.07719129 -0.02277488
v 0.46005237 0.06832457 -0.01644707
v 0.46005237 0.07116467 -0.02277488
v 0.46916234 0.06832457 -0.01564318
v 0.46916234 0.07261574 -0.02277488
v 0.47351599 0.06832457 -0.02277488
v -0.49718586 0.05921465 -0.02277488
v -0.46916229 0.05921465 -0.02225339
v -0.46916229 0.05932301 -0.02277488
v -0.46961731 0.05921465 -0.02277488
v -0.46005234 0.05921465 -0.01400816
v -0.46005234 0.06135547 -0.02277488
v -0.41384602 0.05921465 -0.02277488
v 0.34109807 0.05921465 -0.02277488
v 0.35073304 0.05921465 -0.02052408
v 0.35073304 0.06155753 -0.02277488
v 0.34701812 0.05921465 -0.02277488
v 0.35300899 0.05921465 -0.02277488
v 0.38717282 0.05921465 -0.01919293
v 0.38717282 0.06280130 -0.02277488
v 0.38334739 0.05921465 -0.02277488
v 0.47827220 0.05921465 -0.01708925
v 0.47827220 0.06229961 -0.02277488
v 0.48128724 0.05921465 -0.02277488
v -0.49649215 0.05852175 -0.02277488
v -0.48738220 0.05454350 -0.02277488
v -0.47827226 0.05306077 -0.02277488
v -0.41109562 0.05010468 -0.02277488
v 0.34162307 0.05824053 -0.02277488
v 0.35073304 0.05010468 -0.01657617
v 0.35872138 0.05010468 -0.02277488
v 0.38717282 0.05010468 -0.01369739
v 0.37814140 0.05010468 -0.02277488
v 0.48550189 0.05010468 -0.02277488
v -0.40539271 0.04415840 -0.02277488
v -0.40326539 0.04099476 -0.02277488
v 0.35073304 0.04099476 -0.01565152
v 0.35984302 0.04099476 -0.01466012
v 0.35984302 0.04838669 -0.02277488
v 0.36674809 0.04099476 -0.02277488
v 0.37806571 0.04099476 -0.02277488
v 0.48645544 0.04099476 -0.02277488
v -0.39628273 0.03368372 -0.02277488
v -0.39206320 0.03188485 -0.02277488
v 0.35073304 0.03188485 -0.01393354
v 0.36867237 0.03188485 -0.02277488
v 0.37806284 0.03188485 -0.01705253
v 0.37806284 0.04063362 -0.02277488
v 0.36937177 0.03188485 -0.02277488
v 0.48721111 0.03188485 -0.02277488
v -0.38717276 0.02773762 -0.02277488
v -0.37806284 0.02381051 -0.02277488
v -0.37097117 0.02277488 -0.02277488
v 0.36895299 0.02277488 -0.02123517
v 0.36895299 0.02943051 -0.02277488
v 0.37806284 0.02277488 -0.01462162
v 0.48730576 0.02277488 -0.02277488
v -0.36895287 0.02102071 -0.02277488
v -0.35984290 0.01736283 -0.02277488
v -0.35073298 0.01636618 -0.02277488
v -0.34162301 0.01572615 -0.02277488
v -0.33251309 0.01545095 -0.02277488
v -0.32340318 0.01508558 -0.02277488
v -0.31429321 0.01429707 -0.02277488
v -0.31301403 0.01366490 -0.02277488
v 0.36895299 0.01366490 -0.02085876
v 0.37806284 0.01366490 -0.01409501
v 0.48729193 0.01366490 -0.02277488
v -0.31429321 0.00870603 -0.02277488
v -0.31681830 0.00455499 -0.02277488
v 0.35073304 0.00455499 -0.01532573
v 0.35984302 0.00455499 -0.01739752
v 0.36895299 0.01132101 -0.02277488
v 0.36476946 0.00455499 -0.02277488
v 0.37806284 0.00455499 -0.01779896
v 0.37295413 0.00455499 -0.02277488
v 0.48717535 0.00455499 -0.02277488
v -0.31429321 -0.00455493 -0.01616186
v -0.31996953 -0.00455493 -0.02277488
v 0.35073304 -0.00381172 -0.02277488
v 0.35066521 -0.00455493 -0.02277488
v 0.35984302 -0.00455493 -0.02172530
v 0.35590136 -0.00455493 -0.02277488
v 0.36106563 -0.00455493 -0.02277488
v 0.37806284 -0.00397217 -0.02277488
v 0.38717282 -0.00455493 -0.01444584
v 0.37812591 -0.00455493 -0.02277488
v 0.48657835 -0.00455493 -0.02277488
v -0.31429321 -0.01366490 -0.02052963
v -0.31677240 -0.01366490 -0.02277488
v -0.30518323 -0.01366490 -0.01668781
v -0.29607332 -0.01366490 -0.01475137
v 0.34162307 -0.01366490 -0.01402766
v 0.35003030 -0.01366490 -0.02277488
v 0.35984302 -0.00588524 -0.02277488
v 0.38717282 -0.01366490 -0.01420557
v 0.37839937 -0.01366490 -0.02277488
v 0.46005237 -0.01366490 -0.01380348
v 0.46916234 -0.01366490 -0.01740384
v 0.47827220 -0.01312155 -0.02277488
v 0.47484827 -0.01366490 -0.02277488
v -0.34162301 -0.02277488 -0.01920652
v -0.34162301 -0.01967180 -0.02277488
v -0.34631002 -0.02277488 -0.02277488
v -0.33251309 -0.02277488 -0.01946801
v -0.33251309 -0.02009815 -0.02277488
v -0.32340318 -0.02277488 -0.01580375
v -0.32340318 -0.01647985 -0.02277488
v 0.34162307 -0.02277488 -0.01611531
v 0.34825826 -0.02277488 -0.02277488
v 0.38717282 -0.02227032 -0.02277488
v 0.39628267 -0.02277488 -0.01383221
v 0.38732779 -0.02277488 -0.02277488
v 0.45094240 -0.02277488 -0.01367962
v 0.46005237 -0.02277488 -0.01514572
v 0.46916234 -0.01912552 -0.02277488
v 0.46794450 -0.02277488 -0.02277488
v -0.36895287 -0.03188485 -0.01787663
v -0.36895287 -0.02698129 -0.02277488
v -0.37408498 -0.03188485 -0.02277488
v -0.35984290 -0.03188485 -0.01506835
v -0.35984290 -0.02480537 -0.02277488
v -0.35073298 -0.02378327 -0.02277488
v 0.33251309 -0.03188485 -0.01465732
v 0.34162307 -0.02966225 -0.02277488
v 0.34039974 -0.03188485 -0.02277488
v 0.39628267 -0.03172016 -0.02277488
v 0.40539265 -0.03188485 -0.01500207
v 0.39759243 -0.03188485 -0.02277488
v 0.44183242 -0.03188485 -0.01378304
v 0.45094240 -0.03188485 -0.01442772
v 0.46005237 -0.03057641 -0.02277488
v 0.45942533 -0.03188485 -0.02277488
v -0.37806284 -0.04099482 -0.02045667
v -0.37806284 -0.03835833 -0.02277488
v -0.38038310 -0.04099482 -0.02277488
v 0.33251309 -0.04042405 -0.02277488
v 0.33197248 -0.04099482 -0.02277488
v 0.40539265 -0.03966117 -0.02277488
v 0.41450262 -0.04071999 -0.02277488
v 0.42361248 -0.04099482 -0.02104837
v 0.42160511 -0.04099482 -0.02277488
v 0.43272245 -0.04099482 -0.01994526
v 0.44183242 -0.04099482 -0.02158922
v 0.45094240 -0.04034102 -0.02277488
v 0.44322312 -0.04099482 -0.02277488
v -0.37806284 -0.05010474 -0.01638246
v -0.38450006 -0.05010474 -0.02277488
v 0.32340312 -0.05010474 -0.01598400
v 0.32997572 -0.05010474 -0.02277488
v 0.42361248 -0.04266715 -0.02277488
v 0.43272245 -0.04382735 -0.02277488
v 0.44183242 -0.04218322 -0.02277488
v -0.37806284 -0.05921459 -0.01611352
v -0.38483018 -0.05921459 -0.02277488
v 0.31429327 -0.05921459 -0.01556021
v 0.32340312 -0.05699468 -0.02277488
v 0.32144189 -0.05921459 -0.02277488
v -0.37806284 -0.06832457 -0.01756042
v -0.38337481 -0.06832457 -0.02277488
v 0.29607332 -0.06832457 -0.01422983
v 0.30518329 -0.06832457 -0.01754105
v 0.31429327 -0.06673014 -0.02277488
v 0.31113267 -0.06832457 -0.02277488
v -0.37806284 -0.07729882 -0.02277488
v -0.36895287 -0.07743454 -0.01450682
v -0.37802935 -0.07743454 -0.02277488
v 0.15031421 -0.07743454 -0.01375586
v 0.27785337 -0.07743454 -0.01420069
v 0.28696334 -0.07743454 -0.01694834
v 0.29607332 -0.07708222 -0.02277488
v 0.29528165 -0.07743454 -0.02277488
v 0.30518329 -0.07352448 -0.02277488
v -0.36895287 -0.08654451 -0.01668227
v -0.37527740 -0.08654451 -0.02277488
v -0.35984290 -0.08654451 -0.01431787
v 0.09565449 -0.08654451 -0.01456136
v 0.10476446 -0.08654451 -0.01713789
v 0.11387432 -0.08654451 -0.02205789
v 0.12298429 -0.08538687 -0.02277488
v 0.11486912 -0.08654451 -0.02277488
v 0.13209426 -0.08478600 -0.02277488
v 0.14120424 -0.08408344 -0.02277488
v 0.15031421 -0.08327615 -0.02277488
v 0.15942407 -0.08406788 -0.02277488
v 0.16853404 -0.08467430 -0.02277488
v 0.17764401 -0.08547962 -0.02277488
v 0.18675399 -0.08654451 -0.01627183
v 0.18015862 -0.08654451 -0.02277488
v 0.25052357 -0.08654451 -0.01379508
v 0.25963354 -0.08654451 -0.01517212
v 0.26874340 -0.08654451 -0.01814568
v 0.27785337 -0.08654451 -0.02217573
v 0.28696334 -0.08351851 -0.02277488
v 0.27879667 -0.08654451 -0.02277488
v -0.36895287 -0.09333318 -0.02277488
v -0.35984290 -0.09565449 -0.01858938
v -0.36492980 -0.09565449 -0.02277488
v -0.35073298 -0.09565449 -0.01552588
v -0.33251309 -0.09565449 -0.01590687
v -0.32340318 -0.09565449 -0.01589656
v -0.31429321 -0.09565449 -0.01465029
v -0.26874346 -0.09565449 -0.01400769
v -0.25963348 -0.09565449 -0.02093625
v -0.25052351 -0.09565449 -0.01859820
v -0.24141359 -0.09565449 -0.01850450
v -0.23230368 -0.09565449 -0.01437098
v -0.06832457 -0.09565449 -0.01949012
v 0.02277488 -0.09565449 -0.01432037
v 0.03188485 -0.09565449 -0.01735640
v 0.04099482 -0.09565449 -0.02040315
v 0.05010474 -0.09565449 -0.02273071
v 0.05921459 -0.09467149 -0.02277488
v 0.05026197 -0.09565449 -0.02277488
v 0.06832457 -0.09371352 -0.02277488
v 0.07743454 -0.09301406 -0.02277488
v 0.08654451 -0.09211761 -0.02277488
v 0.09565449 -0.09118158 -0.02277488
v 0.10476446 -0.09046918 -0.02277488
v 0.11387432 -0.08714896 -0.02277488
v 0.18675399 -0.09565449 -0.01963776
v 0.18096554 -0.09565449 -0.02277488
v 0.19586384 -0.09565449 -0.01780850
v 0.20497382 -0.09565449 -0.01675987
v 0.21408367 -0.09565449 -0.01717895
v 0.22319365 -0.09565449 -0.01764089
v 0.23230362 -0.09565449 -0.01823395
v 0.24141359 -0.09565449 -0.01957887
v 0.25052357 -0.09565449 -0.02105284
v 0.25963354 -0.09515136 -0.02277488
v 0.25714719 -0.09565449 -0.02277488
v 0.26874340 -0.09147942 -0.02277488
v 0.27785337 -0.08715630 -0.02277488
v -0.35984290 -0.09983128 -0.02277488
v -0.35073298 -0.10271126 -0.02277488
v -0.34162301 -0.10402912 -0.02277488
v -0.33251309 -0.10176146 -0.02277488
v -0.32340318 -0.10191047 -0.02277488
v -0.31429321 -0.10319519 -0.02277488
v -0.30518323 -0.10330117 -0.02277488
v -0.29607332 -0.10337460 -0.02277488
v -0.28696334 -0.10335302 -0.02277488
v -0.27785337 -0.10285658 -0.02277488
v -0.26874346 -0.10245579 -0.02277488
v -0.25963348 -0.09720808 -0.02277488
v -0.25052351 -0.09877837 -0.02277488
v -0.24141359 -0.09895182 -0.02277488
v -0.23230368 -0.10171384 -0.02277488
v -0.22319376 -0.10263491 -0.02277488
v -0.21408379 -0.10344470 -0.02277488
v -0.20497382 -0.10407209 -0.02277488
v -0.19586390 -0.10445517 -0.02277488
v -0.18675393 -0.10463607 -0.02277488
v -0.17764395 -0.10468781 -0.02277488
v -0.16853404 -0.10476446 -0.02155542
v -0.17550641 -0.10476446 -0.02277488
v -0.15942407 -0.10476446 -0.02022964
v -0.15031409 -0.10476446 -0.01929182
v -0.14120418 -0.10476446 -0.02072108
v -0.13209426 -0.10460764 -0.02277488
v -0.13448995 -0.10476446 -0.02277488
v -0.12298429 -0.10398960 -0.02277488
v -0.11387438 -0.10372347 -0.02277488
v -0.10476440 -0.10252851 -0.02277488
v -0.09565443 -0.10157096 -0.02277488
v -0.08654451 -0.09919286 -0.02277488
v -0.07743454 -0.10205126 -0.02277488
v -0.06832457 -0.09743679 -0.02277488
v -0.06474674 -0.10476446 -0.02277488
v -0.05010468 -0.10476446 -0.01418358
v -0.03188485 -0.10476446 -0.01614612
v -0.02277488 -0.10476446 -0.01936603
v -0.01366490 -0.10476446 -0.02259970
v -0.00455499 -0.10306078 -0.02277488
v -0.01332742 -0.10476446 -0.02277488
v 0.00455493 -0.10148764 -0.02277488
v 0.01366490 -0.09998542 -0.02277488
v 0.02277488 -0.09908831 -0.02277488
v 0.03188485 -0.09807366 -0.02277488
v 0.04099482 -0.09683245 -0.02277488
v 0.05010474 -0.09567791 -0.02277488
v 0.18675399 -0.10107553 -0.02277488
v 0.19586384 -0.10298622 -0.02277488
v 0.20497382 -0.10367900 -0.02277488
v 0.21408367 -0.10241538 -0.02277488
v 0.22319365 -0.10139465 -0.02277488
v 0.23230362 -0.10042346 -0.02277488
v 0.24141359 -0.09884095 -0.02277488
v 0.25052357 -0.09733719 -0.02277488
v -0.16853404 -0.10592532 -0.02277488
v -0.15942407 -0.10713077 -0.02277488
v -0.15031409 -0.10790795 -0.02277488
v -0.14120418 -0.10665888 -0.02277488
v -0.05921465 -0.10967159 -0.02277488
v -0.05010468 -0.10800391 -0.02277488
v -0.04099476 -0.10783845 -0.02277488
v -0.03188485 -0.10702330 -0.02277488
v -0.02277488 -0.10603625 -0.02277488
v -0.01366490 -0.10483509 -0.02277488
v -0.09565443 0.16853404 -0.02829283
v -0.08654451 0.16853404 -0.02926141
v -0.10476440 0.15942407 -0.03043854
v -0.09565443 0.15942407 -0.03054500
v -0.08654451 0.15942407 -0.02819860
v -0.25963348 0.14234203 -0.03188485
v -0.26711375 0.14120418 -0.03188485
v -0.25702667 0.14120418 -0.03188485
v -0.23230368 0.14359081 -0.03188485
v -0.24021500 0.14120418 -0.03188485
v -0.22319376 0.14675140 -0.03188485
v -0.21408379 0.14596093 -0.03188485
v -0.20497382 0.14465702 -0.03188485
v -0.19586390 0.14282054 -0.03188485
v -0.18675393 0.14120418 -0.03030688
v -0.19031286 0.14120418 -0.03188485
v -0.17764395 0.14120418 -0.02844906
v -0.16853404 0.14120418 -0.02751118
v -0.15942407 0.14120418 -0.02544618
v -0.06832457 0.14660835 -0.03188485
v -0.07375658 0.14120418 -0.03188485
v -0.05921465 0.14427793 -0.03188485
v -0.05010468 0.14120418 -0.02418983
v -0.05362344 0.14120418 -0.03188485
v -0.35073298 0.13209426 -0.02859640
v -0.34162301 0.13605940 -0.03188485
v -0.34630841 0.13209426 -0.03188485
v -0.33251309 0.13603795 -0.03188485
v -0.32340318 0.13599980 -0.03188485
v -0.31429321 0.13960016 -0.03188485
v -0.30518323 0.13938797 -0.03188485
v -0.29607332 0.13999277 -0.03188485
v -0.28696334 0.14066279 -0.03188485
v -0.27785337 0.14064974 -0.03188485
v -0.26874346 0.14117336 -0.03188485
v -0.25052351 0.14057291 -0.03188485
v -0.24141359 0.14109361 -0.03188485
v -0.18675393 0.14108622 -0.03188485
v -0.17764395 0.14090931 -0.03188485
v -0.16853404 0.14074087 -0.03188485
v -0.15942407 0.14042717 -0.03188485
v -0.15031409 0.13993889 -0.03188485
v -0.14120418 0.13958734 -0.03188485
v -0.13209426 0.13877493 -0.03188485
v -0.12298429 0.13806909 -0.03188485
v -0.11387438 0.13749361 -0.03188485
v -0.10476440 0.13405967 -0.03188485
v -0.09565443 0.13209426 -0.02717394
v -0.10234267 0.13209426 -0.03188485
v -0.07743454 0.13282317 -0.03188485
v -0.07913530 0.13209426 -0.03188485
v -0.05010468 0.13984913 -0.03188485
v -0.04099476 0.13808191 -0.03188485
v -0.03188485 0.13643998 -0.03188485
v -0.02277488 0.13493621 -0.03188485
v -0.01366490 0.13328141 -0.03188485
v -0.00455499 0.13209426 -0.03169847
v -0.00495285 0.13209426 -0.03188485
v 0.00455493 0.13209426 -0.02703202
v 0.19586384 0.13209426 -0.02547199
v 0.20497382 0.13209426 -0.03025222
v 0.21408367 0.13239914 -0.03188485
v 0.21325803 0.13209426 -0.03188485
v 0.22319365 0.13209426 -0.03044808
v 0.21509767 0.13209426 -0.03188485
v 0.23230362 0.13209426 -0.02745920
v 0.24141359 0.13209426 -0.02338332
v -0.48738220 0.12298429 -0.02625275
v -0.48738220 0.12905383 -0.03188485
v -0.49296477 0.12298429 -0.03188485
v -0.48126855 0.12298429 -0.03188485
v -0.38717276 0.12298429 -0.02940857
v -0.37806284 0.12298429 -0.02927428
v -0.36895287 0.12298429 -0.03000700
v -0.35984290 0.12983459 -0.03188485
v -0.36794549 0.12298429 -0.03188485
v -0.35073298 0.12999374 -0.03188485
v -0.09565443 0.12947035 -0.03188485
v -0.08654451 0.13016361 -0.03188485
v -0.00455499 0.13197374 -0.03188485
v 0.00455493 0.12971103 -0.03188485
v 0.01366490 0.12814683 -0.03188485
v 0.02277488 0.12755620 -0.03188485
v 0.03188485 0.12675840 -0.03188485
v 0.04099482 0.12594360 -0.03188485
v 0.05010474 0.12444842 -0.03188485
v 0.05921459 0.12298429 -0.02687293
v 0.05701393 0.12298429 -0.03188485
v 0.08654451 0.12298429 -0.02649587
v 0.09565449 0.12320703 -0.03188485
v 0.09225768 0.12298429 -0.03188485
v 0.10476446 0.12298429 -0.03058171
v 0.09880191 0.12298429 -0.03188485
v 0.11387432 0.12298429 -0.02512050
v 0.18675399 0.12298429 -0.02537441
v 0.19586384 0.12749624 -0.03188485
v 0.19036055 0.12298429 -0.03188485
v 0.20497382 0.13133752 -0.03188485
v 0.22319365 0.13092196 -0.03188485
v 0.23230362 0.12830085 -0.03188485
v 0.24141359 0.12552392 -0.03188485
v 0.25052357 0.12298429 -0.03054661
v 0.24776495 0.12298429 -0.03188485
v 0.25963354 0.12298429 -0.02669477
v 0.26874340 0.12298429 -0.02364022
v -0.49649215 0.12188107 -0.03188485
v -0.50378889 0.11387438 -0.03188485
v -0.47827226 0.12274855 -0.03188485
v -0.46916229 0.11387438 -0.02870733
v -0.46916229 0.11522508 -0.03188485
v -0.46782205 0.11387438 -0.03188485
v -0.39628273 0.12087655 -0.03188485
v -0.40332058 0.11387438 -0.03188485
v -0.38717276 0.12257499 -0.03188485
v -0.37806284 0.12244022 -0.03188485
v -0.36895287 0.12258148 -0.03188485
v 0.05921459 0.12276810 -0.03188485
v 0.06832457 0.12179106 -0.03188485
v 0.07743454 0.12230963 -0.03188485
v 0.08654451 0.12281096 -0.03188485
v 0.10476446 0.12282366 -0.03188485
v 0.11387432 0.12236333 -0.03188485
v 0.12298429 0.12177211 -0.03188485
v 0.13209426 0.12182331 -0.03188485
v 0.14120424 0.12173754 -0.03188485
v 0.15031421 0.12158543 -0.03188485
v 0.15942407 0.12111044 -0.03188485
v 0.16853404 0.12088943 -0.03188485
v 0.17764401 0.12102556 -0.03188485
v 0.18675399 0.12210363 -0.03188485
v 0.25052357 0.12232172 -0.03188485
v 0.25963354 0.12029588 -0.03188485
v 0.26874340 0.11835706 -0.03188485
v 0.27785337 0.11564082 -0.03188485
v 0.28696334 0.11387438 -0.02969009
v 0.28054631 0.11387438 -0.03188485
v 0.29607332 0.11387438 -0.02752334
v -0.50486195 0.10476440 -0.03188485
v -0.46005234 0.10476440 -0.02835238
v -0.46051675 0.10476440 -0.03188485
v -0.40539271 0.11126453 -0.03188485
v -0.41182610 0.10476440 -0.03188485
v 0.28696334 0.11235189 -0.03188485
v 0.29607332 0.11170238 -0.03188485
v 0.30518329 0.10476440 -0.03131306
v 0.30418718 0.10476440 -0.03188485
v -0.50518167 0.09565443 -0.03188485
v -0.46005234 0.10347605 -0.03188485
v -0.45094243 0.09565443 -0.02541566
v -0.45296249 0.09565443 -0.03188485
v -0.41314137 0.09565443 -0.03188485
v 0.30518329 0.10427868 -0.03188485
v 0.31429327 0.09565443 -0.02960223
v 0.31324697 0.09565443 -0.03188485
v -0.50511479 0.08654451 -0.03188485
v -0.45094243 0.08654451 -0.02972472
v -0.45265311 0.08654451 -0.03188485
v -0.44183245 0.08654451 -0.02585894
v -0.41396129 0.08654451 -0.03188485
v 0.31429327 0.09469920 -0.03188485
v 0.32340312 0.08654451 -0.02794451
v 0.32258308 0.08654451 -0.03188485
v 0.41450262 0.08654451 -0.03084773
v 0.41450262 0.08757985 -0.03188485
v 0.41346025 0.08654451 -0.03188485
v 0.42361248 0.08654451 -0.02316213
v 0.42361248 0.09526259 -0.03188485
v 0.43272245 0.08654451 -0.02300841
v 0.43272245 0.09541303 -0.03188485
v 0.44183242 0.08654451 -0.02299565
v 0.44183242 0.09543806 -0.03188485
v 0.45094240 0.08654451 -0.02336282
v 0.45094240 0.09510320 -0.03188485
v 0.45946050 0.08654451 -0.03188485
v -0.50488794 0.07743454 -0.03188485
v -0.45094243 0.07743454 -0.02953148
v -0.45392871 0.07743454 -0.03188485
v -0.44183245 0.07743454 -0.02738965
v -0.41399592 0.07743454 -0.03188485
v 0.32340312 0.08511734 -0.03188485
v 0.33082366 0.07743454 -0.03188485
v 0.40539265 0.07743454 -0.02351952
v 0.40539265 0.08574688 -0.03188485
v 0.39685714 0.07743454 -0.03188485
v 0.45094240 0.07743454 -0.02278888
v 0.45999777 0.07743454 -0.03188485
v -0.50336671 0.06832457 -0.03188485
v -0.46005234 0.06832457 -0.03031766
v -0.46005234 0.07052839 -0.03188485
v -0.46190402 0.06832457 -0.03188485
v -0.41366467 0.06832457 -0.03188485
v 0.33251309 0.07090259 -0.03188485
v 0.33590639 0.06832457 -0.03188485
v 0.39628267 0.07713801 -0.03188485
v 0.38752878 0.06832457 -0.03188485
v 0.46005237 0.07575125 -0.03188485
v 0.46916234 0.06832457 -0.02929163
v 0.46750653 0.06832457 -0.03188485
v -0.49649215 0.05921465 -0.02383202
v -0.49649215 0.06079692 -0.03188485
v -0.48738220 0.05921465 -0.03025061
v -0.48738220 0.05944061 -0.03188485
v -0.47827226 0.05921465 -0.03043449
v -0.47827226 0.05959600 -0.03188485
v -0.46916229 0.06181234 -0.03188485
v -0.41329494 0.05921465 -0.03188485
v 0.34162307 0.05921465 -0.02435774
v 0.34162307 0.06637448 -0.03188485
v 0.35073304 0.06694275 -0.03188485
v 0.35819912 0.05921465 -0.03188485
v 0.38717282 0.06801492 -0.03188485
v 0.37811089 0.05921465 -0.03188485
v 0.46916234 0.06663817 -0.03188485
v 0.47827220 0.05921465 -0.02671963
v 0.47558630 0.05921465 -0.03188485
v -0.40953699 0.05010468 -0.03188485
v 0.35959816 0.05010468 -0.03188485
v 0.36895299 0.05010468 -0.02663314
v 0.36895299 0.05793810 -0.03188485
v 0.36249590 0.05010468 -0.03188485
v 0.37806284 0.05010468 -0.02658349
v 0.37806284 0.05785120 -0.03188485
v 0.47827220 0.05621231 -0.03188485
v 0.48347628 0.05010468 -0.03188485
v -0.40539271 0.04579085 -0.03188485
v -0.40258625 0.04099476 -0.03188485
v 0.35984302 0.04784358 -0.03188485
v 0.36895299 0.04099476 -0.02390522
v 0.37806284 0.04099476 -0.02283388
v 0.48687983 0.04099476 -0.03188485
v -0.39628273 0.03451049 -0.03188485
v -0.39092082 0.03188485 -0.03188485
v 0.36895299 0.03188485 -0.02293134
v 0.48674655 0.03188485 -0.03188485
v -0.38717276 0.02850068 -0.03188485
v -0.37806284 0.02432764 -0.03188485
v -0.36895287 0.02277488 -0.02722740
v -0.36895287 0.02291411 -0.03188485
v -0.36467952 0.02277488 -0.03188485
v 0.48735285 0.02277488 -0.03188485
v -0.35984290 0.02076375 -0.03188485
v -0.35073298 0.01914507 -0.03188485
v -0.34162301 0.01784950 -0.03188485
v -0.33251309 0.01848328 -0.03188485
v -0.32340318 0.02021515 -0.03188485
v -0.31429321 0.01692873 -0.03188485
v -0.30739820 0.01366490 -0.03188485
v 0.48738217 0.01366490 -0.03079313
v 0.48738217 0.01631635 -0.03188485
v 0.48817372 0.01366490 -0.03188485
v -0.31429321 0.00840461 -0.03188485
v -0.31887507 0.00455499 -0.03188485
v 0.36895299 0.00455499 -0.02536505
v 0.48738217 0.01271576 -0.03188485
v 0.48716450 0.00455499 -0.03188485
v -0.32340318 -0.00455493 -0.02615112
v -0.32340318 0.00096405 -0.03188485
v -0.33076674 -0.00455493 -0.03188485
v 0.35073304 -0.00455493 -0.02303737
v 0.36895299 -0.00403512 -0.03188485
v 0.36767983 -0.00455493 -0.03188485
v 0.37806284 -0.00455493 -0.02307469
v 0.36946368 -0.00455493 -0.03188485
v 0.48402572 -0.00455493 -0.03188485
v -0.32340318 -0.01366490 -0.02644360
v -0.33046097 -0.01366490 -0.03188485
v 0.35073304 -0.01366490 -0.02531934
v 0.35984302 -0.01366490 -0.02903044
v 0.36299574 -0.01366490 -0.03188485
v 0.37806284 -0.01366490 -0.02447015
v 0.37073660 -0.01366490 -0.03188485
v 0.47827220 -0.01366490 -0.03187889
v 0.47827613 -0.01366490 -0.03188485
v -0.35984290 -0.02277488 -0.02735996
v -0.35984290 -0.01860046 -0.03188485
v -0.36772150 -0.02277488 -0.03188485
v -0.35073298 -0.02277488 -0.02433282
v -0.35073298 -0.01596087 -0.03188485
v -0.34162301 -0.01481569 -0.03188485
v -0.33251309 -0.01442975 -0.03188485
v 0.35073304 -0.02150345 -0.03188485
v 0.35047603 -0.02277488 -0.03188485
v 0.35984302 -0.01631927 -0.03188485
v 0.37806284 -0.02068061 -0.03188485
v 0.38717282 -0.02277488 -0.02301735
v 0.37827075 -0.02277488 -0.03188485
v 0.46916234 -0.02277488 -0.02421325
v 0.47827220 -0.01366907 -0.03188485
v 0.47650206 -0.02277488 -0.03188485
v -0.37806284 -0.03188485 -0.02613163
v -0.37806284 -0.02632153 -0.03188485
v -0.38360113 -0.03188485 -0.03188485
v -0.36895287 -0.02297121 -0.03188485
v 0.34162307 -0.03188485 -0.02435595
v 0.34898436 -0.03188485 -0.03188485
v 0.38717282 -0.03163147 -0.03188485
v 0.39628267 -0.03188485 -0.02305353
v 0.38744688 -0.03188485 -0.03188485
v 0.46005237 -0.03188485 -0.02310371
v 0.46916234 -0.03014857 -0.03188485
v 0.46878433 -0.03188485 -0.03188485
v -0.38676021 -0.04099482 -0.03188485
v 0.33251309 -0.04099482 -0.02340096
v 0.34162307 -0.03921425 -0.03188485
v 0.34011650 -0.04099482 -0.03188485
v 0.39628267 -0.04071355 -0.03188485
v 0.40539265 -0.04097521 -0.03188485
v 0.41450262 -0.04099482 -0.02331030
v 0.40565348 -0.04099482 -0.03188485
v 0.45094240 -0.04099482 -0.02307272
v 0.46005237 -0.04083467 -0.03188485
v 0.45991397 -0.04099482 -0.03188485
v -0.38717276 -0.05010474 -0.02716696
v -0.38717276 -0.04304272 -0.03188485
v -0.39295980 -0.05010474 -0.03188485
v 0.33251309 -0.04908395 -0.03188485
v 0.33208847 -0.05010474 -0.03188485
v 0.41450262 -0.04944557 -0.03188485
v 0.42361248 -0.04998755 -0.03188485
v 0.43272245 -0.05000335 -0.03188485
v 0.44183242 -0.05003369 -0.03188485
v 0.45094240 -0.04990119 -0.03188485
v -0.38717276 -0.05921459 -0.02539486
v -0.39596146 -0.05921459 -0.03188485
v 0.32340312 -0.05921459 -0.02511865
v 0.32986486 -0.05921459 -0.03188485
v -0.38717276 -0.06832457 -0.02563947
v -0.39488074 -0.06832457 -0.03188485
v 0.31429327 -0.06832457 -0.02373803
v 0.32340312 -0.06574970 -0.03188485
v 0.32205355 -0.06832457 -0.03188485
v -0.38717276 -0.07743454 -0.02941203
v -0.38981944 -0.07743454 -0.03188485
v -0.37806284 -0.07743454 -0.02279603
v 0.29607332 -0.07743454 -0.02306628
v 0.30518329 -0.07743454 -0.02611440
v 0.31429327 -0.07630336 -0.03188485
v 0.31129622 -0.07743454 -0.03188485
v -0.38717276 -0.08045340 -0.03188485
v -0.37806284 -0.08654451 -0.02441984
v -0.38570514 -0.08654451 -0.03188485
v 0.12298429 -0.08588845 -0.03188485
v 0.11983633 -0.08654451 -0.03188485
v 0.13209426 -0.08543938 -0.03188485
v 0.14120424 -0.08490181 -0.03188485
v 0.15031421 -0.08430743 -0.03188485
v 0.15942407 -0.08488327 -0.03188485
v 0.16853404 -0.08547515 -0.03188485
v 0.17764401 -0.08608961 -0.03188485
v 0.17860079 -0.08654451 -0.03188485
v 0.28696334 -0.08654451 -0.02522331
v 0.29607332 -0.08654451 -0.03121549
v 0.30518329 -0.08319563 -0.03188485
v 0.29677999 -0.08654451 -0.03188485
v -0.37806284 -0.09565449 -0.03183669
v -0.37811106 -0.09565449 -0.03188485
v -0.36895287 -0.09565449 -0.02406901
v 0.05921459 -0.09565449 -0.02572960
v 0.06832457 -0.09565449 -0.02882957
v 0.07743454 -0.09565449 -0.03015894
v 0.08654451 -0.09537780 -0.03188485
v 0.08319318 -0.09565449 -0.03188485
v 0.09565449 -0.09337521 -0.03188485
v 0.10476446 -0.09279174 -0.03188485
v 0.11387432 -0.09105027 -0.03188485
v 0.17764401 -0.09565449 -0.02447587
v 0.17764401 -0.08848673 -0.03188485
v 0.17175853 -0.09565449 -0.03188485
v 0.25963354 -0.09565449 -0.02315092
v 0.26874340 -0.09565449 -0.02615100
v 0.27785337 -0.09565449 -0.02983898
v 0.28696334 -0.09335673 -0.03188485
v 0.28091550 -0.09565449 -0.03188485
v 0.29607332 -0.08721316 -0.03188485
v -0.37806284 -0.09570259 -0.03188485
v -0.36895287 -0.10317332 -0.03188485
v -0.35984290 -0.10476446 -0.03143233
v -0.36036736 -0.10476446 -0.03188485
v -0.35073298 -0.10476446 -0.02696848
v -0.34162301 -0.10476446 -0.02403152
v -0.33251309 -0.10476446 -0.02920043
v -0.32340318 -0.10476446 -0.02820760
v -0.31429321 -0.10476446 -0.02651078
v -0.30518323 -0.10476446 -0.02686578
v -0.29607332 -0.10476446 -0.02748495
v -0.28696334 -0.10476446 -0.02874917
v -0.27785337 -0.10476446 -0.02903420
v -0.26874346 -0.10476446 -0.02955377
v -0.25963348 -0.10439813 -0.03188485
v -0.26149017 -0.10476446 -0.03188485
v -0.25052351 -0.10278666 -0.03188485
v -0.24141359 -0.10361338 -0.03188485
v -0.23230368 -0.10455900 -0.03188485
v -0.22319376 -0.10476446 -0.02825063
v -0.23065907 -0.10476446 -0.03188485
v -0.21408379 -0.10476446 -0.02633697
v -0.20497382 -0.10476446 -0.02483511
v -0.19586390 -0.10476446 -0.02374113
v -0.18675393 -0.10476446 -0.02321541
v -0.17764395 -0.10476446 -0.02304453
v -0.13209426 -0.10476446 -0.02443779
v -0.12298429 -0.10456234 -0.03188485
v -0.12474447 -0.10476446 -0.03188485
v -0.11387438 -0.10386777 -0.03188485
v -0.10476440 -0.10262519 -0.03188485
v -0.09565443 -0.10131294 -0.03188485
v -0.08654451 -0.09807312 -0.03188485
v -0.07743454 -0.10284621 -0.03188485
v -0.06832457 -0.10204035 -0.03188485
v -0.06626302 -0.10476446 -0.03188485
v -0.00455499 -0.10476446 -0.02854323
v 0.00455493 -0.10430658 -0.03188485
v 0.00163221 -0.10476446 -0.03188485
v 0.01366490 -0.10280472 -0.03188485
v 0.02277488 -0.10203403 -0.03188485
v 0.03188485 -0.10094815 -0.03188485
v 0.04099482 -0.09975141 -0.03188485
v 0.05010474 -0.09915602 -0.03188485
v 0.05921459 -0.09821719 -0.03188485
v 0.06832457 -0.09708112 -0.03188485
v 0.07743454 -0.09660524 -0.03188485
v 0.16853404 -0.10476446 -0.02912837
v 0.16853404 -0.10178965 -0.03188485
v 0.16489422 -0.10476446 -0.03188485
v 0.17764401 -0.10476446 -0.02488768
v 0.18675399 -0.10476446 -0.02432472
v 0.19586384 -0.10476446 -0.02387846
v 0.20497382 -0.10476446 -0.02354729
v 0.21408367 -0.10476446 -0.02450621
v 0.22319365 -0.10476446 -0.02550101
v 0.23230362 -0.10476446 -0.02665931
v 0.24141359 -0.10476446 -0.02901512
v 0.25052357 -0.10476446 -0.03187883
v 0.25963354 -0.10328871 -0.03188485
v 0.25053942 -0.10476446 -0.03188485
v 0.26874340 -0.10079384 -0.03188485
v 0.27785337 -0.09763229 -0.03188485
v -0.35984290 -0.10521686 -0.03188485
v -0.35073298 -0.10958964 -0.03188485
v -0.34162301 -0.11181802 -0.03188485
v -0.33251309 -0.10723042 -0.03188485
v -0.32340318 -0.10811043 -0.03188485
v -0.31429321 -0.10968632 -0.03188485
v -0.30518323 -0.10905594 -0.03188485
v -0.29607332 -0.10842568 -0.03188485
v -0.28696334 -0.10736483 -0.03188485
v -0.27785337 -0.10731679 -0.03188485
v -0.26874346 -0.10687083 -0.03188485
v -0.22319376 -0.10784024 -0.03188485
v -0.21408379 -0.10907340 -0.03188485
v -0.20497382 -0.10965985 -0.03188485
v -0.19586390 -0.11008942 -0.03188485
v -0.18675393 -0.11020023 -0.03188485
v -0.17764395 -0.11020827 -0.03188485
v -0.16853404 -0.11001778 -0.03188485
v -0.15942407 -0.10977066 -0.03188485
v -0.15031409 -0.10938710 -0.03188485
v -0.14120418 -0.10863084 -0.03188485
v -0.13209426 -0.10746825 -0.03188485
v -0.05921465 -0.11095202 -0.03188485
v -0.05010468 -0.10875666 -0.03188485
v -0.04099476 -0.10869682 -0.03188485
v -0.03188485 -0.10843968 -0.03188485
v -0.02277488 -0.10762495 -0.03188485
v -0.01366490 -0.10656905 -0.03188485
v -0.00455499 -0.10572988 -0.03188485
v 0.16853404 -0.11387432 -0.03138638
v 0.16723108 -0.11387432 -0.03188485
v 0.17764401 -0.11387432 -0.02886951
v 0.18675399 -0.11387432 -0.02966303
v 0.19586384 -0.11387432 -0.03074658
v 0.20497382 -0.11387432 -0.03160530
v 0.21408367 -0.11280620 -0.03188485
v 0.20622659 -0.11387432 -0.03188485
v 0.22319365 -0.11157852 -0.03188485
v 0.23230362 -0.11014754 -0.03188485
v 0.24141359 -0.10753965 -0.03188485
v 0.25052357 -0.10477024 -0.03188485
v 0.16853404 -0.11466789 -0.03188485
v 0.17764401 -0.11809593 -0.03188485
v 0.18675399 -0.11677265 -0.03188485
v 0.19586384 -0.11524266 -0.03188485
v 0.20497382 -0.11417228 -0.03188485
v -0.25963348 0.14120418 -0.03438073
v -0.23230368 0.14120418 -0.03698301
v -0.22319376 0.14352387 -0.04099482
v -0.22822565 0.14120418 -0.04099482
v -0.21408379 0.14308810 -0.04099482
v -0.20497382 0.14120418 -0.03856128
v -0.20918185 0.14120418 -0.04099482
v -0.19586390 0.14120418 -0.03464043
v -0.06832457 0.14366513 -0.04099482
v -0.07080454 0.14120418 -0.04099482
v -0.05921465 0.14120418 -0.03700012
v -0.06392896 0.14120418 -0.04099482
v -0.48738220 0.13209426 -0.03422850
v -0.48738220 0.13731176 -0.04099482
v -0.49335989 0.13209426 -0.04099482
v -0.48226565 0.13209426 -0.04099482
v -0.34162301 0.13209426 -0.03737462
v -0.33251309 0.13209426 -0.03669447
v -0.32340318 0.13441378 -0.04099482
v -0.32650346 0.13209426 -0.04099482
v -0.31429321 0.13438493 -0.04099482
v -0.30518323 0.13521999 -0.04099482
v -0.29607332 0.13683128 -0.04099482
v -0.28696334 0.13905138 -0.04099482
v -0.27785337 0.13961023 -0.04099482
v -0.26874346 0.14038980 -0.04099482
v -0.25963348 0.14046580 -0.04099482
v -0.25052351 0.13928396 -0.04099482
v -0.24141359 0.14035136 -0.04099482
v -0.23230368 0.14078975 -0.04099482
v -0.20497382 0.14098519 -0.04099482
v -0.19586390 0.14064085 -0.04099482
v -0.18675393 0.14028996 -0.04099482
v -0.17764395 0.13987589 -0.04099482
v -0.16853404 0.13926780 -0.04099482
v -0.15942407 0.13838190 -0.04099482
v -0.15031409 0.13716698 -0.04099482
v -0.14120418 0.13653576 -0.04099482
v -0.13209426 0.13561529 -0.04099482
v -0.12298429 0.13489425 -0.04099482
v -0.11387438 0.13457549 -0.04099482
v -0.10476440 0.13291544 -0.04099482
v -0.09565443 0.13209426 -0.03729320
v -0.09565443 0.13596255 -0.04099482
v -0.08804071 0.13209426 -0.04099482
v -0.07743454 0.13217098 -0.04099482
v -0.07813728 0.13209426 -0.04099482
v -0.05921465 0.14003831 -0.04099482
v -0.05010468 0.13741368 -0.04099482
v -0.04099476 0.13482934 -0.04099482
v -0.03188485 0.13350618 -0.04099482
v -0.02277488 0.13209426 -0.03991878
v -0.02484322 0.13209426 -0.04099482
v -0.01366490 0.13209426 -0.03494632
v 0.21408367 0.13209426 -0.03219938
v -0.49649215 0.12298429 -0.03489840
v -0.49649215 0.12870365 -0.04099482
v -0.50129390 0.12298429 -0.04099482
v -0.47827226 0.12298429 -0.03509349
v -0.47827226 0.12702924 -0.04099482
v -0.47426981 0.12298429 -0.04099482
v -0.35984290 0.12298429 -0.04018313
v -0.35073298 0.12467802 -0.04099482
v -0.35474855 0.12298429 -0.04099482
v -0.34162301 0.13012791 -0.04099482
v -0.33251309 0.13037109 -0.04099482
v -0.08654451 0.13138425 -0.04099482
v -0.02277488 0.13116914 -0.04099482
v -0.01366490 0.12763405 -0.04099482
v -0.00455499 0.12683016 -0.04099482
v 0.00455493 0.12621820 -0.04099482
v 0.01366490 0.12551856 -0.04099482
v 0.02277488 0.12514216 -0.04099482
v 0.03188485 0.12447107 -0.04099482
v 0.04099482 0.12386590 -0.04099482
v 0.05010474 0.12298429 -0.03878075
v 0.04706472 0.12298429 -0.04099482
v 0.09565449 0.12298429 -0.03290129
v 0.19586384 0.12298429 -0.03776634
v 0.20497382 0.12689489 -0.04099482
v 0.19915473 0.12298429 -0.04099482
v 0.21408367 0.12806088 -0.04099482
v 0.22319365 0.12598330 -0.04099482
v 0.23230362 0.12298429 -0.03912282
v 0.22945368 0.12298429 -0.04099482
v 0.24141359 0.12298429 -0.03531861
v -0.50446188 0.11387438 -0.04099482
v -0.46916229 0.11387438 -0.03440762
v -0.46928868 0.11387438 -0.04099482
v -0.39628273 0.11387438 -0.03948808
v -0.38717276 0.11774993 -0.04099482
v -0.39201310 0.11387438 -0.04099482
v -0.37806284 0.11794817 -0.04099482
v -0.36895287 0.12013966 -0.04099482
v -0.35984290 0.12261885 -0.04099482
v 0.05010474 0.12276667 -0.04099482
v 0.05921459 0.12206411 -0.04099482
v 0.06832457 0.12134814 -0.04099482
v 0.07743454 0.12180954 -0.04099482
v 0.08654451 0.12221038 -0.04099482
v 0.09565449 0.12231398 -0.04099482
v 0.10476446 0.12191486 -0.04099482
v 0.11387432 0.12158096 -0.04099482
v 0.12298429 0.12126976 -0.04099482
v 0.13209426 0.12124228 -0.04099482
v 0.14120424 0.12112832 -0.04099482
v 0.15031421 0.12096250 -0.04099482
v 0.15942407 0.12077379 -0.04099482
v 0.16853404 0.12048930 -0.04099482
v 0.17764401 0.12025684 -0.04099482
v 0.18675399 0.12109846 -0.04099482
v 0.19586384 0.12224609 -0.04099482
v 0.23230362 0.12206614 -0.04099482
v 0.24141359 0.12006170 -0.04099482
v 0.25052357 0.11728609 -0.04099482
v 0.25963354 0.11387438 -0.04060471
v 0.25873351 0.11387438 -0.04099482
v 0.26874340 0.11387438 -0.03720015
v 0.27785337 0.11387438 -0.03371119
v -0.50502431 0.10476440 -0.04099482
v -0.46916229 0.11298525 -0.04099482
v -0.46183223 0.10476440 -0.04099482
v -0.40539271 0.10476440 -0.03850955
v -0.39628273 0.11279744 -0.04099482
v -0.40396318 0.10476440 -0.04099482
v 0.25963354 0.11367673 -0.04099482
v 0.26874340 0.11151016 -0.04099482
v 0.27785337 0.10872531 -0.04099482
v 0.28696334 0.10476440 -0.04071975
v 0.28598368 0.10476440 -0.04099482
v 0.29607332 0.10476440 -0.03897840
v -0.50527358 0.09565443 -0.04099482
v -0.46005234 0.09565443 -0.03954977
v -0.46048105 0.09565443 -0.04099482
v -0.40539271 0.09565443 -0.04010087
v -0.40520480 0.09565443 -0.04099482
v 0.28696334 0.10451072 -0.04099482
v 0.29607332 0.10328215 -0.04099482
v 0.30518329 0.09565443 -0.04022568
v 0.30408263 0.09565443 -0.04099482
v 0.43272245 0.09565443 -0.03818047
v 0.43272245 0.09843892 -0.04099482
v 0.42971683 0.09565443 -0.04099482
v 0.44183242 0.09565443 -0.03305012
v 0.44183242 0.10349369 -0.04099482
v 0.45094240 0.09565443 -0.03357917
v 0.45094240 0.10296553 -0.04099482
v 0.45825148 0.09565443 -0.04099482
v -0.50486553 0.08654451 -0.04099482
v -0.46005234 0.08654451 -0.03951752
v -0.46087185 0.08654451 -0.04099482
v -0.40539271 0.08830875 -0.04099482
v -0.40657422 0.08654451 -0.04099482
v 0.30518329 0.09499329 -0.04099482
v 0.31429327 0.08654451 -0.04047394
v 0.31380200 0.08654451 -0.04099482
v 0.41450262 0.09502983 -0.04099482
v 0.40575576 0.08654451 -0.04099482
v 0.42361248 0.09554589 -0.04099482
v 0.46005237 0.08654451 -0.03506953
v 0.46005237 0.09247053 -0.04099482
v 0.46594632 0.08654451 -0.04099482
v -0.50437731 0.07743454 -0.04099482
v -0.46005234 0.07743454 -0.03798074
v -0.46318087 0.07743454 -0.04099482
v -0.40861970 0.07743454 -0.04099482
v 0.31429327 0.08594286 -0.04099482
v 0.32340312 0.07743454 -0.04010212
v 0.32282746 0.07743454 -0.04099482
v 0.33251309 0.07743454 -0.03912508
v 0.33251309 0.07922727 -0.04099482
v 0.32931423 0.07743454 -0.04099482
v 0.33441067 0.07743454 -0.04099482
v 0.39628267 0.07743454 -0.03325009
v 0.39628267 0.08469951 -0.04099482
v 0.38897705 0.07743454 -0.04099482
v 0.40539265 0.08644456 -0.04099482
v 0.46005237 0.07743454 -0.03205162
v 0.46871328 0.07743454 -0.04099482
v -0.50041485 0.06832457 -0.04099482
v -0.46916229 0.06832457 -0.03869468
v -0.46916229 0.07113844 -0.04099482
v -0.47292760 0.06832457 -0.04099482
v -0.40539271 0.06832457 -0.04080135
v -0.40539271 0.07087255 -0.04099482
v -0.40528592 0.06832457 -0.04099482
v 0.32340312 0.07669622 -0.04099482
v 0.34162307 0.06832457 -0.03283328
v 0.34162307 0.07610071 -0.04099482
v 0.34945250 0.06832457 -0.04099482
v 0.36895299 0.06832457 -0.03824413
v 0.36895299 0.07096875 -0.04099482
v 0.36488903 0.06832457 -0.04099482
v 0.37312615 0.06832457 -0.04099482
v 0.38717282 0.06832457 -0.03476977
v 0.38717282 0.07425082 -0.04099482
v 0.37995768 0.06832457 -0.04099482
v 0.46898150 0.06832457 -0.04099482
v -0.49649215 0.06435835 -0.04099482
v -0.48738220 0.06244749 -0.04099482
v -0.47827226 0.06344849 -0.04099482
v -0.40539271 0.06337857 -0.04099482
v -0.40678260 0.05921465 -0.04099482
v 0.35073304 0.06471145 -0.04099482
v 0.35984302 0.05921465 -0.03903246
v 0.35984302 0.06236935 -0.04099482
v 0.36895299 0.05921465 -0.03254902
v 0.37803829 0.05921465 -0.04099482
v 0.37806380 0.05921465 -0.04099482
v 0.46916234 0.06813806 -0.04099482
v 0.47806442 0.05921465 -0.04099482
v -0.40539271 0.05010468 -0.03673285
v -0.40539271 0.05742240 -0.04099482
v -0.40336514 0.05010468 -0.04099482
v 0.35984302 0.05010468 -0.03415239
v 0.37806284 0.05920452 -0.04099482
v 0.47827220 0.05351585 -0.04099482
v 0.48738217 0.05010468 -0.04087979
v 0.48738217 0.05021888 -0.04099482
v 0.48749578 0.05010468 -0.04099482
v -0.39628273 0.04099476 -0.04022402
v -0.39628273 0.04163152 -0.04099482
v -0.39567286 0.04099476 -0.04099482
v 0.48738217 0.04099476 -0.03203428
v 0.49618125 0.04099476 -0.04099482
v -0.38717276 0.03188485 -0.03615081
v -0.38717276 0.03370392 -0.04099482
v -0.38268021 0.03188485 -0.04099482
v 0.48738217 0.03188485 -0.03511173
v 0.49299824 0.03188485 -0.04099482
v -0.37806284 0.02816415 -0.04099482
v -0.36895287 0.02374458 -0.04099482
v -0.35984290 0.02277488 -0.03493243
v -0.35984290 0.02327400 -0.04099482
v -0.35073298 0.02277488 -0.03802127
v -0.35073298 0.02307892 -0.04099482
v -0.34162301 0.02277488 -0.04046130
v -0.34162301 0.02285230 -0.04099482
v -0.33251309 0.02277488 -0.04092294
v -0.33251309 0.02278417 -0.04099482
v -0.33230066 0.02277488 -0.04099482
v 0.48738217 0.02277488 -0.03614593
v 0.48928428 0.02277488 -0.04099482
v -0.32340318 0.02065349 -0.04099482
v -0.31429321 0.01868117 -0.04099482
v -0.30518323 0.01366490 -0.03466576
v -0.30518323 0.01610565 -0.04099482
v -0.29607332 0.01366490 -0.03919375
v -0.29607332 0.01430368 -0.04099482
v -0.28696334 0.01366490 -0.04092407
v -0.28696334 0.01368660 -0.04099482
v -0.28688157 0.01366490 -0.04099482
v 0.49337196 0.01366490 -0.04099482
v -0.31429321 0.00724208 -0.04099482
v -0.32099628 0.00455499 -0.04099482
v -0.30518323 0.01063401 -0.04099482
v -0.29607332 0.01264441 -0.04099482
v -0.28696334 0.01362675 -0.04099482
v 0.48738217 0.00648069 -0.04099482
v 0.48715758 0.00455499 -0.04099482
v -0.34162301 -0.00455493 -0.03298771
v -0.34162301 0.00001508 -0.04099482
v -0.34729034 -0.00455493 -0.04099482
v -0.33251309 -0.00455493 -0.03380507
v -0.33251309 0.00073791 -0.04099482
v -0.32340318 0.00411469 -0.04099482
v 0.36895299 -0.00455493 -0.03214741
v 0.48214674 -0.00455493 -0.04099482
v -0.35073298 -0.01366490 -0.03653890
v -0.35073298 -0.00759751 -0.04099482
v -0.35825408 -0.01366490 -0.04099482
v -0.34162301 -0.01366490 -0.03550357
v -0.33251309 -0.01366490 -0.03277677
v 0.36895299 -0.01366490 -0.03554887
v 0.47988498 -0.01366490 -0.04099482
v -0.37806284 -0.02277488 -0.04025531
v -0.37806284 -0.02207780 -0.04099482
v -0.37880412 -0.02277488 -0.04099482
v -0.36895287 -0.02277488 -0.03232288
v -0.36895287 -0.01565957 -0.04099482
v -0.35984290 -0.01397842 -0.04099482
v 0.35073304 -0.02277488 -0.03227687
v 0.35984302 -0.01676744 -0.04099482
v 0.35925972 -0.02277488 -0.04099482
v 0.36895299 -0.01824671 -0.04099482
v 0.37806284 -0.02277488 -0.03497648
v 0.37242377 -0.02277488 -0.04099482
v 0.47827220 -0.02079374 -0.04099482
v 0.47826695 -0.02277488 -0.04099482
v -0.38717276 -0.03188485 -0.03804815
v -0.38717276 -0.02890974 -0.04099482
v -0.39013135 -0.03188485 -0.04099482
v 0.35073304 -0.03188485 -0.03916067
v 0.35253394 -0.03188485 -0.04099482
v 0.37806284 -0.02828729 -0.04099482
v 0.38717282 -0.03188485 -0.03294158
v 0.37915421 -0.03188485 -0.04099482
v 0.46916234 -0.03188485 -0.03397548
v 0.47603929 -0.03188485 -0.04099482
v -0.38717276 -0.04099482 -0.03257638
v -0.39576852 -0.04099482 -0.04099482
v 0.34162307 -0.03922403 -0.04099482
v 0.34081864 -0.04099482 -0.04099482
v 0.35073304 -0.03367156 -0.04099482
v 0.38717282 -0.03991258 -0.04099482
v 0.39628267 -0.04098165 -0.04099482
v 0.40539265 -0.04099482 -0.03211236
v 0.39640236 -0.04099482 -0.04099482
v 0.46005237 -0.04099482 -0.03204453
v 0.46916234 -0.03877908 -0.04099482
v 0.46875679 -0.04099482 -0.04099482
v -0.39628273 -0.05010474 -0.03340495
v -0.39628273 -0.04161978 -0.04099482
v -0.40318871 -0.05010474 -0.04099482
v 0.33251309 -0.05010474 -0.03559792
v 0.33690333 -0.05010474 -0.04099482
v 0.40539265 -0.04953110 -0.04099482
v 0.41450262 -0.04997224 -0.04099482
v 0.42361248 -0.05006909 -0.04099482
v 0.43272245 -0.05010474 -0.03326005
v 0.42456484 -0.05010474 -0.04099482
v 0.44183242 -0.05010474 -0.03222138
v 0.45094240 -0.05010474 -0.03234667
v 0.46005237 -0.05010474 -0.03848112
v 0.46256936 -0.05010474 -0.04099482
v -0.48738220 -0.05921459 -0.03795606
v -0.48738220 -0.05606478 -0.04099482
v -0.49052995 -0.05921459 -0.04099482
v -0.48105833 -0.05921459 -0.04099482
v -0.41450259 -0.05921459 -0.03591061
v -0.41450259 -0.05379558 -0.04099482
v -0.42343658 -0.05921459 -0.04099482
v -0.40539271 -0.05921459 -0.03915274
v -0.40539271 -0.05726522 -0.04099482
v -0.39628273 -0.05921459 -0.03202289
v 0.33251309 -0.05448741 -0.04099482
v 0.33159649 -0.05921459 -0.04099482
v 0.43272245 -0.05767006 -0.04099482
v 0.44183242 -0.05855149 -0.04099482
v 0.45094240 -0.05846179 -0.04099482
v 0.46005237 -0.05261803 -0.04099482
v -0.49649215 -0.06832457 -0.04015273
v -0.49649215 -0.06742013 -0.04099482
v -0.49725515 -0.06832457 -0.04099482
v -0.48738220 -0.06832457 -0.03247607
v -0.47827226 -0.06832457 -0.03338432
v -0.47827226 -0.05956632 -0.04099482
v -0.46916229 -0.06832457 -0.03772289
v -0.46916229 -0.06368917 -0.04099482
v -0.46101120 -0.06832457 -0.04099482
v -0.42361256 -0.06832457 -0.03764284
v -0.42361256 -0.05958933 -0.04099482
v -0.43060219 -0.06832457 -0.04099482
v -0.41450259 -0.06832457 -0.03441668
v -0.40539271 -0.06832457 -0.03380620
v -0.39628273 -0.06832457 -0.03270292
v 0.32340312 -0.06794417 -0.04099482
v 0.32321727 -0.06832457 -0.04099482
v -0.49649215 -0.06925195 -0.04099482
v -0.48738220 -0.07743454 -0.03201407
v -0.49528798 -0.07743454 -0.04099482
v -0.47827226 -0.07743454 -0.03395015
v -0.46916229 -0.07476658 -0.04099482
v -0.46972987 -0.07743454 -0.04099482
v -0.42361256 -0.07234269 -0.04099482
v -0.41450259 -0.07641602 -0.04099482
v -0.40539271 -0.07650518 -0.04099482
v -0.39628273 -0.07743454 -0.03520930
v -0.40354273 -0.07743454 -0.04099482
v 0.31429327 -0.07743454 -0.03376335
v 0.32113445 -0.07743454 -0.04099482
v -0.48738220 -0.08654451 -0.03741539
v -0.49076569 -0.08654451 -0.04099482
v -0.47827226 -0.08505064 -0.04099482
v -0.48307911 -0.08654451 -0.04099482
v -0.39628273 -0.08390617 -0.04099482
v -0.38717276 -0.08654451 -0.03361768
v -0.39475369 -0.08654451 -0.04099482
v 0.12298429 -0.08654451 -0.03824240
v 0.13209426 -0.08654451 -0.03691870
v 0.14120424 -0.08654451 -0.03541934
v 0.15031421 -0.08654451 -0.03420174
v 0.15942407 -0.08654451 -0.03343582
v 0.16853404 -0.08654451 -0.03269553
v 0.17764401 -0.08654451 -0.03220707
v 0.30518329 -0.08654451 -0.03849077
v 0.31429327 -0.08441156 -0.04099482
v 0.30770087 -0.08654451 -0.04099482
v -0.48738220 -0.08993298 -0.04099482
v -0.38717276 -0.09445560 -0.04099482
v -0.38540712 -0.09565449 -0.04099482
v -0.08654451 -0.09565449 -0.03796828
v -0.08654451 -0.09497416 -0.04099482
v -0.09088695 -0.09565449 -0.04099482
v -0.08465457 -0.09565449 -0.04099482
v 0.07743454 -0.09565449 -0.04073584
v 0.07743454 -0.09564358 -0.04099482
v 0.07705271 -0.09565449 -0.04099482
v 0.08654451 -0.09509599 -0.04099482
v 0.09565449 -0.09427917 -0.04099482
v 0.10476446 -0.09423757 -0.04099482
v 0.11387432 -0.09565449 -0.04093736
v 0.11372507 -0.09565449 -0.04099482
v 0.12298429 -0.09565449 -0.03727341
v 0.13209426 -0.09565449 -0.03642750
v 0.14120424 -0.09565449 -0.03638345
v 0.15031421 -0.09565449 -0.03646070
v 0.15942407 -0.09565449 -0.03826106
v 0.16853404 -0.09565449 -0.03909653
v 0.28696334 -0.09565449 -0.03600144
v 0.29607332 -0.09406823 -0.04099482
v 0.29165483 -0.09565449 -0.04099482
v 0.30518329 -0.08898777 -0.04099482
v -0.37806284 -0.10216522 -0.04099482
v -0.36895287 -0.10476446 -0.03739154
v -0.37268969 -0.10476446 -0.04099482
v -0.25963348 -0.10476446 -0.03293574
v -0.25052351 -0.10476446 -0.03851235
v -0.24141359 -0.10476446 -0.03565705
v -0.23230368 -0.10476446 -0.03281015
v -0.12298429 -0.10476446 -0.03821170
v -0.11387438 -0.10476446 -0.04011554
v -0.10476440 -0.10314226 -0.04099482
v -0.11228341 -0.10476446 -0.04099482
v -0.09565443 -0.09802920 -0.04099482
v -0.07743454 -0.10334378 -0.04099482
v -0.06832457 -0.10472918 -0.04099482
v -0.06827289 -0.10476446 -0.04099482
v -0.00455499 -0.10476446 -0.03737336
v -0.00455499 -0.10424048 -0.04099482
v -0.00908393 -0.10476446 -0.04099482
v 0.00455493 -0.10341191 -0.04099482
v 0.01366490 -0.10261780 -0.04099482
v 0.02277488 -0.10148102 -0.04099482
v 0.03188485 -0.10013163 -0.04099482
v 0.04099482 -0.09852576 -0.04099482
v 0.05010474 -0.09798998 -0.04099482
v 0.05921459 -0.09742695 -0.04099482
v 0.06832457 -0.09649402 -0.04099482
v 0.11387432 -0.09574044 -0.04099482
v 0.12298429 -0.10065466 -0.04099482
v 0.13209426 -0.10113204 -0.04099482
v 0.14120424 -0.10116470 -0.04099482
v 0.15031421 -0.10146391 -0.04099482
v 0.15942407 -0.10109770 -0.04099482
v 0.16257572 -0.10476446 -0.04099482
v 0.25963354 -0.10476446 -0.03537887
v 0.26874340 -0.10427672 -0.04099482
v 0.26665699 -0.10476446 -0.04099482
v 0.27785337 -0.10222238 -0.04099482
v 0.28696334 -0.09937274 -0.04099482
v -0.36895287 -0.10804826 -0.04099482
v -0.35984290 -0.11109078 -0.04099482
v -0.35073298 -0.11243093 -0.04099482
v -0.34162301 -0.11334652 -0.04099482
v -0.33251309 -0.11275244 -0.04099482
v -0.32340318 -0.11207658 -0.04099482
v -0.31429321 -0.11055917 -0.04099482
v -0.30518323 -0.10957700 -0.04099482
v -0.29607332 -0.10857731 -0.04099482
v -0.28696334 -0.10729027 -0.04099482
v -0.27785337 -0.10735250 -0.04099482
v -0.26874346 -0.10775280 -0.04099482
v -0.25963348 -0.10824865 -0.04099482
v -0.25052351 -0.10615098 -0.04099482
v -0.24141359 -0.10791987 -0.04099482
v -0.23230368 -0.10947919 -0.04099482
v -0.22319376 -0.10992461 -0.04099482
v -0.21408379 -0.11010945 -0.04099482
v -0.20497382 -0.11003292 -0.04099482
v -0.19586390 -0.11015278 -0.04099482
v -0.18675393 -0.11020094 -0.04099482
v -0.17764395 -0.11027777 -0.04099482
v -0.16853404 -0.10964978 -0.04099482
v -0.15942407 -0.10881650 -0.04099482
v -0.15031409 -0.10772127 -0.04099482
v -0.14120418 -0.10713667 -0.04099482
v -0.13209426 -0.10620779 -0.04099482
v -0.12298429 -0.10517931 -0.04099482
v -0.11387438 -0.10523343 -0.04099482
v -0.05921465 -0.11155736 -0.04099482
v -0.05010468 -0.10847187 -0.04099482
v -0.04099476 -0.10853821 -0.04099482
v -0.03188485 -0.10846883 -0.04099482
v -0.02277488 -0.10777003 -0.04099482
v -0.01366490 -0.10546470 -0.04099482
v 0.15942407 -0.11387432 -0.03629249
v 0.15942407 -0.10871285 -0.04099482
v 0.15351546 -0.11387432 -0.04099482
v 0.21408367 -0.11387432 -0.03431314
v 0.22319365 -0.11387432 -0.03686589
v 0.23230362 -0.11387432 -0.03986120
v 0.24141359 -0.11221761 -0.04099482
v 0.23395896 -0.11387432 -0.04099482
v 0.25052357 -0.11047190 -0.04099482
v 0.25963354 -0.10846025 -0.04099482
v 0.15031421 -0.12298429 -0.04028636
v 0.15031421 -0.12058687 -0.04099482
v 0.14942431 -0.12298429 -0.04099482
v 0.15942407 -0.12298429 -0.03840876
v 0.16853404 -0.12298429 -0.03690076
v 0.17764401 -0.12298429 -0.03641832
v 0.18675399 -0.12298429 -0.03913069
v 0.19586384 -0.12176609 -0.04099482
v 0.19136834 -0.12298429 -0.04099482
v 0.20497382 -0.11951959 -0.04099482
v 0.21408367 -0.11770636 -0.04099482
v 0.22319365 -0.11629570 -0.04099482
v 0.23230362 -0.11458850 -0.04099482
v 0.15031421 -0.12477893 -0.04099482
v 0.15942407 -0.12659138 -0.04099482
v 0.16853404 -0.12728161 -0.04099482
v 0.17764401 -0.12709326 -0.04099482
v 0.18675399 -0.12442410 -0.04099482
v -0.22319376 0.14120418 -0.04475552
v -0.21408379 0.14120418 -0.04583299
v -0.06832457 0.14120418 -0.04418164
v -0.49649215 0.13209426 -0.04398763
v -0.49649215 0.13749737 -0.05010474
v -0.50173968 0.13209426 -0.05010474
v -0.48738220 0.13811380 -0.05010474
v -0.48215616 0.13209426 -0.05010474
v -0.32340318 0.13209426 -0.04374868
v -0.31429321 0.13209426 -0.04425144
v -0.30518323 0.13209426 -0.04698533
v -0.29607332 0.13458073 -0.05010474
v -0.30138528 0.13209426 -0.05010474
v -0.28696334 0.13818979 -0.05010474
v -0.27785337 0.13853800 -0.05010474
v -0.26874346 0.13934088 -0.05010474
v -0.25963348 0.14011651 -0.05010474
v -0.25052351 0.13883519 -0.05010474
v -0.24141359 0.13881081 -0.05010474
v -0.23230368 0.13924325 -0.05010474
v -0.22319376 0.14029992 -0.05010474
v -0.21408379 0.14098334 -0.05010474
v -0.20497382 0.14068753 -0.05010474
v -0.19586390 0.14016271 -0.05010474
v -0.18675393 0.13990736 -0.05010474
v -0.17764395 0.13960373 -0.05010474
v -0.16853404 0.13910317 -0.05010474
v -0.15942407 0.13849711 -0.05010474
v -0.15031409 0.13772666 -0.05010474
v -0.14120418 0.13750321 -0.05010474
v -0.13209426 0.13682920 -0.05010474
v -0.12298429 0.13541651 -0.05010474
v -0.11387438 0.13368160 -0.05010474
v -0.10476440 0.13209426 -0.04272628
v -0.11038268 0.13209426 -0.05010474
v -0.09565443 0.13209426 -0.04440570
v -0.07743454 0.13209426 -0.04119861
v -0.06832457 0.14013439 -0.05010474
v -0.07683015 0.13209426 -0.05010474
v -0.05921465 0.13817567 -0.05010474
v -0.05010468 0.13544321 -0.05010474
v -0.04099476 0.13209426 -0.04956794
v -0.04134172 0.13209426 -0.05010474
v -0.03188485 0.13209426 -0.04459536
v -0.50383651 0.12298429 -0.05010474
v -0.47827226 0.12903714 -0.05010474
v -0.47221395 0.12298429 -0.05010474
v -0.35073298 0.12298429 -0.04295057
v -0.34162301 0.12298429 -0.04980516
v -0.33251309 0.12531519 -0.05010474
v -0.34022373 0.12298429 -0.05010474
v -0.32340318 0.13017917 -0.05010474
v -0.31429321 0.12961757 -0.05010474
v -0.30518323 0.13129735 -0.05010474
v -0.10476440 0.13085949 -0.05010474
v -0.09565443 0.12681723 -0.05010474
v -0.08654451 0.12877786 -0.05010474
v -0.07743454 0.13024902 -0.05010474
v -0.04099476 0.13177037 -0.05010474
v -0.03188485 0.12898135 -0.05010474
v -0.02277488 0.12670600 -0.05010474
v -0.01366490 0.12456524 -0.05010474
v -0.00455499 0.12416565 -0.05010474
v 0.00455493 0.12362033 -0.05010474
v 0.01366490 0.12302166 -0.05010474
v 0.02277488 0.12304837 -0.05010474
v 0.03188485 0.12301832 -0.05010474
v 0.04099482 0.12298429 -0.04895335
v 0.03396314 0.12298429 -0.05010474
v 0.20497382 0.12298429 -0.04553509
v 0.21408367 0.12298429 -0.04682696
v 0.22319365 0.12298429 -0.04426110
v -0.50513649 0.11387438 -0.05010474
v -0.46950373 0.11387438 -0.05010474
v -0.38717276 0.11387438 -0.04494137
v -0.37806284 0.11387438 -0.04521215
v -0.36895287 0.11387438 -0.04781419
v -0.35984290 0.11843580 -0.05010474
v -0.36502862 0.11387438 -0.05010474
v -0.35073298 0.11931646 -0.05010474
v -0.34162301 0.12280774 -0.05010474
v 0.04099482 0.12292647 -0.05010474
v 0.05010474 0.12233180 -0.05010474
v 0.05921459 0.12162197 -0.05010474
v 0.06832457 0.12093091 -0.05010474
v 0.07743454 0.12137663 -0.05010474
v 0.08654451 0.12163240 -0.05010474
v 0.09565449 0.12170804 -0.05010474
v 0.10476446 0.12163651 -0.05010474
v 0.11387432 0.12153244 -0.05010474
v 0.12298429 0.12139016 -0.05010474
v 0.13209426 0.12105542 -0.05010474
v 0.14120424 0.12065828 -0.05010474
v 0.15031421 0.12020522 -0.05010474
v 0.15942407 0.11991620 -0.05010474
v 0.16853404 0.11962360 -0.05010474
v 0.17764401 0.11931622 -0.05010474
v 0.18675399 0.12021768 -0.05010474
v 0.19586384 0.12103051 -0.05010474
v 0.20497382 0.12142861 -0.05010474
v 0.21408367 0.12104625 -0.05010474
v 0.22319365 0.11934119 -0.05010474
v 0.23230362 0.11689293 -0.05010474
v 0.24141359 0.11387438 -0.04863805
v 0.23841536 0.11387438 -0.05010474
v 0.25052357 0.11387438 -0.04471308
v -0.50517088 0.10476440 -0.05010474
v -0.46916229 0.10476440 -0.04999065
v -0.46918237 0.10476440 -0.05010474
v -0.39628273 0.10476440 -0.04943323
v -0.38717276 0.11072320 -0.05010474
v -0.39469162 0.10476440 -0.05010474
v -0.37806284 0.11132902 -0.05010474
v -0.36895287 0.11206007 -0.05010474
v 0.24141359 0.11318678 -0.05010474
v 0.25052357 0.11108088 -0.05010474
v 0.25963354 0.10853726 -0.05010474
v 0.26874340 0.10476440 -0.04885858
v 0.26613688 0.10476440 -0.05010474
v 0.27785337 0.10476440 -0.04512358
v -0.50521612 0.09565443 -0.05010474
v -0.46916229 0.10450399 -0.05010474
v -0.46335259 0.09565443 -0.05010474
v -0.39628273 0.10387754 -0.05010474
v -0.40340880 0.09565443 -0.05010474
v 0.26874340 0.10407555 -0.05010474
v 0.27785337 0.10133958 -0.05010474
v 0.28696334 0.09649903 -0.05010474
v 0.29607332 0.09565443 -0.04891974
v 0.28813803 0.09565443 -0.05010474
v 0.43272245 0.10125369 -0.05010474
v 0.42654586 0.09565443 -0.05010474
v 0.44183242 0.10348606 -0.05010474
v 0.45094240 0.10184902 -0.05010474
v 0.45711505 0.09565443 -0.05010474
v -0.50500190 0.08654451 -0.05010474
v -0.46791074 0.08654451 -0.05010474
v -0.40539271 0.08654451 -0.04221064
v -0.40457115 0.08654451 -0.05010474
v 0.29607332 0.09394276 -0.05010474
v 0.30518329 0.08654451 -0.04934072
v 0.30336881 0.08654451 -0.05010474
v 0.41450262 0.09452665 -0.05010474
v 0.40651226 0.08654451 -0.05010474
v 0.42361248 0.09558111 -0.05010474
v 0.46005237 0.08654451 -0.04738396
v 0.45983052 0.08654451 -0.05010474
v -0.50425863 0.07743454 -0.05010474
v -0.46916229 0.07743454 -0.04723370
v -0.46916229 0.08508742 -0.05010474
v -0.47068453 0.07743454 -0.05010474
v -0.40539271 0.07743454 -0.04444635
v -0.40465909 0.07743454 -0.05010474
v 0.30518329 0.08323681 -0.05010474
v 0.31429327 0.07743454 -0.04907054
v 0.31072915 0.07743454 -0.05010474
v 0.32340312 0.07743454 -0.04650867
v 0.32340312 0.07951689 -0.05010474
v 0.32107341 0.07743454 -0.05010474
v 0.33251309 0.08244830 -0.05010474
v 0.33752763 0.07743454 -0.05010474
v 0.39628267 0.07743454 -0.04831958
v 0.40539265 0.08429796 -0.05010474
v 0.39848721 0.07743454 -0.05010474
v 0.46005237 0.08086652 -0.05010474
v 0.46329582 0.07743454 -0.05010474
v -0.49847734 0.06832457 -0.05010474
v -0.47827226 0.06832457 -0.04647803
v -0.47827226 0.06973332 -0.05010474
v -0.48502922 0.06832457 -0.05010474
v -0.40418854 0.06832457 -0.05010474
v 0.31429327 0.07270396 -0.05010474
v 0.34162307 0.07494366 -0.05010474
v 0.34856868 0.06832457 -0.05010474
v 0.35984302 0.06832457 -0.04239970
v 0.35984302 0.07572353 -0.05010474
v 0.35280001 0.06832457 -0.05010474
v 0.36895299 0.07638621 -0.05010474
v 0.37806284 0.06832457 -0.04244488
v 0.37806284 0.07633001 -0.05010474
v 0.38717282 0.06898868 -0.05010474
v 0.39628267 0.06832457 -0.05002904
v 0.38847172 0.06832457 -0.05010474
v 0.39675152 0.06832457 -0.05010474
v 0.46916234 0.06832457 -0.04403210
v 0.46916234 0.07432222 -0.05010474
v 0.47584498 0.06832457 -0.05010474
v -0.49649215 0.06634462 -0.05010474
v -0.48738220 0.06640309 -0.05010474
v -0.40539271 0.05921465 -0.04254210
v -0.40364355 0.05921465 -0.05010474
v 0.35073304 0.05921465 -0.04891288
v 0.35067964 0.05921465 -0.05010474
v 0.35101950 0.05921465 -0.05010474
v 0.37806284 0.05921465 -0.04100639
v 0.39628267 0.06824851 -0.05010474
v 0.47827220 0.05921465 -0.04526973
v 0.47827220 0.06499881 -0.05010474
v 0.48295486 0.05921465 -0.05010474
v -0.39882761 0.05010468 -0.05010474
v 0.35073304 0.05859673 -0.05010474
v 0.48738217 0.05010468 -0.04112422
v 0.48582590 0.05010468 -0.05010474
v -0.39628273 0.04718047 -0.05010474
v -0.38960475 0.04099476 -0.05010474
v 0.48738217 0.04505849 -0.05010474
v 0.49116492 0.04099476 -0.05010474
v -0.38717276 0.03852206 -0.05010474
v -0.38091508 0.03188485 -0.05010474
v 0.49378717 0.03188485 -0.05010474
v -0.37806284 0.02947384 -0.05010474
v -0.36895287 0.02405012 -0.05010474
v -0.35984290 0.02307653 -0.05010474
v -0.35073298 0.02277488 -0.04672718
v -0.35377663 0.02277488 -0.05010474
v -0.34162301 0.02277488 -0.04183561
v -0.33251309 0.02277488 -0.04118460
v 0.49593723 0.02277488 -0.05010474
v -0.35073298 0.02129930 -0.05010474
v -0.34162301 0.01881272 -0.05010474
v -0.33251309 0.02032453 -0.05010474
v -0.32340318 0.02123386 -0.05010474
v -0.31429321 0.01840997 -0.05010474
v -0.30518323 0.01372594 -0.05010474
v -0.29607332 0.01366490 -0.04294437
v -0.30510592 0.01366490 -0.05010474
v -0.28696334 0.01366490 -0.04105783
v 0.49581373 0.01366490 -0.05010474
v -0.34162301 0.00455499 -0.04830402
v -0.34162301 0.00594234 -0.05010474
v -0.34346056 0.00455499 -0.05010474
v -0.33251309 0.00455499 -0.04702908
v -0.33251309 0.00660902 -0.05010474
v -0.32340318 0.00455499 -0.04288918
v -0.32340318 0.00768125 -0.05010474
v -0.31429321 0.01092446 -0.05010474
v -0.30518323 0.01364005 -0.05010474
v 0.48738217 0.00455499 -0.04182106
v 0.49501193 0.00455499 -0.05010474
v -0.35073298 -0.00455493 -0.04480219
v -0.35073298 -0.00030774 -0.05010474
v -0.35742283 -0.00455493 -0.05010474
v 0.48738217 -0.00392354 -0.05010474
v 0.48727143 -0.00455493 -0.05010474
v -0.36895287 -0.01366490 -0.04641801
v -0.36895287 -0.01023471 -0.05010474
v -0.37258637 -0.01366490 -0.05010474
v -0.35984290 -0.01366490 -0.04189950
v -0.35984290 -0.00561631 -0.05010474
v 0.48556268 -0.01366490 -0.05010474
v -0.38717276 -0.02277488 -0.04580504
v -0.38717276 -0.01851118 -0.05010474
v -0.39148802 -0.02277488 -0.05010474
v -0.37806284 -0.01526290 -0.05010474
v 0.35984302 -0.02142060 -0.05010474
v 0.35884941 -0.02277488 -0.05010474
v 0.36895299 -0.02277488 -0.04836291
v 0.36667931 -0.02277488 -0.05010474
v 0.47827220 -0.02170396 -0.05010474
v 0.47802198 -0.02277488 -0.05010474
v -0.39628273 -0.03188485 -0.04605192
v -0.39628273 -0.02779806 -0.05010474
v -0.40012810 -0.03188485 -0.05010474
v 0.35480821 -0.03188485 -0.05010474
v 0.36895299 -0.02441674 -0.05010474
v 0.37806284 -0.02628052 -0.05010474
v 0.38717282 -0.03188485 -0.04928499
v 0.38717282 -0.03139925 -0.05010474
v 0.38736749 -0.03188485 -0.05010474
v 0.46916234 -0.03188485 -0.04943591
v 0.46916234 -0.03176773 -0.05010474
v 0.46912658 -0.03188485 -0.05010474
v -0.39628273 -0.04099482 -0.04126704
v -0.40424034 -0.04099482 -0.05010474
v 0.34162307 -0.03866708 -0.05010474
v 0.34023225 -0.04099482 -0.05010474
v 0.35073304 -0.03595573 -0.05010474
v 0.39628267 -0.04073811 -0.05010474
v 0.39691257 -0.04099482 -0.05010474
v 0.46719038 -0.04099482 -0.05010474
v -0.47827226 -0.05010474 -0.04809368
v -0.47827226 -0.04813135 -0.05010474
v -0.48703665 -0.05010474 -0.05010474
v -0.46916229 -0.05010474 -0.04735273
v -0.46916229 -0.04737890 -0.05010474
v -0.46005234 -0.05010474 -0.04790306
v -0.46005234 -0.04792297 -0.05010474
v -0.45134184 -0.05010474 -0.05010474
v -0.43272254 -0.05010474 -0.04643738
v -0.43272254 -0.04653293 -0.05010474
v -0.44085106 -0.05010474 -0.05010474
v -0.42361256 -0.05010474 -0.04521608
v -0.42361256 -0.04536980 -0.05010474
v -0.41450259 -0.05010474 -0.04413408
v -0.41450259 -0.04446167 -0.05010474
v -0.40630054 -0.05010474 -0.05010474
v -0.40531200 -0.05010474 -0.05010474
v 0.33251309 -0.05010474 -0.04859054
v 0.33251309 -0.04980761 -0.05010474
v 0.33247137 -0.05010474 -0.05010474
v 0.40539265 -0.04946017 -0.05010474
v 0.41450262 -0.05009013 -0.05010474
v 0.42361248 -0.05010474 -0.04207557
v 0.41497457 -0.05010474 -0.05010474
v 0.46005237 -0.05010474 -0.04443377
v 0.46005237 -0.04859006 -0.05010474
v 0.45965254 -0.05010474 -0.05010474
v -0.49649215 -0.05921459 -0.04803818
v -0.49649215 -0.05684978 -0.05010474
v -0.49827817 -0.05921459 -0.05010474
v -0.48738220 -0.05011702 -0.05010474
v -0.47827226 -0.05921459 -0.04113877
v -0.46916229 -0.05921459 -0.04151171
v -0.46005234 -0.05921459 -0.04173106
v -0.45094243 -0.05921459 -0.04206449
v -0.45094243 -0.05012870 -0.05010474
v -0.44183245 -0.05921459 -0.04219061
v -0.44183245 -0.05025619 -0.05010474
v -0.43272254 -0.05921459 -0.04153234
v -0.42361256 -0.05921459 -0.04101574
v -0.40539271 -0.05026460 -0.05010474
v 0.33178496 -0.05921459 -0.05010474
v 0.42361248 -0.05747288 -0.05010474
v 0.43272245 -0.05869877 -0.05010474
v 0.44183242 -0.05883348 -0.05010474
v 0.45094240 -0.05871451 -0.05010474
v -0.50279731 -0.06832457 -0.05010474
v -0.46005234 -0.06832457 -0.04103070
v -0.45094243 -0.06832457 -0.04138601
v -0.44183245 -0.06832457 -0.04142135
v -0.43272254 -0.06832457 -0.04111385
v 0.32340312 -0.06803054 -0.05010474
v 0.32329440 -0.06832457 -0.05010474
v -0.49649215 -0.07743454 -0.04610491
v -0.50001633 -0.07743454 -0.05010474
v -0.46916229 -0.07743454 -0.04157352
v -0.46005234 -0.07743454 -0.04387343
v -0.45094243 -0.07743454 -0.04596198
v -0.44183245 -0.07743454 -0.04618049
v -0.43272254 -0.07743454 -0.04481214
v -0.42361256 -0.07743454 -0.04310834
v -0.41450259 -0.07743454 -0.04146224
v -0.40539271 -0.07743454 -0.04171228
v 0.32265675 -0.07743454 -0.05010474
v -0.49649215 -0.08112794 -0.05010474
v -0.49376726 -0.08654451 -0.05010474
v -0.47827226 -0.08577693 -0.05010474
v -0.48073688 -0.08654451 -0.05010474
v -0.46916229 -0.08462429 -0.05010474
v -0.46005234 -0.08324844 -0.05010474
v -0.45094243 -0.08139491 -0.05010474
v -0.44183245 -0.08118021 -0.05010474
v -0.43272254 -0.08245981 -0.05010474
v -0.42361256 -0.08396310 -0.05010474
v -0.41450259 -0.08530891 -0.05010474
v -0.40539271 -0.08503014 -0.05010474
v -0.39628273 -0.08654451 -0.04319662
v -0.40250292 -0.08654451 -0.05010474
v 0.31429327 -0.08608961 -0.05010474
v 0.31349981 -0.08654451 -0.05010474
v -0.48738220 -0.09283590 -0.05010474
v -0.39628273 -0.09283888 -0.05010474
v -0.38717276 -0.09565449 -0.04217297
v -0.39430410 -0.09565449 -0.05010474
v -0.08654451 -0.09549433 -0.05010474
v -0.08707130 -0.09565449 -0.05010474
v -0.08568031 -0.09565449 -0.05010474
v 0.07743454 -0.09565449 -0.04102558
v 0.08654451 -0.09565449 -0.04319149
v 0.09565449 -0.09565097 -0.05010474
v 0.09560055 -0.09565449 -0.05010474
v 0.10476446 -0.09565449 -0.04662770
v 0.09577209 -0.09565449 -0.05010474
v 0.29607332 -0.09565449 -0.04411411
v 0.30518329 -0.09494418 -0.05010474
v 0.30237186 -0.09565449 -0.05010474
v -0.38717276 -0.10268044 -0.05010474
v -0.37806284 -0.10476446 -0.04493749
v -0.38281348 -0.10476446 -0.05010474
v -0.10476440 -0.10312670 -0.05010474
v -0.11336160 -0.10476446 -0.05010474
v -0.09565443 -0.10028076 -0.05010474
v -0.07743454 -0.10247284 -0.05010474
v -0.06832457 -0.10469258 -0.05010474
v -0.06818765 -0.10476446 -0.05010474
v -0.00455499 -0.10476446 -0.04417533
v 0.00455493 -0.10476446 -0.04703748
v 0.01366490 -0.10476446 -0.04846185
v 0.02277488 -0.10445642 -0.05010474
v 0.01886749 -0.10476446 -0.05010474
v 0.03188485 -0.10367876 -0.05010474
v 0.04099482 -0.10279328 -0.05010474
v 0.05010474 -0.10286081 -0.05010474
v 0.05921459 -0.10297966 -0.05010474
v 0.06832457 -0.10315496 -0.05010474
v 0.07743454 -0.10276425 -0.05010474
v 0.08654451 -0.10010910 -0.05010474
v 0.10476446 -0.09891444 -0.05010474
v 0.11387432 -0.10476446 -0.04800612
v 0.11095047 -0.10476446 -0.05010474
v 0.12298429 -0.10476446 -0.04754049
v 0.13209426 -0.10476446 -0.04767746
v 0.14120424 -0.10476446 -0.04499173
v 0.15031421 -0.10476446 -0.04283017
v 0.15942407 -0.10476446 -0.04164767
v 0.26874340 -0.10476446 -0.04152113
v 0.27785337 -0.10476446 -0.04514086
v 0.28696334 -0.10397881 -0.05010474
v 0.28405666 -0.10476446 -0.05010474
v 0.29607332 -0.10089588 -0.05010474
v -0.37806284 -0.10945034 -0.05010474
v -0.36895287 -0.11255884 -0.05010474
v -0.35984290 -0.11340261 -0.05010474
v -0.35073298 -0.11387432 -0.04936600
v -0.35199952 -0.11387432 -0.05010474
v -0.34162301 -0.11387432 -0.04353410
v -0.33251309 -0.11387432 -0.04792690
v -0.32340318 -0.11387432 -0.04860902
v -0.31429321 -0.11387432 -0.04915416
v -0.30518323 -0.11347240 -0.05010474
v -0.31187123 -0.11387432 -0.05010474
v -0.29607332 -0.11305779 -0.05010474
v -0.28696334 -0.11245769 -0.05010474
v -0.27785337 -0.11237907 -0.05010474
v -0.26874346 -0.11238945 -0.05010474
v -0.25963348 -0.11273366 -0.05010474
v -0.25052351 -0.11257887 -0.05010474
v -0.24141359 -0.11218691 -0.05010474
v -0.23230368 -0.11272931 -0.05010474
v -0.22319376 -0.11288190 -0.05010474
v -0.21408379 -0.11319035 -0.05010474
v -0.20497382 -0.11323380 -0.05010474
v -0.19586390 -0.11304754 -0.05010474
v -0.18675393 -0.11294276 -0.05010474
v -0.17764395 -0.11288291 -0.05010474
v -0.16853404 -0.11275828 -0.05010474
v -0.15942407 -0.11256254 -0.05010474
v -0.15031409 -0.11223358 -0.05010474
v -0.14120418 -0.11134714 -0.05010474
v -0.13209426 -0.10977966 -0.05010474
v -0.12298429 -0.10703987 -0.05010474
v -0.11387438 -0.10508555 -0.05010474
v -0.05921465 -0.11117274 -0.05010474
v -0.05010468 -0.10952216 -0.05010474
v -0.04099476 -0.10967052 -0.05010474
v -0.03188485 -0.10908169 -0.05010474
v -0.02277488 -0.10786152 -0.05010474
v -0.01366490 -0.10636413 -0.05010474
v -0.00455499 -0.10598421 -0.05010474
v 0.00455493 -0.10565966 -0.05010474
v 0.01366490 -0.10539597 -0.05010474
v 0.11387432 -0.10650909 -0.05010474
v 0.12298429 -0.10896456 -0.05010474
v 0.13209426 -0.11387432 -0.04494786
v 0.12447971 -0.11387432 -0.05010474
v 0.14120424 -0.11387432 -0.04269868
v 0.15031421 -0.11387432 -0.04128581
v 0.24141359 -0.11387432 -0.04217792
v 0.25052357 -0.11387432 -0.04401821
v 0.25963354 -0.11387432 -0.04742306
v 0.26874340 -0.11219126 -0.05010474
v 0.26289093 -0.11387432 -0.05010474
v 0.27785337 -0.10921288 -0.05010474
v -0.35073298 -0.11450231 -0.05010474
v -0.34162301 -0.11872411 -0.05010474
v -0.33251309 -0.11553317 -0.05010474
v -0.32340318 -0.11511940 -0.05010474
v -0.31429321 -0.11464387 -0.05010474
v 0.12298429 -0.12298429 -0.04659659
v 0.12298429 -0.11635596 -0.05010474
v 0.11931932 -0.12298429 -0.05010474
v 0.13209426 -0.12298429 -0.04306591
v 0.14120424 -0.12298429 -0.04192704
v 0.19586384 -0.12298429 -0.04130387
v 0.20497382 -0.12298429 -0.04206616
v 0.21408367 -0.12298429 -0.04308981
v 0.22319365 -0.12298429 -0.04444528
v 0.23230362 -0.12298429 -0.04666859
v 0.24141359 -0.12184751 -0.05010474
v 0.23798263 -0.12298429 -0.05010474
v 0.25052357 -0.11967927 -0.05010474
v 0.25963354 -0.11643684 -0.05010474
v 0.12298429 -0.12783480 -0.05010474
v 0.13209426 -0.13209426 -0.04417598
v 0.12504214 -0.13209426 -0.05010474
v 0.14120424 -0.13209426 -0.04235601
v 0.15031421 -0.13209426 -0.04135424
v 0.15942407 -0.13209426 -0.04160088
v 0.16853404 -0.13209426 -0.04185092
v 0.17764401 -0.13209426 -0.04216456
v 0.18675399 -0.13209426 -0.04313385
v 0.19586384 -0.13209426 -0.04464060
v 0.20497382 -0.13209426 -0.04708952
v 0.21408367 -0.13141155 -0.05010474
v 0.21166956 -0.13209426 -0.05010474
v 0.22319365 -0.12919271 -0.05010474
v 0.23230362 -0.12652779 -0.05010474
v 0.13209426 -0.14006984 -0.05010474
v 0.14120424 -0.14120424 -0.04291803
v 0.13270521 -0.14120424 -0.05010474
v 0.15031421 -0.14120424 -0.04213363
v 0.15942407 -0.14120424 -0.04292065
v 0.16853404 -0.14120424 -0.04428744
v 0.17764401 -0.14120424 -0.04688406
v 0.18675399 -0.14076424 -0.05010474
v 0.18493426 -0.14120424 -0.05010474
v 0.19586384 -0.13855410 -0.05010474
v 0.20497382 -0.13540852 -0.05010474
v 0.14120424 -0.15031421 -0.04569256
v 0.13666391 -0.15031421 -0.05010474
v 0.15031421 -0.15031421 -0.04356647
v 0.15942407 -0.15031421 -0.04638267
v 0.16853404 -0.14833510 -0.05010474
v 0.16481566 -0.15031421 -0.05010474
v 0.17764401 -0.14464414 -0.05010474
v 0.14120424 -0.15512669 -0.05010474
v 0.15031421 -0.15754461 -0.05010474
v 0.15942407 -0.15430582 -0.05010474
v -0.49649215 0.13950366 -0.05921459
v -0.50363016 0.13209426 -0.05921459
v -0.48738220 0.13787526 -0.05921459
v -0.48261684 0.13209426 -0.05921459
v -0.29607332 0.13209426 -0.05391067
v -0.28696334 0.13448572 -0.05921459
v -0.29067177 0.13209426 -0.05921459
v -0.27785337 0.13606089 -0.05921459
v -0.26874346 0.13710934 -0.05921459
v -0.25963348 0.13860703 -0.05921459
v -0.25052351 0.13821781 -0.05921459
v -0.24141359 0.13507193 -0.05921459
v -0.23230368 0.13666850 -0.05921459
v -0.22319376 0.13587558 -0.05921459
v -0.21408379 0.13830215 -0.05921459
v -0.20497382 0.13985151 -0.05921459
v -0.19586390 0.13943839 -0.05921459
v -0.18675393 0.13899148 -0.05921459
v -0.17764395 0.13870674 -0.05921459
v -0.16853404 0.13826555 -0.05921459
v -0.15942407 0.13776618 -0.05921459
v -0.15031409 0.13727826 -0.05921459
v -0.14120418 0.13733000 -0.05921459
v -0.13209426 0.13693887 -0.05921459
v -0.12298429 0.13640749 -0.05921459
v -0.11387438 0.13500953 -0.05921459
v -0.10804921 0.13209426 -0.05921459
v -0.06832457 0.13872766 -0.05921459
v -0.07551932 0.13209426 -0.05921459
v -0.05921465 0.13559902 -0.05921459
v -0.05010468 0.13209426 -0.05809277
v -0.05113804 0.13209426 -0.05921459
v -0.50441051 0.12298429 -0.05921459
v -0.47827226 0.12614655 -0.05921459
v -0.47504261 0.12298429 -0.05921459
v -0.33251309 0.12298429 -0.05288208
v -0.32340318 0.12447578 -0.05921459
v -0.32525885 0.12298429 -0.05921459
v -0.31429321 0.12493300 -0.05921459
v -0.30518323 0.12823981 -0.05921459
v -0.29607332 0.13055575 -0.05921459
v -0.10476440 0.13099730 -0.05921459
v -0.09565443 0.12406141 -0.05921459
v -0.08654451 0.12660795 -0.05921459
v -0.07743454 0.12840372 -0.05921459
v -0.05010468 0.13136709 -0.05921459
v -0.04099476 0.12705070 -0.05921459
v -0.03188485 0.12562919 -0.05921459
v -0.02277488 0.12435198 -0.05921459
v -0.01366490 0.12298429 -0.05805272
v -0.01475525 0.12298429 -0.05921459
v -0.00455499 0.12298429 -0.05524838
v 0.00455493 0.12298429 -0.05244625
v 0.01366490 0.12298429 -0.05020845
v 0.02277488 0.12298429 -0.05026746
v 0.03188485 0.12298429 -0.05018371
v -0.50526261 0.11387438 -0.05921459
v -0.47013545 0.11387438 -0.05921459
v -0.35984290 0.11387438 -0.05488026
v -0.35073298 0.11387438 -0.05625767
v -0.34162301 0.11638671 -0.05921459
v -0.34494096 0.11387438 -0.05921459
v -0.33251309 0.11881220 -0.05921459
v -0.01366490 0.12285405 -0.05921459
v -0.00455499 0.12248152 -0.05921459
v 0.00455493 0.12204677 -0.05921459
v 0.01366490 0.12153965 -0.05921459
v 0.02277488 0.12140423 -0.05921459
v 0.03188485 0.12125158 -0.05921459
v 0.04099482 0.12107670 -0.05921459
v 0.05010474 0.12064451 -0.05921459
v 0.05921459 0.12011206 -0.05921459
v 0.06832457 0.11958402 -0.05921459
v 0.07743454 0.11987889 -0.05921459
v 0.08654451 0.12012172 -0.05921459
v 0.09565449 0.12036008 -0.05921459
v 0.10476446 0.12047160 -0.05921459
v 0.11387432 0.12057060 -0.05921459
v 0.12298429 0.12062865 -0.05921459
v 0.13209426 0.12022990 -0.05921459
v 0.14120424 0.11975616 -0.05921459
v 0.15031421 0.11919421 -0.05921459
v 0.15942407 0.11852199 -0.05921459
v 0.16853404 0.11695820 -0.05921459
v 0.17764401 0.11468458 -0.05921459
v 0.18675399 0.11445743 -0.05921459
v 0.19586384 0.11433065 -0.05921459
v 0.20497382 0.11387438 -0.05896032
v 0.19892514 0.11387438 -0.05921459
v 0.21408367 0.11387438 -0.05867904
v 0.22319365 0.11387438 -0.05652463
v 0.23230362 0.11387438 -0.05334133
v -0.50527394 0.10476440 -0.05921459
v -0.46996775 0.10476440 -0.05921459
v -0.38717276 0.10476440 -0.05625778
v -0.37806284 0.10476440 -0.05716944
v -0.36895287 0.10476440 -0.05752784
v -0.35984290 0.10963160 -0.05921459
v -0.36531717 0.10476440 -0.05921459
v -0.35073298 0.11139131 -0.05921459
v 0.20497382 0.11375493 -0.05921459
v 0.21408367 0.11360919 -0.05921459
v 0.22319365 0.11255193 -0.05921459
v 0.23230362 0.11081028 -0.05921459
v 0.24141359 0.10789907 -0.05921459
v 0.25052357 0.10476440 -0.05747133
v 0.24654126 0.10476440 -0.05921459
v 0.25963354 0.10476440 -0.05403417
v -0.50526965 0.09565443 -0.05921459
v -0.46916229 0.09565443 -0.05622917
v -0.46994722 0.09565443 -0.05921459
v -0.39628273 0.09565443 -0.05794173
v -0.38717276 0.10064316 -0.05921459
v -0.39305833 0.09565443 -0.05921459
v -0.37806284 0.10254157 -0.05921459
v -0.36895287 0.10255158 -0.05921459
v 0.25052357 0.10391051 -0.05921459
v 0.25963354 0.10204560 -0.05921459
v 0.26874340 0.09794164 -0.05921459
v 0.27785337 0.09565443 -0.05599022
v 0.27141643 0.09565443 -0.05921459
v 0.28696334 0.09565443 -0.05095220
v 0.43272245 0.09565443 -0.05634254
v 0.44183242 0.09565443 -0.05807847
v 0.45094240 0.09565443 -0.05630571
v -0.50504112 0.08654451 -0.05921459
v -0.46916229 0.08654451 -0.05136746
v -0.47136292 0.08654451 -0.05921459
v -0.39628273 0.09094232 -0.05921459
v -0.39949629 0.08654451 -0.05921459
v 0.27785337 0.09118241 -0.05921459
v 0.28696334 0.08654451 -0.05787188
v 0.28296435 0.08654451 -0.05921459
v 0.29607332 0.08654451 -0.05696678
v 0.41450262 0.09298247 -0.05921459
v 0.40807235 0.08654451 -0.05921459
v 0.42361248 0.09550822 -0.05921459
v 0.43272245 0.09513253 -0.05921459
v 0.44183242 0.09241331 -0.05921459
v 0.45094240 0.08654451 -0.05904526
v 0.44842780 0.08654451 -0.05921459
v -0.50357592 0.07743454 -0.05921459
v -0.47827226 0.07743454 -0.05846673
v -0.47827226 0.07841063 -0.05921459
v -0.47889918 0.07743454 -0.05921459
v -0.40206447 0.07743454 -0.05921459
v 0.28696334 0.08122832 -0.05921459
v 0.29607332 0.07743454 -0.05867511
v 0.29115939 0.07743454 -0.05921459
v 0.30518329 0.07743454 -0.05533588
v 0.32340312 0.07989430 -0.05921459
v 0.32090676 0.07743454 -0.05921459
v 0.33251309 0.07743454 -0.05532461
v 0.32604766 0.07743454 -0.05921459
v 0.35984302 0.07743454 -0.05268967
v 0.35984302 0.08303362 -0.05921459
v 0.35238242 0.07743454 -0.05921459
v 0.36895299 0.07743454 -0.05333942
v 0.36895299 0.08212316 -0.05921459
v 0.37806284 0.07743454 -0.05102378
v 0.37806284 0.08431560 -0.05921459
v 0.38717282 0.07743454 -0.05154234
v 0.38717282 0.08484066 -0.05921459
v 0.39628267 0.07743454 -0.05156130
v 0.39628267 0.08521682 -0.05921459
v 0.40539265 0.08164167 -0.05921459
v 0.45094240 0.08422309 -0.05921459
v 0.46005237 0.08465075 -0.05921459
v 0.46916234 0.07743454 -0.05294514
v 0.46916234 0.08350545 -0.05921459
v 0.47606277 0.07743454 -0.05921459
v -0.49649215 0.06832457 -0.05407506
v -0.49649215 0.06920946 -0.05921459
v -0.48738220 0.06832457 -0.05235761
v -0.48738220 0.06958258 -0.05921459
v -0.40080523 0.06832457 -0.05921459
v 0.29607332 0.07530010 -0.05921459
v 0.30518329 0.06832457 -0.05816078
v 0.30302155 0.06832457 -0.05921459
v 0.31429327 0.06832457 -0.05488235
v 0.31573045 0.06832457 -0.05921459
v 0.33251309 0.07310808 -0.05921459
v 0.34162307 0.06832457 -0.05718011
v 0.33769715 0.06832457 -0.05921459
v 0.35073304 0.06832457 -0.05240995
v 0.35073304 0.07625347 -0.05921459
v 0.34379280 0.06832457 -0.05921459
v 0.39628267 0.06832457 -0.05027306
v 0.47827220 0.06832457 -0.05145252
v 0.47827220 0.07607555 -0.05921459
v 0.48540163 0.06832457 -0.05921459
v -0.39628273 0.05921465 -0.05913961
v -0.39628273 0.05949080 -0.05921459
v -0.39619017 0.05921465 -0.05921459
v 0.30518329 0.06375909 -0.05921459
v 0.31429327 0.05921465 -0.05870527
v 0.31023109 0.05921465 -0.05921459
v 0.31589890 0.05921465 -0.05921459
v 0.34162307 0.06640506 -0.05921459
v 0.35073304 0.05921465 -0.05055237
v 0.48710632 0.05921465 -0.05921459
v -0.39628273 0.05010468 -0.05299884
v -0.39107823 0.05010468 -0.05921459
v 0.31429327 0.05848640 -0.05921459
v 0.48738217 0.05010468 -0.05775207
v 0.48738217 0.05198449 -0.05921459
v 0.48869085 0.05010468 -0.05921459
v -0.38717276 0.04099476 -0.05253577
v -0.38717276 0.04616642 -0.05921459
v -0.38139212 0.04099476 -0.05921459
v 0.49364221 0.04099476 -0.05921459
v -0.37806284 0.03188485 -0.05365908
v -0.37806284 0.03686982 -0.05921459
v -0.37629974 0.03188485 -0.05921459
v 0.49602818 0.03188485 -0.05921459
v -0.36895287 0.02518320 -0.05921459
v -0.35984290 0.02299565 -0.05921459
v -0.35760993 0.02277488 -0.05921459
v 0.49624705 0.02277488 -0.05921459
v -0.35073298 0.01893204 -0.05921459
v -0.34162301 0.01575416 -0.05921459
v -0.33251309 0.01636767 -0.05921459
v -0.32340318 0.01884317 -0.05921459
v -0.31429321 0.01710325 -0.05921459
v -0.30518323 0.01366490 -0.05015671
v -0.31179202 0.01366490 -0.05921459
v 0.49618936 0.01366490 -0.05921459
v -0.35073298 0.00455499 -0.05585766
v -0.35073298 0.00711286 -0.05921459
v -0.35401148 0.00455499 -0.05921459
v -0.34162301 0.01166415 -0.05921459
v -0.33251309 0.01180685 -0.05921459
v -0.32340318 0.01160866 -0.05921459
v -0.31429321 0.01297760 -0.05921459
v 0.49603665 0.00455499 -0.05921459
v -0.35984290 -0.00455493 -0.05143797
v -0.35984290 0.00127304 -0.05921459
v -0.36866015 -0.00455493 -0.05921459
v 0.48738217 -0.00455493 -0.05097830
v 0.49452245 -0.00455493 -0.05921459
v -0.37806284 -0.01366490 -0.05436921
v -0.37806284 -0.00927734 -0.05921459
v -0.38574180 -0.01366490 -0.05921459
v -0.36895287 -0.00470167 -0.05921459
v 0.48738217 -0.01223058 -0.05921459
v 0.48709047 -0.01366490 -0.05921459
v -0.38717276 -0.01393622 -0.05921459
v -0.39541709 -0.02277488 -0.05921459
v 0.35984302 -0.02277488 -0.05401659
v 0.47827220 -0.02277488 -0.05049646
v 0.48677933 -0.02277488 -0.05921459
v -0.39628273 -0.02397192 -0.05921459
v -0.40325087 -0.03188485 -0.05921459
v 0.35073304 -0.03188485 -0.05456990
v 0.35073304 -0.02313805 -0.05921459
v 0.34792089 -0.03188485 -0.05921459
v 0.35984302 -0.02704585 -0.05921459
v 0.36895299 -0.03082585 -0.05921459
v 0.37806284 -0.03188485 -0.05711031
v 0.37594557 -0.03188485 -0.05921459
v 0.38717282 -0.03188485 -0.05204606
v 0.46916234 -0.03188485 -0.05024344
v 0.47827220 -0.03188485 -0.05292964
v 0.48422348 -0.03188485 -0.05921459
v -0.47827226 -0.04099482 -0.05790859
v -0.47827226 -0.03968924 -0.05921459
v -0.48001084 -0.04099482 -0.05921459
v -0.46916229 -0.04099482 -0.05655450
v -0.46916229 -0.03835303 -0.05921459
v -0.46396303 -0.04099482 -0.05921459
v -0.40478775 -0.04099482 -0.05921459
v 0.34162307 -0.03783768 -0.05921459
v 0.33570886 -0.04099482 -0.05921459
v 0.37806284 -0.03397608 -0.05921459
v 0.38717282 -0.03905869 -0.05921459
v 0.39628267 -0.04099482 -0.05902755
v 0.39603519 -0.04099482 -0.05921459
v 0.46005237 -0.04099482 -0.05782413
v 0.46005237 -0.04023522 -0.05921459
v 0.45977008 -0.04099482 -0.05921459
v 0.46916234 -0.04099482 -0.05276769
v 0.46198535 -0.04099482 -0.05921459
v 0.47827220 -0.03893298 -0.05921459
v 0.47639632 -0.04099482 -0.05921459
v -0.48738220 -0.05010474 -0.05012345
v -0.48738220 -0.04206985 -0.05921459
v -0.49612901 -0.05010474 -0.05921459
v -0.46005234 -0.04130644 -0.05921459
v -0.45094243 -0.05010474 -0.05012500
v -0.45094243 -0.04206657 -0.05921459
v -0.44183245 -0.05010474 -0.05024755
v -0.44183245 -0.04247546 -0.05921459
v -0.43272254 -0.04213876 -0.05921459
v -0.42361256 -0.04238516 -0.05921459
v -0.41450259 -0.04203522 -0.05921459
v -0.40539271 -0.05010474 -0.05045128
v -0.40539271 -0.04262471 -0.05921459
v 0.33251309 -0.04435110 -0.05921459
v 0.33216405 -0.05010474 -0.05921459
v 0.39628267 -0.04117596 -0.05921459
v 0.40539265 -0.04737848 -0.05921459
v 0.41450262 -0.05003560 -0.05921459
v 0.41602230 -0.05010474 -0.05921459
v 0.45630646 -0.05010474 -0.05921459
v 0.46916234 -0.04742652 -0.05921459
v -0.49649215 -0.05107158 -0.05921459
v -0.50240517 -0.05921459 -0.05921459
v 0.33070707 -0.05921459 -0.05921459
v 0.42361248 -0.05614340 -0.05921459
v 0.43272245 -0.05645484 -0.05921459
v 0.44183242 -0.05701375 -0.05921459
v 0.45094240 -0.05542290 -0.05921459
v -0.50375432 -0.06832457 -0.05921459
v 0.32340312 -0.06665480 -0.05921459
v 0.32318366 -0.06832457 -0.05921459
v -0.50176537 -0.07743454 -0.05921459
v 0.32242525 -0.07743454 -0.05921459
v -0.49649215 -0.08297777 -0.05921459
v -0.49190053 -0.08654451 -0.05921459
v -0.47827226 -0.08619750 -0.05921459
v -0.48283619 -0.08654451 -0.05921459
v -0.46916229 -0.08602899 -0.05921459
v -0.46005234 -0.08557063 -0.05921459
v -0.45094243 -0.08477283 -0.05921459
v -0.44183245 -0.08475536 -0.05921459
v -0.43272254 -0.08542567 -0.05921459
v -0.42361256 -0.08560497 -0.05921459
v -0.41450259 -0.08601445 -0.05921459
v -0.40539271 -0.08592296 -0.05921459
v -0.40475306 -0.08654451 -0.05921459
v 0.31429327 -0.08583802 -0.05921459
v 0.31369197 -0.08654451 -0.05921459
v -0.48738220 -0.09083760 -0.05921459
v -0.39628273 -0.09542125 -0.05921459
v -0.39603594 -0.09565449 -0.05921459
v -0.08654451 -0.09565449 -0.05047166
v 0.09565449 -0.09565449 -0.05012280
v 0.30518329 -0.09565449 -0.05915356
v 0.30521536 -0.09565449 -0.05921459
v -0.38717276 -0.10414684 -0.05921459
v -0.38593921 -0.10476446 -0.05921459
v -0.10476440 -0.10476446 -0.05260682
v -0.09565443 -0.10434288 -0.05921459
v -0.09708649 -0.10476446 -0.05921459
v -0.08654451 -0.10149401 -0.05921459
v -0.07743454 -0.10270745 -0.05921459
v -0.06832457 -0.10341269 -0.05921459
v -0.06529176 -0.10476446 -0.05921459
v 0.02277488 -0.10476446 -0.05092317
v 0.03188485 -0.10476446 -0.05257475
v 0.04099482 -0.10476446 -0.05404299
v 0.05010474 -0.10476446 -0.05293447
v 0.05921459 -0.10476446 -0.05217165
v 0.06832457 -0.10476446 -0.05154002
v 0.07743454 -0.10476446 -0.05195475
v 0.08654451 -0.10476446 -0.05452424
v 0.09565449 -0.10476446 -0.05396628
v 0.10476446 -0.10476446 -0.05067384
v 0.28696334 -0.10476446 -0.05157757
v 0.29607332 -0.10394698 -0.05921459
v 0.29459798 -0.10476446 -0.05921459
v 0.30518329 -0.09568715 -0.05921459
v -0.37806284 -0.11234725 -0.05921459
v -0.36895287 -0.11350292 -0.05921459
v -0.35984290 -0.11387432 -0.05553472
v -0.36286861 -0.11387432 -0.05921459
v -0.30518323 -0.11387432 -0.05184567
v -0.29607332 -0.11387432 -0.05409861
v -0.28696334 -0.11387432 -0.05614328
v -0.27785337 -0.11387432 -0.05614173
v -0.26874346 -0.11387432 -0.05581141
v -0.25963348 -0.11387432 -0.05509633
v -0.25052351 -0.11387432 -0.05398035
v -0.24141359 -0.11387432 -0.05401015
v -0.23230368 -0.11387432 -0.05444801
v -0.22319376 -0.11387432 -0.05548173
v -0.21408379 -0.11387432 -0.05317110
v -0.20497382 -0.11387432 -0.05254376
v -0.19586390 -0.11387432 -0.05343103
v -0.18675393 -0.11387432 -0.05408645
v -0.17764395 -0.11387432 -0.05467784
v -0.16853404 -0.11387432 -0.05429679
v -0.15942407 -0.11387432 -0.05397457
v -0.15031409 -0.11387432 -0.05422401
v -0.14120418 -0.11387432 -0.05604225
v -0.13209426 -0.11380368 -0.05921459
v -0.13307655 -0.11387432 -0.05921459
v -0.12298429 -0.11298519 -0.05921459
v -0.11387438 -0.11233306 -0.05921459
v -0.10476440 -0.11028898 -0.05921459
v -0.05921465 -0.10937297 -0.05921459
v -0.05010468 -0.10813832 -0.05921459
v -0.04099476 -0.10822564 -0.05921459
v -0.03188485 -0.10754395 -0.05921459
v -0.02277488 -0.10676289 -0.05921459
v -0.01366490 -0.10594678 -0.05921459
v -0.00455499 -0.10687107 -0.05921459
v 0.00455493 -0.10783589 -0.05921459
v 0.01366490 -0.10873020 -0.05921459
v 0.02277488 -0.10847765 -0.05921459
v 0.03188485 -0.10803771 -0.05921459
v 0.04099482 -0.10754085 -0.05921459
v 0.05010474 -0.10859340 -0.05921459
v 0.05921459 -0.10999775 -0.05921459
v 0.06832457 -0.11231643 -0.05921459
v 0.07743454 -0.11103952 -0.05921459
v 0.08654451 -0.10970801 -0.05921459
v 0.09565449 -0.11084259 -0.05921459
v 0.10476446 -0.11387432 -0.05052447
v 0.09599382 -0.11387432 -0.05921459
v 0.11387432 -0.11387432 -0.05394447
v 0.12298429 -0.11387432 -0.05031240
v 0.26874340 -0.11387432 -0.05264956
v 0.27785337 -0.11313039 -0.05921459
v 0.27554607 -0.11387432 -0.05921459
v 0.28696334 -0.11129415 -0.05921459
v -0.35984290 -0.11602902 -0.05921459
v -0.35073298 -0.11779547 -0.05921459
v -0.34162301 -0.12006283 -0.05921459
v -0.33251309 -0.11922544 -0.05921459
v -0.32340318 -0.11835396 -0.05921459
v -0.31429321 -0.11975706 -0.05921459
v -0.30518323 -0.11861581 -0.05921459
v -0.29607332 -0.11734629 -0.05921459
v -0.28696334 -0.11603367 -0.05921459
v -0.27785337 -0.11603940 -0.05921459
v -0.26874346 -0.11626154 -0.05921459
v -0.25963348 -0.11665523 -0.05921459
v -0.25052351 -0.11730707 -0.05921459
v -0.24141359 -0.11779255 -0.05921459
v -0.23230368 -0.11696720 -0.05921459
v -0.22319376 -0.11610830 -0.05921459
v -0.21408379 -0.11732250 -0.05921459
v -0.20497382 -0.11781412 -0.05921459
v -0.19586390 -0.11727875 -0.05921459
v -0.18675393 -0.11699301 -0.05921459
v -0.17764395 -0.11667889 -0.05921459
v -0.16853404 -0.11693072 -0.05921459
v -0.15942407 -0.11717361 -0.05921459
v -0.15031409 -0.11703056 -0.05921459
v -0.14120418 -0.11613470 -0.05921459
v 0.10476446 -0.12298429 -0.05155569
v 0.09730774 -0.12298429 -0.05921459
v 0.11387432 -0.12298429 -0.05487305
v 0.24141359 -0.12298429 -0.05080557
v 0.25052357 -0.12298429 -0.05306005
v 0.25963354 -0.12252563 -0.05921459
v 0.25815272 -0.12298429 -0.05921459
v 0.26874340 -0.11974949 -0.05921459
v 0.07743454 -0.13209426 -0.05728006
v 0.07743454 -0.12971538 -0.05921459
v 0.07273287 -0.13209426 -0.05921459
v 0.08654451 -0.13209426 -0.05503595
v 0.08654451 -0.12734061 -0.05921459
v 0.09565449 -0.13209426 -0.05364579
v 0.09565449 -0.12601590 -0.05921459
v 0.10476446 -0.13048851 -0.05921459
v 0.10180432 -0.13209426 -0.05921459
v 0.11387432 -0.13209426 -0.05424535
v 0.10888606 -0.13209426 -0.05921459
v 0.12298429 -0.13209426 -0.05054069
v 0.21408367 -0.13209426 -0.05035824
v 0.22319365 -0.13209426 -0.05142295
v 0.23230362 -0.13209426 -0.05343837
v 0.24141359 -0.13102496 -0.05921459
v 0.23903072 -0.13209426 -0.05921459
v 0.25052357 -0.12872672 -0.05921459
v 0.07743454 -0.14120424 -0.05623215
v 0.07158250 -0.14120424 -0.05921459
v 0.08654451 -0.14120424 -0.05412161
v 0.09565449 -0.14120424 -0.05280638
v 0.10281312 -0.14120424 -0.05921459
v 0.11387432 -0.14120424 -0.05186754
v 0.10608327 -0.14120424 -0.05921459
v 0.12298429 -0.14120424 -0.05196214
v 0.13209426 -0.14120424 -0.05019724
v 0.18675399 -0.14120424 -0.05025744
v 0.19586384 -0.14120424 -0.05107260
v 0.20497382 -0.14120424 -0.05250436
v 0.21408367 -0.14120424 -0.05673665
v 0.22319365 -0.13975263 -0.05921459
v 0.21720111 -0.14120424 -0.05921459
v 0.23230362 -0.13768387 -0.05921459
v 0.07743454 -0.14530480 -0.05921459
v 0.08654451 -0.14836383 -0.05921459
v 0.09565449 -0.15019858 -0.05921459
v 0.11387432 -0.14856756 -0.05921459
v 0.12298429 -0.15031421 -0.05112457
v 0.11511117 -0.15031421 -0.05921459
v 0.13209426 -0.15031421 -0.05099088
v 0.16853404 -0.15031421 -0.05064440
v 0.17764401 -0.15031421 -0.05221456
v 0.18675399 -0.15031421 -0.05448443
v 0.19586384 -0.15017641 -0.05921459
v 0.19525838 -0.15031421 -0.05921459
v 0.20497382 -0.14806712 -0.05921459
v 0.21408367 -0.14366925 -0.05921459
v 0.12298429 -0.15942407 -0.05230790
v 0.11613441 -0.15942407 -0.05921459
v 0.13209426 -0.15942407 -0.05238891
v 0.14120424 -0.15942407 -0.05082339
v 0.15031421 -0.15942407 -0.05101132
v 0.15942407 -0.15942407 -0.05262381
v 0.16853404 -0.15942407 -0.05740434
v 0.17764401 -0.15773487 -0.05921459
v 0.17089558 -0.15942407 -0.05921459
v 0.18675399 -0.15517282 -0.05921459
v 0.12298429 -0.16636837 -0.05921459
v 0.13209426 -0.16672051 -0.05921459
v 0.14120424 -0.16831028 -0.05921459
v 0.15031421 -0.16758537 -0.05921459
v 0.15942407 -0.16600430 -0.05921459
v 0.16853404 -0.16125131 -0.05921459
v -0.49649215 0.13899094 -0.06832457
v -0.50333560 0.13209426 -0.06832457
v -0.48738220 0.13246000 -0.06832457
v -0.48704782 0.13209426 -0.06832457
v -0.28696334 0.13209426 -0.06185544
v -0.27785337 0.13209426 -0.06429881
v -0.26874346 0.13209426 -0.06641090
v -0.25963348 0.13356757 -0.06832457
v -0.26304191 0.13209426 -0.06832457
v -0.25052351 0.13586640 -0.06832457
v -0.24141359 0.13376850 -0.06832457
v -0.23230368 0.13209426 -0.06602091
v -0.23771524 0.13209426 -0.06832457
v -0.22319376 0.13209426 -0.06734967
v -0.21408379 0.13209426 -0.06706303
v -0.20497382 0.13328326 -0.06832457
v -0.20806909 0.13209426 -0.06832457
v -0.19586390 0.13819832 -0.06832457
v -0.18675393 0.13732070 -0.06832457
v -0.17764395 0.13578838 -0.06832457
v -0.16853404 0.13563567 -0.06832457
v -0.15942407 0.13534319 -0.06832457
v -0.15031409 0.13461447 -0.06832457
v -0.14120418 0.13472188 -0.06832457
v -0.13209426 0.13428551 -0.06832457
v -0.12298429 0.13312238 -0.06832457
v -0.11387438 0.13209426 -0.06587428
v -0.11911559 0.13209426 -0.06832457
v -0.06832457 0.13450998 -0.06832457
v -0.07092196 0.13209426 -0.06832457
v -0.05921465 0.13209426 -0.06511003
v -0.06363744 0.13209426 -0.06832457
v -0.50430560 0.12298429 -0.06832457
v -0.47827226 0.12298429 -0.06291860
v -0.47872356 0.12298429 -0.06832457
v -0.32340318 0.12298429 -0.06083977
v -0.31429321 0.12298429 -0.06155103
v -0.30518323 0.12298429 -0.06654227
v -0.29607332 0.12567186 -0.06832457
v -0.30137581 0.12298429 -0.06832457
v -0.28696334 0.12899292 -0.06832457
v -0.27785337 0.13024384 -0.06832457
v -0.26874346 0.13097030 -0.06832457
v -0.23230368 0.13058478 -0.06832457
v -0.22319376 0.13171011 -0.06832457
v -0.21408379 0.13121676 -0.06832457
v -0.11387438 0.13162160 -0.06832457
v -0.10476440 0.12914246 -0.06832457
v -0.09565443 0.12298429 -0.06180048
v -0.09722000 0.12298429 -0.06832457
v -0.08654451 0.12355930 -0.06832457
v -0.08819705 0.12298429 -0.06832457
v -0.07743454 0.12663704 -0.06832457
v -0.05921465 0.13081741 -0.06832457
v -0.05010468 0.12726247 -0.06832457
v -0.04099476 0.12441158 -0.06832457
v -0.03188485 0.12351000 -0.06832457
v -0.02277488 0.12298429 -0.06449264
v -0.02870226 0.12298429 -0.06832457
v -0.50526035 0.11387438 -0.06832457
v -0.47827226 0.11755359 -0.06832457
v -0.47509834 0.11387438 -0.06832457
v -0.34162301 0.11387438 -0.06198519
v -0.33251309 0.11387438 -0.06447667
v -0.32340318 0.11668330 -0.06832457
v -0.32684380 0.11387438 -0.06832457
v -0.31429321 0.11991650 -0.06832457
v -0.30518323 0.12237281 -0.06832457
v -0.09565443 0.12152112 -0.06832457
v -0.02277488 0.12233764 -0.06832457
v -0.01366490 0.12093902 -0.06832457
v -0.00455499 0.12051952 -0.06832457
v 0.00455493 0.12010437 -0.06832457
v 0.01366490 0.11973041 -0.06832457
v 0.02277488 0.11953676 -0.06832457
v 0.03188485 0.11934370 -0.06832457
v 0.04099482 0.11920846 -0.06832457
v 0.05010474 0.11886674 -0.06832457
v 0.05921459 0.11850643 -0.06832457
v 0.06832457 0.11809856 -0.06832457
v 0.07743454 0.11847860 -0.06832457
v 0.08654451 0.11866617 -0.06832457
v 0.09565449 0.11849540 -0.06832457
v 0.10476446 0.11878341 -0.06832457
v 0.11387432 0.11902332 -0.06832457
v 0.12298429 0.11901623 -0.06832457
v 0.13209426 0.11796480 -0.06832457
v 0.14120424 0.11662257 -0.06832457
v 0.15031421 0.11486286 -0.06832457
v 0.15942407 0.11387438 -0.06630802
v 0.15299642 0.11387438 -0.06832457
v 0.16853404 0.11387438 -0.06312323
v 0.17764401 0.11387438 -0.06011224
v 0.18675399 0.11387438 -0.05982631
v 0.19586384 0.11387438 -0.05967915
v -0.50538516 0.10476440 -0.06832457
v -0.47291955 0.10476440 -0.06832457
v -0.35984290 0.10476440 -0.06405479
v -0.35073298 0.10476440 -0.06613606
v -0.34162301 0.10840404 -0.06832457
v -0.34625280 0.10476440 -0.06832457
v -0.33251309 0.11023420 -0.06832457
v 0.15942407 0.11343449 -0.06832457
v 0.16853404 0.11290246 -0.06832457
v 0.17764401 0.11260098 -0.06832457
v 0.18675399 0.11238104 -0.06832457
v 0.19586384 0.11209571 -0.06832457
v 0.20497382 0.11163974 -0.06832457
v 0.21408367 0.11026299 -0.06832457
v 0.22319365 0.10714352 -0.06832457
v 0.23230362 0.10476440 -0.06625378
v 0.22697568 0.10476440 -0.06832457
v 0.24141359 0.10476440 -0.06243902
v -0.50537539 0.09565443 -0.06832457
v -0.47326621 0.09565443 -0.06832457
v -0.38717276 0.09565443 -0.06413865
v -0.37806284 0.09565443 -0.06618637
v -0.36895287 0.09565443 -0.06595188
v -0.35984290 0.09973639 -0.06832457
v -0.36435741 0.09565443 -0.06832457
v -0.35073298 0.10233122 -0.06832457
v 0.23230362 0.10387212 -0.06832457
v 0.24141359 0.10208893 -0.06832457
v 0.25052357 0.09876442 -0.06832457
v 0.25963354 0.09565443 -0.06617016
v 0.25454772 0.09565443 -0.06832457
v 0.26874340 0.09565443 -0.06151384
v -0.50467509 0.08654451 -0.06832457
v -0.47827226 0.08654451 -0.06665534
v -0.47827226 0.08987206 -0.06832457
v -0.47866389 0.08654451 -0.06832457
v -0.39628273 0.08654451 -0.06243956
v -0.38717276 0.08654451 -0.06762165
v -0.37806284 0.08811498 -0.06832457
v -0.38044277 0.08654451 -0.06832457
v -0.36895287 0.09030658 -0.06832457
v 0.25963354 0.09245533 -0.06832457
v 0.26874340 0.08654451 -0.06686544
v 0.26555824 0.08654451 -0.06832457
v 0.27785337 0.08654451 -0.06336248
v 0.41450262 0.09162712 -0.06832457
v 0.40870309 0.08654451 -0.06832457
v 0.42361248 0.09554577 -0.06832457
v 0.43272245 0.09489560 -0.06832457
v 0.44183242 0.09236544 -0.06832457
v 0.45094240 0.08654451 -0.06528252
v 0.45094240 0.09444958 -0.06832457
v 0.46005237 0.08654451 -0.06147993
v 0.46005237 0.09297621 -0.06832457
v 0.46782804 0.08654451 -0.06832457
v -0.50218719 0.07743454 -0.06832457
v -0.48340335 0.07743454 -0.06832457
v -0.39628273 0.07743454 -0.06513107
v -0.38717276 0.08186066 -0.06832457
v -0.38972968 0.07743454 -0.06832457
v 0.26874340 0.07836425 -0.06832457
v 0.27785337 0.07743454 -0.06619042
v 0.26939309 0.07743454 -0.06832457
v 0.28696334 0.07743454 -0.06211215
v 0.32340312 0.07743454 -0.06167042
v 0.35073304 0.07743454 -0.06039280
v 0.35073304 0.08384824 -0.06832457
v 0.34400916 0.07743454 -0.06832457
v 0.35984302 0.08414423 -0.06832457
v 0.36895299 0.08434355 -0.06832457
v 0.37806284 0.08547544 -0.06832457
v 0.38717282 0.08588219 -0.06832457
v 0.39628267 0.08631945 -0.06832457
v 0.40539265 0.08589244 -0.06832457
v 0.46916234 0.08617973 -0.06832457
v 0.47827220 0.07743454 -0.06127983
v 0.47827220 0.08378190 -0.06832457
v 0.48444116 0.07743454 -0.06832457
v -0.49649215 0.07139683 -0.06832457
v -0.48738220 0.07346684 -0.06832457
v -0.39628273 0.06832457 -0.06379020
v -0.38786477 0.06832457 -0.06832457
v 0.27785337 0.07525861 -0.06832457
v 0.28696334 0.07516354 -0.06832457
v 0.29607332 0.06832457 -0.06702334
v 0.29525435 0.06832457 -0.06832457
v 0.32340312 0.06832457 -0.06671900
v 0.33251309 0.06832457 -0.06554854
v 0.34162307 0.06832457 -0.06364924
v 0.34162307 0.07270497 -0.06832457
v 0.33574152 0.06832457 -0.06832457
v 0.48684692 0.06832457 -0.06832457
v -0.38717276 0.05921465 -0.06709063
v -0.38717276 0.06699634 -0.06832457
v -0.38453677 0.05921465 -0.06832457
v 0.29607332 0.06735164 -0.06832457
v 0.30518329 0.05921465 -0.06313419
v 0.30311215 0.05921465 -0.06832457
v 0.32340312 0.05921465 -0.06601357
v 0.33251309 0.06319904 -0.06832457
v 0.32959533 0.05921465 -0.06832457
v 0.48738217 0.05921465 -0.06372333
v 0.48738217 0.06359524 -0.06832457
v 0.49099934 0.05921465 -0.06832457
v -0.38717276 0.05010468 -0.06278026
v -0.37806284 0.05010468 -0.06793618
v -0.37806284 0.05135626 -0.06832457
v -0.37736326 0.05010468 -0.06832457
v 0.30518329 0.05586040 -0.06832457
v 0.31429327 0.05010468 -0.06801552
v 0.31315243 0.05010468 -0.06832457
v 0.32340312 0.05010468 -0.06764883
v 0.32436848 0.05010468 -0.06832457
v 0.49461770 0.05010468 -0.06832457
v -0.37806284 0.04099476 -0.06227785
v -0.37278542 0.04099476 -0.06832457
v 0.31429327 0.04975241 -0.06832457
v 0.32340312 0.04866910 -0.06832457
v 0.49574673 0.04099476 -0.06832457
v -0.36895287 0.03188485 -0.06649935
v -0.36895287 0.03614950 -0.06832457
v -0.36707938 0.03188485 -0.06832457
v 0.49622166 0.03188485 -0.06832457
v -0.35984290 0.02382088 -0.06832457
v -0.35788912 0.02277488 -0.06832457
v 0.49637890 0.02277488 -0.06832457
v -0.35073298 0.01750362 -0.06832457
v -0.34162301 0.01384765 -0.06832457
v -0.33251309 0.01366490 -0.06824887
v -0.33325011 0.01366490 -0.06832457
v -0.32340318 0.01386797 -0.06832457
v -0.33157420 0.01366490 -0.06832457
v -0.31429321 0.01366490 -0.06372404
v -0.32272750 0.01366490 -0.06832457
v 0.49640560 0.01366490 -0.06832457
v -0.35073298 0.01073015 -0.06832457
v -0.35845095 0.00455499 -0.06832457
v -0.34162301 0.01356214 -0.06832457
v -0.32340318 0.01359951 -0.06832457
v 0.49626791 0.00455499 -0.06832457
v -0.36895287 -0.00455493 -0.05958384
v -0.36895287 -0.00022352 -0.06832457
v -0.37381414 -0.00455493 -0.06832457
v -0.35984290 0.00390929 -0.06832457
v 0.49577129 -0.00455493 -0.06832457
v -0.38717276 -0.01366490 -0.06536382
v -0.38717276 -0.01306713 -0.06832457
v -0.38776863 -0.01366490 -0.06832457
v -0.37806284 -0.00678539 -0.06832457
v 0.48738217 -0.01366490 -0.06272972
v 0.49211574 -0.01366490 -0.06832457
v -0.39542145 -0.02277488 -0.06832457
v 0.35073304 -0.02277488 -0.05966008
v 0.35073304 -0.02164698 -0.06832457
v 0.34456468 -0.02277488 -0.06832457
v 0.35200083 -0.02277488 -0.06832457
v 0.48738217 -0.02277488 -0.06690413
v 0.48859692 -0.02277488 -0.06832457
v -0.39628273 -0.02428305 -0.06832457
v -0.40296790 -0.03188485 -0.06832457
v 0.34162307 -0.03188485 -0.06547189
v 0.34162307 -0.02527040 -0.06832457
v 0.33943689 -0.03188485 -0.06832457
v 0.35984302 -0.03013468 -0.06832457
v 0.36895299 -0.03104413 -0.06832457
v 0.37071240 -0.03188485 -0.06832457
v 0.48738217 -0.02495354 -0.06832457
v 0.48696172 -0.03188485 -0.06832457
v -0.48738220 -0.04099482 -0.06041199
v -0.48738220 -0.03341198 -0.06832457
v -0.49562085 -0.04099482 -0.06832457
v -0.47827226 -0.03262812 -0.06832457
v -0.46916229 -0.03297371 -0.06832457
v -0.46005234 -0.04099482 -0.06031936
v -0.46005234 -0.03472745 -0.06832457
v -0.45281404 -0.04099482 -0.06832457
v -0.40470639 -0.04099482 -0.06832457
v 0.33251309 -0.04099482 -0.06245136
v 0.33251309 -0.03858256 -0.06832457
v 0.33205426 -0.04099482 -0.06832457
v 0.37806284 -0.03918552 -0.06832457
v 0.38717282 -0.04099482 -0.06139797
v 0.38084996 -0.04099482 -0.06832457
v 0.46005237 -0.04099482 -0.05997896
v 0.47827220 -0.04099482 -0.06175762
v 0.48361349 -0.04099482 -0.06832457
v -0.49649215 -0.05010474 -0.06130165
v -0.49649215 -0.04464763 -0.06832457
v -0.50035691 -0.05010474 -0.06832457
v -0.45094243 -0.04153967 -0.06832457
v -0.44183245 -0.04280841 -0.06832457
v -0.43272254 -0.04318315 -0.06832457
v -0.42361256 -0.04499042 -0.06832457
v -0.41450259 -0.04358375 -0.06832457
v -0.40539271 -0.04726660 -0.06832457
v 0.33058906 -0.05010474 -0.06832457
v 0.38717282 -0.04731989 -0.06832457
v 0.39628267 -0.04954070 -0.06832457
v 0.40539265 -0.04490876 -0.06832457
v 0.41450262 -0.05010474 -0.06692094
v 0.41386461 -0.05010474 -0.06832457
v 0.44183242 -0.05010474 -0.06636071
v 0.44183242 -0.04493439 -0.06832457
v 0.43876076 -0.05010474 -0.06832457
v 0.45094240 -0.05010474 -0.06697851
v 0.45094240 -0.04558736 -0.06832457
v 0.46005237 -0.04941612 -0.06832457
v 0.46916234 -0.04959130 -0.06832457
v 0.47827220 -0.04637724 -0.06832457
v -0.50340247 -0.05921459 -0.06832457
v 0.32340312 -0.05921459 -0.06671447
v 0.32340312 -0.05749881 -0.06832457
v 0.32303619 -0.05921459 -0.06832457
v 0.41450262 -0.05071664 -0.06832457
v 0.42361248 -0.05703354 -0.06832457
v 0.43272245 -0.05581433 -0.06832457
v -0.50337487 -0.06832457 -0.06832457
v 0.32293868 -0.06832457 -0.06832457
v -0.50036132 -0.07743454 -0.06832457
v 0.31943917 -0.07743454 -0.06832457
v -0.49649215 -0.08156490 -0.06832457
v -0.48738220 -0.08654451 -0.06525648
v -0.48738220 -0.08595926 -0.06832457
v -0.47827226 -0.08617830 -0.06832457
v -0.46916229 -0.08594382 -0.06832457
v -0.46005234 -0.08558226 -0.06832457
v -0.45094243 -0.08418930 -0.06832457
v -0.44183245 -0.08272856 -0.06832457
v -0.43272254 -0.08363903 -0.06832457
v -0.42361256 -0.08363354 -0.06832457
v -0.41450259 -0.08513165 -0.06832457
v -0.40539271 -0.08486378 -0.06832457
v -0.40471861 -0.08654451 -0.06832457
v 0.31429327 -0.08262277 -0.06832457
v 0.31334078 -0.08654451 -0.06832457
v -0.39628273 -0.09528702 -0.06832457
v -0.39581048 -0.09565449 -0.06832457
v -0.06832457 -0.09565449 -0.06796306
v -0.06832457 -0.09543306 -0.06832457
v -0.06893361 -0.09565449 -0.06832457
v -0.05921465 -0.09565449 -0.06728506
v -0.05921465 -0.09486067 -0.06832457
v -0.05010468 -0.09565449 -0.06817865
v -0.05010468 -0.09559280 -0.06832457
v -0.04937112 -0.09565449 -0.06832457
v 0.30518329 -0.09565449 -0.05925196
v 0.30518329 -0.09481019 -0.06832457
v 0.30399752 -0.09565449 -0.06832457
v -0.38717276 -0.10416180 -0.06832457
v -0.38635987 -0.10476446 -0.06832457
v -0.09565443 -0.10476446 -0.06055605
v -0.08654451 -0.10388064 -0.06832457
v -0.08843541 -0.10476446 -0.06832457
v -0.07743454 -0.10361946 -0.06832457
v -0.05921465 -0.10476446 -0.06385696
v -0.05010468 -0.10476446 -0.06271231
v -0.04099476 -0.10476446 -0.06346589
v -0.04099476 -0.09963202 -0.06832457
v -0.03188485 -0.10476446 -0.06298476
v -0.03188485 -0.09999597 -0.06832457
v -0.02277488 -0.10476446 -0.06236303
v -0.02277488 -0.10027951 -0.06832457
v -0.01366490 -0.10476446 -0.06154495
v -0.01366490 -0.10061461 -0.06832457
v -0.00455499 -0.10476446 -0.06534880
v -0.00455499 -0.10355413 -0.06832457
v -0.00118804 -0.10476446 -0.06832457
v 0.29607332 -0.10371560 -0.06832457
v 0.29440379 -0.10476446 -0.06832457
v -0.37806284 -0.11269790 -0.06832457
v -0.36895287 -0.11348259 -0.06832457
v -0.36472082 -0.11387432 -0.06832457
v -0.13209426 -0.11387432 -0.05976772
v -0.12298429 -0.11387432 -0.06663191
v -0.11387438 -0.11387432 -0.06824678
v -0.10476440 -0.11238229 -0.06832457
v -0.11381304 -0.11387432 -0.06832457
v -0.09565443 -0.11046517 -0.06832457
v 0.00455493 -0.10702443 -0.06832457
v 0.01366490 -0.11003196 -0.06832457
v 0.02277488 -0.11045200 -0.06832457
v 0.03188485 -0.11040825 -0.06832457
v 0.04099482 -0.11014080 -0.06832457
v 0.05010474 -0.11384249 -0.06832457
v 0.05921459 -0.11387432 -0.06249440
v 0.05014819 -0.11387432 -0.06832457
v 0.06832457 -0.11387432 -0.05984300
v 0.07743454 -0.11387432 -0.06052017
v 0.08654451 -0.11387432 -0.06010956
v 0.09565449 -0.11387432 -0.05969065
v 0.27785337 -0.11387432 -0.06707329
v 0.28696334 -0.11210096 -0.06832457
v 0.27871180 -0.11387432 -0.06832457
v -0.35984290 -0.11754292 -0.06832457
v -0.35073298 -0.11861914 -0.06832457
v -0.34162301 -0.12003511 -0.06832457
v -0.33251309 -0.12008429 -0.06832457
v -0.32340318 -0.11894643 -0.06832457
v -0.31429321 -0.12006718 -0.06832457
v -0.30518323 -0.12005246 -0.06832457
v -0.29607332 -0.11956674 -0.06832457
v -0.28696334 -0.11903554 -0.06832457
v -0.27785337 -0.11913627 -0.06832457
v -0.26874346 -0.11919451 -0.06832457
v -0.25963348 -0.11932623 -0.06832457
v -0.25052351 -0.11960977 -0.06832457
v -0.24141359 -0.11986524 -0.06832457
v -0.23230368 -0.12027854 -0.06832457
v -0.22319376 -0.11942822 -0.06832457
v -0.21408379 -0.11882812 -0.06832457
v -0.20497382 -0.12010598 -0.06832457
v -0.19586390 -0.12007880 -0.06832457
v -0.18675393 -0.11974216 -0.06832457
v -0.17764395 -0.11939430 -0.06832457
v -0.16853404 -0.11936712 -0.06832457
v -0.15942407 -0.11931223 -0.06832457
v -0.15031409 -0.11917430 -0.06832457
v -0.14120418 -0.11851770 -0.06832457
v -0.13209426 -0.11735874 -0.06832457
v -0.12298429 -0.11467457 -0.06832457
v -0.11387438 -0.11392981 -0.06832457
v 0.04099482 -0.12298429 -0.06677520
v 0.04099482 -0.12000889 -0.06832457
v 0.03708774 -0.12298429 -0.06832457
v 0.05010474 -0.12298429 -0.06390274
v 0.05010474 -0.11391640 -0.06832457
v 0.05921459 -0.12298429 -0.06231749
v 0.06832457 -0.12298429 -0.06126732
v 0.07743454 -0.12298429 -0.06102014
v 0.08654451 -0.12298429 -0.06039125
v 0.09565449 -0.12298429 -0.05975682
v 0.25963354 -0.12298429 -0.06032133
v 0.26874340 -0.12203240 -0.06832457
v 0.26617312 -0.12298429 -0.06832457
v 0.27785337 -0.11464196 -0.06832457
v 0.02277488 -0.13209426 -0.06695163
v 0.02277488 -0.12992394 -0.06832457
v 0.02029425 -0.13209426 -0.06832457
v 0.03188485 -0.13209426 -0.06326813
v 0.03188485 -0.12471676 -0.06832457
v 0.04099482 -0.13209426 -0.06136346
v 0.05010474 -0.13209426 -0.06069219
v 0.05921459 -0.13209426 -0.06023175
v 0.06832457 -0.13209426 -0.05961901
v 0.10476446 -0.13209426 -0.06101900
v 0.24141359 -0.13209426 -0.06089765
v 0.25052357 -0.13159871 -0.06832457
v 0.24846673 -0.13209426 -0.06832457
v 0.25963354 -0.12925816 -0.06832457
v 0.02277488 -0.14120424 -0.06537396
v 0.01721746 -0.14120424 -0.06832457
v 0.03188485 -0.14120424 -0.06266958
v 0.04099482 -0.14120424 -0.06128192
v 0.05010474 -0.14120424 -0.06083989
v 0.05921459 -0.14120424 -0.06015271
v 0.06832457 -0.14120424 -0.05959338
v 0.10476446 -0.14120424 -0.06022435
v 0.22319365 -0.14120424 -0.06194848
v 0.23230362 -0.14065313 -0.06832457
v 0.22962308 -0.14120424 -0.06832457
v 0.24141359 -0.13847899 -0.06832457
v 0.02277488 -0.14545119 -0.06832457
v 0.03188485 -0.14979017 -0.06832457
v 0.04099482 -0.15031421 -0.06520867
v 0.03330177 -0.15031421 -0.06832457
v 0.05010474 -0.15031421 -0.06338829
v 0.05921459 -0.15031421 -0.06210965
v 0.06832457 -0.15031421 -0.06115818
v 0.07743454 -0.15031421 -0.06032914
v 0.08654451 -0.15031421 -0.05969638
v 0.09565449 -0.15031421 -0.05924410
v 0.10476446 -0.15031421 -0.05943584
v 0.11387432 -0.15031421 -0.06283456
v 0.19586384 -0.15031421 -0.05932218
v 0.20497382 -0.15031421 -0.06316751
v 0.21408367 -0.14946640 -0.06832457
v 0.21001804 -0.15031421 -0.06832457
v 0.22319365 -0.14681125 -0.06832457
v 0.04099482 -0.15345383 -0.06832457
v 0.05010474 -0.15527558 -0.06832457
v 0.05921459 -0.15655506 -0.06832457
v 0.06832457 -0.15753162 -0.06832457
v 0.07743454 -0.15823627 -0.06832457
v 0.08654451 -0.15858471 -0.06832457
v 0.09565449 -0.15886068 -0.06832457
v 0.10476446 -0.15913105 -0.06832457
v 0.11387432 -0.15558171 -0.06832457
v 0.11409718 -0.15942407 -0.06832457
v 0.17764401 -0.15942407 -0.06136942
v 0.18675399 -0.15907323 -0.06832457
v 0.18502831 -0.15942407 -0.06832457
v 0.19586384 -0.15822065 -0.06832457
v 0.20497382 -0.15491748 -0.06832457
v 0.12298429 -0.16851509 -0.06832457
v 0.13209426 -0.16853404 -0.05970520
v 0.12304276 -0.16853404 -0.06832457
v 0.14120424 -0.16853404 -0.05941409
v 0.15031421 -0.16853404 -0.06178349
v 0.15942407 -0.16834426 -0.06832457
v 0.15795040 -0.16853404 -0.06832457
v 0.16853404 -0.16767251 -0.06832457
v 0.17764401 -0.16573930 -0.06832457
v 0.13209426 -0.17701542 -0.06832457
v 0.14120424 -0.17693269 -0.06832457
v 0.15031421 -0.17436826 -0.06832457
v -0.49649215 0.13209426 -0.07598370
v -0.48738220 0.13209426 -0.06881267
v -0.25963348 0.13209426 -0.07014763
v -0.25052351 0.13209426 -0.07317966
v -0.24141359 0.13209426 -0.07029665
v -0.20497382 0.13209426 -0.06971908
v -0.19586390 0.13209426 -0.07549834
v -0.18675393 0.13209426 -0.07539970
v -0.17764395 0.13209426 -0.07295108
v -0.16853404 0.13209426 -0.07268679
v -0.15942407 0.13209426 -0.07235277
v -0.15031409 0.13209426 -0.07144415
v -0.14120418 0.13209426 -0.07150233
v -0.13209426 0.13209426 -0.07096022
v -0.12298429 0.13209426 -0.06952858
v -0.06832457 0.13209426 -0.07098180
v -0.49649215 0.13059336 -0.07743454
v -0.50330961 0.12298429 -0.07743454
v -0.48738220 0.12974733 -0.07743454
v -0.48139042 0.12298429 -0.07743454
v -0.29607332 0.12298429 -0.07135224
v -0.28696334 0.12298429 -0.07584089
v -0.27785337 0.12349367 -0.07743454
v -0.27914405 0.12298429 -0.07743454
v -0.26874346 0.12551624 -0.07743454
v -0.25963348 0.12856454 -0.07743454
v -0.25052351 0.12928343 -0.07743454
v -0.24141359 0.12620926 -0.07743454
v -0.23230368 0.12382334 -0.07743454
v -0.22319376 0.12728047 -0.07743454
v -0.21408379 0.12627172 -0.07743454
v -0.20497382 0.12778199 -0.07743454
v -0.19586390 0.12978989 -0.07743454
v -0.18675393 0.13147962 -0.07743454
v -0.17764395 0.13108742 -0.07743454
v -0.16853404 0.13076228 -0.07743454
v -0.15942407 0.13068461 -0.07743454
v -0.15031409 0.13049442 -0.07743454
v -0.14120418 0.13017327 -0.07743454
v -0.13209426 0.12982011 -0.07743454
v -0.12298429 0.12921065 -0.07743454
v -0.11387438 0.12884617 -0.07743454
v -0.10476440 0.12613529 -0.07743454
v -0.10101056 0.12298429 -0.07743454
v -0.08654451 0.12298429 -0.06954080
v -0.07743454 0.12298429 -0.07617790
v -0.06832457 0.12995207 -0.07743454
v -0.07713497 0.12298429 -0.07743454
v -0.05921465 0.12783414 -0.07743454
v -0.05010468 0.12452018 -0.07743454
v -0.04099476 0.12298429 -0.07174957
v -0.04630762 0.12298429 -0.07743454
v -0.03188485 0.12298429 -0.06929284
v -0.50505698 0.11387438 -0.07743454
v -0.47827226 0.11387438 -0.07152545
v -0.47900134 0.11387438 -0.07743454
v -0.32340318 0.11387438 -0.07115948
v -0.31429321 0.11387438 -0.07526231
v -0.30518323 0.11635345 -0.07743454
v -0.30914050 0.11387438 -0.07743454
v -0.29607332 0.12037581 -0.07743454
v -0.28696334 0.12237495 -0.07743454
v -0.09565443 0.11683702 -0.07743454
v -0.08654451 0.11905771 -0.07743454
v -0.07743454 0.12266934 -0.07743454
v -0.04099476 0.12152535 -0.07743454
v -0.03188485 0.12020683 -0.07743454
v -0.02277488 0.11877596 -0.07743454
v -0.01366490 0.11766154 -0.07743454
v -0.00455499 0.11742848 -0.07743454
v 0.00455493 0.11677694 -0.07743454
v 0.01366490 0.11575907 -0.07743454
v 0.02277488 0.11525345 -0.07743454
v 0.03188485 0.11462581 -0.07743454
v 0.04099482 0.11387438 -0.07737887
v 0.04024684 0.11387438 -0.07743454
v 0.05010474 0.11387438 -0.07615566
v 0.05921459 0.11387438 -0.07535821
v 0.06832457 0.11387438 -0.07439321
v 0.07743454 0.11387438 -0.07442397
v 0.08654451 0.11387438 -0.07400715
v 0.09565449 0.11387438 -0.07339507
v 0.10476446 0.11387438 -0.07381117
v 0.11387432 0.11387438 -0.07408619
v 0.12298429 0.11387438 -0.07407606
v 0.13209426 0.11387438 -0.07279885
v 0.14120424 0.11387438 -0.07127708
v 0.15031421 0.11387438 -0.06936723
v -0.50528371 0.10476440 -0.07743454
v -0.47827226 0.10476440 -0.07403851
v -0.47868395 0.10476440 -0.07743454
v -0.34162301 0.10476440 -0.07227600
v -0.33251309 0.10476440 -0.07378232
v -0.32340318 0.10676223 -0.07743454
v -0.32588917 0.10476440 -0.07743454
v -0.31429321 0.11280805 -0.07743454
v 0.04099482 0.11386311 -0.07743454
v 0.05010474 0.11361402 -0.07743454
v 0.05921459 0.11345065 -0.07743454
v 0.06832457 0.11325115 -0.07743454
v 0.07743454 0.11317205 -0.07743454
v 0.08654451 0.11298788 -0.07743454
v 0.09565449 0.11283493 -0.07743454
v 0.10476446 0.11283851 -0.07743454
v 0.11387432 0.11279255 -0.07743454
v 0.12298429 0.11269718 -0.07743454
v 0.13209426 0.11233354 -0.07743454
v 0.14120424 0.11192387 -0.07743454
v 0.15031421 0.11144799 -0.07743454
v 0.15942407 0.11097127 -0.07743454
v 0.16853404 0.11034894 -0.07743454
v 0.17764401 0.10921574 -0.07743454
v 0.18675399 0.10627902 -0.07743454
v 0.19586384 0.10476440 -0.07651430
v 0.18953204 0.10476440 -0.07743454
v 0.20497382 0.10476440 -0.07548743
v 0.21408367 0.10476440 -0.07389808
v 0.22319365 0.10476440 -0.07071412
v -0.50544673 0.09565443 -0.07743454
v -0.47827226 0.09565443 -0.07367605
v -0.47862202 0.09565443 -0.07743454
v -0.35984290 0.09565443 -0.07227278
v -0.35073298 0.09565443 -0.07464689
v -0.34162301 0.09999943 -0.07743454
v -0.34621596 0.09565443 -0.07743454
v -0.33251309 0.09966129 -0.07743454
v 0.19586384 0.10416251 -0.07743454
v 0.20497382 0.10344344 -0.07743454
v 0.21408367 0.10236305 -0.07743454
v 0.22319365 0.09989023 -0.07743454
v 0.23230362 0.09565443 -0.07663548
v 0.22922528 0.09565443 -0.07743454
v 0.24141359 0.09565443 -0.07476634
v 0.25052357 0.09565443 -0.07143670
v 0.43272245 0.09565443 -0.07467413
v 0.43272245 0.09750444 -0.07743454
v 0.42956853 0.09565443 -0.07743454
v 0.43488467 0.09565443 -0.07743454
v -0.50437343 0.08654451 -0.07743454
v -0.48008105 0.08654451 -0.07743454
v -0.37806284 0.08654451 -0.06944197
v -0.36895287 0.08654451 -0.07134312
v -0.35984290 0.08654451 -0.07601523
v -0.35073298 0.08727455 -0.07743454
v -0.35152519 0.08654451 -0.07743454
v 0.23230362 0.09346259 -0.07743454
v 0.24141359 0.08654451 -0.07727432
v 0.24072540 0.08654451 -0.07743454
v 0.25052357 0.08654451 -0.07560205
v 0.25963354 0.08654451 -0.07332146
v 0.41450262 0.08654451 -0.07640326
v 0.42361248 0.09538400 -0.07743454
v 0.41459334 0.08654451 -0.07743454
v 0.44183242 0.09376454 -0.07743454
v 0.45094240 0.09161276 -0.07743454
v 0.46005237 0.09328550 -0.07743454
v 0.46828640 0.08654451 -0.07743454
v -0.49876821 0.07743454 -0.07743454
v -0.48738220 0.07743454 -0.07308215
v -0.48738220 0.07879585 -0.07743454
v -0.49362367 0.07743454 -0.07743454
v -0.38717276 0.07743454 -0.07079035
v -0.37806284 0.07743454 -0.07453775
v -0.36895287 0.07743454 -0.07599276
v -0.35984290 0.08023125 -0.07743454
v -0.36247027 0.07743454 -0.07743454
v 0.24141359 0.08399516 -0.07743454
v 0.25052357 0.07743454 -0.07681268
v 0.24470091 0.07743454 -0.07743454
v 0.25963354 0.07743454 -0.07574075
v 0.26874340 0.07743454 -0.06894976
v 0.34162307 0.07743454 -0.07129407
v 0.34162307 0.08322203 -0.07743454
v 0.33506382 0.07743454 -0.07743454
v 0.35073304 0.08472484 -0.07743454
v 0.35984302 0.08470845 -0.07743454
v 0.36895299 0.08467215 -0.07743454
v 0.37806284 0.08544111 -0.07743454
v 0.38717282 0.08588302 -0.07743454
v 0.39628267 0.08646840 -0.07743454
v 0.40539265 0.08617103 -0.07743454
v 0.41450262 0.08608222 -0.07743454
v 0.46916234 0.08628803 -0.07743454
v 0.47827220 0.08360511 -0.07743454
v 0.48423719 0.07743454 -0.07743454
v -0.49649215 0.07512361 -0.07743454
v -0.38717276 0.06832457 -0.06900537
v -0.37806284 0.06832457 -0.07524890
v -0.36895287 0.07134598 -0.07743454
v -0.37158194 0.06832457 -0.07743454
v 0.25052357 0.06832457 -0.07687068
v 0.24622011 0.06832457 -0.07743454
v 0.25963354 0.06832457 -0.07560301
v 0.26874340 0.06832457 -0.07430112
v 0.27785337 0.06832457 -0.07520109
v 0.28696334 0.06832457 -0.07517165
v 0.33251309 0.06832457 -0.07071072
v 0.33251309 0.07415950 -0.07743454
v 0.32741129 0.06832457 -0.07743454
v 0.48677921 0.06832457 -0.07743454
v -0.37806284 0.05921465 -0.07346827
v -0.36895287 0.05921465 -0.07721198
v -0.36895287 0.06182253 -0.07743454
v -0.36806351 0.05921465 -0.07743454
v 0.25052357 0.06119561 -0.07743454
v 0.25963354 0.05921465 -0.07686722
v 0.25203645 0.05921465 -0.07743454
v 0.26874340 0.05921465 -0.07633221
v 0.27785337 0.05921465 -0.07701308
v 0.28696334 0.05921465 -0.07713014
v 0.29607332 0.05921465 -0.07506859
v 0.32552338 0.05921465 -0.07743454
v 0.48738217 0.06368113 -0.07743454
v 0.49126458 0.05921465 -0.07743454
v -0.36895287 0.05010468 -0.07526553
v -0.36266142 0.05010468 -0.07743454
v 0.25963354 0.05738801 -0.07743454
v 0.26874340 0.05691379 -0.07743454
v 0.27785337 0.05010468 -0.07736939
v 0.27763665 0.05010468 -0.07743454
v 0.28696334 0.05010468 -0.07533908
v 0.29607332 0.05010468 -0.07507646
v 0.30518329 0.05010468 -0.07593435
v 0.32340312 0.05010468 -0.07051355
v 0.32340312 0.05401587 -0.07743454
v 0.31842780 0.05010468 -0.07743454
v 0.49519432 0.05010468 -0.07743454
v -0.36895287 0.04099476 -0.07209009
v -0.35984290 0.04099476 -0.07659274
v -0.35984290 0.04592592 -0.07743454
v -0.35643744 0.04099476 -0.07743454
v 0.27785337 0.04989737 -0.07743454
v 0.28696334 0.04923111 -0.07743454
v 0.29607332 0.04927182 -0.07743454
v 0.30518329 0.04969865 -0.07743454
v 0.31429327 0.04916531 -0.07743454
v 0.49607921 0.04099476 -0.07743454
v -0.35984290 0.03188485 -0.07571739
v -0.35763496 0.03188485 -0.07743454
v 0.49636459 0.03188485 -0.07743454
v -0.35239178 0.02277488 -0.07743454
v 0.49649215 0.02277488 -0.07629043
v 0.49649215 0.02382332 -0.07743454
v 0.49733102 0.02277488 -0.07743454
v -0.35073298 0.02117878 -0.07743454
v -0.34162301 0.01522052 -0.07743454
v -0.33251309 0.01366490 -0.06857711
v -0.33251309 0.01466048 -0.07743454
v -0.32340318 0.01432002 -0.07743454
v -0.31944561 0.01366490 -0.07743454
v 0.49649215 0.01366490 -0.07513601
v 0.49762356 0.01366490 -0.07743454
v -0.35073298 0.00930929 -0.07743454
v -0.35617465 0.00455499 -0.07743454
v -0.34162301 0.01309419 -0.07743454
v -0.33251309 0.01338458 -0.07743454
v -0.32340318 0.01354599 -0.07743454
v 0.49649215 0.01205730 -0.07743454
v 0.49637532 0.00455499 -0.07743454
v -0.36895287 -0.00313956 -0.07743454
v -0.37047231 -0.00455493 -0.07743454
v -0.35984290 0.00311083 -0.07743454
v 0.31429327 -0.00455493 -0.07704294
v 0.31429327 -0.00393337 -0.07743454
v 0.31140232 -0.00455493 -0.07743454
v 0.31704307 -0.00455493 -0.07743454
v 0.49599469 -0.00455493 -0.07743454
v -0.38717276 -0.01366490 -0.07529467
v -0.37806284 -0.00690824 -0.07743454
v -0.38709897 -0.01366490 -0.07743454
v 0.31429327 -0.00553596 -0.07743454
v 0.32340312 -0.01366490 -0.07688653
v 0.32340312 -0.01032436 -0.07743454
v 0.32213569 -0.01366490 -0.07743454
v 0.33251309 -0.01366490 -0.07483751
v 0.33251309 -0.01186651 -0.07743454
v 0.34099853 -0.01366490 -0.07743454
v 0.49262023 -0.01366490 -0.07743454
v -0.38717276 -0.01369393 -0.07743454
v -0.39577401 -0.02277488 -0.07743454
v 0.32340312 -0.01581228 -0.07743454
v 0.33251309 -0.02277488 -0.07615477
v 0.32887769 -0.02277488 -0.07743454
v 0.34162307 -0.02277488 -0.07058549
v 0.34162307 -0.01414931 -0.07743454
v 0.35073304 -0.02243978 -0.07743454
v 0.35139978 -0.02277488 -0.07743454
v 0.48985982 -0.02277488 -0.07743454
v -0.48738220 -0.03188485 -0.07228184
v -0.48738220 -0.02679473 -0.07743454
v -0.49338073 -0.03188485 -0.07743454
v -0.47827226 -0.03188485 -0.07108104
v -0.47827226 -0.02584559 -0.07743454
v -0.47026980 -0.03188485 -0.07743454
v -0.39628273 -0.02366531 -0.07743454
v -0.40342554 -0.03188485 -0.07743454
v 0.33251309 -0.03188485 -0.07506049
v 0.32936776 -0.03188485 -0.07743454
v 0.35984302 -0.03009742 -0.07743454
v 0.36895299 -0.03078920 -0.07743454
v 0.37185514 -0.03188485 -0.07743454
v 0.48738217 -0.02727169 -0.07743454
v 0.48698878 -0.03188485 -0.07743454
v -0.49649215 -0.04099482 -0.07459617
v -0.49649215 -0.03862363 -0.07743454
v -0.49816051 -0.04099482 -0.07743454
v -0.46916229 -0.03213292 -0.07743454
v -0.46005234 -0.03483480 -0.07743454
v -0.45349106 -0.04099482 -0.07743454
v -0.40484375 -0.04099482 -0.07743454
v 0.32340312 -0.04099482 -0.07712168
v 0.32340312 -0.03857642 -0.07743454
v 0.32327485 -0.04099482 -0.07743454
v 0.37806284 -0.03805715 -0.07743454
v 0.38717282 -0.04099482 -0.07683259
v 0.38717282 -0.04091203 -0.07743454
v 0.38740146 -0.04099482 -0.07743454
v 0.40539265 -0.04099482 -0.07616925
v 0.40539265 -0.04079777 -0.07743454
v 0.40522742 -0.04099482 -0.07743454
v 0.40543771 -0.04099482 -0.07743454
v 0.48192012 -0.04099482 -0.07743454
v -0.50365222 -0.05010474 -0.07743454
v -0.45094243 -0.04311591 -0.07743454
v -0.44183245 -0.04864657 -0.07743454
v -0.43272254 -0.05010474 -0.07614821
v -0.43940306 -0.05010474 -0.07743454
v -0.42361256 -0.05010474 -0.07356566
v -0.41450259 -0.05010474 -0.07530028
v -0.40539271 -0.05010474 -0.07131493
v -0.40524149 -0.05010474 -0.07743454
v 0.32340312 -0.05010474 -0.07554722
v 0.32237279 -0.05010474 -0.07743454
v 0.39628267 -0.04888451 -0.07743454
v 0.41450262 -0.05010474 -0.06913519
v 0.41450262 -0.04982591 -0.07743454
v 0.41755557 -0.05010474 -0.07743454
v 0.44183242 -0.05010474 -0.07302886
v 0.45094240 -0.05010474 -0.07396412
v 0.46005237 -0.04973453 -0.07743454
v 0.45439887 -0.05010474 -0.07743454
v 0.46916234 -0.04909801 -0.07743454
v 0.47827220 -0.04459202 -0.07743454
v -0.50416124 -0.05921459 -0.07743454
v -0.43272254 -0.05260307 -0.07743454
v -0.42361256 -0.05843461 -0.07743454
v -0.41450259 -0.05396098 -0.07743454
v -0.40539271 -0.05710810 -0.07743454
v 0.32076883 -0.05921459 -0.07743454
v 0.42361248 -0.05550629 -0.07743454
v 0.43272245 -0.05652857 -0.07743454
v 0.44183242 -0.05415088 -0.07743454
v 0.45094240 -0.05133259 -0.07743454
v -0.50393742 -0.06832457 -0.07743454
v 0.32080913 -0.06832457 -0.07743454
v -0.50107157 -0.07743454 -0.07743454
v -0.44183245 -0.07743454 -0.07454348
v -0.44183245 -0.07522547 -0.07743454
v -0.45009142 -0.07743454 -0.07743454
v -0.43272254 -0.07743454 -0.07504350
v -0.43272254 -0.07492340 -0.07743454
v -0.42361256 -0.07743454 -0.07465053
v -0.42361256 -0.07138222 -0.07743454
v -0.41450259 -0.07743454 -0.07654780
v -0.41450259 -0.07608932 -0.07743454
v -0.40539271 -0.07743454 -0.07670277
v -0.40539271 -0.07633573 -0.07743454
v -0.40532544 -0.07743454 -0.07743454
v 0.31429327 -0.07743454 -0.07351673
v 0.31429327 -0.07488990 -0.07743454
v 0.31330121 -0.07743454 -0.07743454
v -0.49649215 -0.08235049 -0.07743454
v -0.48738220 -0.08586395 -0.07743454
v -0.47827226 -0.08622861 -0.07743454
v -0.46916229 -0.08578730 -0.07743454
v -0.46005234 -0.08446634 -0.07743454
v -0.45094243 -0.07800967 -0.07743454
v -0.40485182 -0.08654451 -0.07743454
v 0.30662823 -0.08654451 -0.07743454
v -0.39628273 -0.09544921 -0.07743454
v -0.39598063 -0.09565449 -0.07743454
v -0.06832457 -0.09511352 -0.07743454
v -0.06942207 -0.09565449 -0.07743454
v -0.05921465 -0.09499413 -0.07743454
v -0.05010468 -0.09565449 -0.07323796
v -0.05082887 -0.09565449 -0.07743454
v 0.30518329 -0.08800322 -0.07743454
v 0.30302095 -0.09565449 -0.07743454
v -0.38717276 -0.10415930 -0.07743454
v -0.38553473 -0.10476446 -0.07743454
v -0.08654451 -0.10476446 -0.07201946
v -0.07743454 -0.10476446 -0.06954902
v -0.07153255 -0.10476446 -0.07743454
v -0.05010468 -0.09632248 -0.07743454
v -0.04099476 -0.10476446 -0.07503921
v -0.04397810 -0.10476446 -0.07743454
v -0.03188485 -0.10476446 -0.07363123
v -0.02277488 -0.10476446 -0.07266212
v -0.01366490 -0.10476446 -0.07185316
v -0.00455499 -0.10476446 -0.06924492
v 0.29607332 -0.10265285 -0.07743454
v 0.29292667 -0.10476446 -0.07743454
v -0.37806284 -0.11183017 -0.07743454
v -0.36895287 -0.11273950 -0.07743454
v -0.35984290 -0.11387432 -0.07299995
v -0.35984290 -0.11327696 -0.07743454
v -0.35073298 -0.11387432 -0.07680720
v -0.35073298 -0.11379737 -0.07743454
v -0.35015094 -0.11387432 -0.07743454
v -0.10476440 -0.11344379 -0.07743454
v -0.10718358 -0.11387432 -0.07743454
v -0.09565443 -0.11292678 -0.07743454
v -0.08654451 -0.10848945 -0.07743454
v -0.07743454 -0.11105716 -0.07743454
v -0.04099476 -0.10763538 -0.07743454
v -0.03188485 -0.10877657 -0.07743454
v -0.02277488 -0.10959566 -0.07743454
v -0.01366490 -0.11022621 -0.07743454
v -0.00455499 -0.11329621 -0.07743454
v 0.00455493 -0.11387432 -0.07399637
v -0.00308490 -0.11387432 -0.07743454
v 0.01366490 -0.11387432 -0.07112837
v 0.02277488 -0.11387432 -0.07100660
v 0.03188485 -0.11387432 -0.07096207
v 0.04099482 -0.11387432 -0.07106650
v 0.05010474 -0.11387432 -0.06834126
v 0.28696334 -0.11079985 -0.07743454
v 0.27975595 -0.11387432 -0.07743454
v -0.34162301 -0.11881745 -0.07743454
v -0.33251309 -0.11891127 -0.07743454
v -0.32340318 -0.11757684 -0.07743454
v -0.31429321 -0.11878312 -0.07743454
v -0.30518323 -0.11882150 -0.07743454
v -0.29607332 -0.11816180 -0.07743454
v -0.28696334 -0.11752671 -0.07743454
v -0.27785337 -0.11802518 -0.07743454
v -0.26874346 -0.11855382 -0.07743454
v -0.25963348 -0.11882448 -0.07743454
v -0.25052351 -0.11948544 -0.07743454
v -0.24141359 -0.11988848 -0.07743454
v -0.23230368 -0.12019473 -0.07743454
v -0.22319376 -0.11921620 -0.07743454
v -0.21408379 -0.11860287 -0.07743454
v -0.20497382 -0.11915803 -0.07743454
v -0.19586390 -0.11972106 -0.07743454
v -0.18675393 -0.11960274 -0.07743454
v -0.17764395 -0.11941928 -0.07743454
v -0.16853404 -0.11925912 -0.07743454
v -0.15942407 -0.11910355 -0.07743454
v -0.15031409 -0.11891657 -0.07743454
v -0.14120418 -0.11857682 -0.07743454
v -0.13209426 -0.11802393 -0.07743454
v -0.12298429 -0.11603391 -0.07743454
v -0.11387438 -0.11805660 -0.07743454
v -0.00455499 -0.12298429 -0.07565588
v -0.00455499 -0.11613452 -0.07743454
v -0.00780565 -0.12298429 -0.07743454
v 0.00455493 -0.12298429 -0.07223856
v 0.01366490 -0.12298429 -0.07040703
v 0.02277488 -0.12298429 -0.06953001
v 0.03188485 -0.12298429 -0.06878412
v 0.26874340 -0.12222934 -0.07743454
v 0.26730049 -0.12298429 -0.07743454
v 0.27785337 -0.11572140 -0.07743454
v -0.01366490 -0.13209426 -0.07551259
v -0.01366490 -0.12859219 -0.07743454
v -0.01950294 -0.13209426 -0.07743454
v -0.00455499 -0.13209426 -0.07165486
v 0.00455493 -0.13209426 -0.07001168
v 0.01366490 -0.13209426 -0.06893462
v 0.25052357 -0.13185418 -0.07743454
v 0.24975216 -0.13209426 -0.07743454
v 0.25963354 -0.13043702 -0.07743454
v -0.01366490 -0.14120424 -0.07619375
v -0.01590610 -0.14120424 -0.07743454
v -0.00455499 -0.14120424 -0.07200211
v 0.00455493 -0.14120424 -0.07008809
v 0.01366490 -0.14120424 -0.06877190
v 0.23230362 -0.14091754 -0.07743454
v 0.23108780 -0.14120424 -0.07743454
v 0.24141359 -0.13974440 -0.07743454
v -0.01366490 -0.14267957 -0.07743454
v -0.00455499 -0.14822888 -0.07743454
v 0.00455493 -0.15031421 -0.07514882
v 0.00058806 -0.15031421 -0.07743454
v 0.01366490 -0.15031421 -0.07137227
v 0.02277488 -0.15031421 -0.06980604
v 0.03188485 -0.15031421 -0.06852680
v 0.21408367 -0.14978826 -0.07743454
v 0.21163154 -0.15031421 -0.07743454
v 0.22319365 -0.14822674 -0.07743454
v 0.00455493 -0.15252733 -0.07743454
v 0.01366490 -0.15595877 -0.07743454
v 0.02277488 -0.15711141 -0.07743454
v 0.03188485 -0.15791404 -0.07743454
v 0.04099482 -0.15858817 -0.07743454
v 0.05010474 -0.15906763 -0.07743454
v 0.05921459 -0.15942407 -0.07653183
v 0.05687070 -0.15942407 -0.07743454
v 0.06832457 -0.15942407 -0.07393885
v 0.07743454 -0.15942407 -0.07321399
v 0.08654451 -0.15942407 -0.07357305
v 0.09565449 -0.15942407 -0.07521939
v 0.10476446 -0.15942407 -0.06948411
v 0.11387432 -0.15755308 -0.07743454
v 0.11098439 -0.15942407 -0.07743454
v 0.11430925 -0.15942407 -0.07743454
v 0.18675399 -0.15935922 -0.07743454
v 0.18650520 -0.15942407 -0.07743454
v 0.19586384 -0.15864658 -0.07743454
v 0.20497382 -0.15659702 -0.07743454
v 0.05921459 -0.16020882 -0.07743454
v 0.06832457 -0.16223502 -0.07743454
v 0.07743454 -0.16270256 -0.07743454
v 0.08654451 -0.16239846 -0.07743454
v 0.09565449 -0.16103840 -0.07743454
v 0.10476446 -0.16557407 -0.07743454
v 0.12298429 -0.16829860 -0.07743454
v 0.12319791 -0.16853404 -0.07743454
v 0.15942407 -0.16853404 -0.07336313
v 0.16853404 -0.16803455 -0.07743454
v 0.16169429 -0.16853404 -0.07743454
v 0.17764401 -0.16698837 -0.07743454
v 0.13209426 -0.17724657 -0.07743454
v 0.14120424 -0.17716753 -0.07743454
v 0.15031421 -0.17600715 -0.07743454
v 0.15942407 -0.17049146 -0.07743454
v -0.49649215 0.12298429 -0.08512700
v -0.48738220 0.12298429 -0.08388847
v -0.27785337 0.12298429 -0.07797003
v -0.26874346 0.12298429 -0.08030313
v -0.25963348 0.12298429 -0.08431667
v -0.25052351 0.12298429 -0.08418268
v -0.24141359 0.12298429 -0.08094627
v -0.23230368 0.12298429 -0.07843632
v -0.22319376 0.12298429 -0.08286440
v -0.21408379 0.12298429 -0.08475769
v -0.20497382 0.12298429 -0.08465105
v -0.19586390 0.12298429 -0.08473361
v -0.18675393 0.12442565 -0.08654451
v -0.18964583 0.12298429 -0.08654451
v -0.17764395 0.12868607 -0.08654451
v -0.16853404 0.12827647 -0.08654451
v -0.15942407 0.12738329 -0.08654451
v -0.15031409 0.12668979 -0.08654451
v -0.14120418 0.12508655 -0.08654451
v -0.13209426 0.12374538 -0.08654451
v -0.12298429 0.12298429 -0.08596146
v -0.12823302 0.12298429 -0.08654451
v -0.11387438 0.12298429 -0.08642763
v -0.10476440 0.12298429 -0.08198863
v -0.06832457 0.12741011 -0.08654451
v -0.07361591 0.12298429 -0.08654451
v -0.05921465 0.12325168 -0.08654451
v -0.05010468 0.12298429 -0.07987458
v -0.05873972 0.12298429 -0.08654451
v -0.49649215 0.12173903 -0.08654451
v -0.50354886 0.11387438 -0.08654451
v -0.48738220 0.11786896 -0.08654451
v -0.48392761 0.11387438 -0.08654451
v -0.30518323 0.11387438 -0.07996792
v -0.29607332 0.11387438 -0.08458942
v -0.28696334 0.11693358 -0.08654451
v -0.29124415 0.11387438 -0.08654451
v -0.27785337 0.11891270 -0.08654451
v -0.26874346 0.11980492 -0.08654451
v -0.25963348 0.12177604 -0.08654451
v -0.25052351 0.12195522 -0.08654451
v -0.24141359 0.12145084 -0.08654451
v -0.23230368 0.12081808 -0.08654451
v -0.22319376 0.12121397 -0.08654451
v -0.21408379 0.12261355 -0.08654451
v -0.20497382 0.12244707 -0.08654451
v -0.19586390 0.12174553 -0.08654451
v -0.12298429 0.12279874 -0.08654451
v -0.11387438 0.12294221 -0.08654451
v -0.10476440 0.12021327 -0.08654451
v -0.09565443 0.11387438 -0.08145326
v -0.09816641 0.11387438 -0.08654451
v -0.08654451 0.11387438 -0.08400929
v -0.07743454 0.11955243 -0.08654451
v -0.08510286 0.11387438 -0.08654451
v -0.05010468 0.12063497 -0.08654451
v -0.04099476 0.11813366 -0.08654451
v -0.03188485 0.11681449 -0.08654451
v -0.02277488 0.11493862 -0.08654451
v -0.01366490 0.11387438 -0.08449084
v -0.01906443 0.11387438 -0.08654451
v -0.00455499 0.11387438 -0.08287537
v 0.00455493 0.11387438 -0.08126330
v 0.01366490 0.11387438 -0.07961583
v 0.02277488 0.11387438 -0.07898533
v 0.03188485 0.11387438 -0.07825887
v -0.50463498 0.10476440 -0.08654451
v -0.48048586 0.10476440 -0.08654451
v -0.32340318 0.10476440 -0.07935512
v -0.31429321 0.10476440 -0.08605188
v -0.30518323 0.10949641 -0.08654451
v -0.31277436 0.10476440 -0.08654451
v -0.29607332 0.11271065 -0.08654451
v -0.09565443 0.11274832 -0.08654451
v -0.08654451 0.11298400 -0.08654451
v -0.01366490 0.11330831 -0.08654451
v -0.00455499 0.11280245 -0.08654451
v 0.00455493 0.11244255 -0.08654451
v 0.01366490 0.11217523 -0.08654451
v 0.02277488 0.11206126 -0.08654451
v 0.03188485 0.11196625 -0.08654451
v 0.04099482 0.11187601 -0.08654451
v 0.05010474 0.11171490 -0.08654451
v 0.05921459 0.11159062 -0.08654451
v 0.06832457 0.11146122 -0.08654451
v 0.07743454 0.11141378 -0.08654451
v 0.08654451 0.11135709 -0.08654451
v 0.09565449 0.11127168 -0.08654451
v 0.10476446 0.11092347 -0.08654451
v 0.11387432 0.11050475 -0.08654451
v 0.12298429 0.10994852 -0.08654451
v 0.13209426 0.10871643 -0.08654451
v 0.14120424 0.10690135 -0.08654451
v 0.15031421 0.10476440 -0.08626348
v 0.14838243 0.10476440 -0.08654451
v 0.15942407 0.10476440 -0.08459163
v 0.16853404 0.10476440 -0.08331937
v 0.17764401 0.10476440 -0.08195424
v 0.18675399 0.10476440 -0.07895941
v -0.50537539 0.09565443 -0.08654451
v -0.47992039 0.09565443 -0.08654451
v -0.34162301 0.09565443 -0.08147258
v -0.33251309 0.09565443 -0.08100289
v -0.32340318 0.09565443 -0.08611619
v -0.31429321 0.10436219 -0.08654451
v -0.32309121 0.09565443 -0.08654451
v 0.15031421 0.10466146 -0.08654451
v 0.15942407 0.10392475 -0.08654451
v 0.16853404 0.10324246 -0.08654451
v 0.17764401 0.10258567 -0.08654451
v 0.18675399 0.10158789 -0.08654451
v 0.19586384 0.09930027 -0.08654451
v 0.20497382 0.09565443 -0.08594030
v 0.20184493 0.09565443 -0.08654451
v 0.21408367 0.09565443 -0.08422124
v 0.22319365 0.09565443 -0.08167386
v 0.43272245 0.10032487 -0.08654451
v 0.42791510 0.09565443 -0.08654451
v 0.44183242 0.09565443 -0.07853848
v 0.44183242 0.10345125 -0.08654451
v 0.45094240 0.09565443 -0.07865357
v 0.45094240 0.10293025 -0.08654451
v 0.45843410 0.09565443 -0.08654451
v -0.50111741 0.08654451 -0.08654451
v -0.48738220 0.08654451 -0.08556587
v -0.48738220 0.08742911 -0.08654451
v -0.49040988 0.08654451 -0.08654451
v -0.35073298 0.08654451 -0.07789636
v -0.34162301 0.08654451 -0.08535069
v -0.33251309 0.09101117 -0.08654451
v -0.33912897 0.08654451 -0.08654451
v -0.32340318 0.09054285 -0.08654451
v 0.20497382 0.09404373 -0.08654451
v 0.21408367 0.08654451 -0.08641094
v 0.21361017 0.08654451 -0.08654451
v 0.22319365 0.08654451 -0.08465999
v 0.23230362 0.08654451 -0.08275115
v 0.42361248 0.09406382 -0.08654451
v 0.41612363 0.08654451 -0.08654451
v 0.46005237 0.09345686 -0.08654451
v 0.46713901 0.08654451 -0.08654451
v -0.49649215 0.07743454 -0.08041525
v -0.49649215 0.08114344 -0.08654451
v -0.35984290 0.07743454 -0.07919621
v -0.35073298 0.07743454 -0.08431852
v -0.34162301 0.07743454 -0.08518654
v -0.33993173 0.07743454 -0.08654451
v 0.21408367 0.07743454 -0.08603519
v 0.21123397 0.07743454 -0.08654451
v 0.22319365 0.07743454 -0.08469099
v 0.23230362 0.07743454 -0.08284801
v 0.24141359 0.07743454 -0.07949686
v 0.33251309 0.07743454 -0.08531845
v 0.33251309 0.07830280 -0.08654451
v 0.33164740 0.07743454 -0.08654451
v 0.34162307 0.08436441 -0.08654451
v 0.35073304 0.08453536 -0.08654451
v 0.35984302 0.08474052 -0.08654451
v 0.36895299 0.08412987 -0.08654451
v 0.37806284 0.08486509 -0.08654451
v 0.38717282 0.08512819 -0.08654451
v 0.39628267 0.08541429 -0.08654451
v 0.40539265 0.08554691 -0.08654451
v 0.41450262 0.08424795 -0.08654451
v 0.46916234 0.08482450 -0.08654451
v 0.47827220 0.07743454 -0.08580327
v 0.47784936 0.07743454 -0.08654451
v -0.36895287 0.06832457 -0.07952219
v -0.35984290 0.06832457 -0.08303708
v -0.35073298 0.06832457 -0.08636922
v -0.34162301 0.07306415 -0.08654451
v -0.34931344 0.06832457 -0.08654451
v 0.21408367 0.06832457 -0.08571410
v 0.20894361 0.06832457 -0.08654451
v 0.22319365 0.06832457 -0.08447206
v 0.23230362 0.06832457 -0.08287853
v 0.24141359 0.06832457 -0.07981670
v 0.32449412 0.06832457 -0.08654451
v 0.47827220 0.07704514 -0.08654451
v 0.48563385 0.06832457 -0.08654451
v -0.35984290 0.05921465 -0.08234000
v -0.35073298 0.05921465 -0.08448511
v -0.34564787 0.05921465 -0.08654451
v 0.21408367 0.06696922 -0.08654451
v 0.22319365 0.06298608 -0.08654451
v 0.23230362 0.05921465 -0.08535516
v 0.22760558 0.05921465 -0.08654451
v 0.24141359 0.05921465 -0.08309472
v 0.25052357 0.05921465 -0.07816118
v 0.32387447 0.05921465 -0.08654451
v 0.48738217 0.06373727 -0.08654451
v 0.49154198 0.05921465 -0.08654451
v -0.35984290 0.05010468 -0.07963306
v -0.35073298 0.05010468 -0.08368152
v -0.34162301 0.05010468 -0.08503056
v -0.34162301 0.05431026 -0.08654451
v -0.33655870 0.05010468 -0.08654451
v 0.23230362 0.05849552 -0.08654451
v 0.24141359 0.05712283 -0.08654451
v 0.25052357 0.05062884 -0.08654451
v 0.25963354 0.05010468 -0.08344746
v 0.25110602 0.05010468 -0.08654451
v 0.26874340 0.05010468 -0.08374733
v 0.32340312 0.05487144 -0.08654451
v 0.32023740 0.05010468 -0.08654451
v 0.49566841 0.05010468 -0.08654451
v -0.35073298 0.04099476 -0.08106107
v -0.34162301 0.04099476 -0.08441305
v -0.33251309 0.04099476 -0.08585089
v -0.33251309 0.04466408 -0.08654451
v -0.32973790 0.04099476 -0.08654451
v 0.25963354 0.04099476 -0.08494526
v 0.25887287 0.04099476 -0.08654451
v 0.26874340 0.04099476 -0.08641094
v 0.27785337 0.04099476 -0.08392847
v 0.28696334 0.04099476 -0.08581710
v 0.29607332 0.04099476 -0.08635080
v 0.30518329 0.04291725 -0.08654451
v 0.29916799 0.04099476 -0.08654451
v 0.31429327 0.04375362 -0.08654451
v 0.49624169 0.04099476 -0.08654451
v -0.35073298 0.03188485 -0.08400565
v -0.34162301 0.03699696 -0.08654451
v -0.34661108 0.03188485 -0.08654451
v -0.33251309 0.03981322 -0.08654451
v 0.25963354 0.03726637 -0.08654451
v 0.26874340 0.04059291 -0.08654451
v 0.27785337 0.03188485 -0.08632654
v 0.27713501 0.03188485 -0.08654451
v 0.28696334 0.03702646 -0.08654451
v 0.27914190 0.03188485 -0.08654451
v 0.29607332 0.04002231 -0.08654451
v 0.49644804 0.03188485 -0.08654451
v -0.35073298 0.02277488 -0.07928145
v -0.34512275 0.02277488 -0.08654451
v -0.32340318 0.02277488 -0.08373934
v -0.32340318 0.02451289 -0.08654451
v -0.32792866 0.02277488 -0.08654451
v -0.31509697 0.02277488 -0.08654451
v 0.27785337 0.03125578 -0.08654451
v 0.49649215 0.02966237 -0.08654451
v 0.50150394 0.02277488 -0.08654451
v -0.34162301 0.01880991 -0.08654451
v -0.33251309 0.01916587 -0.08654451
v -0.32340318 0.01366490 -0.07988888
v -0.32340318 0.01658702 -0.08654451
v -0.32553679 0.01366490 -0.08654451
v -0.31429321 0.01366490 -0.07882792
v -0.31429321 0.02212298 -0.08654451
v -0.32091326 0.01366490 -0.08654451
v -0.31241053 0.01366490 -0.08654451
v 0.50123715 0.01366490 -0.08654451
v -0.35073298 0.00662464 -0.08654451
v -0.35289550 0.00455499 -0.08654451
v -0.34162301 0.01265687 -0.08654451
v -0.33251309 0.01284099 -0.08654451
v -0.31429321 0.01330155 -0.08654451
v 0.49649215 0.00768006 -0.08654451
v 0.49641383 0.00455499 -0.08654451
v -0.36895287 -0.00455493 -0.07949054
v -0.35984290 0.00108987 -0.08654451
v -0.36626583 -0.00455493 -0.08654451
v 0.29607332 -0.00455493 -0.08630991
v 0.29607332 -0.00371987 -0.08654451
v 0.29593623 -0.00455493 -0.08654451
v 0.30518329 -0.00455493 -0.08076715
v 0.30518329 0.00119418 -0.08654451
v 0.31429327 0.00273097 -0.08654451
v 0.32232070 -0.00455493 -0.08654451
v 0.49615514 -0.00455493 -0.08654451
v -0.37806284 -0.00883609 -0.08654451
v -0.38455430 -0.01366490 -0.08654451
v -0.36895287 -0.00553936 -0.08654451
v 0.29607332 -0.00476855 -0.08654451
v 0.30518329 -0.01366490 -0.08631217
v 0.30490446 -0.01366490 -0.08654451
v 0.31429327 -0.01366490 -0.08376908
v 0.32340312 -0.00562805 -0.08654451
v 0.33251309 -0.01245570 -0.08654451
v 0.33653069 -0.01366490 -0.08654451
v 0.49225378 -0.01366490 -0.08654451
v -0.38717276 -0.01431435 -0.08654451
v -0.39523330 -0.02277488 -0.08654451
v 0.30518329 -0.01534367 -0.08654451
v 0.31429327 -0.02277488 -0.08563495
v 0.31042969 -0.02277488 -0.08654451
v 0.32340312 -0.02277488 -0.08227462
v 0.34162307 -0.01802856 -0.08654451
v 0.35073304 -0.02215320 -0.08654451
v 0.35290980 -0.02277488 -0.08654451
v 0.49021268 -0.02277488 -0.08654451
v -0.48738220 -0.02332556 -0.08654451
v -0.49648893 -0.03188485 -0.08654451
v -0.47827226 -0.02385855 -0.08654451
v -0.46916229 -0.03188485 -0.08301252
v -0.46916229 -0.03055358 -0.08654451
v -0.46784651 -0.03188485 -0.08654451
v -0.39628273 -0.02454710 -0.08654451
v -0.40320379 -0.03188485 -0.08654451
v 0.31429327 -0.03188485 -0.08624166
v 0.31287825 -0.03188485 -0.08654451
v 0.32340312 -0.03188485 -0.08331096
v 0.35984302 -0.02854395 -0.08654451
v 0.36895299 -0.03000969 -0.08654451
v 0.37572455 -0.03188485 -0.08654451
v 0.48738217 -0.02688873 -0.08654451
v 0.48557234 -0.03188485 -0.08654451
v -0.49649215 -0.03189820 -0.08654451
v -0.50336409 -0.04099482 -0.08654451
v -0.46005234 -0.03976023 -0.08654451
v -0.45881507 -0.04099482 -0.08654451
v -0.40480787 -0.04099482 -0.08654451
v 0.31429327 -0.04099482 -0.08639538
v 0.31387138 -0.04099482 -0.08654451
v 0.37806284 -0.03421181 -0.08654451
v 0.38717282 -0.03881973 -0.08654451
v 0.39628267 -0.04099482 -0.08644110
v 0.39628267 -0.04087615 -0.08654451
v 0.40539265 -0.03863734 -0.08654451
v 0.40642941 -0.04099482 -0.08654451
v 0.47827220 -0.04099482 -0.08280891
v 0.47827220 -0.03944761 -0.08654451
v 0.47530043 -0.04099482 -0.08654451
v -0.50462389 -0.05010474 -0.08654451
v -0.45094243 -0.05010474 -0.08480030
v -0.45207286 -0.05010474 -0.08654451
v -0.44183245 -0.05010474 -0.07889336
v -0.40523094 -0.05010474 -0.08654451
v 0.30518329 -0.05010474 -0.08645719
v 0.30518329 -0.05000114 -0.08654451
v 0.30448985 -0.05010474 -0.08654451
v 0.31429327 -0.05010474 -0.08552265
v 0.41450262 -0.04894245 -0.08654451
v 0.42361248 -0.05010474 -0.08390391
v 0.42361248 -0.04994309 -0.08654451
v 0.42681396 -0.05010474 -0.08654451
v 0.46005237 -0.04999387 -0.08654451
v 0.45992672 -0.05010474 -0.08654451
v 0.46916234 -0.04552245 -0.08654451
v -0.50483978 -0.05921459 -0.08654451
v -0.45094243 -0.05921459 -0.08615518
v -0.45133403 -0.05921459 -0.08654451
v -0.44183245 -0.05921459 -0.08331937
v -0.43272254 -0.05921459 -0.08271587
v -0.42361256 -0.05921459 -0.07817829
v -0.41450259 -0.05921459 -0.08211136
v -0.40539271 -0.05921459 -0.07947373
v -0.40528432 -0.05921459 -0.08654451
v 0.30518329 -0.05921459 -0.08634984
v 0.30475259 -0.05921459 -0.08654451
v 0.31429327 -0.05921459 -0.08393419
v 0.43272245 -0.05486554 -0.08654451
v 0.44183242 -0.05761504 -0.08654451
v 0.45094240 -0.05831045 -0.08654451
v -0.50470817 -0.06832457 -0.08654451
v -0.45094243 -0.06832457 -0.08584458
v -0.45179054 -0.06832457 -0.08654451
v -0.44183245 -0.06832457 -0.08358032
v -0.43272254 -0.06832457 -0.08351976
v -0.42361256 -0.06832457 -0.08036888
v -0.41450259 -0.06832457 -0.08446497
v -0.40539271 -0.06832457 -0.08418602
v -0.40527618 -0.06832457 -0.08654451
v 0.30518329 -0.06149638 -0.08654451
v 0.31429327 -0.06832457 -0.08397341
v 0.30931699 -0.06832457 -0.08654451
v -0.50171053 -0.07743454 -0.08654451
v -0.46005234 -0.07743454 -0.08538055
v -0.46005234 -0.07667392 -0.08654451
v -0.46109554 -0.07743454 -0.08654451
v -0.45094243 -0.07743454 -0.07800454
v -0.40518242 -0.07743454 -0.08654451
v 0.30518329 -0.07743454 -0.08569688
v 0.30518329 -0.07288802 -0.08654451
v 0.30377948 -0.07743454 -0.08654451
v -0.49649215 -0.08301651 -0.08654451
v -0.48738220 -0.08590531 -0.08654451
v -0.47827226 -0.08606672 -0.08654451
v -0.46916229 -0.08465600 -0.08654451
v -0.40467852 -0.08654451 -0.08654451
v 0.30518329 -0.08654451 -0.07888871
v 0.30083394 -0.08654451 -0.08654451
v -0.39628273 -0.09500319 -0.08654451
v -0.39521506 -0.09565449 -0.08654451
v -0.06832457 -0.09488142 -0.08654451
v -0.06971133 -0.09565449 -0.08654451
v -0.05921465 -0.09489918 -0.08654451
v -0.05010468 -0.09565449 -0.07975292
v -0.05010468 -0.09549737 -0.08654451
v -0.04820478 -0.09565449 -0.08654451
v 0.07743454 -0.09565449 -0.08559763
v 0.07743454 -0.09549308 -0.08654451
v 0.07489341 -0.09565449 -0.08654451
v 0.08654451 -0.09565449 -0.08337039
v 0.08654451 -0.09523940 -0.08654451
v 0.09116250 -0.09565449 -0.08654451
v 0.29607332 -0.09565449 -0.08442754
v 0.29607332 -0.09137636 -0.08654451
v 0.29262698 -0.09565449 -0.08654451
v -0.38717276 -0.10360217 -0.08654451
v -0.37806284 -0.10476446 -0.08522612
v -0.37806284 -0.10385197 -0.08654451
v -0.37252659 -0.10476446 -0.08654451
v -0.06979251 -0.10476446 -0.08654451
v -0.05010468 -0.10476446 -0.08129668
v -0.05010468 -0.09698200 -0.08654451
v -0.05776495 -0.10476446 -0.08654451
v 0.07743454 -0.09649134 -0.08654451
v 0.08654451 -0.09853625 -0.08654451
v 0.28696334 -0.10476446 -0.08344406
v 0.28696334 -0.10137337 -0.08654451
v 0.28448439 -0.10476446 -0.08654451
v -0.36895287 -0.10726577 -0.08654451
v -0.35984290 -0.11075300 -0.08654451
v -0.35073298 -0.11221504 -0.08654451
v -0.34162301 -0.11387432 -0.08551043
v -0.34162301 -0.11367810 -0.08654451
v -0.33251309 -0.11387432 -0.08571815
v -0.33251309 -0.11371213 -0.08654451
v -0.32340318 -0.11387432 -0.08444560
v -0.32340318 -0.11364353 -0.08654451
v -0.31724375 -0.11387432 -0.08654451
v -0.29607332 -0.11387432 -0.08548635
v -0.29607332 -0.11377156 -0.08654451
v -0.30440515 -0.11387432 -0.08654451
v -0.28696334 -0.11387432 -0.08415705
v -0.28696334 -0.11364323 -0.08654451
v -0.27785337 -0.11387432 -0.08504826
v -0.27785337 -0.11370152 -0.08654451
v -0.26874346 -0.11387432 -0.08618492
v -0.26874346 -0.11382568 -0.08654451
v -0.26705372 -0.11387432 -0.08654451
v -0.13209426 -0.11387432 -0.08477324
v -0.13209426 -0.11361998 -0.08654451
v -0.13918018 -0.11387432 -0.08654451
v -0.12298429 -0.11387432 -0.08096552
v -0.12298429 -0.11318660 -0.08654451
v -0.11829680 -0.11387432 -0.08654451
v -0.10476440 -0.11339432 -0.08654451
v -0.10808730 -0.11387432 -0.08654451
v -0.09565443 -0.11387432 -0.08297026
v -0.10076284 -0.11387432 -0.08654451
v -0.08654451 -0.11308962 -0.08654451
v -0.08915627 -0.11387432 -0.08654451
v -0.07743454 -0.11387432 -0.08180684
v -0.08510822 -0.11387432 -0.08654451
v -0.07287592 -0.11387432 -0.08654451
v -0.05010468 -0.11387432 -0.08228093
v -0.05816966 -0.11387432 -0.08654451
v -0.04099476 -0.11387432 -0.07999414
v -0.03188485 -0.11387432 -0.08016723
v -0.02277488 -0.11387432 -0.07966024
v -0.01366490 -0.11387432 -0.07919836
v -0.00455499 -0.11387432 -0.07771665
v 0.27785337 -0.11387432 -0.07929444
v 0.27785337 -0.11136645 -0.08654451
v 0.27401733 -0.11387432 -0.08654451
v -0.31429321 -0.11468142 -0.08654451
v -0.30518323 -0.11397296 -0.08654451
v -0.25963348 -0.11532474 -0.08654451
v -0.25052351 -0.11702830 -0.08654451
v -0.24141359 -0.11809933 -0.08654451
v -0.23230368 -0.11837167 -0.08654451
v -0.22319376 -0.11704594 -0.08654451
v -0.21408379 -0.11613369 -0.08654451
v -0.20497382 -0.11654240 -0.08654451
v -0.19586390 -0.11661863 -0.08654451
v -0.18675393 -0.11723697 -0.08654451
v -0.17764395 -0.11679608 -0.08654451
v -0.16853404 -0.11659789 -0.08654451
v -0.15942407 -0.11600375 -0.08654451
v -0.15031409 -0.11513680 -0.08654451
v -0.14120418 -0.11436880 -0.08654451
v -0.11387438 -0.11676043 -0.08654451
v -0.09565443 -0.11630845 -0.08654451
v -0.07743454 -0.11821932 -0.08654451
v -0.05010468 -0.12298429 -0.08039564
v -0.05899006 -0.12298429 -0.08654451
v -0.04099476 -0.12298429 -0.07941735
v -0.03188485 -0.12298429 -0.07885200
v -0.02277488 -0.12298429 -0.07836580
v -0.01366490 -0.12298429 -0.07823116
v 0.25963354 -0.12298429 -0.08620703
v 0.25963354 -0.12280798 -0.08654451
v 0.25938404 -0.12298429 -0.08654451
v 0.26874340 -0.11910242 -0.08654451
v -0.05921465 -0.13209426 -0.07990974
v -0.05921465 -0.12315333 -0.08654451
v -0.06619227 -0.13209426 -0.08654451
v -0.05010468 -0.13209426 -0.07881224
v -0.04099476 -0.13209426 -0.07855195
v -0.03188485 -0.13209426 -0.07803690
v -0.02277488 -0.13209426 -0.07757509
v 0.25052357 -0.13081348 -0.08654451
v 0.24231195 -0.13209426 -0.08654451
v -0.05921465 -0.14120424 -0.08239013
v -0.06349719 -0.14120424 -0.08654451
v -0.05010468 -0.14120424 -0.08005267
v -0.04099476 -0.14120424 -0.08053368
v -0.03188485 -0.14120424 -0.07921195
v -0.02277488 -0.14120424 -0.07819569
v 0.22319365 -0.14120424 -0.08590132
v 0.22319365 -0.14097977 -0.08654451
v 0.22257245 -0.14120424 -0.08654451
v 0.23230362 -0.13967586 -0.08654451
v 0.24141359 -0.13297832 -0.08654451
v -0.05921465 -0.14554894 -0.08654451
v -0.05010468 -0.14782929 -0.08654451
v -0.04099476 -0.14728403 -0.08654451
v -0.03188485 -0.14874709 -0.08654451
v -0.02277488 -0.14991045 -0.08654451
v -0.01366490 -0.15031421 -0.08278078
v -0.02004462 -0.15031421 -0.08654451
v -0.00455499 -0.15031421 -0.07894027
v 0.20497382 -0.15031421 -0.08482933
v 0.20497382 -0.14990151 -0.08654451
v 0.20342529 -0.15031421 -0.08654451
v 0.21408367 -0.14827991 -0.08654451
v -0.01366490 -0.15360618 -0.08654451
v -0.00455499 -0.15647721 -0.08654451
v 0.00455493 -0.15752792 -0.08654451
v 0.01366490 -0.15813708 -0.08654451
v 0.02277488 -0.15847349 -0.08654451
v 0.03188485 -0.15877008 -0.08654451
v 0.04099482 -0.15903997 -0.08654451
v 0.05010474 -0.15910673 -0.08654451
v 0.05921459 -0.15942407 -0.08073956
v 0.05921459 -0.15918851 -0.08654451
v 0.06832457 -0.15942407 -0.08416700
v 0.06832457 -0.15918052 -0.08654451
v 0.07743454 -0.15942407 -0.08370543
v 0.07743454 -0.15908003 -0.08654451
v 0.08654451 -0.15942407 -0.08196658
v 0.08654451 -0.15888739 -0.08654451
v 0.09565449 -0.15942407 -0.07949924
v 0.09565449 -0.15872395 -0.08654451
v 0.10014820 -0.15942407 -0.08654451
v 0.11387432 -0.15797162 -0.08654451
v 0.10857803 -0.15942407 -0.08654451
v 0.11525577 -0.15942407 -0.08654451
v 0.18675399 -0.15856683 -0.08654451
v 0.18149257 -0.15942407 -0.08654451
v 0.19586384 -0.15681982 -0.08654451
v 0.10476446 -0.16315782 -0.08654451
v 0.12298429 -0.16724122 -0.08654451
v 0.12333024 -0.16853404 -0.08654451
v 0.15942407 -0.16853404 -0.08021986
v 0.15942407 -0.16802132 -0.08654451
v 0.15669990 -0.16853404 -0.08654451
v 0.16853404 -0.16708863 -0.08654451
v 0.17764401 -0.16284788 -0.08654451
v 0.13209426 -0.17726064 -0.08654451
v 0.14120424 -0.17688060 -0.08654451
v 0.15031421 -0.17391038 -0.08654451
v -0.18675393 0.12298429 -0.08803308
v -0.17764395 0.12298429 -0.09265649
v -0.16853404 0.12298429 -0.09267431
v -0.15942407 0.12298429 -0.09159094
v -0.15031409 0.12298429 -0.09058112
v -0.14120418 0.12298429 -0.08875692
v -0.13209426 0.12298429 -0.08733296
v -0.06832457 0.12298429 -0.09254313
v -0.05921465 0.12298429 -0.08685732
v -0.49649215 0.11387438 -0.09395933
v -0.48738220 0.11387438 -0.09003723
v -0.28696334 0.11387438 -0.08965164
v -0.27785337 0.11387438 -0.09172130
v -0.26874346 0.11387438 -0.09290820
v -0.25963348 0.11387438 -0.09558064
v -0.25052351 0.11647588 -0.09565449
v -0.25916415 0.11387438 -0.09565449
v -0.24141359 0.11504418 -0.09565449
v -0.23230368 0.11387438 -0.09512812
v -0.23680592 0.11387438 -0.09565449
v -0.22319376 0.11387438 -0.09453088
v -0.21408379 0.11483067 -0.09565449
v -0.21669066 0.11387438 -0.09565449
v -0.20497382 0.11896282 -0.09565449
v -0.19586390 0.11885464 -0.09565449
v -0.18675393 0.11486787 -0.09565449
v -0.17764395 0.11644065 -0.09565449
v -0.16853404 0.12052608 -0.09565449
v -0.15942407 0.12158078 -0.09565449
v -0.15031409 0.12109631 -0.09565449
v -0.14120418 0.12017661 -0.09565449
v -0.13209426 0.11996889 -0.09565449
v -0.12298429 0.11976200 -0.09565449
v -0.11387438 0.11895007 -0.09565449
v -0.10476440 0.11387438 -0.09384501
v -0.10657734 0.11387438 -0.09565449
v -0.07743454 0.11387438 -0.09443617
v -0.06832457 0.12176579 -0.09565449
v -0.07696056 0.11387438 -0.09565449
v -0.05921465 0.11939323 -0.09565449
v -0.05010468 0.11658907 -0.09565449
v -0.04099476 0.11387438 -0.09421444
v -0.04329455 0.11387438 -0.09565449
v -0.03188485 0.11387438 -0.09100413
v -0.02277488 0.11387438 -0.08788747
v -0.49649215 0.10476440 -0.09563023
v -0.48738220 0.10476440 -0.09359515
v -0.30518323 0.10476440 -0.09124899
v -0.29607332 0.10476440 -0.09476775
v -0.28696334 0.10916555 -0.09565449
v -0.29320318 0.10476440 -0.09565449
v -0.27785337 0.11101562 -0.09565449
v -0.26874346 0.11207730 -0.09565449
v -0.25963348 0.11382169 -0.09565449
v -0.23230368 0.11364561 -0.09565449
v -0.22319376 0.11341941 -0.09565449
v -0.10476440 0.11197424 -0.09565449
v -0.09565443 0.11074185 -0.09565449
v -0.08654451 0.10638851 -0.09565449
v -0.07743454 0.11363375 -0.09565449
v -0.04099476 0.11344922 -0.09565449
v -0.03188485 0.11233550 -0.09565449
v -0.02277488 0.11114883 -0.09565449
v -0.01366490 0.11028641 -0.09565449
v -0.00455499 0.10993326 -0.09565449
v 0.00455493 0.10961086 -0.09565449
v 0.01366490 0.10917580 -0.09565449
v 0.02277488 0.10881960 -0.09565449
v 0.03188485 0.10829389 -0.09565449
v 0.04099482 0.10759979 -0.09565449
v 0.05010474 0.10683757 -0.09565449
v 0.05921459 0.10584337 -0.09565449
v 0.06832457 0.10476440 -0.09553647
v 0.06640416 0.10476440 -0.09565449
v 0.07743454 0.10476440 -0.09484810
v 0.08654451 0.10476440 -0.09420460
v 0.09565449 0.10476440 -0.09367245
v 0.10476446 0.10476440 -0.09311384
v 0.11387432 0.10476440 -0.09253973
v 0.12298429 0.10476440 -0.09188163
v 0.13209426 0.10476440 -0.09057516
v 0.14120424 0.10476440 -0.08871067
v -0.49649215 0.10475487 -0.09565449
v -0.50520539 0.09565443 -0.09565449
v -0.48738220 0.09565443 -0.09424263
v -0.48776433 0.09565443 -0.09565449
v -0.31429321 0.09565443 -0.09458482
v -0.30518323 0.09844959 -0.09565449
v -0.30899465 0.09565443 -0.09565449
v -0.29607332 0.10349816 -0.09565449
v 0.06832457 0.10473400 -0.09565449
v 0.07743454 0.10453457 -0.09565449
v 0.08654451 0.10430628 -0.09565449
v 0.09565449 0.10407341 -0.09565449
v 0.10476446 0.10382372 -0.09565449
v 0.11387432 0.10350287 -0.09565449
v 0.12298429 0.10309583 -0.09565449
v 0.13209426 0.10280168 -0.09565449
v 0.14120424 0.10239685 -0.09565449
v 0.15031421 0.10176891 -0.09565449
v 0.15942407 0.09941119 -0.09565449
v 0.16853404 0.09565443 -0.09497291
v 0.16550076 0.09565443 -0.09565449
v 0.17764401 0.09565443 -0.09371072
v 0.18675399 0.09565443 -0.09253764
v 0.19586384 0.09565443 -0.09020555
v 0.43272245 0.09791338 -0.09565449
v 0.43047094 0.09565443 -0.09565449
v 0.44183242 0.10427928 -0.09565449
v 0.45094240 0.10444623 -0.09565449
v 0.45990205 0.09565443 -0.09565449
v -0.49649215 0.08654451 -0.09173036
v -0.49649215 0.08688664 -0.09565449
v -0.33251309 0.08654451 -0.09094721
v -0.32340318 0.08654451 -0.08770710
v -0.31429321 0.08654451 -0.09301054
v -0.31208128 0.08654451 -0.09565449
v 0.16853404 0.09426653 -0.09565449
v 0.17764401 0.09032607 -0.09565449
v 0.18675399 0.08654451 -0.09493190
v 0.18291235 0.08654451 -0.09565449
v 0.19586384 0.08654451 -0.09369141
v 0.20497382 0.08654451 -0.09221715
v 0.42361248 0.08654451 -0.09462368
v 0.42370915 0.08654451 -0.09565449
v 0.46005237 0.09547651 -0.09565449
v 0.46883297 0.08654451 -0.09565449
v -0.33251309 0.07743454 -0.09344202
v -0.32340318 0.08167851 -0.09565449
v -0.32847166 0.07743454 -0.09565449
v -0.31429321 0.07768577 -0.09565449
v 0.17764401 0.07743454 -0.09530175
v 0.17764401 0.07962102 -0.09565449
v 0.17545044 0.07743454 -0.09565449
v 0.18675399 0.07743454 -0.09423655
v 0.19586384 0.07743454 -0.09274435
v 0.20497382 0.07743454 -0.09039807
v 0.33251309 0.07743454 -0.08836508
v 0.34162307 0.08307356 -0.09565449
v 0.33439696 0.07743454 -0.09565449
v 0.35073304 0.08437443 -0.09565449
v 0.35984302 0.08432901 -0.09565449
v 0.36895299 0.08238232 -0.09565449
v 0.37806284 0.08255976 -0.09565449
v 0.38717282 0.07964045 -0.09565449
v 0.39628267 0.07743454 -0.09510297
v 0.39106095 0.07743454 -0.09565449
v 0.40539265 0.07805151 -0.09565449
v 0.40407288 0.07743454 -0.09565449
v 0.41450262 0.08340532 -0.09565449
v 0.42361248 0.08308023 -0.09565449
v 0.46916234 0.07875758 -0.09565449
v 0.47069430 0.07743454 -0.09565449
v -0.34162301 0.06832457 -0.08949244
v -0.33251309 0.06832457 -0.09146172
v -0.32796466 0.06832457 -0.09565449
v 0.16853404 0.06832457 -0.09516311
v 0.16853404 0.07028902 -0.09565449
v 0.16638649 0.06832457 -0.09565449
v 0.17764401 0.06832457 -0.09347820
v 0.18675399 0.06832457 -0.09254211
v 0.19586384 0.06832457 -0.09112787
v 0.20497382 0.06832457 -0.08845872
v 0.33251309 0.07689071 -0.09565449
v 0.32454455 0.06832457 -0.09565449
v 0.39628267 0.07481498 -0.09565449
v 0.47827220 0.06832457 -0.09481090
v 0.47778547 0.06832457 -0.09565449
v -0.34162301 0.05921465 -0.08977866
v -0.33251309 0.05921465 -0.09388280
v -0.32340318 0.05921465 -0.09377700
v -0.32340318 0.06320232 -0.09565449
v -0.31969553 0.05921465 -0.09565449
v 0.16853404 0.06803215 -0.09565449
v 0.17764401 0.06693435 -0.09565449
v 0.18675399 0.06579310 -0.09565449
v 0.19586384 0.06336427 -0.09565449
v 0.20497382 0.05921465 -0.09526825
v 0.20326746 0.05921465 -0.09565449
v 0.21408367 0.05921465 -0.09298080
v 0.22319365 0.05921465 -0.08934307
v 0.32409787 0.05921465 -0.09565449
v 0.47827220 0.06744117 -0.09565449
v 0.48738217 0.06519592 -0.09565449
v 0.49321496 0.05921465 -0.09565449
v -0.33251309 0.05010468 -0.08916771
v -0.32340318 0.05010468 -0.09438020
v -0.31944901 0.05010468 -0.09565449
v 0.20497382 0.05896884 -0.09565449
v 0.21408367 0.05748481 -0.09565449
v 0.22319365 0.05504501 -0.09565449
v 0.23230362 0.05010468 -0.09516537
v 0.23040211 0.05010468 -0.09565449
v 0.24141359 0.05010468 -0.09352291
v 0.25052357 0.05010468 -0.08705944
v 0.32340312 0.05010468 -0.09153980
v 0.32439220 0.05010468 -0.09565449
v 0.49617243 0.05010468 -0.09565449
v -0.32340318 0.04099476 -0.09039420
v -0.31429321 0.04099476 -0.09451407
v -0.31429321 0.04347432 -0.09565449
v -0.31334871 0.04099476 -0.09565449
v 0.23230362 0.04903293 -0.09565449
v 0.24141359 0.04497176 -0.09565449
v 0.25052357 0.04099476 -0.09463310
v 0.24655604 0.04099476 -0.09565449
v 0.30518329 0.04099476 -0.08846259
v 0.31429327 0.04099476 -0.08926487
v 0.32340312 0.04447949 -0.09565449
v 0.32148707 0.04099476 -0.09565449
v 0.33251309 0.04099476 -0.09382063
v 0.33251309 0.04150766 -0.09565449
v 0.32849073 0.04099476 -0.09565449
v 0.33383632 0.04099476 -0.09565449
v 0.49639785 0.04099476 -0.09565449
v -0.34162301 0.03188485 -0.09095281
v -0.33251309 0.03188485 -0.09390485
v -0.32340318 0.03188485 -0.09369612
v -0.31429321 0.03188485 -0.09536463
v -0.31410360 0.03188485 -0.09565449
v 0.25052357 0.03696436 -0.09565449
v 0.25963354 0.03188485 -0.08997595
v 0.25437152 0.03188485 -0.09565449
v 0.26874340 0.03188485 -0.09226197
v 0.28696334 0.03188485 -0.09055537
v 0.29607332 0.03188485 -0.09141713
v 0.30518329 0.03188485 -0.09109455
v 0.31429327 0.03188485 -0.09131402
v 0.31802464 0.03188485 -0.09565449
v 0.33251309 0.04060030 -0.09565449
v 0.49649215 0.03188485 -0.08875471
v 0.49649215 0.03779495 -0.09565449
v 0.50151706 0.03188485 -0.09565449
v -0.34162301 0.02277488 -0.09055090
v -0.33251309 0.02277488 -0.08972764
v -0.31429321 0.02277488 -0.08722860
v -0.31005585 0.02277488 -0.09565449
v 0.25963354 0.02277488 -0.09484386
v 0.25857294 0.02277488 -0.09565449
v 0.26874340 0.02277488 -0.09404278
v 0.27785337 0.02277488 -0.09237933
v 0.28696334 0.02277488 -0.09345877
v 0.29607332 0.02277488 -0.09322858
v 0.30518329 0.02277488 -0.09208024
v 0.31429327 0.02277488 -0.09156978
v 0.31643558 0.02277488 -0.09565449
v 0.50373459 0.02277488 -0.09565449
v -0.32340318 0.01612586 -0.09565449
v -0.32607585 0.01366490 -0.09565449
v -0.32007998 0.01366490 -0.09565449
v -0.30797404 0.01366490 -0.09565449
v 0.25963354 0.02007198 -0.09565449
v 0.26874340 0.01366490 -0.09461510
v 0.26538396 0.01366490 -0.09565449
v 0.27785337 0.01366490 -0.09403700
v 0.28696334 0.01366490 -0.09418625
v 0.29607332 0.01366490 -0.09348744
v 0.30518329 0.01366490 -0.09178042
v 0.31429327 0.01366490 -0.09109843
v 0.31649172 0.01366490 -0.09565449
v 0.50306320 0.01366490 -0.09565449
v -0.35073298 0.00455499 -0.08948141
v -0.34162301 0.01206011 -0.09565449
v -0.34954238 0.00455499 -0.09565449
v -0.33251309 0.01227146 -0.09565449
v -0.31429321 0.01288772 -0.09565449
v 0.25963354 0.00455499 -0.09488118
v 0.25963354 0.00734359 -0.09565449
v 0.25560367 0.00455499 -0.09565449
v 0.26874340 0.00455499 -0.09351254
v 0.27785337 0.00455499 -0.09222275
v 0.28696334 0.00455499 -0.09305310
v 0.29607332 0.00455499 -0.09246594
v 0.30518329 0.00455499 -0.08981764
v 0.31429327 0.00455499 -0.08833706
v 0.31912243 0.00455499 -0.09565449
v 0.49649215 0.00556636 -0.09565449
v 0.49644673 0.00455499 -0.09565449
v -0.35984290 -0.00455493 -0.09436297
v -0.35073298 0.00361109 -0.09565449
v -0.35942948 -0.00455493 -0.09565449
v 0.25963354 0.00289005 -0.09565449
v 0.26874340 -0.00105900 -0.09565449
v 0.27785337 -0.00455493 -0.09536588
v 0.27451098 -0.00455493 -0.09565449
v 0.28696334 -0.00455493 -0.09518749
v 0.32340312 -0.00455493 -0.08771193
v 0.32340312 0.00002855 -0.09565449
v 0.32699871 -0.00455493 -0.09565449
v 0.49625838 -0.00455493 -0.09565449
v -0.37806284 -0.01366490 -0.09306270
v -0.36895287 -0.00788003 -0.09565449
v -0.37614360 -0.01366490 -0.09565449
v -0.35984290 -0.00487190 -0.09565449
v 0.27785337 -0.00539905 -0.09565449
v 0.28696334 -0.00769687 -0.09565449
v 0.29607332 -0.01366490 -0.09472120
v 0.29229927 -0.01366490 -0.09565449
v 0.33251309 -0.00995886 -0.09565449
v 0.34162307 -0.01366490 -0.09431452
v 0.34162307 -0.01341784 -0.09565449
v 0.34215653 -0.01366490 -0.09565449
v 0.49458301 -0.01366490 -0.09565449
v -0.48738220 -0.02277488 -0.08978200
v -0.48738220 -0.01706201 -0.09565449
v -0.49536312 -0.02277488 -0.09565449
v -0.48052603 -0.02277488 -0.09565449
v -0.38717276 -0.01699311 -0.09565449
v -0.39288798 -0.02277488 -0.09565449
v -0.37806284 -0.01485562 -0.09565449
v 0.28696334 -0.02277488 -0.09466052
v 0.28696334 -0.01907265 -0.09565449
v 0.28302836 -0.02277488 -0.09565449
v 0.29607332 -0.02277488 -0.09232646
v 0.30518329 -0.02277488 -0.09128553
v 0.35073304 -0.02026480 -0.09565449
v 0.35984302 -0.02277488 -0.09439814
v 0.35984302 -0.02235258 -0.09565449
v 0.36156034 -0.02277488 -0.09565449
v 0.49058807 -0.02277488 -0.09565449
v -0.49649215 -0.03188485 -0.08655584
v -0.49649215 -0.02327442 -0.09565449
v -0.50362396 -0.03188485 -0.09565449
v -0.47827226 -0.02327061 -0.09565449
v -0.46916229 -0.03188485 -0.08994430
v -0.46946338 -0.03188485 -0.09565449
v -0.39628273 -0.02862197 -0.09565449
v -0.39953980 -0.03188485 -0.09565449
v 0.28696334 -0.03188485 -0.09535468
v 0.28613353 -0.03188485 -0.09565449
v 0.29607332 -0.03188485 -0.09348422
v 0.30518329 -0.03188485 -0.09381264
v 0.36895299 -0.02772045 -0.09565449
v 0.37806284 -0.03188485 -0.08911771
v 0.37806284 -0.03015876 -0.09565449
v 0.38717282 -0.03188485 -0.09364349
v 0.38717282 -0.02862775 -0.09565449
v 0.38936543 -0.03188485 -0.09565449
v 0.47827220 -0.03188485 -0.09501958
v 0.47827220 -0.02909976 -0.09565449
v 0.47790766 -0.03188485 -0.09565449
v 0.48738217 -0.02634513 -0.09565449
v -0.50444824 -0.04099482 -0.09565449
v -0.46916229 -0.03262281 -0.09565449
v -0.46005234 -0.04099482 -0.08797407
v -0.46194273 -0.04099482 -0.09565449
v -0.40411222 -0.04099482 -0.09565449
v 0.28696334 -0.04099482 -0.09535629
v 0.28628862 -0.04099482 -0.09565449
v 0.29607332 -0.04099482 -0.09513730
v 0.30518329 -0.04099482 -0.09511900
v 0.39628267 -0.03856015 -0.09565449
v 0.40539265 -0.04051119 -0.09565449
v 0.41107810 -0.04099482 -0.09565449
v 0.46916234 -0.04099482 -0.09142685
v 0.46916234 -0.03945374 -0.09565449
v 0.46859396 -0.04099482 -0.09565449
v -0.50510758 -0.05010474 -0.09565449
v -0.46005234 -0.05010474 -0.09552652
v -0.46012813 -0.05010474 -0.09565449
v -0.40502736 -0.05010474 -0.09565449
v 0.28696334 -0.05010474 -0.09544998
v 0.28644717 -0.05010474 -0.09565449
v 0.29607332 -0.05010474 -0.09283197
v 0.41450262 -0.04429841 -0.09565449
v 0.42361248 -0.04877299 -0.09565449
v 0.43272245 -0.05010474 -0.09303337
v 0.43272245 -0.04995531 -0.09565449
v 0.43336785 -0.05010474 -0.09565449
v 0.46005237 -0.05010474 -0.08714306
v 0.46482527 -0.05010474 -0.09565449
v -0.50525105 -0.05921459 -0.09565449
v -0.46005234 -0.05921459 -0.09529501
v -0.46033800 -0.05921459 -0.09565449
v -0.40513101 -0.05921459 -0.09565449
v 0.28696334 -0.05308688 -0.09565449
v 0.29607332 -0.05921459 -0.09430707
v 0.29054570 -0.05921459 -0.09565449
v 0.44183242 -0.05787599 -0.09565449
v 0.45094240 -0.05834782 -0.09565449
v 0.46005237 -0.05488724 -0.09565449
v -0.50528860 -0.06832457 -0.09565449
v -0.46005234 -0.06832457 -0.09454691
v -0.46110180 -0.06832457 -0.09565449
v -0.40509695 -0.06832457 -0.09565449
v 0.29607332 -0.06832457 -0.09432757
v 0.29031956 -0.06832457 -0.09565449
v 0.30518329 -0.06832457 -0.09066707
v -0.50284934 -0.07743454 -0.09565449
v -0.46916229 -0.07743454 -0.09427851
v -0.46916229 -0.07647353 -0.09565449
v -0.46997198 -0.07743454 -0.09565449
v -0.40468466 -0.07743454 -0.09565449
v 0.29607332 -0.07743454 -0.09402001
v 0.28727281 -0.07743454 -0.09565449
v -0.49649215 -0.08403230 -0.09565449
v -0.48738220 -0.08582920 -0.09565449
v -0.47827226 -0.08539975 -0.09565449
v -0.39921844 -0.08654451 -0.09565449
v 0.11387432 -0.08654451 -0.09538859
v 0.11387432 -0.08649451 -0.09565449
v 0.11361223 -0.08654451 -0.09565449
v 0.11428118 -0.08654451 -0.09565449
v 0.28696334 -0.08654451 -0.09461272
v 0.28696334 -0.07784361 -0.09565449
v 0.28395998 -0.08654451 -0.09565449
v 0.29607332 -0.08654451 -0.09129477
v -0.39628273 -0.08946472 -0.09565449
v -0.38717276 -0.09565449 -0.09514391
v -0.38717276 -0.09542942 -0.09565449
v -0.38028181 -0.09565449 -0.09565449
v -0.08654451 -0.09565449 -0.09401709
v -0.08654451 -0.09436232 -0.09565449
v -0.08805096 -0.09565449 -0.09565449
v -0.08367389 -0.09565449 -0.09565449
v -0.06832457 -0.09565449 -0.09117234
v -0.05921465 -0.09438974 -0.09565449
v -0.06326854 -0.09565449 -0.09565449
v -0.05010468 -0.09490705 -0.09565449
v -0.04099476 -0.09565449 -0.09118396
v -0.04099476 -0.09502983 -0.09565449
v -0.03188485 -0.09565449 -0.09257954
v -0.03188485 -0.09516519 -0.09565449
v -0.02277488 -0.09565449 -0.09370667
v -0.02277488 -0.09531337 -0.09565449
v -0.01366490 -0.09565449 -0.09462029
v -0.01366490 -0.09547204 -0.09565449
v -0.00660282 -0.09565449 -0.09565449
v 0.02277488 -0.09565449 -0.09536368
v 0.02277488 -0.09557825 -0.09565449
v 0.02084041 -0.09565449 -0.09565449
v 0.03188485 -0.09565449 -0.09395361
v 0.03188485 -0.09524179 -0.09565449
v 0.04099482 -0.09565449 -0.09237063
v 0.04099482 -0.09492588 -0.09565449
v 0.05010474 -0.09565449 -0.09178704
v 0.05010474 -0.09482759 -0.09565449
v 0.05921459 -0.09565449 -0.09099907
v 0.05921459 -0.09464705 -0.09565449
v 0.06832457 -0.09565449 -0.09016293
v 0.06832457 -0.09434885 -0.09565449
v 0.07743454 -0.09433442 -0.09565449
v 0.08654451 -0.09442216 -0.09565449
v 0.09565449 -0.09565449 -0.09064996
v 0.09565449 -0.09479469 -0.09565449
v 0.10476446 -0.09565449 -0.09522069
v 0.10476446 -0.09418273 -0.09565449
v 0.11387432 -0.08705664 -0.09565449
v 0.10730791 -0.09565449 -0.09565449
v 0.27785337 -0.09565449 -0.09501916
v 0.27785337 -0.09362257 -0.09565449
v 0.27618003 -0.09565449 -0.09565449
v 0.28696334 -0.09565449 -0.09214228
v -0.37806284 -0.09670705 -0.09565449
v -0.36895287 -0.10476446 -0.08906370
v -0.36895287 -0.09944868 -0.09565449
v -0.35984290 -0.10476446 -0.09288716
v -0.35984290 -0.10249728 -0.09565449
v -0.35073298 -0.10476446 -0.09492779
v -0.35073298 -0.10432017 -0.09565449
v -0.34596324 -0.10476446 -0.09565449
v -0.08654451 -0.10008675 -0.09565449
v -0.06832457 -0.10476446 -0.08908743
v -0.05921465 -0.10476446 -0.08719242
v -0.05921465 -0.09705222 -0.09565449
v -0.05010468 -0.09777200 -0.09565449
v -0.04099476 -0.09827858 -0.09565449
v -0.03188485 -0.09830487 -0.09565449
v -0.02277488 -0.09812045 -0.09565449
v -0.01366490 -0.09751624 -0.09565449
v 0.02277488 -0.10476446 -0.09469783
v 0.01703274 -0.10476446 -0.09565449
v 0.03188485 -0.10476446 -0.09316993
v 0.04099482 -0.10476446 -0.09146631
v 0.05010474 -0.10476446 -0.09242791
v 0.05921459 -0.10476446 -0.09322089
v 0.06832457 -0.10476446 -0.09387749
v 0.07743454 -0.10476446 -0.09299123
v 0.08654451 -0.10476446 -0.09211594
v 0.09565449 -0.10476446 -0.09245694
v 0.10476446 -0.09717876 -0.09565449
v 0.09871680 -0.10476446 -0.09565449
v 0.26874340 -0.10476446 -0.09505397
v 0.26874340 -0.10241973 -0.09565449
v 0.26602423 -0.10476446 -0.09565449
v 0.27785337 -0.10476446 -0.09307629
v -0.34162301 -0.10704547 -0.09565449
v -0.33251309 -0.11053294 -0.09565449
v -0.32340318 -0.11074346 -0.09565449
v -0.31429321 -0.11387432 -0.08751410
v -0.31429321 -0.11268038 -0.09565449
v -0.30518323 -0.11387432 -0.08666760
v -0.30518323 -0.11248446 -0.09565449
v -0.29607332 -0.11215925 -0.09565449
v -0.28696334 -0.11168015 -0.09565449
v -0.27785337 -0.11166930 -0.09565449
v -0.26874346 -0.11204004 -0.09565449
v -0.25963348 -0.11387432 -0.08852190
v -0.25963348 -0.11176699 -0.09565449
v -0.25052351 -0.11387432 -0.09083664
v -0.25052351 -0.11129916 -0.09565449
v -0.24141359 -0.11387432 -0.09213656
v -0.24141359 -0.11153996 -0.09565449
v -0.23230368 -0.11387432 -0.09226185
v -0.23230368 -0.11187690 -0.09565449
v -0.22319376 -0.11387432 -0.09057510
v -0.22319376 -0.11204886 -0.09565449
v -0.21408379 -0.11387432 -0.08939761
v -0.21408379 -0.11232996 -0.09565449
v -0.20497382 -0.11387432 -0.08986247
v -0.20497382 -0.11250043 -0.09565449
v -0.19586390 -0.11387432 -0.08996814
v -0.19586390 -0.11256069 -0.09565449
v -0.18675393 -0.11387432 -0.09062421
v -0.18675393 -0.11237329 -0.09565449
v -0.17764395 -0.11387432 -0.09037626
v -0.17764395 -0.11247873 -0.09565449
v -0.16853404 -0.11387432 -0.09002686
v -0.16853404 -0.11262947 -0.09565449
v -0.15942407 -0.11387432 -0.08927834
v -0.15942407 -0.11271220 -0.09565449
v -0.15031409 -0.11387432 -0.08829188
v -0.15031409 -0.11277539 -0.09565449
v -0.14120418 -0.11387432 -0.08714312
v -0.14120418 -0.11221659 -0.09565449
v -0.13209426 -0.11161876 -0.09565449
v -0.12298429 -0.11098158 -0.09565449
v -0.11387438 -0.11387432 -0.09040749
v -0.11387438 -0.11249554 -0.09565449
v -0.10476440 -0.11387432 -0.09067410
v -0.10784048 -0.11387432 -0.09565449
v -0.08654451 -0.11387432 -0.08671969
v -0.06832457 -0.11387432 -0.08914000
v -0.05921465 -0.11387432 -0.08670664
v 0.02277488 -0.11167198 -0.09565449
v 0.03188485 -0.11387432 -0.09513593
v 0.02633190 -0.11387432 -0.09565449
v 0.04099482 -0.11387432 -0.09402984
v 0.05010474 -0.11387432 -0.09471464
v 0.05921459 -0.11387432 -0.09563923
v 0.06832457 -0.10927373 -0.09565449
v 0.05930650 -0.11387432 -0.09565449
v 0.07743454 -0.11157596 -0.09565449
v 0.08654451 -0.11387432 -0.09559083
v 0.08531892 -0.11387432 -0.09565449
v 0.09565449 -0.11387432 -0.09501034
v 0.09712732 -0.11387432 -0.09565449
v 0.25963354 -0.11387432 -0.09486097
v 0.25963354 -0.11076224 -0.09565449
v 0.25499225 -0.11387432 -0.09565449
v 0.26874340 -0.11387432 -0.09172887
v -0.10476440 -0.11945641 -0.09565449
v -0.09565443 -0.12298429 -0.08683038
v -0.10470062 -0.12298429 -0.09565449
v -0.08654451 -0.12298429 -0.08717686
v -0.07743454 -0.12298429 -0.09113097
v -0.06832457 -0.12298429 -0.08905458
v -0.05921465 -0.12298429 -0.08658862
v 0.03188485 -0.11403567 -0.09565449
v 0.04099482 -0.11425090 -0.09565449
v 0.05010474 -0.11422962 -0.09565449
v 0.05921459 -0.11388499 -0.09565449
v 0.08654451 -0.11415941 -0.09565449
v 0.09565449 -0.12268567 -0.09565449
v 0.25052357 -0.12298429 -0.09440029
v 0.25052357 -0.11798161 -0.09565449
v 0.24329269 -0.12298429 -0.09565449
v -0.09565443 -0.13180470 -0.09565449
v -0.08654451 -0.13187790 -0.09565449
v -0.07743454 -0.13209426 -0.09318280
v -0.08202338 -0.13209426 -0.09565449
v -0.06832457 -0.13209426 -0.08831066
v 0.23230362 -0.13209426 -0.09421527
v 0.23230362 -0.12995124 -0.09565449
v 0.22497261 -0.13209426 -0.09565449
v 0.24141359 -0.13209426 -0.08742267
v 0.24141359 -0.12479031 -0.09565449
v -0.07743454 -0.13444400 -0.09565449
v -0.06832457 -0.14120424 -0.08866686
v -0.07541406 -0.14120424 -0.09565449
v 0.21408367 -0.14120424 -0.09370810
v 0.21408367 -0.13858271 -0.09565449
v 0.20568442 -0.14120424 -0.09565449
v 0.22319365 -0.13373685 -0.09565449
v -0.06832457 -0.14817321 -0.09565449
v -0.05921465 -0.15007532 -0.09565449
v -0.05010468 -0.15014267 -0.09565449
v -0.04099476 -0.14993095 -0.09565449
v -0.03188485 -0.15031421 -0.09508383
v -0.03272265 -0.15031421 -0.09565449
v -0.02277488 -0.15031421 -0.08869642
v 0.18675399 -0.15031421 -0.09563136
v 0.18675399 -0.15028763 -0.09565449
v 0.18669820 -0.15031421 -0.09565449
v 0.19586384 -0.15031421 -0.09310585
v 0.19586384 -0.14812744 -0.09565449
v 0.20497382 -0.14187014 -0.09565449
v -0.03188485 -0.15072942 -0.09565449
v -0.02277488 -0.15430582 -0.09565449
v -0.01366490 -0.15592635 -0.09565449
v -0.00455499 -0.15678632 -0.09565449
v 0.00455493 -0.15704405 -0.09565449
v 0.01366490 -0.15719366 -0.09565449
v 0.02277488 -0.15727603 -0.09565449
v 0.03188485 -0.15734267 -0.09565449
v 0.04099482 -0.15733528 -0.09565449
v 0.05010474 -0.15672898 -0.09565449
v 0.05921459 -0.15589094 -0.09565449
v 0.06832457 -0.15503001 -0.09565449
v 0.07743454 -0.15433073 -0.09565449
v 0.08654451 -0.15336132 -0.09565449
v 0.09565449 -0.15191352 -0.09565449
v 0.10476446 -0.15942407 -0.09063160
v 0.10476446 -0.15540183 -0.09565449
v 0.11387432 -0.15699828 -0.09565449
v 0.11576241 -0.15942407 -0.09565449
v 0.16853404 -0.15942407 -0.09489238
v 0.16853404 -0.15886974 -0.09565449
v 0.16620934 -0.15942407 -0.09565449
v 0.17764401 -0.15942407 -0.09000778
v 0.17764401 -0.15732527 -0.09565449
v 0.12298429 -0.16664135 -0.09565449
v 0.12417489 -0.16853404 -0.09565449
v 0.15031421 -0.16853404 -0.09216148
v 0.15031421 -0.16672266 -0.09565449
v 0.14130449 -0.16853404 -0.09565449
v 0.15942407 -0.16468441 -0.09565449
v 0.13209426 -0.17644155 -0.09565449
v 0.14120424 -0.16862333 -0.09565449
v -0.25052351 0.11387438 -0.09842908
v -0.24141359 0.11387438 -0.09695005
v -0.21408379 0.11387438 -0.09660232
v -0.20497382 0.11387438 -0.10058111
v -0.19586390 0.11387438 -0.10266209
v -0.18675393 0.11387438 -0.09702307
v -0.17764395 0.11387438 -0.09810907
v -0.16853404 0.11387438 -0.10210329
v -0.15942407 0.11387438 -0.10399181
v -0.15031409 0.11387438 -0.10430127
v -0.14120418 0.11387438 -0.10323906
v -0.13209426 0.11387438 -0.10282576
v -0.12298429 0.11387438 -0.10232753
v -0.11387438 0.11387438 -0.10136384
v -0.06832457 0.11538404 -0.10476446
v -0.06991917 0.11387438 -0.10476446
v -0.05921465 0.11387438 -0.10215807
v -0.06584352 0.11387438 -0.10476446
v -0.05010468 0.11387438 -0.09867716
v -0.28696334 0.10476440 -0.10007876
v -0.27785337 0.10476440 -0.10219914
v -0.26874346 0.10476440 -0.10337204
v -0.25963348 0.10605824 -0.10476446
v -0.26189595 0.10476440 -0.10476446
v -0.25052351 0.10919231 -0.10476446
v -0.24141359 0.11032826 -0.10476446
v -0.23230368 0.11019069 -0.10476446
v -0.22319376 0.10962671 -0.10476446
v -0.21408379 0.10873365 -0.10476446
v -0.20497382 0.10980570 -0.10476446
v -0.19586390 0.11201888 -0.10476446
v -0.18675393 0.11227041 -0.10476446
v -0.17764395 0.10961884 -0.10476446
v -0.16853404 0.10909349 -0.10476446
v -0.15942407 0.11192667 -0.10476446
v -0.15031409 0.11350185 -0.10476446
v -0.14120418 0.11307877 -0.10476446
v -0.13209426 0.11289221 -0.10476446
v -0.12298429 0.11264670 -0.10476446
v -0.11387438 0.11167425 -0.10476446
v -0.10476440 0.10476440 -0.10206348
v -0.10636026 0.10476440 -0.10476446
v -0.09565443 0.10476440 -0.10411668
v -0.08654451 0.10476440 -0.09770209
v -0.07743454 0.10857362 -0.10476446
v -0.08233696 0.10476440 -0.10476446
v -0.05921465 0.11260521 -0.10476446
v -0.05010468 0.11076456 -0.10476446
v -0.04099476 0.10859907 -0.10476446
v -0.03188485 0.10701793 -0.10476446
v -0.02277488 0.10476440 -0.10467327
v -0.02325094 0.10476440 -0.10476446
v -0.01366490 0.10476440 -0.10279995
v -0.00455499 0.10476440 -0.10184389
v 0.00455493 0.10476440 -0.10103911
v 0.01366490 0.10476440 -0.10028917
v 0.02277488 0.10476440 -0.09985065
v 0.03188485 0.10476440 -0.09926420
v 0.04099482 0.10476440 -0.09853166
v 0.05010474 0.10476440 -0.09774834
v 0.05921459 0.10476440 -0.09674120
v -0.49649215 0.09565443 -0.10446244
v -0.30518323 0.09565443 -0.09837580
v -0.29607332 0.09565443 -0.10255331
v -0.28696334 0.09761751 -0.10476446
v -0.28916425 0.09565443 -0.10476446
v -0.27785337 0.10105962 -0.10476446
v -0.26874346 0.10275102 -0.10476446
v -0.10476440 0.10337359 -0.10476446
v -0.09565443 0.10465926 -0.10476446
v -0.08654451 0.10255933 -0.10476446
v -0.02277488 0.10473418 -0.10476446
v -0.01366490 0.10407168 -0.10476446
v -0.00455499 0.10376674 -0.10476446
v 0.00455493 0.10358572 -0.10476446
v 0.01366490 0.10341638 -0.10476446
v 0.02277488 0.10342181 -0.10476446
v 0.03188485 0.10334939 -0.10476446
v 0.04099482 0.10326129 -0.10476446
v 0.05010474 0.10307389 -0.10476446
v 0.05921459 0.10284305 -0.10476446
v 0.06832457 0.10256624 -0.10476446
v 0.07743454 0.10209650 -0.10476446
v 0.08654451 0.10142511 -0.10476446
v 0.09565449 0.10040015 -0.10476446
v 0.10476446 0.09793520 -0.10476446
v 0.11387432 0.09565443 -0.10435730
v 0.10990751 0.09565443 -0.10476446
v 0.12298429 0.09565443 -0.10353392
v 0.13209426 0.09565443 -0.10297167
v 0.14120424 0.09565443 -0.10245979
v 0.15031421 0.09565443 -0.10179186
v 0.15942407 0.09565443 -0.09941655
v 0.43272245 0.09565443 -0.09795761
v 0.44183242 0.10150170 -0.10476446
v 0.43593717 0.09565443 -0.10476446
v 0.45094240 0.10346663 -0.10476446
v 0.45878851 0.09565443 -0.10476446
v -0.30518323 0.08654451 -0.10177046
v -0.29607332 0.08694285 -0.10476446
v -0.29643726 0.08654451 -0.10476446
v 0.11387432 0.09466714 -0.10476446
v 0.12298429 0.09227836 -0.10476446
v 0.13209426 0.08938682 -0.10476446
v 0.14120424 0.08654451 -0.10444939
v 0.13785005 0.08654451 -0.10476446
v 0.15031421 0.08654451 -0.10371393
v 0.15942407 0.08654451 -0.10281032
v 0.16853404 0.08654451 -0.10169488
v 0.17764401 0.08654451 -0.09905559
v 0.43272245 0.09519601 -0.10476446
v 0.42407870 0.08654451 -0.10476446
v 0.46005237 0.09434628 -0.10476446
v 0.46783876 0.08654451 -0.10476446
v -0.32340318 0.07743454 -0.09972465
v -0.31429321 0.07743454 -0.09583652
v -0.30518323 0.07743454 -0.09799993
v -0.29607332 0.07743454 -0.10354322
v -0.29607332 0.08588552 -0.10476446
v -0.29506779 0.07743454 -0.10476446
v 0.13209426 0.07743454 -0.10474795
v 0.13209426 0.07768434 -0.10476446
v 0.13186753 0.07743454 -0.10476446
v 0.14120424 0.07743454 -0.10415709
v 0.15031421 0.07743454 -0.10344583
v 0.15942407 0.07743454 -0.10188860
v 0.16853404 0.07743454 -0.09908187
v 0.33251309 0.07743454 -0.10031813
v 0.33251309 0.08005667 -0.10476446
v 0.32989848 0.07743454 -0.10476446
v 0.34162307 0.08350962 -0.10476446
v 0.35073304 0.08465189 -0.10476446
v 0.35984302 0.08239251 -0.10476446
v 0.36895299 0.07743454 -0.10241348
v 0.36660433 0.07743454 -0.10476446
v 0.37806284 0.07743454 -0.10214812
v 0.38717282 0.07743454 -0.09830993
v 0.40539265 0.07743454 -0.09688109
v 0.41450262 0.08157015 -0.10476446
v 0.40864563 0.07743454 -0.10476446
v 0.42361248 0.07743454 -0.10206825
v 0.42072201 0.07743454 -0.10476446
v 0.42372012 0.07743454 -0.10476446
v 0.46916234 0.07743454 -0.10004306
v 0.46911812 0.07743454 -0.10476446
v -0.32340318 0.06832457 -0.09987193
v -0.31429321 0.06840384 -0.10476446
v -0.31436509 0.06832457 -0.10476446
v -0.30518323 0.07243115 -0.10476446
v -0.29607332 0.07085919 -0.10476446
v 0.12298429 0.06832457 -0.10413313
v 0.12298429 0.07142174 -0.10476446
v 0.11492002 0.06832457 -0.10476446
v 0.13209426 0.06832457 -0.10328251
v 0.14120424 0.06832457 -0.10251421
v 0.15031421 0.06832457 -0.10141683
v 0.15942407 0.06832457 -0.09900916
v 0.32402968 0.06832457 -0.10476446
v 0.36895299 0.07648963 -0.10476446
v 0.37806284 0.07576549 -0.10476446
v 0.38717282 0.07284176 -0.10476446
v 0.39628267 0.06832457 -0.10412496
v 0.39541650 0.06832457 -0.10476446
v 0.40539265 0.07608151 -0.10476446
v 0.39654768 0.06832457 -0.10476446
v 0.42361248 0.07649875 -0.10476446
v 0.46916234 0.07718152 -0.10476446
v 0.47738206 0.06832457 -0.10476446
v -0.31429321 0.05921465 -0.10051620
v -0.31429321 0.06824058 -0.10476446
v -0.30884057 0.05921465 -0.10476446
v 0.12298429 0.06795138 -0.10476446
v 0.13209426 0.06741714 -0.10476446
v 0.14120424 0.06684572 -0.10476446
v 0.15031421 0.06600505 -0.10476446
v 0.15942407 0.06377000 -0.10476446
v 0.16853404 0.05928117 -0.10476446
v 0.17764401 0.05921465 -0.10341275
v 0.16864753 0.05921465 -0.10476446
v 0.18675399 0.05921465 -0.10182720
v 0.19586384 0.05921465 -0.09937352
v 0.32358050 0.05921465 -0.10476446
v 0.39628267 0.06827074 -0.10476446
v 0.47827220 0.06624061 -0.10476446
v 0.48738217 0.06669068 -0.10476446
v 0.49461019 0.05921465 -0.10476446
v -0.31429321 0.05010468 -0.09915137
v -0.30518323 0.05010468 -0.10207987
v -0.30518323 0.05496651 -0.10476446
v -0.30046737 0.05010468 -0.10476446
v 0.17764401 0.05784202 -0.10476446
v 0.18675399 0.05616266 -0.10476446
v 0.19586384 0.05346859 -0.10476446
v 0.20497382 0.05010468 -0.10427284
v 0.20170903 0.05010468 -0.10476446
v 0.21408367 0.05010468 -0.10270804
v 0.22319365 0.05010468 -0.10050625
v 0.32340312 0.05010468 -0.10401422
v 0.32340312 0.05151743 -0.10476446
v 0.32306767 0.05010468 -0.10476446
v 0.49633312 0.05010468 -0.10476446
v -0.30518323 0.04099476 -0.10346889
v -0.30397809 0.04099476 -0.10476446
v 0.20497382 0.04866976 -0.10476446
v 0.21408367 0.04217666 -0.10476446
v 0.22319365 0.04099476 -0.10348052
v 0.21550858 0.04099476 -0.10476446
v 0.23230362 0.04099476 -0.10200882
v 0.24141359 0.04099476 -0.09937423
v 0.32111800 0.04099476 -0.10476446
v 0.33251309 0.04099476 -0.09823662
v 0.49649215 0.04099476 -0.09777290
v 0.49649215 0.04854947 -0.10476446
v 0.50275993 0.04099476 -0.10476446
v -0.30518323 0.03806925 -0.10476446
v -0.31030834 0.03188485 -0.10476446
v 0.22319365 0.03620571 -0.10476446
v 0.23230362 0.03188485 -0.10417193
v 0.22871995 0.03188485 -0.10476446
v 0.24141359 0.03188485 -0.10283881
v 0.25052357 0.03188485 -0.09931904
v 0.31853473 0.03188485 -0.10476446
v 0.50529683 0.03188485 -0.10476446
v -0.30805320 0.02277488 -0.10476446
v 0.23230362 0.02834749 -0.10476446
v 0.24141359 0.02277488 -0.10431105
v 0.23843646 0.02277488 -0.10476446
v 0.25052357 0.02277488 -0.10258245
v 0.31725061 0.02277488 -0.10476446
v 0.50531197 0.02277488 -0.10476446
v -0.32340318 0.01366490 -0.10128820
v -0.31324506 0.01366490 -0.10476446
v 0.24141359 0.01763165 -0.10476446
v 0.25052357 0.01366490 -0.10306811
v 0.24381924 0.01366490 -0.10476446
v 0.25963354 0.01366490 -0.10005325
v 0.31890416 0.01366490 -0.10476446
v 0.50466812 0.01366490 -0.10476446
v -0.34162301 0.01098281 -0.10476446
v -0.34799260 0.00455499 -0.10476446
v -0.33251309 0.01225603 -0.10476446
v -0.32340318 0.01316321 -0.10476446
v -0.31429321 0.01350075 -0.10476446
v 0.23230362 0.00455499 -0.10436547
v 0.23230362 0.00531399 -0.10476446
v 0.23042357 0.00455499 -0.10476446
v 0.24141359 0.00455499 -0.10207820
v 0.24141359 0.01114601 -0.10476446
v 0.25052357 0.00455499 -0.09891206
v 0.32340312 0.00455499 -0.10111314
v 0.32340312 0.00799906 -0.10476446
v 0.32427251 0.00455499 -0.10476446
v 0.49649215 0.00455499 -0.09634238
v 0.50376427 0.00455499 -0.10476446
v -0.35073298 0.00098056 -0.10476446
v -0.35651129 -0.00455493 -0.10476446
v 0.23230362 0.00054324 -0.10476446
v 0.24141359 -0.00455493 -0.10439080
v 0.23668098 -0.00455493 -0.10476446
v 0.25052357 -0.00455493 -0.10342979
v 0.25963354 -0.00455493 -0.10190850
v 0.26874340 -0.00455493 -0.09879261
v 0.33251309 -0.00455493 -0.10352314
v 0.33251309 -0.00421607 -0.10476446
v 0.33311439 -0.00455493 -0.10476446
v 0.49649215 -0.00333196 -0.10476446
v 0.49637401 -0.00455493 -0.10476446
v -0.36895287 -0.01366490 -0.10382026
v -0.35984290 -0.00688380 -0.10476446
v -0.36827070 -0.01366490 -0.10476446
v 0.24141359 -0.00572085 -0.10476446
v 0.25052357 -0.01140845 -0.10476446
v 0.25963354 -0.01366490 -0.10363090
v 0.25310278 -0.01366490 -0.10476446
v 0.26874340 -0.01366490 -0.10291082
v 0.27785337 -0.01366490 -0.10247862
v 0.28696334 -0.01366490 -0.10072166
v 0.34162307 -0.01152539 -0.10476446
v 0.34944797 -0.01366490 -0.10476446
v 0.49501395 -0.01366490 -0.10476446
v -0.49649215 -0.02277488 -0.09740627
v -0.49649215 -0.01764804 -0.10476446
v -0.50073278 -0.02277488 -0.10476446
v -0.48738220 -0.01416206 -0.10476446
v -0.47830832 -0.02277488 -0.10476446
v -0.38717276 -0.02277488 -0.10143000
v -0.37806284 -0.02201009 -0.10476446
v -0.37883753 -0.02277488 -0.10476446
v -0.36895287 -0.01419801 -0.10476446
v 0.25963354 -0.02112561 -0.10476446
v 0.26874340 -0.02277488 -0.10349232
v 0.26069975 -0.02277488 -0.10476446
v 0.27785337 -0.02277488 -0.10048884
v 0.35073304 -0.01488888 -0.10476446
v 0.35984302 -0.02019173 -0.10476446
v 0.36895299 -0.02277488 -0.10147244
v 0.36895299 -0.02139676 -0.10476446
v 0.37583196 -0.02277488 -0.10476446
v 0.38717282 -0.02277488 -0.10171938
v 0.38717282 -0.01671964 -0.10476446
v 0.38006139 -0.02277488 -0.10476446
v 0.38797700 -0.02277488 -0.10476446
v 0.49168527 -0.02277488 -0.10476446
v -0.50507694 -0.03188485 -0.10476446
v -0.47827226 -0.02282172 -0.10476446
v -0.46981832 -0.03188485 -0.10476446
v -0.39628273 -0.03188485 -0.09891582
v -0.38717276 -0.02846956 -0.10476446
v -0.39052603 -0.03188485 -0.10476446
v 0.26874340 -0.03003812 -0.10476446
v 0.27785337 -0.03188485 -0.10323274
v 0.27023995 -0.03188485 -0.10476446
v 0.37806284 -0.02439964 -0.10476446
v 0.39628267 -0.03188485 -0.10240906
v 0.39628267 -0.03092277 -0.10476446
v 0.40198779 -0.03188485 -0.10476446
v 0.47827220 -0.02340752 -0.10476446
v 0.47636926 -0.03188485 -0.10476446
v 0.48738217 -0.02720648 -0.10476446
v -0.50521994 -0.04099482 -0.10476446
v -0.46916229 -0.03889090 -0.10476446
v -0.46725842 -0.04099482 -0.10476446
v -0.39628273 -0.04099482 -0.10448599
v -0.39592481 -0.04099482 -0.10476446
v 0.27785337 -0.04099482 -0.10359114
v 0.27264059 -0.04099482 -0.10476446
v 0.40539265 -0.03515768 -0.10476446
v 0.41450262 -0.04099482 -0.09896863
v 0.41450262 -0.03992915 -0.10476446
v 0.42361248 -0.04099482 -0.10395843
v 0.42361248 -0.04073864 -0.10476446
v 0.42499018 -0.04099482 -0.10476446
v 0.46916234 -0.03899074 -0.10476446
v 0.46776354 -0.04099482 -0.10476446
v -0.50540549 -0.05010474 -0.10476446
v -0.46264753 -0.05010474 -0.10476446
v -0.39628273 -0.04135782 -0.10476446
v -0.40377924 -0.05010474 -0.10476446
v 0.27785337 -0.05010474 -0.10330564
v 0.27010381 -0.05010474 -0.10476446
v 0.43272245 -0.04792309 -0.10476446
v 0.44183242 -0.05010474 -0.10420865
v 0.44183242 -0.04988652 -0.10476446
v 0.44351435 -0.05010474 -0.10476446
v 0.46005237 -0.05010474 -0.10113037
v 0.46005237 -0.04880941 -0.10476446
v 0.45726991 -0.05010474 -0.10476446
v -0.50539303 -0.05921459 -0.10476446
v -0.46409610 -0.05921459 -0.10476446
v -0.40365899 -0.05921459 -0.10476446
v 0.26874340 -0.05921459 -0.10402507
v 0.26874340 -0.05269629 -0.10476446
v 0.26455951 -0.05921459 -0.10476446
v 0.27785337 -0.05921459 -0.10271156
v 0.28696334 -0.05921459 -0.09914905
v 0.45094240 -0.05579221 -0.10476446
v -0.50532198 -0.06832457 -0.10476446
v -0.46916229 -0.06832457 -0.10460091
v -0.46916229 -0.06761521 -0.10476446
v -0.46920797 -0.06832457 -0.10476446
v -0.40253741 -0.06832457 -0.10476446
v 0.25963354 -0.06832457 -0.10445404
v 0.25963354 -0.06645310 -0.10476446
v 0.25839829 -0.06832457 -0.10476446
v 0.26874340 -0.06832457 -0.10294515
v 0.27785337 -0.06832457 -0.10174912
v 0.28696334 -0.06832457 -0.09883440
v -0.50303161 -0.07743454 -0.10476446
v -0.47314063 -0.07743454 -0.10476446
v -0.39628273 -0.07743454 -0.10442543
v -0.39628273 -0.07585210 -0.10476446
v -0.39496315 -0.07743454 -0.10476446
v 0.13209426 -0.07743454 -0.10443258
v 0.13209426 -0.07734776 -0.10476446
v 0.13111687 -0.07743454 -0.10476446
v 0.14120424 -0.07743454 -0.10251701
v 0.14120424 -0.07666242 -0.10476446
v 0.15031421 -0.07743454 -0.10192895
v 0.15031421 -0.07611614 -0.10476446
v 0.15942407 -0.07743454 -0.10273647
v 0.15942407 -0.07610732 -0.10476446
v 0.16853404 -0.07743454 -0.10361034
v 0.16853404 -0.07615703 -0.10476446
v 0.17764401 -0.07743454 -0.10442626
v 0.17764401 -0.07667094 -0.10476446
v 0.17960691 -0.07743454 -0.10476446
v 0.25963354 -0.07743454 -0.10399759
v 0.25637734 -0.07743454 -0.10476446
v 0.26874340 -0.07743454 -0.10282928
v 0.27785337 -0.07743454 -0.10202497
v 0.28696334 -0.07743454 -0.09595942
v -0.49649215 -0.08418059 -0.10476446
v -0.48738220 -0.08577633 -0.10476446
v -0.47827226 -0.08256871 -0.10476446
v -0.39628273 -0.08654451 -0.09858912
v -0.38717276 -0.08654451 -0.10441691
v -0.38717276 -0.08481461 -0.10476446
v -0.37819913 -0.08654451 -0.10476446
v 0.10476446 -0.08654451 -0.10209697
v 0.10476446 -0.08557028 -0.10476446
v 0.09713674 -0.08654451 -0.10476446
v 0.11387432 -0.08507377 -0.10476446
v 0.12298429 -0.08654451 -0.10105217
v 0.12298429 -0.08142042 -0.10476446
v 0.13209426 -0.08654451 -0.10351056
v 0.14120424 -0.08568567 -0.10476446
v 0.14024365 -0.08654451 -0.10476446
v 0.15031421 -0.08654451 -0.10437602
v 0.14352238 -0.08654451 -0.10476446
v 0.15942407 -0.08654451 -0.10214871
v 0.16853404 -0.08654451 -0.10053569
v 0.17764401 -0.08654451 -0.10276252
v 0.17903256 -0.08654451 -0.10476446
v 0.25963354 -0.08654451 -0.10353285
v 0.25289392 -0.08654451 -0.10476446
v 0.26874340 -0.08654451 -0.10277992
v 0.27785337 -0.08654451 -0.10111189
v -0.37806284 -0.09565449 -0.09670895
v -0.37806284 -0.08663172 -0.10476446
v -0.36895287 -0.09565449 -0.09956878
v -0.36895287 -0.09035176 -0.10476446
v -0.35984290 -0.09565449 -0.10293454
v -0.35984290 -0.09394044 -0.10476446
v -0.35660958 -0.09565449 -0.10476446
v -0.08654451 -0.09565449 -0.09815043
v -0.05921465 -0.09540474 -0.10476446
v -0.05974424 -0.09565449 -0.10476446
v -0.05010468 -0.09475231 -0.10476446
v -0.04099476 -0.09460264 -0.10476446
v -0.03188485 -0.09462470 -0.10476446
v -0.02277488 -0.09452617 -0.10476446
v -0.01366490 -0.09435797 -0.10476446
v -0.00455499 -0.09565449 -0.09608334
v -0.00455499 -0.09428084 -0.10476446
v 0.00455493 -0.09565449 -0.09716845
v 0.00455493 -0.09413075 -0.10476446
v 0.01366490 -0.09565449 -0.09733492
v 0.01366490 -0.09389472 -0.10476446
v 0.02277488 -0.09349424 -0.10476446
v 0.03188485 -0.09307778 -0.10476446
v 0.04099482 -0.09261489 -0.10476446
v 0.05010474 -0.09229618 -0.10476446
v 0.05921459 -0.09187531 -0.10476446
v 0.06832457 -0.09126085 -0.10476446
v 0.07743454 -0.09153712 -0.10476446
v 0.08654451 -0.09070098 -0.10476446
v 0.09565449 -0.08755445 -0.10476446
v 0.11387432 -0.09565449 -0.09989601
v 0.12298429 -0.09565449 -0.10329664
v 0.13209426 -0.09565449 -0.10390562
v 0.13789821 -0.09565449 -0.10476446
v 0.15031421 -0.08828670 -0.10476446
v 0.15942407 -0.08908194 -0.10476446
v 0.16853404 -0.08769083 -0.10476446
v 0.17764401 -0.08685225 -0.10476446
v 0.25052357 -0.09565449 -0.10393691
v 0.25052357 -0.08946151 -0.10476446
v 0.24599934 -0.09565449 -0.10476446
v 0.25963354 -0.09565449 -0.10286319
v 0.26874340 -0.09565449 -0.10162872
v -0.35073298 -0.10054076 -0.10476446
v -0.34162301 -0.10476446 -0.09796715
v -0.34162301 -0.09871846 -0.10476446
v -0.33251309 -0.10476446 -0.10169435
v -0.33251309 -0.10078979 -0.10476446
v -0.32340318 -0.10476446 -0.10192883
v -0.32340318 -0.10290134 -0.10476446
v -0.31722301 -0.10476446 -0.10476446
v -0.25963348 -0.10476446 -0.10430914
v -0.25963348 -0.10392064 -0.10476446
v -0.26145005 -0.10476446 -0.10476446
v -0.25052351 -0.10476446 -0.10302633
v -0.25052351 -0.10341412 -0.10476446
v -0.24141359 -0.10476446 -0.10391754
v -0.24141359 -0.10411346 -0.10476446
v -0.23230368 -0.10476446 -0.10454988
v -0.23230368 -0.10467339 -0.10476446
v -0.23096752 -0.10476446 -0.10476446
v -0.05921465 -0.09582859 -0.10476446
v -0.05010468 -0.09760398 -0.10476446
v -0.04099476 -0.10348928 -0.10476446
v -0.03188485 -0.10476446 -0.10273063
v -0.03779715 -0.10476446 -0.10476446
v -0.02277488 -0.10476446 -0.10074413
v -0.01366490 -0.10476446 -0.09931052
v -0.00455499 -0.10476446 -0.09866875
v 0.00455493 -0.10476446 -0.09770536
v 0.01366490 -0.10476446 -0.09664232
v 0.10476446 -0.10476446 -0.10131758
v 0.11387432 -0.10006887 -0.10476446
v 0.10922873 -0.10476446 -0.10476446
v 0.12298429 -0.09649432 -0.10476446
v 0.13209426 -0.09597695 -0.10476446
v 0.24141359 -0.10476446 -0.10378242
v 0.24141359 -0.09957898 -0.10476446
v 0.23595607 -0.10476446 -0.10476446
v 0.25052357 -0.10476446 -0.10280752
v 0.25963354 -0.10476446 -0.10119748
v -0.31429321 -0.10723644 -0.10476446
v -0.30518323 -0.10666114 -0.10476446
v -0.29607332 -0.10622680 -0.10476446
v -0.28696334 -0.10556793 -0.10476446
v -0.27785337 -0.10564756 -0.10476446
v -0.26874346 -0.10773218 -0.10476446
v -0.22319376 -0.10681576 -0.10476446
v -0.21408379 -0.10898846 -0.10476446
v -0.20497382 -0.11053002 -0.10476446
v -0.19586390 -0.10890102 -0.10476446
v -0.18675393 -0.10853261 -0.10476446
v -0.17764395 -0.10646927 -0.10476446
v -0.16853404 -0.10761249 -0.10476446
v -0.15942407 -0.11013269 -0.10476446
v -0.15031409 -0.11082703 -0.10476446
v -0.14120418 -0.11033678 -0.10476446
v -0.13209426 -0.10941696 -0.10476446
v -0.12298429 -0.10872316 -0.10476446
v -0.11387438 -0.11153871 -0.10476446
v -0.10476440 -0.11387432 -0.10385406
v -0.10476440 -0.11375016 -0.10476446
v -0.10475147 -0.11387432 -0.10476446
v -0.03188485 -0.10601866 -0.10476446
v -0.02277488 -0.11177832 -0.10476446
v -0.01366490 -0.11387432 -0.10236371
v -0.02072430 -0.11387432 -0.10476446
v -0.00455499 -0.11387432 -0.10104650
v 0.00455493 -0.11387432 -0.09953332
v 0.01366490 -0.11387432 -0.09777313
v 0.02277488 -0.11387432 -0.09619099
v 0.06832457 -0.11387432 -0.09820360
v 0.07743454 -0.11387432 -0.09726751
v 0.10476446 -0.11387432 -0.10246569
v 0.10610139 -0.11387432 -0.10476446
v 0.22319365 -0.11387432 -0.10470897
v 0.22319365 -0.11360747 -0.10476446
v 0.22281146 -0.11387432 -0.10476446
v 0.23230362 -0.11387432 -0.10362858
v 0.23230362 -0.10799706 -0.10476446
v 0.24141359 -0.11387432 -0.10266781
v 0.25052357 -0.11387432 -0.09963560
v -0.10467166 -0.12298429 -0.10476446
v -0.01366490 -0.11528534 -0.10476446
v -0.00455499 -0.11640394 -0.10476446
v 0.00455493 -0.11820459 -0.10476446
v 0.01366490 -0.12146944 -0.10476446
v 0.02277488 -0.12288368 -0.10476446
v 0.03188485 -0.12298429 -0.10440403
v 0.02320951 -0.12298429 -0.10476446
v 0.04099482 -0.12298429 -0.10404241
v 0.05010474 -0.12298429 -0.10343134
v 0.05921459 -0.12298429 -0.10283822
v 0.06832457 -0.12298429 -0.10245115
v 0.07743454 -0.12298429 -0.10233438
v 0.08654451 -0.12298429 -0.10028327
v 0.09565449 -0.12298429 -0.09580505
v 0.10476446 -0.12298429 -0.10191447
v 0.10593039 -0.12298429 -0.10476446
v 0.21408367 -0.12298429 -0.10430956
v 0.21408367 -0.12029773 -0.10476446
v 0.21033514 -0.12298429 -0.10476446
v 0.22319365 -0.12298429 -0.10349655
v 0.23230362 -0.12298429 -0.10245687
v 0.24141359 -0.12298429 -0.09745151
v -0.09565443 -0.13209426 -0.09630203
v -0.10408229 -0.13209426 -0.10476446
v -0.08654451 -0.13209426 -0.09577292
v 0.03188485 -0.12427706 -0.10476446
v 0.04099482 -0.12659150 -0.10476446
v 0.05010474 -0.13209426 -0.10473663
v 0.04979807 -0.13209426 -0.10476446
v 0.05921459 -0.13209426 -0.10405177
v 0.06832457 -0.13209426 -0.10341102
v 0.07743454 -0.13209426 -0.10296518
v 0.08654451 -0.13209426 -0.10263348
v 0.09565449 -0.13209426 -0.10197854
v 0.10476446 -0.13209426 -0.10180408
v 0.11033070 -0.13209426 -0.10476446
v 0.19586384 -0.13209426 -0.10432720
v 0.19586384 -0.13041556 -0.10476446
v 0.19277203 -0.13209426 -0.10476446
v 0.20497382 -0.13209426 -0.10341835
v 0.20497382 -0.12659645 -0.10476446
v 0.21408367 -0.13209426 -0.10200864
v 0.22319365 -0.13209426 -0.09728992
v -0.09565443 -0.14052284 -0.10476446
v -0.08654451 -0.14082539 -0.10476446
v -0.07743454 -0.14071977 -0.10476446
v -0.07667029 -0.14120424 -0.10476446
v 0.05010474 -0.14120424 -0.10439128
v 0.04430693 -0.14120424 -0.10476446
v 0.05921459 -0.14120424 -0.10377848
v 0.06832457 -0.14120424 -0.10319901
v 0.07743454 -0.14120424 -0.10313267
v 0.08654451 -0.14120424 -0.10301441
v 0.09565449 -0.14120424 -0.10292906
v 0.10476446 -0.14120424 -0.09590101
v 0.11387432 -0.14120424 -0.10331935
v 0.11387432 -0.13574421 -0.10476446
v 0.11427921 -0.14120424 -0.10476446
v 0.17764401 -0.14120424 -0.10470432
v 0.17764401 -0.14099216 -0.10476446
v 0.17734683 -0.14120424 -0.10476446
v 0.18675399 -0.14120424 -0.10368556
v 0.18675399 -0.13654900 -0.10476446
v 0.19586384 -0.14120424 -0.10248214
v 0.20497382 -0.14120424 -0.09631753
v -0.06832457 -0.14918637 -0.10476446
v -0.05921465 -0.14975095 -0.10476446
v -0.05010468 -0.14955330 -0.10476446
v -0.04099476 -0.14926708 -0.10476446
v -0.03188485 -0.15031421 -0.09615135
v -0.03188485 -0.14919925 -0.10476446
v -0.02277488 -0.15031421 -0.10024869
v -0.02277488 -0.14903080 -0.10476446
v -0.01366490 -0.15031421 -0.10180044
v -0.01366490 -0.14859676 -0.10476446
v -0.00455499 -0.15031421 -0.10255134
v -0.00455499 -0.14817691 -0.10476446
v 0.00455493 -0.15031421 -0.10272235
v 0.00455493 -0.14747596 -0.10476446
v 0.01366490 -0.15031421 -0.10278594
v 0.01366490 -0.14637029 -0.10476446
v 0.02277488 -0.15031421 -0.10277796
v 0.02277488 -0.14548123 -0.10476446
v 0.03188485 -0.15031421 -0.10275316
v 0.03188485 -0.14431095 -0.10476446
v 0.04099482 -0.15031421 -0.10266668
v 0.04099482 -0.14254916 -0.10476446
v 0.05010474 -0.15031421 -0.10199088
v 0.05921459 -0.15031421 -0.10111970
v 0.06832457 -0.15031421 -0.10027361
v 0.07743454 -0.15031421 -0.09962541
v 0.08654451 -0.15031421 -0.09868342
v 0.09565449 -0.15031421 -0.09724623
v 0.10476446 -0.15031421 -0.10037929
v 0.11387432 -0.15031421 -0.10303223
v 0.11533147 -0.15031421 -0.10476446
v 0.16853404 -0.15031421 -0.10387170
v 0.16853404 -0.14772630 -0.10476446
v 0.16182625 -0.15031421 -0.10476446
v 0.17764401 -0.15031421 -0.10258734
v 0.12298429 -0.15942407 -0.10351801
v 0.12298429 -0.15804482 -0.10476446
v 0.12438554 -0.15942407 -0.10476446
v 0.14120424 -0.15942407 -0.10459489
v 0.14120424 -0.15911412 -0.10476446
v 0.14050949 -0.15942407 -0.10476446
v 0.15031421 -0.15942407 -0.10286361
v 0.15031421 -0.15661907 -0.10476446
v 0.15942407 -0.15942407 -0.10086614
v 0.15942407 -0.15227938 -0.10476446
v 0.13209426 -0.16853404 -0.10355747
v 0.13209426 -0.16640234 -0.10476446
v 0.14120424 -0.16853404 -0.09574223
v -0.06832457 0.11387438 -0.10629421
v -0.25963348 0.10476440 -0.10601115
v -0.25052351 0.10476440 -0.10902876
v -0.24141359 0.10476440 -0.11041176
v -0.23230368 0.10476440 -0.11062926
v -0.22319376 0.10476440 -0.11016631
v -0.21408379 0.10476440 -0.10917521
v -0.20497382 0.10476440 -0.10978907
v -0.19586390 0.10476440 -0.11030310
v -0.18675393 0.10476440 -0.11270040
v -0.17764395 0.10592037 -0.11387432
v -0.17983377 0.10476440 -0.11387432
v -0.16853404 0.10476440 -0.10985953
v -0.17572337 0.10476440 -0.11387432
v -0.15942407 0.10476440 -0.11050224
v -0.15031409 0.10476440 -0.11245835
v -0.14120418 0.10476440 -0.11268526
v -0.13209426 0.10476440 -0.11342162
v -0.12298429 0.10476440 -0.11357635
v -0.11387438 0.10476440 -0.11152625
v -0.07743454 0.10476440 -0.10869843
v -0.06832457 0.10899872 -0.11387432
v -0.07279992 0.10476440 -0.11387432
v -0.05921465 0.10476440 -0.11349481
v -0.06051648 0.10476440 -0.11387432
v -0.05010468 0.10476440 -0.11148435
v -0.04099476 0.10476440 -0.10902184
v -0.03188485 0.10476440 -0.10716909
v -0.28696334 0.09565443 -0.10667884
v -0.27785337 0.09565443 -0.10971838
v -0.26874346 0.09565443 -0.11095089
v -0.25963348 0.09565443 -0.11149108
v -0.25052351 0.09565443 -0.11288041
v -0.24141359 0.09746683 -0.11387432
v -0.24480265 0.09565443 -0.11387432
v -0.23230368 0.10077304 -0.11387432
v -0.22319376 0.10209489 -0.11387432
v -0.21408379 0.10247719 -0.11387432
v -0.20497382 0.10271794 -0.11387432
v -0.19586390 0.10131651 -0.11387432
v -0.18675393 0.10158616 -0.11387432
v -0.16853404 0.10273373 -0.11387432
v -0.15942407 0.09962344 -0.11387432
v -0.15031409 0.09878320 -0.11387432
v -0.14120418 0.10121256 -0.11387432
v -0.13209426 0.10399365 -0.11387432
v -0.12298429 0.10438436 -0.11387432
v -0.11387438 0.10056251 -0.11387432
v -0.10476440 0.09648889 -0.11387432
v -0.09565443 0.10258830 -0.11387432
v -0.08654451 0.09565443 -0.11216140
v -0.08764404 0.09565443 -0.11387432
v -0.07743454 0.10230851 -0.11387432
v -0.08519047 0.09565443 -0.11387432
v -0.05921465 0.10456932 -0.11387432
v -0.05010468 0.10349208 -0.11387432
v -0.04099476 0.10252619 -0.11387432
v -0.03188485 0.10168374 -0.11387432
v -0.02277488 0.10084289 -0.11387432
v -0.01366490 0.09967411 -0.11387432
v -0.00455499 0.09886003 -0.11387432
v 0.00455493 0.09736955 -0.11387432
v 0.01366490 0.09565443 -0.11357176
v 0.00969541 0.09565443 -0.11387432
v 0.02277488 0.09565443 -0.11332327
v 0.03188485 0.09565443 -0.11303830
v 0.04099482 0.09565443 -0.11275941
v 0.05010474 0.09565443 -0.11242807
v 0.05921459 0.09565443 -0.11208934
v 0.06832457 0.09565443 -0.11174637
v 0.07743454 0.09565443 -0.11124521
v 0.08654451 0.09565443 -0.11055851
v 0.09565449 0.09565443 -0.10952502
v 0.10476446 0.09565443 -0.10704982
v 0.44183242 0.09565443 -0.11067170
v 0.45094240 0.09565443 -0.11295384
v -0.29607332 0.08654451 -0.10509676
v -0.28696334 0.08654451 -0.11131757
v -0.27785337 0.08654451 -0.11295116
v -0.26874346 0.08899963 -0.11387432
v -0.27195042 0.08654451 -0.11387432
v -0.25963348 0.09306884 -0.11387432
v -0.25052351 0.09463036 -0.11387432
v -0.08654451 0.09452581 -0.11387432
v 0.01366490 0.09518504 -0.11387432
v 0.02277488 0.09472370 -0.11387432
v 0.03188485 0.09357595 -0.11387432
v 0.04099482 0.09082466 -0.11387432
v 0.05010474 0.08964837 -0.11387432
v 0.05921459 0.08834648 -0.11387432
v 0.06832457 0.08654451 -0.11377329
v 0.06582183 0.08654451 -0.11387432
v 0.07743454 0.08654451 -0.11331290
v 0.08654451 0.08654451 -0.11284786
v 0.09565449 0.08654451 -0.11238128
v 0.10476446 0.08654451 -0.11178255
v 0.11387432 0.08654451 -0.11098176
v 0.12298429 0.08654451 -0.10955346
v 0.13209426 0.08654451 -0.10732543
v 0.43272245 0.08654451 -0.11366230
v 0.44183242 0.09519666 -0.11387432
v 0.43293548 0.08654451 -0.11387432
v 0.45094240 0.09545070 -0.11387432
v 0.46005237 0.09165591 -0.11387432
v 0.46516168 0.08654451 -0.11387432
v -0.28696334 0.07743454 -0.11238295
v -0.27785337 0.07926428 -0.11387432
v -0.27921206 0.07743454 -0.11387432
v 0.05010474 0.07743454 -0.11383647
v 0.05010474 0.07798815 -0.11387432
v 0.04929799 0.07743454 -0.11387432
v 0.05921459 0.07743454 -0.11342824
v 0.05921459 0.08239889 -0.11387432
v 0.06832457 0.07743454 -0.11299849
v 0.07743454 0.07743454 -0.11260206
v 0.08654451 0.07743454 -0.11215353
v 0.09565449 0.07743454 -0.11159545
v 0.10476446 0.07743454 -0.11061072
v 0.11387432 0.07743454 -0.10928661
v 0.12298429 0.07743454 -0.10754019
v 0.33251309 0.07877868 -0.11387432
v 0.33117700 0.07743454 -0.11387432
v 0.34162307 0.08101928 -0.11387432
v 0.35073304 0.08313757 -0.11387432
v 0.35984302 0.07743454 -0.11063081
v 0.35726631 0.07743454 -0.11387432
v 0.41450262 0.07743454 -0.10899705
v 0.43272245 0.08606911 -0.11387432
v 0.42462206 0.07743454 -0.11387432
v 0.46905625 0.07743454 -0.11387432
v -0.31429321 0.06832457 -0.10483217
v -0.30518323 0.06832457 -0.10886294
v -0.29607332 0.06832457 -0.10641348
v -0.28696334 0.06832457 -0.11012524
v -0.27785337 0.06832457 -0.11263382
v -0.27785337 0.07555068 -0.11387432
v -0.27555603 0.06832457 -0.11387432
v 0.05010474 0.06832457 -0.11372209
v 0.04900169 0.06832457 -0.11387432
v 0.05921459 0.06832457 -0.11241239
v 0.06832457 0.06832457 -0.11118156
v 0.07743454 0.06832457 -0.11059713
v 0.08654451 0.06832457 -0.10998791
v 0.09565449 0.06832457 -0.10924762
v 0.10476446 0.06832457 -0.10736537
v 0.11387432 0.06832457 -0.10503221
v 0.32438493 0.06832457 -0.11387432
v 0.35984302 0.07616955 -0.11387432
v 0.36895299 0.07249147 -0.11387432
v 0.37806284 0.06965631 -0.11387432
v 0.38717282 0.06832457 -0.10953170
v 0.37986982 0.06832457 -0.11387432
v 0.40539265 0.07301497 -0.11387432
v 0.40020263 0.06832457 -0.11387432
v 0.41450262 0.07472086 -0.11387432
v 0.42361248 0.07088107 -0.11387432
v 0.46916234 0.07707691 -0.11387432
v 0.47712517 0.06832457 -0.11387432
v -0.30518323 0.05921465 -0.10804695
v -0.29607332 0.05921465 -0.11343008
v -0.28696334 0.06488580 -0.11387432
v -0.29490858 0.05921465 -0.11387432
v -0.27785337 0.06522989 -0.11387432
v 0.05010474 0.06820214 -0.11387432
v 0.05921459 0.06740707 -0.11387432
v 0.06832457 0.06680059 -0.11387432
v 0.07743454 0.06640232 -0.11387432
v 0.08654451 0.06591290 -0.11387432
v 0.09565449 0.06521231 -0.11387432
v 0.10476446 0.06385815 -0.11387432
v 0.11387432 0.06174052 -0.11387432
v 0.12298429 0.05921465 -0.11372113
v 0.12119931 0.05921465 -0.11387432
v 0.13209426 0.05921465 -0.11305636
v 0.14120424 0.05921465 -0.11231250
v 0.15031421 0.05921465 -0.11136997
v 0.15942407 0.05921465 -0.10915875
v 0.16853404 0.05921465 -0.10482925
v 0.32392037 0.05921465 -0.11387432
v 0.38717282 0.05921465 -0.11334556
v 0.38634598 0.05921465 -0.11387432
v 0.39628267 0.06175637 -0.11387432
v 0.39133298 0.05921465 -0.11387432
v 0.47827220 0.05921465 -0.11222488
v 0.47811925 0.05921465 -0.11387432
v 0.48738217 0.06484807 -0.11387432
v 0.48030388 0.05921465 -0.11387432
v 0.49320841 0.05921465 -0.11387432
v -0.29607332 0.05010468 -0.10835612
v -0.29165214 0.05010468 -0.11387432
v 0.12298429 0.05902433 -0.11387432
v 0.13209426 0.05811673 -0.11387432
v 0.14120424 0.05697495 -0.11387432
v 0.15031421 0.05542481 -0.11387432
v 0.15942407 0.05169708 -0.11387432
v 0.16853404 0.05010468 -0.11290085
v 0.16183591 0.05010468 -0.11387432
v 0.17764401 0.05010468 -0.11184466
v 0.18675399 0.05010468 -0.11056870
v 0.19586384 0.05010468 -0.10808116
v 0.32340312 0.05255413 -0.11387432
v 0.32182348 0.05010468 -0.11387432
v 0.38717282 0.05887038 -0.11387432
v 0.47827220 0.05600762 -0.11387432
v 0.49649215 0.05010468 -0.10763812
v 0.49649215 0.05492252 -0.11387432
v 0.50101233 0.05010468 -0.11387432
v -0.29607332 0.04099476 -0.11168057
v -0.29343450 0.04099476 -0.11387432
v 0.16853404 0.04639792 -0.11387432
v 0.17764401 0.04099476 -0.11370909
v 0.17658842 0.04099476 -0.11387432
v 0.18675399 0.04099476 -0.11274719
v 0.19586384 0.04099476 -0.11178678
v 0.20497382 0.04099476 -0.11054587
v 0.21408367 0.04099476 -0.10586035
v 0.32228827 0.04099476 -0.11387432
v 0.50423050 0.04099476 -0.11387432
v -0.30518323 0.03188485 -0.10905200
v -0.29607332 0.03520525 -0.11387432
v -0.29911751 0.03188485 -0.11387432
v 0.17764401 0.04037684 -0.11387432
v 0.18675399 0.03576851 -0.11387432
v 0.19586384 0.03188485 -0.11344826
v 0.19230282 0.03188485 -0.11387432
v 0.20497382 0.03188485 -0.11245364
v 0.21408367 0.03188485 -0.11110735
v 0.22319365 0.03188485 -0.10840559
v 0.32293522 0.03188485 -0.11387432
v 0.50547433 0.03188485 -0.11387432
v -0.30518323 0.02277488 -0.10913497
v -0.30273020 0.02277488 -0.11387432
v 0.19586384 0.02986383 -0.11387432
v 0.20497382 0.02286190 -0.11387432
v 0.21408367 0.02277488 -0.11259085
v 0.20506358 0.02277488 -0.11387432
v 0.22319365 0.02277488 -0.11135805
v 0.23230362 0.02277488 -0.10845256
v 0.32340312 0.02277488 -0.11289185
v 0.32340312 0.03027368 -0.11387432
v 0.32383800 0.02277488 -0.11387432
v 0.50542927 0.02277488 -0.11387432
v -0.30518323 0.02190322 -0.11387432
v -0.31372935 0.01366490 -0.11387432
v 0.21408367 0.01366490 -0.11323440
v 0.21002448 0.01366490 -0.11387432
v 0.22319365 0.01366490 -0.11197293
v 0.23230362 0.01366490 -0.11037135
v 0.24141359 0.01366490 -0.10661602
v 0.32340312 0.01366490 -0.10997421
v 0.32410598 0.01366490 -0.11387432
v 0.50444412 0.01366490 -0.11387432
v -0.34162301 0.00455499 -0.11367559
v -0.33251309 0.01033956 -0.11387432
v -0.34133571 0.00455499 -0.11387432
v -0.32340318 0.01183695 -0.11387432
v -0.31429321 0.01354039 -0.11387432
v 0.19586384 0.00455499 -0.11384696
v 0.19586384 0.00462139 -0.11387432
v 0.19569409 0.00455499 -0.11387432
v 0.20497382 0.00455499 -0.11247897
v 0.20497382 0.00908035 -0.11387432
v 0.21408367 0.00455499 -0.11063629
v 0.22319365 0.00455499 -0.10811478
v 0.32714832 0.00455499 -0.11387432
v 0.50417876 0.00455499 -0.11387432
v -0.35073298 -0.00455493 -0.11135751
v -0.34162301 0.00443405 -0.11387432
v -0.34952086 -0.00455493 -0.11387432
v 0.19586384 -0.00455493 -0.11384112
v 0.19562602 -0.00455493 -0.11387432
v 0.20497382 -0.00455493 -0.11282825
v 0.21408367 -0.00455493 -0.11147970
v 0.22319365 -0.00455493 -0.10954601
v 0.23230362 -0.00455493 -0.10620695
v 0.33251309 -0.00085407 -0.11387432
v 0.34082651 -0.00455493 -0.11387432
v 0.39628267 -0.00455493 -0.11171418
v 0.39628267 -0.00429904 -0.11387432
v 0.39245224 -0.00455493 -0.11387432
v 0.40508878 -0.00455493 -0.11387432
v 0.49649215 -0.00358355 -0.11387432
v 0.49623370 -0.00455493 -0.11387432
v -0.35984290 -0.01366490 -0.11381406
v -0.35073298 -0.00593138 -0.11387432
v -0.35979563 -0.01366490 -0.11387432
v 0.19586384 -0.00464433 -0.11387432
v 0.20497382 -0.00727916 -0.11387432
v 0.21408367 -0.01063007 -0.11387432
v 0.22319365 -0.01366490 -0.11338294
v 0.21993339 -0.01366490 -0.11387432
v 0.23230362 -0.01366490 -0.11199009
v 0.24141359 -0.01366490 -0.11011732
v 0.25052357 -0.01366490 -0.10615534
v 0.34162307 -0.00532377 -0.11387432
v 0.35073304 -0.01366490 -0.10604811
v 0.35073304 -0.01084489 -0.11387432
v 0.35984302 -0.01366490 -0.11234963
v 0.35984302 -0.01248735 -0.11387432
v 0.36618900 -0.01366490 -0.11387432
v 0.37806284 -0.01366490 -0.11368215
v 0.37806284 -0.01342738 -0.11387432
v 0.37484145 -0.01366490 -0.11387432
v 0.38717282 -0.01366490 -0.10740995
v 0.38717282 -0.00929540 -0.11387432
v 0.39628267 -0.00971150 -0.11387432
v 0.39285409 -0.01366490 -0.11387432
v 0.47827220 -0.01366490 -0.10906070
v 0.47827220 -0.01263255 -0.11387432
v 0.47813761 -0.01366490 -0.11387432
v 0.48738217 -0.01366490 -0.11358291
v 0.48738217 -0.01359499 -0.11387432
v -0.49649215 -0.01400054 -0.11387432
v -0.50467741 -0.02277488 -0.11387432
v -0.48738220 -0.01375520 -0.11387432
v -0.47835693 -0.02277488 -0.11387432
v -0.37806284 -0.02277488 -0.10552090
v -0.36895287 -0.02277488 -0.11256361
v -0.35984290 -0.01373917 -0.11387432
v -0.36701804 -0.02277488 -0.11387432
v 0.22319365 -0.01610368 -0.11387432
v 0.23230362 -0.02277488 -0.11325920
v 0.22886777 -0.02277488 -0.11387432
v 0.24141359 -0.02277488 -0.11119014
v 0.25052357 -0.02277488 -0.10948831
v 0.25963354 -0.02277488 -0.10559040
v 0.36895299 -0.01527977 -0.11387432
v 0.37806284 -0.02277488 -0.10639918
v 0.39628267 -0.02277488 -0.11296701
v 0.39628267 -0.01725781 -0.11387432
v 0.40539265 -0.02277488 -0.11367673
v 0.40539265 -0.02091861 -0.11387432
v 0.40929806 -0.02277488 -0.11387432
v 0.47827220 -0.02277488 -0.10528529
v 0.47745883 -0.02277488 -0.11387432
v 0.48738217 -0.02277488 -0.10939890
v -0.50537342 -0.03188485 -0.11387432
v -0.47827226 -0.02319294 -0.11387432
v -0.47014374 -0.03188485 -0.11387432
v -0.38717276 -0.03188485 -0.10810834
v -0.37806284 -0.03188485 -0.11199361
v -0.36895287 -0.02572227 -0.11387432
v -0.37429768 -0.03188485 -0.11387432
v 0.23230362 -0.02698278 -0.11387432
v 0.24141359 -0.03188485 -0.11266142
v 0.23571110 -0.03188485 -0.11387432
v 0.25052357 -0.03188485 -0.11123848
v 0.25963354 -0.03188485 -0.10975963
v 0.26874340 -0.03188485 -0.10622865
v 0.40539265 -0.03188485 -0.10803831
v 0.41450262 -0.03188485 -0.11283988
v 0.41450262 -0.02659166 -0.11387432
v 0.42333961 -0.03188485 -0.11387432
v 0.47414577 -0.03188485 -0.11387432
v -0.50545233 -0.04099482 -0.11387432
v -0.46916229 -0.04099482 -0.10673988
v -0.46979252 -0.04099482 -0.11387432
v -0.38717276 -0.04099482 -0.11238480
v -0.37806284 -0.03842854 -0.11387432
v -0.38030037 -0.04099482 -0.11387432
v 0.24141359 -0.04099482 -0.11298686
v 0.23749411 -0.04099482 -0.11387432
v 0.25052357 -0.04099482 -0.11126459
v 0.25963354 -0.04099482 -0.10945433
v 0.26874340 -0.04099482 -0.10860026
v 0.42361248 -0.03214735 -0.11387432
v 0.43272245 -0.04099482 -0.11200851
v 0.43272245 -0.04029018 -0.11387432
v 0.43548656 -0.04099482 -0.11387432
v 0.46916234 -0.03697169 -0.11387432
v 0.46424091 -0.04099482 -0.11387432
v -0.50550783 -0.05010474 -0.11387432
v -0.46916229 -0.05010474 -0.11158061
v -0.46955514 -0.05010474 -0.11387432
v -0.39628273 -0.05010474 -0.11228967
v -0.38717276 -0.05010474 -0.11353415
v -0.38525617 -0.05010474 -0.11387432
v 0.24141359 -0.05010474 -0.11280453
v 0.23634875 -0.05010474 -0.11387432
v 0.25052357 -0.05010474 -0.11129707
v 0.25963354 -0.05010474 -0.10937774
v 0.26874340 -0.05010474 -0.10607934
v 0.44183242 -0.04693741 -0.11387432
v 0.45094240 -0.05010474 -0.11068547
v 0.45094240 -0.04838669 -0.11387432
v 0.46005237 -0.04504120 -0.11387432
v -0.50545532 -0.05921459 -0.11387432
v -0.46916229 -0.05921459 -0.10989910
v -0.46982762 -0.05921459 -0.11387432
v -0.39628273 -0.05921459 -0.11217511
v -0.38717276 -0.05921459 -0.11340171
v -0.38503739 -0.05921459 -0.11387432
v 0.23230362 -0.05921459 -0.11365789
v 0.23230362 -0.05752450 -0.11387432
v 0.23111904 -0.05921459 -0.11387432
v 0.24141359 -0.05921459 -0.11187440
v 0.25052357 -0.05921459 -0.11042804
v 0.25963354 -0.05921459 -0.10780448
v -0.50526702 -0.06832457 -0.11387432
v -0.47062910 -0.06832457 -0.11387432
v -0.39628273 -0.06832457 -0.11105347
v -0.38717276 -0.06832457 -0.11299855
v -0.38243297 -0.06832457 -0.11387432
v 0.15031421 -0.06832457 -0.11352342
v 0.15031421 -0.06809849 -0.11387432
v 0.14881301 -0.06832457 -0.11387432
v 0.15942407 -0.06832457 -0.11258805
v 0.15942407 -0.06753170 -0.11387432
v 0.16853404 -0.06832457 -0.11171991
v 0.16853404 -0.06707776 -0.11387432
v 0.17764401 -0.06832457 -0.11102378
v 0.17764401 -0.06678355 -0.11387432
v 0.18675399 -0.06832457 -0.11107397
v 0.18675399 -0.06658822 -0.11387432
v 0.19586384 -0.06832457 -0.11290479
v 0.19586384 -0.06718540 -0.11387432
v 0.20497382 -0.06832457 -0.11363637
v 0.20497382 -0.06785631 -0.11387432
v 0.21408367 -0.06832457 -0.11347234
v 0.21408367 -0.06729656 -0.11387432
v 0.22319365 -0.06832457 -0.11296940
v 0.22319365 -0.06527400 -0.11387432
v 0.23230362 -0.06832457 -0.11223149
v 0.24141359 -0.06832457 -0.11067694
v 0.25052357 -0.06832457 -0.10889864
v -0.50318414 -0.07743454 -0.11387432
v -0.47827226 -0.07743454 -0.10996366
v -0.47827226 -0.07600158 -0.11387432
v -0.48064893 -0.07743454 -0.11387432
v -0.38717276 -0.07743454 -0.11143053
v -0.37806284 -0.07743454 -0.11255455
v -0.37806284 -0.07270765 -0.11387432
v -0.36895287 -0.07743454 -0.11310780
v -0.36895287 -0.07591188 -0.11387432
v -0.36561358 -0.07743454 -0.11387432
v 0.11387432 -0.07743454 -0.11321855
v 0.11387432 -0.07652396 -0.11387432
v 0.10980964 -0.07743454 -0.11387432
v 0.12298429 -0.07743454 -0.10819721
v 0.12298429 -0.07559240 -0.11387432
v 0.13209426 -0.07439846 -0.11387432
v 0.14120424 -0.07191896 -0.11387432
v 0.18675399 -0.07743454 -0.10846710
v 0.19586384 -0.07743454 -0.11187351
v 0.20497382 -0.07470393 -0.11387432
v 0.20441806 -0.07743454 -0.11387432
v 0.21408367 -0.07743454 -0.11333334
v 0.20638657 -0.07743454 -0.11387432
v 0.22319365 -0.07743454 -0.11264324
v 0.23230362 -0.07743454 -0.11170167
v 0.24141359 -0.07743454 -0.11042297
v 0.25052357 -0.07743454 -0.10832471
v -0.49649215 -0.08426243 -0.11387432
v -0.48738220 -0.08416164 -0.11387432
v -0.37806284 -0.08654451 -0.10485166
v -0.36895287 -0.08654451 -0.10846460
v -0.35984290 -0.08654451 -0.11162812
v -0.35984290 -0.08213979 -0.11387432
v -0.35458809 -0.08654451 -0.11387432
v -0.34162301 -0.08654451 -0.11348474
v -0.34162301 -0.08555949 -0.11387432
v -0.34374940 -0.08654451 -0.11387432
v -0.34032053 -0.08654451 -0.11387432
v 0.03188485 -0.08654451 -0.11299205
v 0.03188485 -0.08581811 -0.11387432
v 0.02437896 -0.08654451 -0.11387432
v 0.04099482 -0.08654451 -0.11196423
v 0.04099482 -0.08491695 -0.11387432
v 0.05010474 -0.08654451 -0.11136347
v 0.05010474 -0.08426762 -0.11387432
v 0.05921459 -0.08654451 -0.11067927
v 0.05921459 -0.08352071 -0.11387432
v 0.06832457 -0.08654451 -0.10972679
v 0.06832457 -0.08243191 -0.11387432
v 0.07743454 -0.08654451 -0.10987973
v 0.07743454 -0.08199292 -0.11387432
v 0.08654451 -0.08654451 -0.10894454
v 0.08654451 -0.08100694 -0.11387432
v 0.09565449 -0.08654451 -0.10577285
v 0.09565449 -0.07956219 -0.11387432
v 0.10476446 -0.08007795 -0.11387432
v 0.14120424 -0.08654451 -0.10516095
v 0.18675399 -0.08654451 -0.11179644
v 0.19586384 -0.08654451 -0.11336052
v 0.20497382 -0.08654451 -0.11381322
v 0.20497382 -0.08271307 -0.11387432
v 0.21408367 -0.08654451 -0.11286211
v 0.22319365 -0.08654451 -0.11193323
v 0.23230362 -0.08654451 -0.11109650
v 0.24141359 -0.08654451 -0.10984230
v 0.25052357 -0.08654451 -0.10638183
v -0.35073298 -0.09565449 -0.10980827
v -0.35073298 -0.09031785 -0.11387432
v -0.34162301 -0.09565449 -0.10779417
v -0.33251309 -0.09565449 -0.11058342
v -0.33251309 -0.09258813 -0.11387432
v -0.32340318 -0.09565449 -0.11225545
v -0.32340318 -0.09299666 -0.11387432
v -0.31782645 -0.09565449 -0.11387432
v -0.25963348 -0.09565449 -0.11284673
v -0.25963348 -0.09528410 -0.11387432
v -0.26822436 -0.09565449 -0.11387432
v -0.25477481 -0.09565449 -0.11387432
v -0.24141359 -0.09565449 -0.11371458
v -0.24141359 -0.09560472 -0.11387432
v -0.24344867 -0.09565449 -0.11387432
v -0.24122888 -0.09565449 -0.11387432
v -0.05921465 -0.09467971 -0.11387432
v -0.06083220 -0.09565449 -0.11387432
v -0.05010468 -0.09418392 -0.11387432
v -0.04099476 -0.09352601 -0.11387432
v -0.03188485 -0.09320700 -0.11387432
v -0.02277488 -0.09266418 -0.11387432
v -0.01366490 -0.09169000 -0.11387432
v -0.00455499 -0.09105670 -0.11387432
v 0.00455493 -0.09015101 -0.11387432
v 0.01366490 -0.08872360 -0.11387432
v 0.02277488 -0.08698237 -0.11387432
v 0.14120424 -0.09565449 -0.10609341
v 0.15031421 -0.09565449 -0.10828239
v 0.15942407 -0.09565449 -0.11075991
v 0.16853404 -0.09565449 -0.11260134
v 0.17764401 -0.09565449 -0.11336124
v 0.18675399 -0.09565449 -0.11325377
v 0.19586384 -0.09565449 -0.11337638
v 0.20497382 -0.09565449 -0.11313969
v 0.21408367 -0.09565449 -0.11212623
v 0.22319365 -0.09565449 -0.11133993
v 0.23230362 -0.09565449 -0.11009359
v 0.24141359 -0.09565449 -0.10765189
v -0.31429321 -0.10476446 -0.10724670
v -0.31429321 -0.09835243 -0.11387432
v -0.30518323 -0.10476446 -0.10668284
v -0.30518323 -0.09983069 -0.11387432
v -0.29607332 -0.10476446 -0.10624969
v -0.29607332 -0.10033387 -0.11387432
v -0.28696334 -0.10476446 -0.10557795
v -0.28696334 -0.10049278 -0.11387432
v -0.27785337 -0.10476446 -0.10567379
v -0.27785337 -0.10106927 -0.11387432
v -0.26874346 -0.10476446 -0.10792798
v -0.26874346 -0.09574443 -0.11387432
v -0.25052351 -0.09672916 -0.11387432
v -0.23230368 -0.10164976 -0.11387432
v -0.22319376 -0.10476446 -0.10693973
v -0.22319376 -0.10192543 -0.11387432
v -0.21408379 -0.10476446 -0.10937405
v -0.21408379 -0.10243559 -0.11387432
v -0.20497382 -0.10476446 -0.11140412
v -0.20497382 -0.10333449 -0.11387432
v -0.19586390 -0.10476446 -0.10927415
v -0.19586390 -0.10188073 -0.11387432
v -0.18675393 -0.10476446 -0.10875809
v -0.18675393 -0.09679532 -0.11387432
v -0.17764395 -0.10476446 -0.10661465
v -0.17764395 -0.09941572 -0.11387432
v -0.16853404 -0.10476446 -0.10769522
v -0.16853404 -0.09883583 -0.11387432
v -0.15942407 -0.10476446 -0.11035234
v -0.15942407 -0.09999698 -0.11387432
v -0.15031409 -0.10476446 -0.11136240
v -0.15031409 -0.10255498 -0.11387432
v -0.14120418 -0.10476446 -0.11106402
v -0.14120418 -0.10331333 -0.11387432
v -0.13209426 -0.10476446 -0.11035091
v -0.13209426 -0.10343838 -0.11387432
v -0.12298429 -0.10476446 -0.10949373
v -0.12298429 -0.10329092 -0.11387432
v -0.11396086 -0.10476446 -0.11387432
v -0.05921465 -0.09622824 -0.11387432
v -0.05010468 -0.10182172 -0.11387432
v -0.04099476 -0.10476446 -0.10592294
v -0.04710382 -0.10476446 -0.11387432
v 0.11387432 -0.10476446 -0.10920656
v 0.12298429 -0.10476446 -0.11279953
v 0.13209426 -0.10476446 -0.11368024
v 0.14120424 -0.10110992 -0.11387432
v 0.13400543 -0.10476446 -0.11387432
v 0.15031421 -0.09961432 -0.11387432
v 0.15942407 -0.10038841 -0.11387432
v 0.16853404 -0.10249639 -0.11387432
v 0.17764401 -0.10476446 -0.11369377
v 0.17275608 -0.10476446 -0.11387432
v 0.18675399 -0.10476446 -0.11350071
v 0.19586384 -0.10476446 -0.11299783
v 0.20497382 -0.10476446 -0.11217988
v 0.21408367 -0.10476446 -0.11136395
v 0.22319365 -0.10476446 -0.11020225
v 0.23230362 -0.10476446 -0.10741419
v -0.11387438 -0.10482645 -0.11387432
v -0.10476440 -0.11387432 -0.10526240
v -0.10825604 -0.11387432 -0.11387432
v -0.04099476 -0.11071378 -0.11387432
v -0.03188485 -0.11387432 -0.11133027
v -0.03691077 -0.11387432 -0.11387432
v -0.02277488 -0.11387432 -0.10592675
v 0.11387432 -0.11387432 -0.11248124
v 0.12298429 -0.11105603 -0.11387432
v 0.12070793 -0.11387432 -0.11387432
v 0.13209426 -0.10606873 -0.11387432
v 0.17764401 -0.11387432 -0.11330390
v 0.16930091 -0.11387432 -0.11387432
v 0.18675399 -0.11387432 -0.11270404
v 0.19586384 -0.11387432 -0.11211163
v 0.20497382 -0.11387432 -0.11128247
v 0.21408367 -0.11387432 -0.10936284
v -0.10476440 -0.11826134 -0.11387432
v -0.10458690 -0.12298429 -0.11387432
v -0.03188485 -0.11678362 -0.11387432
v -0.02277488 -0.12298429 -0.11344630
v -0.02437901 -0.12298429 -0.11387432
v -0.01366490 -0.12298429 -0.11155540
v -0.00455499 -0.12298429 -0.11043811
v 0.00455493 -0.12298429 -0.10878599
v 0.01366490 -0.12298429 -0.10599154
v 0.02277488 -0.12298429 -0.10484916
v 0.11387432 -0.12298429 -0.11270857
v 0.12294042 -0.12298429 -0.11387432
v 0.16853404 -0.12298429 -0.11323255
v 0.16853404 -0.11475730 -0.11387432
v 0.15974581 -0.12298429 -0.11387432
v 0.17764401 -0.12298429 -0.11249846
v 0.18675399 -0.12298429 -0.11189550
v 0.19586384 -0.12298429 -0.11077994
v 0.20497382 -0.12298429 -0.10822099
v -0.10321474 -0.13209426 -0.11387432
v -0.02277488 -0.12726116 -0.11387432
v -0.01366490 -0.13209426 -0.11311066
v -0.01998138 -0.13209426 -0.11387432
v -0.00455499 -0.13209426 -0.11253268
v 0.00455493 -0.13209426 -0.11190534
v 0.01366490 -0.13209426 -0.11102563
v 0.02277488 -0.13209426 -0.11045420
v 0.03188485 -0.13209426 -0.10960376
v 0.04099482 -0.13209426 -0.10825509
v 0.11387432 -0.13209426 -0.10780799
v 0.11803979 -0.13209426 -0.11387432
v 0.15031421 -0.13209426 -0.11346042
v 0.15031421 -0.12881643 -0.11387432
v 0.14583492 -0.13209426 -0.11387432
v 0.15942407 -0.13209426 -0.11281896
v 0.15942407 -0.12318486 -0.11387432
v 0.16853404 -0.13209426 -0.11223328
v 0.17764401 -0.13209426 -0.11144006
v 0.18675399 -0.13209426 -0.10894746
v -0.09565443 -0.13966203 -0.11387432
v -0.08654451 -0.14083254 -0.11387432
v -0.07743454 -0.14038646 -0.11387432
v -0.06832457 -0.14120424 -0.11345524
v -0.06832457 -0.14088285 -0.11387432
v -0.06553584 -0.14120424 -0.11387432
v -0.05010468 -0.14120424 -0.11377215
v -0.05010468 -0.14111745 -0.11387432
v -0.05124569 -0.14120424 -0.11387432
v -0.04099476 -0.14120424 -0.11302042
v -0.04099476 -0.13998818 -0.11387432
v -0.03188485 -0.14120424 -0.11267912
v -0.03188485 -0.13836026 -0.11387432
v -0.02277488 -0.14120424 -0.11230171
v -0.02277488 -0.13412106 -0.11387432
v -0.01366490 -0.14120424 -0.11175549
v -0.00455499 -0.14120424 -0.11129808
v 0.00455493 -0.14120424 -0.11059731
v 0.01366490 -0.14120424 -0.10952616
v 0.02277488 -0.14120424 -0.10871959
v 0.03188485 -0.14120424 -0.10764080
v 0.04099482 -0.14120424 -0.10601014
v 0.11956614 -0.14120424 -0.11387432
v 0.14120424 -0.14120424 -0.11350191
v 0.14120424 -0.13612425 -0.11387432
v 0.13773811 -0.14120424 -0.11387432
v 0.15031421 -0.14120424 -0.11253417
v 0.15942407 -0.14120424 -0.11198604
v 0.16853404 -0.14120424 -0.11075318
v -0.05921465 -0.14514720 -0.11387432
v 0.12298429 -0.15031421 -0.11228406
v 0.12298429 -0.14542019 -0.11387432
v 0.13209426 -0.15031421 -0.11335474
v 0.13209426 -0.14564693 -0.11387432
v 0.14120424 -0.15031421 -0.11285347
v 0.15031421 -0.15031421 -0.11092359
v 0.15942407 -0.15031421 -0.10671318
v 0.13209426 -0.15942407 -0.11172479
v -0.17764395 0.10476440 -0.11504894
v -0.06832457 0.10476440 -0.11813593
v -0.24141359 0.09565443 -0.11549360
v -0.23230368 0.09565443 -0.11858201
v -0.22319376 0.09565443 -0.12006885
v -0.21408379 0.09565443 -0.12066060
v -0.20497382 0.09565443 -0.12128413
v -0.19586390 0.09565443 -0.12016994
v -0.18675393 0.09565443 -0.11872989
v -0.17764395 0.09565443 -0.11965483
v -0.16853404 0.09565443 -0.12031215
v -0.15942407 0.09565443 -0.11845165
v -0.15031409 0.09565443 -0.11696827
v -0.14120418 0.09565443 -0.11876631
v -0.13209426 0.09565443 -0.12057549
v -0.12298429 0.09565443 -0.12117732
v -0.11387438 0.09565443 -0.11832637
v -0.10476440 0.09565443 -0.11481416
v -0.09565443 0.09565443 -0.12144703
v -0.07743454 0.09565443 -0.12083048
v -0.06832457 0.10135067 -0.12298429
v -0.07457441 0.09565443 -0.12298429
v -0.05921465 0.09877104 -0.12298429
v -0.05010468 0.09565443 -0.12261784
v -0.05213523 0.09565443 -0.12298429
v -0.04099476 0.09565443 -0.12176484
v -0.03188485 0.09565443 -0.12063777
v -0.02277488 0.09565443 -0.11946750
v -0.01366490 0.09565443 -0.11805725
v -0.00455499 0.09565443 -0.11713159
v 0.00455493 0.09565443 -0.11559802
v -0.26874346 0.08654451 -0.11594194
v -0.25963348 0.08654451 -0.11967534
v -0.25052351 0.08654451 -0.12096304
v -0.24141359 0.08654451 -0.12214547
v -0.23230368 0.08720011 -0.12298429
v -0.23344868 0.08654451 -0.12298429
v -0.22319376 0.08915287 -0.12298429
v -0.21408379 0.09051323 -0.12298429
v -0.20497382 0.09228086 -0.12298429
v -0.19586390 0.09311658 -0.12298429
v -0.18675393 0.09337205 -0.12298429
v -0.17764395 0.09295303 -0.12298429
v -0.16853404 0.08996791 -0.12298429
v -0.15942407 0.08657521 -0.12298429
v -0.15031409 0.08802223 -0.12298429
v -0.14120418 0.09010762 -0.12298429
v -0.13209426 0.08761758 -0.12298429
v -0.12298429 0.08755553 -0.12298429
v -0.11387438 0.08694851 -0.12298429
v -0.10476440 0.09013927 -0.12298429
v -0.09565443 0.09293175 -0.12298429
v -0.08654451 0.08654451 -0.12248379
v -0.08750975 0.08654451 -0.12298429
v -0.07743454 0.08831948 -0.12298429
v -0.08208698 0.08654451 -0.12298429
v -0.05010468 0.09482741 -0.12298429
v -0.04099476 0.09308213 -0.12298429
v -0.03188485 0.09056121 -0.12298429
v -0.02277488 0.08752489 -0.12298429
v -0.01366490 0.08654451 -0.12234020
v -0.02043134 0.08654451 -0.12298429
v -0.00455499 0.08654451 -0.12188822
v 0.00455493 0.08654451 -0.12151021
v 0.01366490 0.08654451 -0.12106717
v 0.02277488 0.08654451 -0.12084043
v 0.03188485 0.08654451 -0.11976266
v 0.04099482 0.08654451 -0.11734730
v 0.05010474 0.08654451 -0.11658472
v 0.05921459 0.08654451 -0.11553538
v 0.44183242 0.08654451 -0.12281835
v 0.45094240 0.09437531 -0.12298429
v 0.44231474 0.08654451 -0.12298429
v 0.46005237 0.08654451 -0.11915946
v 0.45884991 0.08654451 -0.12298429
v -0.27785337 0.07743454 -0.11495394
v -0.26874346 0.07743454 -0.11980915
v -0.25963348 0.07743454 -0.12209982
v -0.25052351 0.07996821 -0.12298429
v -0.25406605 0.07743454 -0.12298429
v -0.24141359 0.08399820 -0.12298429
v -0.08654451 0.08620369 -0.12298429
v -0.01366490 0.07743454 -0.12263227
v -0.01968098 0.07743454 -0.12298429
v -0.00455499 0.07743454 -0.12209857
v 0.00455493 0.07743454 -0.12157929
v 0.01366490 0.07743454 -0.12088048
v 0.02277488 0.07743454 -0.11952871
v 0.03188485 0.07743454 -0.11829233
v 0.04099482 0.07743454 -0.11594504
v 0.33251309 0.07743454 -0.11521852
v 0.34162307 0.08467966 -0.12298429
v 0.33437407 0.07743454 -0.12298429
v 0.35073304 0.07743454 -0.11984307
v 0.34903312 0.07743454 -0.12298429
v 0.43272245 0.07743454 -0.12254536
v 0.44183242 0.08648330 -0.12298429
v 0.43279493 0.07743454 -0.12298429
v 0.46005237 0.08568633 -0.12298429
v 0.46831691 0.07743454 -0.12298429
v -0.26874346 0.06832457 -0.11957318
v -0.25963348 0.06832457 -0.12251300
v -0.25685102 0.06832457 -0.12298429
v -0.01366490 0.07301593 -0.12298429
v -0.00455499 0.07365763 -0.12298429
v 0.00455493 0.07516122 -0.12298429
v 0.01366490 0.07586676 -0.12298429
v 0.02277488 0.06832457 -0.12171340
v 0.02155066 0.06832457 -0.12298429
v 0.03188485 0.06832457 -0.11969328
v 0.04099482 0.06832457 -0.11687708
v 0.33251309 0.07627124 -0.12298429
v 0.32458556 0.06832457 -0.12298429
v 0.35073304 0.07364255 -0.12298429
v 0.35984302 0.07020652 -0.12298429
v 0.36895299 0.06832457 -0.11812788
v 0.36178863 0.06832457 -0.12298429
v 0.37806284 0.06832457 -0.11520875
v 0.40539265 0.06832457 -0.11856240
v 0.41450262 0.06832457 -0.12020385
v 0.42361248 0.06832457 -0.11644459
v 0.43272245 0.07539648 -0.12298429
v 0.42737687 0.06832457 -0.12298429
v 0.46916234 0.07465971 -0.12298429
v 0.47531879 0.06832457 -0.12298429
v -0.28696334 0.05921465 -0.11949426
v -0.27785337 0.05921465 -0.11931652
v -0.26874346 0.05921465 -0.11447024
v -0.25963348 0.05921465 -0.11882067
v -0.25052351 0.05921465 -0.12182248
v -0.25052351 0.06278610 -0.12298429
v -0.24473691 0.05921465 -0.12298429
v 0.02277488 0.05921465 -0.12259972
v 0.02020508 0.05921465 -0.12298429
v 0.03188485 0.05945963 -0.12298429
v 0.03115052 0.05921465 -0.12298429
v 0.04099482 0.05979997 -0.12298429
v 0.05010474 0.05921465 -0.12268817
v 0.04364860 0.05921465 -0.12298429
v 0.05921459 0.05921465 -0.12227237
v 0.06832457 0.05921465 -0.12174988
v 0.07743454 0.05921465 -0.12125880
v 0.08654451 0.05921465 -0.12065530
v 0.09565449 0.05921465 -0.11984074
v 0.10476446 0.05921465 -0.11842108
v 0.11387432 0.05921465 -0.11633623
v 0.32436812 0.05921465 -0.12298429
v 0.36895299 0.06167197 -0.12298429
v 0.37806284 0.05921465 -0.12107444
v 0.37202799 0.05921465 -0.12298429
v 0.39628267 0.05921465 -0.11608088
v 0.40539265 0.05921465 -0.12052155
v 0.41450262 0.06105870 -0.12298429
v 0.41253591 0.05921465 -0.12298429
v 0.42361248 0.05921465 -0.12266010
v 0.42045367 0.05921465 -0.12298429
v 0.42383099 0.05921465 -0.12298429
v 0.47773623 0.05921465 -0.12298429
v 0.48738217 0.05921465 -0.11982119
v -0.28696334 0.05010468 -0.11873746
v -0.27785337 0.05010468 -0.12291420
v -0.26874346 0.05534047 -0.12298429
v -0.27763921 0.05010468 -0.12298429
v -0.25963348 0.05644989 -0.12298429
v -0.25052351 0.05811304 -0.12298429
v 0.02277488 0.05854201 -0.12298429
v 0.05010474 0.05889899 -0.12298429
v 0.05921459 0.05840963 -0.12298429
v 0.06832457 0.05768448 -0.12298429
v 0.07743454 0.05706835 -0.12298429
v 0.08654451 0.05631608 -0.12298429
v 0.09565449 0.05518502 -0.12298429
v 0.10476446 0.05268121 -0.12298429
v 0.11387432 0.05010468 -0.12251174
v 0.10990310 0.05010468 -0.12298429
v 0.12298429 0.05010468 -0.12166494
v 0.13209426 0.05010468 -0.12093949
v 0.14120424 0.05010468 -0.12006283
v 0.15031421 0.05010468 -0.11881995
v 0.15942407 0.05010468 -0.11542970
v 0.32340312 0.05010468 -0.11549729
v 0.32399070 0.05010468 -0.12298429
v 0.37806284 0.05010468 -0.12153459
v 0.37618291 0.05010468 -0.12298429
v 0.38717282 0.05010468 -0.12228215
v 0.39628267 0.05038577 -0.12298429
v 0.39580166 0.05010468 -0.12298429
v 0.40539265 0.05010468 -0.11908484
v 0.39662170 0.05010468 -0.12298429
v 0.40786684 0.05010468 -0.12298429
v 0.42361248 0.05857521 -0.12298429
v 0.47827220 0.05010468 -0.11983681
v 0.47815061 0.05010468 -0.12298429
v 0.48738217 0.05125713 -0.12298429
v 0.48541045 0.05010468 -0.12298429
v 0.49649215 0.05010468 -0.12126523
v 0.49051249 0.05010468 -0.12298429
v -0.28696334 0.04099476 -0.11987728
v -0.27785337 0.04980731 -0.12298429
v -0.28251964 0.04099476 -0.12298429
v 0.11387432 0.04829490 -0.12298429
v 0.12298429 0.04415286 -0.12298429
v 0.13209426 0.04099476 -0.12296510
v 0.13182080 0.04099476 -0.12298429
v 0.14120424 0.04099476 -0.12234062
v 0.15031421 0.04099476 -0.12153220
v 0.15942407 0.04099476 -0.12011653
v 0.16853404 0.04099476 -0.11803108
v 0.32340312 0.04099476 -0.11504978
v 0.32380712 0.04099476 -0.12298429
v 0.37806284 0.04099476 -0.12164730
v 0.37704372 0.04099476 -0.12298429
v 0.38717282 0.04919785 -0.12298429
v 0.37900782 0.04099476 -0.12298429
v 0.40539265 0.04099476 -0.11869431
v 0.40480793 0.04099476 -0.12298429
v 0.40693641 0.04099476 -0.12298429
v 0.47827220 0.04763496 -0.12298429
v 0.49649215 0.04921442 -0.12298429
v 0.50268006 0.04099476 -0.12298429
v -0.29607332 0.03188485 -0.11644977
v -0.28696334 0.03188485 -0.12267107
v -0.28608108 0.03188485 -0.12298429
v 0.13209426 0.04091686 -0.12298429
v 0.14120424 0.03794962 -0.12298429
v 0.15031421 0.03303778 -0.12298429
v 0.15942407 0.03188485 -0.12202215
v 0.15169454 0.03188485 -0.12298429
v 0.16853404 0.03188485 -0.12088907
v 0.17764401 0.03188485 -0.11939883
v 0.18675399 0.03188485 -0.11675346
v 0.32340312 0.03188485 -0.11435688
v 0.32908678 0.03188485 -0.12298429
v 0.37806284 0.03940481 -0.12298429
v 0.38717282 0.03188485 -0.12135249
v 0.38717282 0.03300184 -0.12298429
v 0.38531983 0.03188485 -0.12298429
v 0.39628267 0.03188485 -0.12076670
v 0.39628267 0.03247142 -0.12298429
v 0.40539265 0.03803325 -0.12298429
v 0.39925122 0.03188485 -0.12298429
v 0.50524950 0.03188485 -0.12298429
v -0.29607332 0.02277488 -0.11948168
v -0.28696334 0.03057140 -0.12298429
v -0.29251486 0.02277488 -0.12298429
v 0.15942407 0.02689427 -0.12298429
v 0.16853404 0.02277488 -0.12242186
v 0.16434360 0.02277488 -0.12298429
v 0.17764401 0.02277488 -0.12143826
v 0.18675399 0.02277488 -0.12029958
v 0.19586384 0.02277488 -0.11852556
v 0.20497382 0.02277488 -0.11394382
v 0.32932091 0.02277488 -0.12298429
v 0.38717282 0.03097636 -0.12298429
v 0.39628267 0.03074896 -0.12298429
v 0.50506413 0.02277488 -0.12298429
v -0.30518323 0.01748830 -0.12298429
v -0.30996257 0.01366490 -0.12298429
v -0.29607332 0.02223438 -0.12298429
v 0.16853404 0.01467866 -0.12298429
v 0.17764401 0.01366490 -0.12201446
v 0.16935742 0.01366490 -0.12298429
v 0.18675399 0.01366490 -0.12088388
v 0.19586384 0.01366490 -0.11945319
v 0.20497382 0.01366490 -0.11681890
v 0.32612753 0.01366490 -0.12298429
v 0.49859190 0.01366490 -0.12298429
v -0.33251309 0.00455499 -0.12102348
v -0.32340318 0.00455499 -0.12285876
v -0.31429321 0.01207799 -0.12298429
v -0.32330507 0.00455499 -0.12298429
v 0.15942407 0.00455499 -0.12245059
v 0.15942407 0.00635087 -0.12298429
v 0.15626180 0.00455499 -0.12298429
v 0.16853404 0.00455499 -0.12110555
v 0.16853404 0.01298577 -0.12298429
v 0.17764401 0.00455499 -0.11942154
v 0.18675399 0.00455499 -0.11739916
v 0.33251309 0.00455499 -0.11959934
v 0.33251309 0.00695467 -0.12298429
v 0.33736277 0.00455499 -0.12298429
v 0.49649215 0.00455499 -0.12209308
v 0.49649215 0.01059151 -0.12298429
v 0.49622023 0.00455499 -0.12298429
v -0.34162301 -0.00206512 -0.12298429
v -0.34401965 -0.00455493 -0.12298429
v -0.33251309 0.00222111 -0.12298429
v -0.32340318 0.00449252 -0.12298429
v 0.15942407 -0.00455493 -0.12238878
v 0.15476036 -0.00455493 -0.12298429
v 0.16853404 -0.00455493 -0.12120706
v 0.17764401 -0.00455493 -0.11975539
v 0.18675399 -0.00455493 -0.11752838
v 0.34162307 -0.00455493 -0.11465526
v 0.34162307 0.00067192 -0.12298429
v 0.35073304 -0.00455493 -0.12070572
v 0.35073304 -0.00303608 -0.12298429
v 0.35984302 -0.00455493 -0.12173879
v 0.35984302 -0.00332451 -0.12298429
v 0.36895299 -0.00455493 -0.12226295
v 0.36895299 -0.00368696 -0.12298429
v 0.37806284 -0.00455493 -0.12202191
v 0.37806284 -0.00346106 -0.12298429
v 0.38717282 -0.00455493 -0.11857319
v 0.38717282 -0.00247943 -0.12298429
v 0.39628267 -0.00289428 -0.12298429
v 0.40539265 -0.00455493 -0.11411369
v 0.40539265 -0.00238943 -0.12298429
v 0.41450262 -0.00455493 -0.12037766
v 0.41450262 -0.00330281 -0.12298429
v 0.42361248 -0.00455493 -0.12207264
v 0.42361248 -0.00411755 -0.12298429
v 0.42548800 -0.00455493 -0.12298429
v 0.47827220 -0.00455493 -0.12239844
v 0.47827220 -0.00410718 -0.12298429
v 0.47815466 -0.00455493 -0.12298429
v 0.48068917 -0.00455493 -0.12298429
v 0.49139464 -0.00455493 -0.12298429
v -0.48738220 -0.01366490 -0.11646712
v -0.48738220 -0.00896060 -0.12298429
v -0.49639258 -0.01366490 -0.12298429
v -0.48262915 -0.01366490 -0.12298429
v -0.35073298 -0.01366490 -0.12183952
v -0.34897482 -0.01366490 -0.12298429
v 0.15942407 -0.00611413 -0.12298429
v 0.16853404 -0.00912750 -0.12298429
v 0.17764401 -0.01338375 -0.12298429
v 0.18675399 -0.01366490 -0.12175894
v 0.17820072 -0.01366490 -0.12298429
v 0.19586384 -0.01366490 -0.12031621
v 0.20497382 -0.01366490 -0.11865908
v 0.21408367 -0.01366490 -0.11628830
v 0.36895299 -0.01366490 -0.11550987
v 0.39628267 -0.01366490 -0.11725706
v 0.40539265 -0.01366490 -0.11998743
v 0.41450262 -0.01366490 -0.12105989
v 0.42361248 -0.01366490 -0.12214029
v 0.42470515 -0.01366490 -0.12298429
v 0.47734404 -0.01366490 -0.12298429
v 0.48738217 -0.00860149 -0.12298429
v -0.49649215 -0.01366985 -0.12298429
v -0.50523716 -0.02277488 -0.12298429
v -0.47842076 -0.02277488 -0.12298429
v -0.35984290 -0.02277488 -0.12018210
v -0.35073298 -0.01573157 -0.12298429
v -0.35651273 -0.02277488 -0.12298429
v 0.18675399 -0.01732820 -0.12298429
v 0.19586384 -0.02277488 -0.12265396
v 0.19350135 -0.02277488 -0.12298429
v 0.20497382 -0.02277488 -0.12149519
v 0.21408367 -0.02277488 -0.11985332
v 0.22319365 -0.02277488 -0.11705756
v 0.41450262 -0.02277488 -0.11759281
v 0.42361248 -0.02277488 -0.12108105
v 0.42638135 -0.02277488 -0.12298429
v 0.47479355 -0.02277488 -0.12298429
v -0.50548321 -0.03188485 -0.12298429
v -0.47827226 -0.02653849 -0.12298429
v -0.47324577 -0.03188485 -0.12298429
v -0.36895287 -0.03188485 -0.11870378
v -0.35984290 -0.03188485 -0.12230992
v -0.35920191 -0.03188485 -0.12298429
v 0.19586384 -0.02614707 -0.12298429
v 0.20497382 -0.03188485 -0.12235743
v 0.19989991 -0.03188485 -0.12298429
v 0.21408367 -0.03188485 -0.12111962
v 0.22319365 -0.03188485 -0.11959302
v 0.23230362 -0.03188485 -0.11637408
v 0.42361248 -0.03188485 -0.11413610
v 0.43272245 -0.03188485 -0.12260425
v 0.43272245 -0.03039813 -0.12298429
v 0.43315089 -0.03188485 -0.12298429
v 0.46916234 -0.03188485 -0.11948848
v 0.46916234 -0.02904975 -0.12298429
v 0.46825576 -0.03188485 -0.12298429
v -0.50548100 -0.04099482 -0.12298429
v -0.47121790 -0.04099482 -0.12298429
v -0.37806284 -0.04099482 -0.11599088
v -0.36895287 -0.04099482 -0.12029690
v -0.35984290 -0.03947657 -0.12298429
v -0.36053932 -0.04099482 -0.12298429
v 0.19586384 -0.04099482 -0.12296486
v 0.19586384 -0.04063773 -0.12298429
v 0.19569635 -0.04099482 -0.12298429
v 0.20497382 -0.04099482 -0.12205058
v 0.21408367 -0.04099482 -0.12100691
v 0.22319365 -0.04099482 -0.11972594
v 0.23230362 -0.04099482 -0.11720741
v 0.44183242 -0.04099482 -0.11999303
v 0.44183242 -0.04011655 -0.12298429
v 0.45094240 -0.04099482 -0.12176615
v 0.45094240 -0.04063553 -0.12298429
v 0.46005237 -0.04099482 -0.11811709
v 0.46005237 -0.03989702 -0.12298429
v -0.50553334 -0.05010474 -0.12298429
v -0.47078553 -0.05010474 -0.12298429
v -0.37806284 -0.05010474 -0.11981422
v -0.36895287 -0.05010474 -0.12140721
v -0.36252344 -0.05010474 -0.12298429
v 0.18675399 -0.05010474 -0.12282747
v 0.18675399 -0.04881418 -0.12298429
v 0.18488276 -0.05010474 -0.12298429
v 0.19586384 -0.05010474 -0.12216359
v 0.20497382 -0.05010474 -0.12148356
v 0.21408367 -0.05010474 -0.12054414
v 0.22319365 -0.05010474 -0.11928695
v 0.23230362 -0.05010474 -0.11654013
v -0.50545442 -0.05921459 -0.12298429
v -0.47327256 -0.05921459 -0.12298429
v -0.37806284 -0.05921459 -0.12003338
v -0.36895287 -0.05921459 -0.12145865
v -0.35984290 -0.05921459 -0.12287217
v -0.35984290 -0.05685735 -0.12298429
v -0.35959375 -0.05921459 -0.12298429
v 0.14120424 -0.05921459 -0.12285829
v 0.14120424 -0.05894321 -0.12298429
v 0.13999939 -0.05921459 -0.12298429
v 0.15031421 -0.05921459 -0.12214917
v 0.15031421 -0.05741560 -0.12298429
v 0.15942407 -0.05921459 -0.12177873
v 0.15942407 -0.05625945 -0.12298429
v 0.16853404 -0.05921459 -0.12151915
v 0.16853404 -0.05495942 -0.12298429
v 0.17764401 -0.05921459 -0.12131345
v 0.17764401 -0.05313468 -0.12298429
v 0.18675399 -0.05921459 -0.12097508
v 0.19586384 -0.05921459 -0.12043816
v 0.20497382 -0.05921459 -0.11964840
v 0.21408367 -0.05921459 -0.11877680
v 0.22319365 -0.05921459 -0.11739743
v -0.50463033 -0.06832457 -0.12298429
v -0.47827226 -0.06832457 -0.12186152
v -0.47827226 -0.06489533 -0.12298429
v -0.47860837 -0.06832457 -0.12298429
v -0.37806284 -0.06832457 -0.11790174
v -0.36895287 -0.06832457 -0.12067086
v -0.35984290 -0.06832457 -0.12214339
v -0.35740387 -0.06832457 -0.12298429
v 0.08654451 -0.06832457 -0.12216455
v 0.08654451 -0.06746078 -0.12298429
v 0.07981545 -0.06832457 -0.12298429
v 0.09565449 -0.06832457 -0.12097269
v 0.09565449 -0.06597227 -0.12298429
v 0.10476446 -0.06832457 -0.12106538
v 0.10476446 -0.06590527 -0.12298429
v 0.11387432 -0.06832457 -0.12109762
v 0.11387432 -0.06521797 -0.12298429
v 0.12298429 -0.06832457 -0.12101406
v 0.12298429 -0.06451547 -0.12298429
v 0.13209426 -0.06832457 -0.11981535
v 0.13209426 -0.06240344 -0.12298429
v 0.14120424 -0.06832457 -0.11736161
v -0.50155342 -0.07743454 -0.12298429
v -0.48738220 -0.07743454 -0.12193847
v -0.48738220 -0.07726735 -0.12298429
v -0.48943481 -0.07743454 -0.12298429
v -0.35984290 -0.07743454 -0.11834067
v -0.35073298 -0.07743454 -0.12198991
v -0.35073298 -0.07522374 -0.12298429
v -0.34162301 -0.07743454 -0.12021732
v -0.34162301 -0.07004464 -0.12298429
v -0.33684540 -0.07743454 -0.12298429
v -0.32340318 -0.07743454 -0.12293178
v -0.32340318 -0.07723832 -0.12298429
v -0.32394648 -0.07743454 -0.12298429
v -0.32325053 -0.07743454 -0.12298429
v 0.03188485 -0.07743454 -0.12253398
v 0.03188485 -0.07690167 -0.12298429
v 0.02707344 -0.07743454 -0.12298429
v 0.04099482 -0.07743454 -0.12167698
v 0.04099482 -0.07589763 -0.12298429
v 0.05010474 -0.07743454 -0.12078899
v 0.05010474 -0.07452768 -0.12298429
v 0.05921459 -0.07743454 -0.11992913
v 0.05921459 -0.07286489 -0.12298429
v 0.06832457 -0.07743454 -0.11893213
v 0.06832457 -0.07066828 -0.12298429
v 0.07743454 -0.07743454 -0.11846566
v 0.07743454 -0.06887364 -0.12298429
v 0.08654451 -0.07743454 -0.11748308
v 0.09565449 -0.07743454 -0.11601067
v 0.10476446 -0.07743454 -0.11651951
v 0.20497382 -0.07743454 -0.11421752
v -0.49649215 -0.08251995 -0.12298429
v -0.35073298 -0.08654451 -0.11753190
v -0.33251309 -0.08654451 -0.11913741
v -0.33251309 -0.08132303 -0.12298429
v -0.32340318 -0.08654451 -0.11967504
v -0.31429321 -0.08654451 -0.12280929
v -0.31429321 -0.08607107 -0.12298429
v -0.31174946 -0.08654451 -0.12298429
v -0.26874346 -0.08654451 -0.12255239
v -0.26874346 -0.08595520 -0.12298429
v -0.26924813 -0.08654451 -0.12298429
v -0.26687264 -0.08654451 -0.12298429
v -0.25052351 -0.08654451 -0.12297714
v -0.25052351 -0.08653921 -0.12298429
v -0.25056088 -0.08654451 -0.12298429
v -0.25051469 -0.08654451 -0.12298429
v -0.16853404 -0.08654451 -0.12233859
v -0.16853404 -0.08577871 -0.12298429
v -0.17201632 -0.08654451 -0.12298429
v -0.16595465 -0.08654451 -0.12298429
v -0.03188485 -0.08654451 -0.12261897
v -0.03188485 -0.08624667 -0.12298429
v -0.03439552 -0.08654451 -0.12298429
v -0.02277488 -0.08654451 -0.12120539
v -0.02277488 -0.08500159 -0.12298429
v -0.01366490 -0.08654451 -0.11955005
v -0.01366490 -0.08355635 -0.12298429
v -0.00455499 -0.08654451 -0.11864269
v -0.00455499 -0.08259827 -0.12298429
v 0.00455493 -0.08654451 -0.11758459
v 0.00455493 -0.08152372 -0.12298429
v 0.01366490 -0.08654451 -0.11608160
v 0.01366490 -0.08020490 -0.12298429
v 0.02277488 -0.08654451 -0.11431456
v 0.02277488 -0.07846421 -0.12298429
v -0.31429321 -0.09565449 -0.11656463
v -0.30518323 -0.09565449 -0.11805558
v -0.30518323 -0.08891279 -0.12298429
v -0.29607332 -0.09565449 -0.11861622
v -0.29607332 -0.09185010 -0.12298429
v -0.28696334 -0.09565449 -0.11882234
v -0.28696334 -0.09341669 -0.12298429
v -0.27785337 -0.09565449 -0.11969453
v -0.27785337 -0.09346193 -0.12298429
v -0.26874346 -0.09565449 -0.11396194
v -0.25963348 -0.09033954 -0.12298429
v -0.25052351 -0.09565449 -0.11510497
v -0.24141359 -0.09321308 -0.12298429
v -0.23230368 -0.09565449 -0.12089998
v -0.23230368 -0.09458917 -0.12298429
v -0.22319376 -0.09565449 -0.12120271
v -0.22319376 -0.09480953 -0.12298429
v -0.21408379 -0.09565449 -0.12175447
v -0.21408379 -0.09502733 -0.12298429
v -0.20497382 -0.09565449 -0.12171912
v -0.20497382 -0.09467524 -0.12298429
v -0.19586390 -0.09565449 -0.12065405
v -0.19586390 -0.09451938 -0.12298429
v -0.18675393 -0.09565449 -0.11497718
v -0.18675393 -0.09324247 -0.12298429
v -0.17764395 -0.09565449 -0.11744064
v -0.17764395 -0.08977246 -0.12298429
v -0.16853404 -0.09565449 -0.11738473
v -0.15942407 -0.09565449 -0.11828268
v -0.15942407 -0.09101886 -0.12298429
v -0.15031409 -0.09565449 -0.12061536
v -0.15031409 -0.08791494 -0.12298429
v -0.14120418 -0.09565449 -0.12163466
v -0.14120418 -0.08800906 -0.12298429
v -0.13209426 -0.09565449 -0.12244105
v -0.13209426 -0.09444118 -0.12298429
v -0.12298429 -0.09565449 -0.12250906
v -0.12298429 -0.09505898 -0.12298429
v -0.12205869 -0.09565449 -0.12298429
v -0.05921465 -0.09235334 -0.12298429
v -0.06205839 -0.09565449 -0.12298429
v -0.05010468 -0.09099555 -0.12298429
v -0.04099476 -0.08851600 -0.12298429
v -0.11387438 -0.10476446 -0.11393881
v -0.11387438 -0.10159689 -0.12298429
v -0.11107236 -0.10476446 -0.12298429
v -0.05921465 -0.09900254 -0.12298429
v -0.05010468 -0.10476446 -0.11683893
v -0.05366611 -0.10476446 -0.12298429
v 0.14120424 -0.10476446 -0.11735678
v 0.15031421 -0.10476446 -0.11864763
v 0.15942407 -0.10476446 -0.11798537
v 0.16853404 -0.10476446 -0.11601305
v -0.10883373 -0.11387432 -0.12298429
v -0.05010468 -0.11387432 -0.12277746
v -0.05031961 -0.11387432 -0.12298429
v -0.04099476 -0.11387432 -0.11669785
v 0.12298429 -0.11387432 -0.11598712
v 0.13209426 -0.11387432 -0.11839336
v 0.14120424 -0.11387432 -0.11953837
v 0.15031421 -0.11387432 -0.11946946
v 0.15942407 -0.11387432 -0.11787492
v 0.16853404 -0.11387432 -0.11430097
v -0.10476440 -0.11853397 -0.12298429
v -0.10432267 -0.12298429 -0.12298429
v -0.05010468 -0.11466390 -0.12298429
v -0.04099476 -0.12298429 -0.12113988
v -0.04488397 -0.12298429 -0.12298429
v -0.03188485 -0.12298429 -0.11870337
v 0.12298429 -0.12298429 -0.11391288
v 0.13209426 -0.12298429 -0.11707705
v 0.14120424 -0.12298429 -0.11877793
v 0.15031421 -0.12298429 -0.11728883
v 0.15942407 -0.12298429 -0.11402482
v -0.09565443 -0.13209426 -0.12158728
v -0.09565443 -0.13159025 -0.12298429
v -0.09027880 -0.13209426 -0.12298429
v -0.07743454 -0.13209426 -0.12259609
v -0.07743454 -0.13181984 -0.12298429
v -0.08123416 -0.13209426 -0.12298429
v -0.06832457 -0.13209426 -0.12263787
v -0.06832457 -0.13186157 -0.12298429
v -0.06125885 -0.13209426 -0.12298429
v -0.05010468 -0.13209426 -0.12244850
v -0.05010468 -0.12867266 -0.12298429
v -0.05803955 -0.13209426 -0.12298429
v -0.04099476 -0.13209426 -0.12130612
v -0.03188485 -0.13209426 -0.11982083
v -0.02277488 -0.13209426 -0.11580563
v 0.12298429 -0.13209426 -0.11877960
v 0.13209426 -0.13209426 -0.11800390
v 0.14120424 -0.13209426 -0.11622411
v -0.08654451 -0.13556814 -0.12298429
v -0.05921465 -0.14120424 -0.11781788
v -0.05921465 -0.13296223 -0.12298429
v 0.12298429 -0.14120424 -0.11729336
v 0.13209426 -0.14120424 -0.11766946
v -0.06832457 0.09565443 -0.12864548
v -0.05921465 0.09565443 -0.12610126
v -0.23230368 0.08654451 -0.12357241
v -0.22319376 0.08654451 -0.12526625
v -0.21408379 0.08654451 -0.12632746
v -0.20497382 0.08654451 -0.12757403
v -0.19586390 0.08654451 -0.12865776
v -0.18675393 0.08654451 -0.12955165
v -0.17764395 0.08654451 -0.12952024
v -0.16853404 0.08654451 -0.12614459
v -0.15942407 0.08654451 -0.12300450
v -0.15031409 0.08654451 -0.12420994
v -0.14120418 0.08654451 -0.12642086
v -0.13209426 0.08654451 -0.12402314
v -0.12298429 0.08654451 -0.12384999
v -0.11387438 0.08654451 -0.12338966
v -0.10476440 0.08654451 -0.12637460
v -0.09565443 0.08654451 -0.12846309
v -0.07743454 0.08654451 -0.12439352
v -0.06832457 0.08654451 -0.13030005
v -0.05921465 0.08654451 -0.12984657
v -0.05010468 0.08654451 -0.12877119
v -0.04099476 0.08654451 -0.12763047
v -0.03188485 0.08654451 -0.12601596
v -0.02277488 0.08654451 -0.12379843
v 0.45094240 0.08654451 -0.13090694
v -0.25052351 0.07743454 -0.12510610
v -0.24141359 0.07743454 -0.12806159
v -0.23230368 0.07743454 -0.12988049
v -0.22319376 0.07743454 -0.13033104
v -0.21408379 0.07743454 -0.13062441
v -0.20497382 0.07743454 -0.13085210
v -0.19586390 0.07743454 -0.13116229
v -0.18675393 0.07743454 -0.13142395
v -0.17764395 0.07743454 -0.13185680
v -0.16853404 0.07748681 -0.13209426
v -0.16874856 0.07743454 -0.13209426
v -0.15942407 0.07891518 -0.13209426
v -0.15031409 0.07793367 -0.13209426
v -0.14120418 0.07743454 -0.13112211
v -0.14894658 0.07743454 -0.13209426
v -0.13209426 0.07743454 -0.13099682
v -0.12298429 0.07743454 -0.13136578
v -0.11387438 0.07743454 -0.13172638
v -0.10476440 0.07743454 -0.13192689
v -0.09565443 0.07830280 -0.13209426
v -0.09992796 0.07743454 -0.13209426
v -0.08654451 0.07743454 -0.13125908
v -0.09396988 0.07743454 -0.13209426
v -0.07743454 0.07743454 -0.13042247
v -0.06832457 0.07743454 -0.13122177
v -0.05921465 0.07743454 -0.13079071
v -0.05010468 0.07743454 -0.12954563
v -0.04099476 0.07743454 -0.12781870
v -0.03188485 0.07743454 -0.12649751
v -0.02277488 0.07743454 -0.12381810
v 0.34162307 0.07743454 -0.13024199
v 0.44183242 0.08389664 -0.13209426
v 0.43538356 0.07743454 -0.13209426
v 0.45094240 0.08616877 -0.13209426
v 0.46005237 0.07743454 -0.13155818
v 0.45981932 0.07743454 -0.13209426
v -0.25052351 0.06832457 -0.12597334
v -0.24141359 0.06832457 -0.12875533
v -0.23230368 0.06832457 -0.13043213
v -0.22319376 0.06832457 -0.13130510
v -0.21408379 0.06832457 -0.13194001
v -0.20497382 0.07153511 -0.13209426
v -0.21204346 0.06832457 -0.13209426
v -0.19586390 0.07359374 -0.13209426
v -0.18675393 0.07477432 -0.13209426
v -0.17764395 0.07624531 -0.13209426
v -0.14120418 0.07580739 -0.13209426
v -0.13209426 0.07477218 -0.13209426
v -0.12298429 0.07345551 -0.13209426
v -0.11387438 0.07604337 -0.13209426
v -0.10476440 0.07693481 -0.13209426
v -0.08654451 0.07608193 -0.13209426
v -0.07743454 0.07442212 -0.13209426
v -0.06832457 0.07242352 -0.13209426
v -0.05921465 0.06832457 -0.13120425
v -0.06359309 0.06832457 -0.13209426
v -0.05010468 0.06832457 -0.12911731
v -0.04099476 0.06832457 -0.12703484
v -0.03188485 0.06832457 -0.12582463
v -0.02277488 0.06832457 -0.12473267
v -0.01366490 0.06832457 -0.12461305
v -0.00455499 0.06832457 -0.12674487
v 0.00455493 0.06832457 -0.12932366
v 0.01366490 0.06832457 -0.13037419
v 0.33251309 0.06832457 -0.13096869
v 0.34162307 0.07640064 -0.13209426
v 0.33351827 0.06832457 -0.13209426
v 0.35073304 0.06832457 -0.12826830
v 0.34977973 0.06832457 -0.13209426
v 0.35984302 0.06832457 -0.12486696
v 0.43272245 0.06832457 -0.12858927
v 0.43301523 0.06832457 -0.13209426
v 0.46005237 0.07695484 -0.13209426
v 0.46916234 0.06832457 -0.12931609
v 0.46840179 0.06832457 -0.13209426
v -0.24141359 0.05921465 -0.12454492
v -0.23230368 0.05921465 -0.12810081
v -0.22319376 0.05921465 -0.12979007
v -0.21408379 0.05921465 -0.13112199
v -0.20620883 0.05921465 -0.13209426
v -0.05921465 0.05921465 -0.13170695
v -0.06145072 0.05921465 -0.13209426
v -0.05010468 0.05921465 -0.13101244
v -0.04099476 0.05921465 -0.13025248
v -0.03188485 0.05921465 -0.12913972
v -0.02277488 0.05921465 -0.12857723
v -0.01366490 0.05921465 -0.12836426
v -0.00455499 0.05921465 -0.12897015
v 0.00455493 0.05921465 -0.13166523
v 0.01366490 0.05921465 -0.12686706
v 0.03188485 0.05921465 -0.12318152
v 0.04099482 0.05921465 -0.12351334
v 0.33251309 0.05921465 -0.13204944
v 0.33252001 0.05921465 -0.13209426
v 0.35073304 0.05921465 -0.13181436
v 0.35069764 0.05921465 -0.13209426
v 0.35984302 0.05921465 -0.12876189
v 0.36895299 0.05921465 -0.12536997
v 0.41450262 0.05921465 -0.12482083
v 0.43272245 0.06336492 -0.13209426
v 0.42887914 0.05921465 -0.13209426
v 0.46916234 0.06422311 -0.13209426
v 0.47395182 0.05921465 -0.13209426
v -0.26874346 0.05010468 -0.12816387
v -0.25963348 0.05010468 -0.12977397
v -0.25052351 0.05010468 -0.13150752
v -0.24141359 0.05145448 -0.13209426
v -0.24588901 0.05010468 -0.13209426
v -0.23230368 0.05310243 -0.13209426
v -0.22319376 0.05365556 -0.13209426
v -0.21408379 0.05584610 -0.13209426
v -0.05921465 0.05881852 -0.13209426
v -0.05010468 0.05777407 -0.13209426
v -0.04099476 0.05594754 -0.13209426
v -0.03188485 0.05161983 -0.13209426
v -0.02277488 0.05010468 -0.13181913
v -0.02846909 0.05010468 -0.13209426
v -0.01366490 0.05010468 -0.13123238
v -0.00455499 0.05010468 -0.13124275
v 0.00455493 0.05825567 -0.13209426
v -0.00289309 0.05010468 -0.13209426
v 0.01366490 0.05010468 -0.12905836
v 0.01154613 0.05010468 -0.13209426
v 0.02277488 0.05010468 -0.13066411
v 0.03188485 0.05010468 -0.13164628
v 0.04099482 0.05010468 -0.13139391
v 0.05010474 0.05010468 -0.13084590
v 0.05921459 0.05010468 -0.13027668
v 0.06832457 0.05010468 -0.12959766
v 0.07743454 0.05010468 -0.12916875
v 0.08654451 0.05010468 -0.12861633
v 0.09565449 0.05010468 -0.12768584
v 0.10476446 0.05010468 -0.12545854
v 0.33251309 0.05910629 -0.13209426
v 0.32544172 0.05010468 -0.13209426
v 0.35073304 0.05873775 -0.13209426
v 0.35984302 0.05010468 -0.12938696
v 0.35869253 0.05010468 -0.13209426
v 0.36895299 0.05010468 -0.12962872
v 0.39628267 0.05010468 -0.12326998
v 0.41450262 0.05010468 -0.12924504
v 0.42361248 0.05010468 -0.12912154
v 0.42528713 0.05010468 -0.13209426
v 0.47699845 0.05010468 -0.13209426
v 0.48738217 0.05010468 -0.12395936
v -0.27785337 0.04099476 -0.12716305
v -0.26874346 0.04099476 -0.13130152
v -0.25963348 0.04696834 -0.13209426
v -0.26635516 0.04099476 -0.13209426
v -0.25052351 0.04942489 -0.13209426
v -0.02277488 0.04862535 -0.13209426
v -0.01366490 0.04099476 -0.13193095
v -0.01475686 0.04099476 -0.13209426
v -0.00455499 0.04340297 -0.13209426
v -0.00998086 0.04099476 -0.13209426
v 0.01366490 0.04099476 -0.13020456
v 0.01274848 0.04099476 -0.13209426
v 0.02277488 0.04650247 -0.13209426
v 0.01764560 0.04099476 -0.13209426
v 0.03188485 0.04843760 -0.13209426
v 0.04099482 0.04685187 -0.13209426
v 0.05010474 0.04397374 -0.13209426
v 0.05921459 0.04099476 -0.13197017
v 0.05729884 0.04099476 -0.13209426
v 0.06832457 0.04099476 -0.13135731
v 0.07743454 0.04099476 -0.13098311
v 0.08654451 0.04099476 -0.13054550
v 0.09565449 0.04099476 -0.13005042
v 0.10476446 0.04099476 -0.12917203
v 0.11387432 0.04099476 -0.12789059
v 0.12298429 0.04099476 -0.12546861
v 0.32445967 0.04099476 -0.13209426
v 0.35984302 0.04099476 -0.13021922
v 0.35936928 0.04099476 -0.13209426
v 0.36895299 0.04314786 -0.13209426
v 0.36578560 0.04099476 -0.13209426
v 0.37076497 0.04099476 -0.13209426
v 0.38717282 0.04099476 -0.13068140
v 0.39628267 0.04099476 -0.13147676
v 0.41450262 0.04099476 -0.13088739
v 0.42361248 0.04099476 -0.13165176
v 0.42385590 0.04099476 -0.13209426
v 0.47827220 0.04099476 -0.12797326
v 0.47752261 0.04099476 -0.13209426
v 0.48738217 0.04099476 -0.12846816
v 0.49649215 0.04099476 -0.12928694
v -0.27785337 0.03188485 -0.12843633
v -0.26874346 0.03188485 -0.13080549
v -0.25963348 0.03188485 -0.13129079
v -0.25963348 0.03291625 -0.13209426
v -0.25052351 0.03188485 -0.13102818
v -0.25052351 0.03267133 -0.13209426
v -0.24193192 0.03188485 -0.13209426
v -0.04099476 0.03188485 -0.13079607
v -0.04099476 0.03339267 -0.13209426
v -0.04719096 0.03188485 -0.13209426
v -0.03188485 0.03188485 -0.13132286
v -0.03188485 0.03339684 -0.13209426
v -0.02277488 0.03188485 -0.13171446
v -0.02277488 0.03329670 -0.13209426
v -0.01366490 0.04022354 -0.13209426
v -0.02176589 0.03188485 -0.13209426
v 0.01366490 0.03288007 -0.13209426
v 0.05921459 0.04042995 -0.13209426
v 0.06832457 0.03764236 -0.13209426
v 0.07743454 0.03539222 -0.13209426
v 0.08654451 0.03243744 -0.13209426
v 0.09565449 0.03188485 -0.13166857
v 0.08789933 0.03188485 -0.13209426
v 0.10476446 0.03188485 -0.13087916
v 0.11387432 0.03188485 -0.13012218
v 0.12298429 0.03188485 -0.12923944
v 0.13209426 0.03188485 -0.12822121
v 0.14120424 0.03188485 -0.12666774
v 0.15031421 0.03188485 -0.12377673
v 0.33251309 0.03188485 -0.12721157
v 0.33251309 0.03262669 -0.13209426
v 0.33259392 0.03188485 -0.13209426
v 0.35984302 0.03599691 -0.13209426
v 0.37806284 0.03188485 -0.13012242
v 0.37426162 0.03188485 -0.13209426
v 0.40539265 0.03188485 -0.12881023
v 0.41450262 0.03188485 -0.13179290
v 0.42361248 0.03822446 -0.13209426
v 0.41779006 0.03188485 -0.13209426
v 0.47827220 0.03188485 -0.13027334
v 0.47791195 0.03188485 -0.13209426
v 0.48738217 0.03188485 -0.13192141
v 0.49649215 0.03188485 -0.13177824
v -0.28696334 0.02277488 -0.12754190
v -0.27785337 0.02391618 -0.13209426
v -0.27904952 0.02277488 -0.13209426
v -0.26874346 0.03002882 -0.13209426
v -0.25963348 0.03138220 -0.13209426
v -0.25052351 0.03155094 -0.13209426
v -0.04099476 0.03103507 -0.13209426
v -0.03188485 0.03161651 -0.13209426
v -0.02277488 0.03162390 -0.13209426
v 0.09565449 0.02937651 -0.13209426
v 0.10476446 0.02456683 -0.13209426
v 0.11387432 0.02277488 -0.13155639
v 0.10763073 0.02277488 -0.13209426
v 0.12298429 0.02277488 -0.13084257
v 0.13209426 0.02277488 -0.13019896
v 0.14120424 0.02277488 -0.12946409
v 0.15031421 0.02277488 -0.12841648
v 0.15942407 0.02277488 -0.12577039
v 0.33251309 0.02277488 -0.12656558
v 0.33399701 0.02277488 -0.13209426
v 0.35073304 0.02277488 -0.13126910
v 0.35073304 0.02596539 -0.13209426
v 0.35014641 0.02277488 -0.13209426
v 0.35192442 0.02277488 -0.13209426
v 0.37806284 0.02401817 -0.13209426
v 0.38717282 0.02277488 -0.13089788
v 0.37907696 0.02277488 -0.13209426
v 0.39628267 0.02277488 -0.13078690
v 0.40539265 0.02277488 -0.13129997
v 0.41450262 0.02671605 -0.13209426
v 0.41291785 0.02277488 -0.13209426
v 0.43272245 0.02277488 -0.13181984
v 0.43272245 0.02302748 -0.13209426
v 0.43226492 0.02277488 -0.13209426
v 0.43273377 0.02277488 -0.13209426
v 0.47827220 0.02356344 -0.13209426
v 0.48738217 0.02918917 -0.13209426
v 0.49649215 0.02277488 -0.13156104
v 0.49143851 0.02277488 -0.13209426
v -0.30518323 0.01366490 -0.12702078
v -0.29607332 0.01811832 -0.13209426
v -0.30103332 0.01366490 -0.13209426
v -0.28696334 0.02192092 -0.13209426
v 0.11387432 0.01366490 -0.13202584
v 0.11297077 0.01366490 -0.13209426
v 0.12298429 0.01366490 -0.13136351
v 0.13209426 0.01366490 -0.13070917
v 0.14120424 0.01366490 -0.13004577
v 0.15031421 0.01366490 -0.12923253
v 0.15942407 0.01366490 -0.12716925
v 0.16853404 0.01366490 -0.12339312
v 0.33251309 0.01366490 -0.12967050
v 0.34085190 0.01366490 -0.13209426
v 0.35073304 0.02102727 -0.13209426
v 0.37806284 0.01366490 -0.13206792
v 0.37806284 0.01582664 -0.13209426
v 0.37769663 0.01366490 -0.13209426
v 0.38717282 0.01366490 -0.13149762
v 0.39628267 0.01366490 -0.13019705
v 0.40539265 0.01366490 -0.13139951
v 0.41450262 0.01366490 -0.13199699
v 0.41450262 0.01781273 -0.13209426
v 0.41542768 0.01366490 -0.13209426
v 0.43272245 0.01366490 -0.13090205
v 0.43105102 0.01366490 -0.13209426
v 0.43372071 0.01366490 -0.13209426
v 0.48738217 0.01366490 -0.13175607
v 0.48738217 0.01755983 -0.13209426
v 0.48363721 0.01366490 -0.13209426
v 0.49649215 0.01366490 -0.12507033
v -0.31429321 0.00455499 -0.13079584
v -0.30518323 0.01111525 -0.13209426
v -0.31264573 0.00455499 -0.13209426
v 0.10476446 0.00455499 -0.13140249
v 0.10476446 0.00828046 -0.13209426
v 0.09728372 0.00455499 -0.13209426
v 0.11387432 0.00455499 -0.13054991
v 0.12298429 0.00455499 -0.12949139
v 0.13209426 0.00455499 -0.12851971
v 0.14120424 0.00455499 -0.12731737
v 0.15031421 0.00455499 -0.12557751
v 0.34162307 0.00455499 -0.12691629
v 0.34162307 0.01298219 -0.13209426
v 0.35073304 0.00455499 -0.13040030
v 0.35073304 0.00816870 -0.13209426
v 0.35984302 0.00455499 -0.13038278
v 0.35984302 0.00767571 -0.13209426
v 0.36895299 0.00455499 -0.13010347
v 0.36895299 0.00896496 -0.13209426
v 0.37806284 0.00455499 -0.13023663
v 0.38717282 0.00455499 -0.12998658
v 0.39628267 0.00455499 -0.13043666
v 0.40539265 0.00455499 -0.12988216
v 0.41450262 0.00455499 -0.13028407
v 0.42361248 0.00455499 -0.13111281
v 0.42361248 0.00732547 -0.13209426
v 0.43272245 0.00455499 -0.13078511
v 0.43282366 0.00455499 -0.13209426
v 0.47827220 0.00455499 -0.13132608
v 0.47827220 0.00795299 -0.13209426
v 0.47741568 0.00455499 -0.13209426
v 0.48738217 0.00455499 -0.13169324
v -0.34162301 -0.00455493 -0.12542170
v -0.33251309 -0.00455493 -0.12912226
v -0.32340318 -0.00177431 -0.13209426
v -0.32716060 -0.00455493 -0.13209426
v -0.31429321 0.00397539 -0.13209426
v 0.10476446 -0.00455493 -0.13185310
v 0.10263687 -0.00455493 -0.13209426
v 0.11387432 -0.00455493 -0.13083768
v 0.12298429 -0.00455493 -0.12963939
v 0.13209426 -0.00455493 -0.12863708
v 0.14120424 -0.00455493 -0.12709188
v 0.15031421 -0.00455493 -0.12484342
v 0.43272245 -0.00455493 -0.12978208
v 0.43280697 -0.00455493 -0.13209426
v 0.47650290 -0.00455493 -0.13209426
v 0.48738217 -0.00455493 -0.12698537
v -0.49649215 -0.01366490 -0.12301666
v -0.49649215 -0.00663280 -0.13209426
v -0.50354534 -0.01366490 -0.13209426
v -0.48738220 -0.01026553 -0.13209426
v -0.48385629 -0.01366490 -0.13209426
v -0.34162301 -0.01366490 -0.12985003
v -0.33251309 -0.01101339 -0.13209426
v -0.33505017 -0.01366490 -0.13209426
v 0.10476446 -0.00525147 -0.13209426
v 0.11387432 -0.00767636 -0.13209426
v 0.12298429 -0.01020092 -0.13209426
v 0.13209426 -0.01366490 -0.13198638
v 0.13122749 -0.01366490 -0.13209426
v 0.14120424 -0.01366490 -0.13089228
v 0.15031421 -0.01366490 -0.12976247
v 0.15942407 -0.01366490 -0.12830055
v 0.16853404 -0.01366490 -0.12641621
v 0.17764401 -0.01366490 -0.12320787
v 0.43272245 -0.00623381 -0.13209426
v 0.42735970 -0.01366490 -0.13209426
v 0.46916234 -0.01366490 -0.13172519
v 0.46916234 -0.01292354 -0.13209426
v 0.46902573 -0.01366490 -0.13209426
v -0.50524533 -0.02277488 -0.13209426
v -0.47851911 -0.02277488 -0.13209426
v -0.35073298 -0.02277488 -0.12845933
v -0.34162301 -0.02037048 -0.13209426
v -0.34324497 -0.02277488 -0.13209426
v 0.13209426 -0.01493526 -0.13209426
v 0.14120424 -0.02277488 -0.13172650
v 0.13675201 -0.02277488 -0.13209426
v 0.15031421 -0.02277488 -0.13103938
v 0.15942407 -0.02277488 -0.13029540
v 0.16853404 -0.02277488 -0.12951595
v 0.17764401 -0.02277488 -0.12854737
v 0.18675399 -0.02277488 -0.12629282
v 0.43272245 -0.02277488 -0.13028049
v 0.43272245 -0.02028382 -0.13209426
v 0.43297207 -0.02277488 -0.13209426
v 0.46916234 -0.02277488 -0.12873483
v 0.46792328 -0.02277488 -0.13209426
v -0.50541687 -0.03188485 -0.13209426
v -0.47827226 -0.03188485 -0.12837863
v -0.47842288 -0.03188485 -0.13209426
v -0.35073298 -0.03188485 -0.13059568
v -0.34752941 -0.03188485 -0.13209426
v 0.14120424 -0.03188485 -0.13201237
v 0.14007819 -0.03188485 -0.13209426
v 0.15031421 -0.03188485 -0.13137567
v 0.15942407 -0.03188485 -0.13082516
v 0.16853404 -0.03188485 -0.13028038
v 0.17764401 -0.03188485 -0.12955815
v 0.18675399 -0.03188485 -0.12822151
v 0.19586384 -0.03188485 -0.12529415
v 0.43943393 -0.03188485 -0.13209426
v 0.46005237 -0.03188485 -0.13138795
v 0.46005237 -0.03111279 -0.13209426
v 0.45923746 -0.03188485 -0.13209426
v -0.50535345 -0.04099482 -0.13209426
v -0.47827226 -0.04099482 -0.13053465
v -0.47839564 -0.04099482 -0.13209426
v -0.35984290 -0.04099482 -0.12358910
v -0.35073298 -0.04099482 -0.13117957
v -0.34836078 -0.04099482 -0.13209426
v 0.13209426 -0.04099482 -0.13171732
v 0.13209426 -0.03782284 -0.13209426
v 0.12665135 -0.04099482 -0.13209426
v 0.14120424 -0.04099482 -0.13108969
v 0.15031421 -0.04099482 -0.13044643
v 0.15942407 -0.04099482 -0.12992150
v 0.16853404 -0.04099482 -0.12941891
v 0.17764401 -0.04099482 -0.12873554
v 0.18675399 -0.04099482 -0.12686384
v 0.44183242 -0.03428262 -0.13209426
v 0.45094240 -0.03964508 -0.13209426
v -0.50539649 -0.05010474 -0.13209426
v -0.47827226 -0.05010474 -0.13093364
v -0.47842258 -0.05010474 -0.13209426
v -0.35984290 -0.05010474 -0.12530589
v -0.35073298 -0.05010474 -0.13116908
v -0.34646958 -0.05010474 -0.13209426
v 0.09565449 -0.05010474 -0.13196361
v 0.09565449 -0.04972309 -0.13209426
v 0.09418875 -0.05010474 -0.13209426
v 0.10476446 -0.05010474 -0.13140523
v 0.10476446 -0.04776698 -0.13209426
v 0.11387432 -0.05010474 -0.13092506
v 0.11387432 -0.04540265 -0.13209426
v 0.12298429 -0.05010474 -0.13050056
v 0.12298429 -0.04248267 -0.13209426
v 0.13209426 -0.05010474 -0.13007736
v 0.14120424 -0.05010474 -0.12961715
v 0.15031421 -0.05010474 -0.12903070
v 0.15942407 -0.05010474 -0.12847024
v 0.16853404 -0.05010474 -0.12754256
v 0.17764401 -0.05010474 -0.12590677
v -0.50511920 -0.05921459 -0.13209426
v -0.47827226 -0.05921459 -0.12818015
v -0.47886997 -0.05921459 -0.13209426
v -0.35073298 -0.05921459 -0.13046217
v -0.34162301 -0.05921459 -0.13025653
v -0.34162301 -0.05647725 -0.13209426
v -0.33251309 -0.05921459 -0.13099670
v -0.33251309 -0.05713999 -0.13209426
v -0.32798123 -0.05921459 -0.13209426
v 0.05921459 -0.05921459 -0.13185942
v 0.05921459 -0.05879182 -0.13209426
v 0.05652577 -0.05921459 -0.13209426
v 0.06832457 -0.05921459 -0.13095999
v 0.06832457 -0.05693948 -0.13209426
v 0.07743454 -0.05921459 -0.13000190
v 0.07743454 -0.05493838 -0.13209426
v 0.08654451 -0.05921459 -0.12898725
v 0.08654451 -0.05261075 -0.13209426
v 0.09565449 -0.05921459 -0.12816781
v 0.10476446 -0.05921459 -0.12854779
v 0.11387432 -0.05921459 -0.12844980
v 0.12298429 -0.05921459 -0.12815714
v 0.13209426 -0.05921459 -0.12612933
v -0.50363141 -0.06832457 -0.13209426
v -0.48167849 -0.06832457 -0.13209426
v -0.35073298 -0.06832457 -0.12878293
v -0.34162301 -0.06832457 -0.12445670
v -0.33251309 -0.06832457 -0.13007700
v -0.32340318 -0.06832457 -0.13052177
v -0.32340318 -0.06377059 -0.13209426
v -0.31429321 -0.06832457 -0.13183916
v -0.31429321 -0.06528366 -0.13209426
v -0.30748403 -0.06832457 -0.13209426
v -0.15031409 -0.06832457 -0.13051808
v -0.15031409 -0.06809914 -0.13209426
v -0.15130055 -0.06832457 -0.13209426
v -0.14120418 -0.06832457 -0.13194466
v -0.14120418 -0.06811196 -0.13209426
v -0.14073324 -0.06832457 -0.13209426
v 0.02277488 -0.06832457 -0.13136137
v 0.02277488 -0.06720322 -0.13209426
v 0.01621372 -0.06832457 -0.13209426
v 0.03188485 -0.06832457 -0.13038647
v 0.03188485 -0.06529093 -0.13209426
v 0.04099482 -0.06832457 -0.12953091
v 0.04099482 -0.06276739 -0.13209426
v 0.05010474 -0.06832457 -0.12841755
v 0.05010474 -0.06103188 -0.13209426
v 0.05921459 -0.06832457 -0.12702751
v 0.06832457 -0.06832457 -0.12509811
v 0.07743454 -0.06832457 -0.12350023
v -0.49649215 -0.07743454 -0.12876755
v -0.49649215 -0.07590055 -0.13209426
v -0.48738220 -0.07413483 -0.13209426
v -0.33251309 -0.07743454 -0.12660259
v -0.31429321 -0.07743454 -0.12951583
v -0.30518323 -0.07743454 -0.13015091
v -0.30518323 -0.06903613 -0.13209426
v -0.29607332 -0.07743454 -0.13193929
v -0.29607332 -0.07684141 -0.13209426
v -0.29542637 -0.07743454 -0.13209426
v -0.26874346 -0.07743454 -0.13086593
v -0.26874346 -0.07569456 -0.13209426
v -0.27164567 -0.07743454 -0.13209426
v -0.26445663 -0.07743454 -0.13209426
v -0.15942407 -0.07743454 -0.12840372
v -0.15942407 -0.07532513 -0.13209426
v -0.16356170 -0.07743454 -0.13209426
v -0.15031409 -0.07743454 -0.13072336
v -0.14120418 -0.07743454 -0.13158500
v -0.13209426 -0.07743454 -0.13047743
v -0.13209426 -0.07518017 -0.13209426
v -0.12298429 -0.07743454 -0.13149118
v -0.12298429 -0.07515216 -0.13209426
v -0.11387438 -0.07743454 -0.13142872
v -0.11387438 -0.07617038 -0.13209426
v -0.10799366 -0.07743454 -0.13209426
v -0.07743454 -0.07743454 -0.13004375
v -0.07743454 -0.06857961 -0.13209426
v -0.08582217 -0.07743454 -0.13209426
v -0.07593298 -0.07743454 -0.13209426
v -0.03188485 -0.07743454 -0.13176525
v -0.03188485 -0.07681537 -0.13209426
v -0.03395116 -0.07743454 -0.13209426
v -0.02277488 -0.07743454 -0.13046849
v -0.02277488 -0.07482910 -0.13209426
v -0.01366490 -0.07743454 -0.12908429
v -0.01366490 -0.07312042 -0.13209426
v -0.00455499 -0.07743454 -0.12815130
v -0.00455499 -0.07195586 -0.13209426
v 0.00455493 -0.07743454 -0.12707943
v 0.00455493 -0.07067364 -0.13209426
v 0.01366490 -0.07743454 -0.12575871
v 0.01366490 -0.06912315 -0.13209426
v 0.02277488 -0.07743454 -0.12401426
v -0.30518323 -0.08654451 -0.12531114
v -0.29607332 -0.08654451 -0.12824619
v -0.28696334 -0.08654451 -0.12988329
v -0.28696334 -0.08281577 -0.13209426
v -0.27785337 -0.08654451 -0.12997061
v -0.27785337 -0.08182424 -0.13209426
v -0.25963348 -0.08654451 -0.12700665
v -0.25963348 -0.08054334 -0.13209426
v -0.25052351 -0.07824051 -0.13209426
v -0.24141359 -0.08654451 -0.13004839
v -0.24141359 -0.08474761 -0.13209426
v -0.23230368 -0.08654451 -0.13143325
v -0.23230368 -0.08578688 -0.13209426
v -0.22319376 -0.08654451 -0.13168049
v -0.22319376 -0.08604431 -0.13209426
v -0.21408379 -0.08654451 -0.13178396
v -0.21408379 -0.08611763 -0.13209426
v -0.20497382 -0.08654451 -0.13152564
v -0.20497382 -0.08575630 -0.13209426
v -0.19586390 -0.08654451 -0.13124192
v -0.19586390 -0.08526087 -0.13209426
v -0.18675393 -0.08654451 -0.13028181
v -0.18675393 -0.08450252 -0.13209426
v -0.17764395 -0.08654451 -0.12655675
v -0.17764395 -0.08414429 -0.13209426
v -0.16853404 -0.08146274 -0.13209426
v -0.15942407 -0.08654451 -0.12726009
v -0.15031409 -0.08654451 -0.12427384
v -0.14120418 -0.08654451 -0.12401062
v -0.13209426 -0.08654451 -0.12867785
v -0.12298429 -0.08654451 -0.12998205
v -0.11387438 -0.08654451 -0.13002181
v -0.10476440 -0.08654451 -0.13130605
v -0.10476440 -0.08010662 -0.13209426
v -0.10191023 -0.08654451 -0.13209426
v -0.08654451 -0.08654451 -0.13191581
v -0.08654451 -0.08176607 -0.13209426
v -0.08692938 -0.08654451 -0.13209426
v -0.07743454 -0.08654451 -0.13075864
v -0.06832457 -0.08654451 -0.12929618
v -0.06832457 -0.08485502 -0.13209426
v -0.05921465 -0.08654451 -0.12983298
v -0.05921465 -0.08532882 -0.13209426
v -0.05010468 -0.08654451 -0.12818629
v -0.05010468 -0.08380198 -0.13209426
v -0.04099476 -0.08654451 -0.12507689
v -0.04099476 -0.08016747 -0.13209426
v -0.11387438 -0.09565449 -0.12888914
v -0.10476440 -0.09565449 -0.13091445
v -0.10397625 -0.09565449 -0.13209426
v -0.08654451 -0.08667946 -0.13209426
v -0.07743454 -0.09179753 -0.13209426
v -0.06832457 -0.09565449 -0.13015699
v -0.07451540 -0.09565449 -0.13209426
v -0.10476440 -0.10476446 -0.12924683
v -0.10416549 -0.10476446 -0.13209426
v -0.06832457 -0.10159492 -0.13209426
v -0.05921465 -0.10476446 -0.12836623
v -0.06640846 -0.10476446 -0.13209426
v -0.10476440 -0.11387432 -0.12706554
v -0.10376996 -0.11387432 -0.13209426
v -0.05921465 -0.11387432 -0.13065183
v -0.06675851 -0.11387432 -0.13209426
v -0.09565443 -0.12298429 -0.13187969
v -0.09565443 -0.12259233 -0.13209426
v -0.08654451 -0.12298429 -0.13187468
v -0.08654451 -0.12200016 -0.13209426
v -0.07743454 -0.12298429 -0.13152182
v -0.07743454 -0.11583501 -0.13209426
v -0.06832457 -0.12298429 -0.13155019
v -0.06832457 -0.11542803 -0.13209426
v -0.05921465 -0.12298429 -0.13057792
v -0.05010468 -0.12298429 -0.12792271
v -0.08654451 -0.13209426 -0.12645793
v -0.05921465 -0.13209426 -0.12385279
v -0.16853404 0.07743454 -0.13214040
v -0.15942407 0.07743454 -0.13354075
v -0.15031409 0.07743454 -0.13258517
v -0.09565443 0.07743454 -0.13292706
v 0.44183242 0.07743454 -0.13858771
v 0.45094240 0.07743454 -0.14095712
v -0.20497382 0.06832457 -0.13440239
v -0.19586390 0.06832457 -0.13597167
v -0.18675393 0.06832457 -0.13687062
v -0.17764395 0.06832457 -0.13751531
v -0.16853404 0.06832457 -0.13794088
v -0.15942407 0.06832457 -0.13798571
v -0.15031409 0.06832457 -0.13823426
v -0.14120418 0.06832457 -0.13783038
v -0.13209426 0.06832457 -0.13695896
v -0.12298429 0.06832457 -0.13479733
v -0.11387438 0.06832457 -0.13701808
v -0.10476440 0.06832457 -0.13828170
v -0.09565443 0.06832457 -0.13918579
v -0.08654451 0.06832457 -0.13878000
v -0.07743454 0.06832457 -0.13754249
v -0.06832457 0.06832457 -0.13450754
v 0.34162307 0.06832457 -0.14023960
v 0.44183242 0.07013911 -0.14120424
v 0.44005239 0.06832457 -0.14120424
v 0.45094240 0.07687533 -0.14120424
v 0.46005237 0.06832457 -0.14050412
v 0.45928335 0.06832457 -0.14120424
v -0.20497382 0.05921465 -0.13253856
v -0.19586390 0.05921465 -0.13495505
v -0.18675393 0.05921465 -0.13679254
v -0.17764395 0.05921465 -0.13823426
v -0.16853404 0.05921465 -0.13949490
v -0.15942407 0.05921465 -0.14048231
v -0.15031409 0.05969256 -0.14120424
v -0.15152401 0.05921465 -0.14120424
v -0.14120418 0.05921465 -0.14108682
v -0.14642155 0.05921465 -0.14120424
v -0.13209426 0.05921465 -0.14076722
v -0.12298429 0.05921465 -0.14049017
v -0.11387438 0.05921465 -0.14006746
v -0.10476440 0.05921465 -0.13956094
v -0.09565443 0.05921465 -0.13914514
v -0.08654451 0.05921465 -0.13810992
v -0.07743454 0.05921465 -0.13694525
v -0.06832457 0.05921465 -0.13522470
v 0.34162307 0.06715655 -0.14120424
v 0.33376825 0.05921465 -0.14120424
v 0.34947419 0.05921465 -0.14120424
v 0.43272245 0.05921465 -0.13596940
v 0.43307114 0.05921465 -0.14120424
v 0.46005237 0.06707382 -0.14120424
v 0.46916234 0.05921465 -0.13692021
v 0.46771562 0.05921465 -0.14120424
v -0.24141359 0.05010468 -0.13342083
v -0.23230368 0.05010468 -0.13492286
v -0.22319376 0.05010468 -0.13509226
v -0.21408379 0.05010468 -0.13609016
v -0.20497382 0.05010468 -0.13651764
v -0.19586390 0.05010468 -0.13773322
v -0.18675393 0.05010468 -0.13862526
v -0.17764395 0.05010468 -0.13952684
v -0.16853404 0.05010468 -0.14051414
v -0.15942407 0.05081469 -0.14120424
v -0.16045970 0.05010468 -0.14120424
v -0.14120418 0.05818933 -0.14120424
v -0.13209426 0.05636543 -0.14120424
v -0.12298429 0.05540943 -0.14120424
v -0.11387438 0.05377191 -0.14120424
v -0.10476440 0.05340165 -0.14120424
v -0.09565443 0.05435544 -0.14120424
v -0.08654451 0.05414462 -0.14120424
v -0.07743454 0.05437011 -0.14120424
v -0.06832457 0.05435586 -0.14120424
v -0.05921465 0.05010468 -0.14062381
v -0.06126970 0.05010468 -0.14120424
v -0.05010468 0.05010468 -0.13860035
v -0.04099476 0.05010468 -0.13637793
v -0.03188485 0.05010468 -0.13316619
v 0.00455493 0.05010468 -0.13877773
v 0.33251309 0.05010468 -0.13922834
v 0.33277774 0.05010468 -0.14120424
v 0.35073304 0.05010468 -0.13942432
v 0.35047662 0.05010468 -0.14120424
v 0.43272245 0.05010468 -0.14053524
v 0.43275464 0.05010468 -0.14120424
v 0.46916234 0.05010468 -0.14002109
v 0.46892083 0.05010468 -0.14120424
v -0.25963348 0.04099476 -0.13704967
v -0.25052351 0.04099476 -0.13897204
v -0.24141359 0.04099476 -0.14031005
v -0.23230368 0.04283017 -0.14120424
v -0.23619813 0.04099476 -0.14120424
v -0.22319376 0.04250413 -0.14120424
v -0.21408379 0.04107398 -0.14120424
v -0.20497382 0.04099476 -0.14082837
v -0.21328688 0.04099476 -0.14120424
v -0.19586390 0.04201913 -0.14120424
v -0.20080543 0.04099476 -0.14120424
v -0.18675393 0.04374230 -0.14120424
v -0.17764395 0.04537094 -0.14120424
v -0.16853404 0.04818141 -0.14120424
v -0.05921465 0.04834688 -0.14120424
v -0.05010468 0.04204649 -0.14120424
v -0.04099476 0.04099476 -0.13955522
v -0.04871291 0.04099476 -0.14120424
v -0.03188485 0.04099476 -0.13777256
v -0.02277488 0.04099476 -0.13700330
v -0.00455499 0.04099476 -0.13370967
v 0.00455493 0.04099476 -0.14027894
v 0.02277488 0.04099476 -0.13641405
v 0.03188485 0.04099476 -0.13718104
v 0.04099482 0.04099476 -0.13576579
v 0.05010474 0.04099476 -0.13427937
v 0.33251309 0.04099476 -0.14023268
v 0.33274138 0.04099476 -0.14120424
v 0.35073304 0.04099476 -0.14058745
v 0.35057914 0.04099476 -0.14120424
v 0.36895299 0.04099476 -0.13387668
v 0.43272245 0.04843491 -0.14120424
v 0.42748761 0.04099476 -0.14120424
v 0.46916234 0.04099476 -0.14067161
v 0.46908534 0.04099476 -0.14120424
v -0.24141359 0.03188485 -0.13222778
v -0.23230368 0.03188485 -0.13622463
v -0.23230368 0.03885031 -0.14120424
v -0.22319376 0.03188485 -0.13833618
v -0.22319376 0.03889942 -0.14120424
v -0.21408379 0.03188485 -0.14103842
v -0.21408379 0.03976619 -0.14120424
v -0.20497382 0.04029465 -0.14120424
v -0.21364015 0.03188485 -0.14120424
v -0.05921465 0.03188485 -0.13956046
v -0.05921465 0.03434247 -0.14120424
v -0.06134355 0.03188485 -0.14120424
v -0.05010468 0.03188485 -0.13395691
v -0.05010468 0.04009324 -0.14120424
v -0.01366490 0.03188485 -0.13789296
v -0.00455499 0.03188485 -0.13906622
v 0.00455493 0.03289080 -0.14120424
v 0.00362629 0.03188485 -0.14120424
v 0.01366490 0.03188485 -0.13281679
v 0.00529283 0.03188485 -0.14120424
v 0.02277488 0.03188485 -0.13964748
v 0.03188485 0.03188485 -0.13935268
v 0.04099482 0.03188485 -0.13863349
v 0.05010474 0.03188485 -0.13801420
v 0.05921459 0.03188485 -0.13721013
v 0.06832457 0.03188485 -0.13606358
v 0.07743454 0.03188485 -0.13461554
v 0.08654451 0.03188485 -0.13252056
v 0.33390009 0.03188485 -0.14120424
v 0.35073304 0.03188485 -0.13536966
v 0.34938490 0.03188485 -0.14120424
v 0.35984302 0.03188485 -0.13459849
v 0.36895299 0.03188485 -0.13678896
v 0.42361248 0.03188485 -0.13482845
v 0.42972064 0.03188485 -0.14120424
v 0.46916234 0.03275222 -0.14120424
v 0.46976030 0.03188485 -0.14120424
v -0.27785337 0.02277488 -0.13299322
v -0.26874346 0.02277488 -0.13792360
v -0.25963348 0.02277488 -0.14021993
v -0.25052351 0.02594846 -0.14120424
v -0.25613618 0.02277488 -0.14120424
v -0.24141359 0.02899420 -0.14120424
v -0.23230368 0.03051919 -0.14120424
v -0.22319376 0.03123152 -0.14120424
v -0.21408379 0.03183883 -0.14120424
v -0.08654451 0.02277488 -0.14068747
v -0.08654451 0.02357721 -0.14120424
v -0.09325784 0.02277488 -0.14120424
v -0.07743454 0.02277488 -0.14003646
v -0.07743454 0.02451366 -0.14120424
v -0.06832457 0.02277488 -0.13982356
v -0.06832457 0.02517074 -0.14120424
v -0.05921465 0.02277488 -0.14020061
v -0.05010468 0.02277488 -0.14056087
v -0.04099476 0.02277488 -0.14091265
v -0.03188485 0.02551854 -0.14120424
v -0.03867382 0.02277488 -0.14120424
v -0.02277488 0.02277488 -0.14097500
v -0.02558798 0.02277488 -0.14120424
v -0.01366490 0.02277488 -0.14049602
v -0.00455499 0.02277488 -0.14106774
v -0.00049448 0.02277488 -0.14120424
v 0.01366490 0.02277488 -0.13902187
v 0.00593328 0.02277488 -0.14120424
v 0.02277488 0.02277488 -0.14114678
v 0.03188485 0.02277488 -0.14085042
v 0.04099482 0.02277488 -0.14031839
v 0.05010474 0.02277488 -0.13978589
v 0.05921459 0.02277488 -0.13917828
v 0.06832457 0.02277488 -0.13848627
v 0.07743454 0.02277488 -0.13791275
v 0.08654451 0.02277488 -0.13710666
v 0.09565449 0.02277488 -0.13597071
v 0.10476446 0.02277488 -0.13340235
v 0.34162307 0.02277488 -0.13977063
v 0.34162307 0.02391195 -0.14120424
v 0.35984302 0.02277488 -0.13812065
v 0.36895299 0.02277488 -0.13724804
v 0.37806284 0.02277488 -0.13307786
v 0.41450262 0.02277488 -0.13350272
v 0.42361248 0.02277488 -0.13757193
v 0.43272245 0.02796078 -0.14120424
v 0.43285549 0.02277488 -0.14120424
v 0.47827220 0.02277488 -0.13267207
v 0.46919119 0.02277488 -0.14120424
v 0.48738217 0.02277488 -0.13611305
v -0.29607332 0.01366490 -0.13684416
v -0.28696334 0.01667464 -0.14120424
v -0.29032856 0.01366490 -0.14120424
v -0.27785337 0.01956975 -0.14120424
v -0.26874346 0.02102882 -0.14120424
v -0.25963348 0.02207440 -0.14120424
v -0.08654451 0.02218992 -0.14120424
v -0.07743454 0.02190685 -0.14120424
v -0.06832457 0.02197212 -0.14120424
v -0.05921465 0.02227223 -0.14120424
v -0.05010468 0.02239251 -0.14120424
v -0.04099476 0.02249742 -0.14120424
v -0.02277488 0.02201384 -0.14120424
v -0.01366490 0.01814932 -0.14120424
v -0.00455499 0.02251315 -0.14120424
v 0.01366490 0.01469946 -0.14120424
v 0.02277488 0.02216226 -0.14120424
v 0.03188485 0.01816976 -0.14120424
v 0.04099482 0.01366490 -0.14087808
v 0.03697377 0.01366490 -0.14120424
v 0.05010474 0.01366490 -0.14023018
v 0.05921459 0.01366490 -0.13949955
v 0.06832457 0.01366490 -0.13878787
v 0.07743454 0.01366490 -0.13822913
v 0.08654451 0.01366490 -0.13755643
v 0.09565449 0.01366490 -0.13670135
v 0.10476446 0.01366490 -0.13475204
v 0.34162307 0.01366490 -0.13275790
v 0.35073304 0.01366490 -0.13711417
v 0.35984302 0.01366490 -0.13757408
v 0.36895299 0.01366490 -0.13641739
v 0.42361248 0.01366490 -0.13735342
v 0.43468964 0.01366490 -0.14120424
v 0.46916234 0.01366490 -0.14054918
v 0.46916234 0.02271903 -0.14120424
v 0.46754766 0.01366490 -0.14120424
v 0.47827220 0.01366490 -0.13627803
v -0.30518323 0.00455499 -0.13870692
v -0.29607332 0.00868809 -0.14120424
v -0.30048186 0.00455499 -0.14120424
v 0.00455493 0.00455499 -0.14107084
v 0.00455493 0.00537950 -0.14120424
v 0.00400877 0.00455499 -0.14120424
v 0.00611323 0.00455499 -0.14120424
v 0.02277488 0.00455499 -0.14072955
v 0.02277488 0.00725049 -0.14120424
v 0.02008832 0.00455499 -0.14120424
v 0.03188485 0.00455499 -0.14031231
v 0.03188485 0.00988305 -0.14120424
v 0.04099482 0.00455499 -0.13953412
v 0.05010474 0.00455499 -0.13874102
v 0.05921459 0.00455499 -0.13779092
v 0.06832457 0.00455499 -0.13651657
v 0.07743454 0.00455499 -0.13549328
v 0.08654451 0.00455499 -0.13426089
v 0.09565449 0.00455499 -0.13262987
v 0.43314934 0.00455499 -0.14120424
v 0.46916234 0.00455499 -0.14023221
v 0.46842968 0.00455499 -0.14120424
v -0.32340318 -0.00455493 -0.13474119
v -0.31429321 -0.00455493 -0.14041972
v -0.30518323 0.00173604 -0.14120424
v -0.31186569 -0.00455493 -0.14120424
v 0.00455493 -0.00455493 -0.14104009
v 0.00395882 -0.00455493 -0.14120424
v 0.01366490 -0.00455493 -0.14117897
v 0.01366490 -0.00413632 -0.14120424
v 0.02277488 -0.00360161 -0.14120424
v 0.01818579 -0.00455493 -0.14120424
v 0.03188485 -0.00455493 -0.14115369
v 0.02733767 -0.00455493 -0.14120424
v 0.04099482 -0.00455493 -0.14074528
v 0.05010474 -0.00455493 -0.13998234
v 0.05921459 -0.00455493 -0.13892317
v 0.06832457 -0.00455493 -0.13763046
v 0.07743454 -0.00455493 -0.13666999
v 0.08654451 -0.00455493 -0.13568926
v 0.09565449 -0.00455493 -0.13460672
v 0.43297410 -0.00455493 -0.14120424
v 0.46916234 -0.00455493 -0.13950503
v 0.46833062 -0.00455493 -0.14120424
v -0.49649215 -0.00620085 -0.14120424
v -0.50391471 -0.01366490 -0.14120424
v -0.48738220 -0.01366490 -0.13674676
v -0.48843983 -0.01366490 -0.14120424
v -0.33251309 -0.01366490 -0.13386786
v -0.32340318 -0.01366490 -0.13915098
v -0.31429321 -0.00881374 -0.14120424
v -0.31834763 -0.01366490 -0.14120424
v 0.00455493 -0.00486469 -0.14120424
v 0.01366490 -0.00462526 -0.14120424
v 0.03188485 -0.00481534 -0.14120424
v 0.04099482 -0.00753188 -0.14120424
v 0.05010474 -0.01069689 -0.14120424
v 0.05921459 -0.01366490 -0.14115739
v 0.05840671 -0.01366490 -0.14120424
v 0.06832457 -0.01366490 -0.14067626
v 0.07743454 -0.01366490 -0.13996530
v 0.08654451 -0.01366490 -0.13925862
v 0.09565449 -0.01366490 -0.13853705
v 0.10476446 -0.01366490 -0.13750958
v 0.11387432 -0.01366490 -0.13640451
v 0.12298429 -0.01366490 -0.13479769
v 0.43272245 -0.01366490 -0.13768125
v 0.43292499 -0.01366490 -0.14120424
v 0.46785593 -0.01366490 -0.14120424
v -0.50531930 -0.02277488 -0.14120424
v -0.48738220 -0.01449615 -0.14120424
v -0.47963628 -0.02277488 -0.14120424
v -0.34162301 -0.02277488 -0.13374364
v -0.33251309 -0.02277488 -0.13787270
v -0.32340318 -0.02277488 -0.14022768
v -0.31947011 -0.02277488 -0.14120424
v 0.05921459 -0.02277488 -0.14096403
v 0.05389875 -0.02277488 -0.14120424
v 0.06832457 -0.02277488 -0.14060688
v 0.07743454 -0.02277488 -0.14000821
v 0.08654451 -0.02277488 -0.13948631
v 0.09565449 -0.02277488 -0.13899136
v 0.10476446 -0.02277488 -0.13839996
v 0.11387432 -0.02277488 -0.13764691
v 0.12298429 -0.02277488 -0.13644242
v 0.13209426 -0.02277488 -0.13403726
v 0.43414915 -0.02277488 -0.14120424
v 0.46005237 -0.02277488 -0.14016390
v 0.46005237 -0.02171576 -0.14120424
v 0.45975924 -0.02277488 -0.14120424
v -0.50533950 -0.03188485 -0.14120424
v -0.47888112 -0.03188485 -0.14120424
v -0.34162301 -0.03188485 -0.13790238
v -0.33251309 -0.03188485 -0.13941753
v -0.32340318 -0.03188485 -0.14057612
v -0.31849015 -0.03188485 -0.14120424
v 0.05921459 -0.03188485 -0.14102733
v 0.05491471 -0.03188485 -0.14120424
v 0.06832457 -0.03188485 -0.14061928
v 0.07743454 -0.03188485 -0.14005482
v 0.08654451 -0.03188485 -0.13955224
v 0.09565449 -0.03188485 -0.13907015
v 0.10476446 -0.03188485 -0.13862550
v 0.11387432 -0.03188485 -0.13795602
v 0.12298429 -0.03188485 -0.13685906
v 0.13209426 -0.03188485 -0.13498735
v 0.44183242 -0.03188485 -0.13450837
v 0.44183242 -0.03046554 -0.14120424
v 0.45094240 -0.03188485 -0.14013481
v 0.45094240 -0.03159964 -0.14120424
v -0.50492764 -0.04099482 -0.14120424
v -0.47890460 -0.04099482 -0.14120424
v -0.34162301 -0.04099482 -0.13830757
v -0.33251309 -0.04099482 -0.13958037
v -0.32340318 -0.04099482 -0.14040661
v -0.31429321 -0.04099482 -0.14025748
v -0.31429321 -0.03636521 -0.14120424
v -0.30518323 -0.04099482 -0.14066780
v -0.30518323 -0.03871238 -0.14120424
v -0.29658115 -0.04099482 -0.14120424
v 0.04099482 -0.04099482 -0.14086103
v 0.04099482 -0.03768420 -0.14120424
v 0.03593779 -0.04099482 -0.14120424
v 0.05010474 -0.04099482 -0.14043796
v 0.05010474 -0.03408331 -0.14120424
v 0.05921459 -0.04099482 -0.13996041
v 0.06832457 -0.04099482 -0.13938153
v 0.07743454 -0.04099482 -0.13879883
v 0.08654451 -0.04099482 -0.13818157
v 0.09565449 -0.04099482 -0.13742554
v 0.10476446 -0.04099482 -0.13670456
v 0.11387432 -0.04099482 -0.13553309
v 0.12298429 -0.04099482 -0.13340294
v -0.50473583 -0.05010474 -0.14120424
v -0.47960410 -0.05010474 -0.14120424
v -0.34162301 -0.05010474 -0.13650823
v -0.33251309 -0.05010474 -0.13742685
v -0.32340318 -0.05010474 -0.13809931
v -0.31429321 -0.05010474 -0.13846695
v -0.30518323 -0.05010474 -0.13965356
v -0.29607332 -0.05010474 -0.14085019
v -0.29607332 -0.04171360 -0.14120424
v -0.29475796 -0.05010474 -0.14120424
v -0.11387438 -0.05010474 -0.13986993
v -0.11387438 -0.04834104 -0.14120424
v -0.12247670 -0.05010474 -0.14120424
v -0.10581744 -0.05010474 -0.14120424
v -0.08654451 -0.05010474 -0.14111829
v -0.08654451 -0.04950559 -0.14120424
v -0.08668554 -0.05010474 -0.14120424
v -0.08644205 -0.05010474 -0.14120424
v 0.01366490 -0.05010474 -0.14111054
v 0.01366490 -0.04977524 -0.14120424
v 0.01119739 -0.05010474 -0.14120424
v 0.02277488 -0.05010474 -0.14048612
v 0.02277488 -0.04639572 -0.14120424
v 0.03188485 -0.05010474 -0.13990271
v 0.03188485 -0.04278105 -0.14120424
v 0.04099482 -0.05010474 -0.13917637
v 0.05010474 -0.05010474 -0.13875747
v 0.05921459 -0.05010474 -0.13804102
v 0.06832457 -0.05010474 -0.13706827
v 0.07743454 -0.05010474 -0.13591504
v 0.08654451 -0.05010474 -0.13428068
v -0.50014001 -0.05921459 -0.14120424
v -0.48548806 -0.05921459 -0.14120424
v -0.32340318 -0.05921459 -0.13467896
v -0.31429321 -0.05921459 -0.13492179
v -0.30518323 -0.05921459 -0.13818550
v -0.29607332 -0.05921459 -0.14037192
v -0.29325765 -0.05921459 -0.14120424
v -0.13209426 -0.05921459 -0.13668668
v -0.13209426 -0.05788815 -0.14120424
v -0.13710463 -0.05921459 -0.14120424
v -0.12298429 -0.05921459 -0.14084601
v -0.12298429 -0.05119324 -0.14120424
v -0.11387438 -0.05854452 -0.14120424
v -0.11528093 -0.05921459 -0.14120424
v -0.09565443 -0.05921459 -0.14093018
v -0.09565443 -0.05838627 -0.14120424
v -0.10206908 -0.05921459 -0.14120424
v -0.08654451 -0.05921459 -0.13893712
v -0.07743454 -0.05921459 -0.14071488
v -0.07743454 -0.05869585 -0.14120424
v -0.07715183 -0.05921459 -0.14120424
v -0.02277488 -0.05921459 -0.14093387
v -0.02277488 -0.05846936 -0.14120424
v -0.02602619 -0.05921459 -0.14120424
v -0.01366490 -0.05921459 -0.13986242
v -0.01366490 -0.05534708 -0.14120424
v -0.00455499 -0.05921459 -0.13941848
v -0.00455499 -0.05373883 -0.14120424
v 0.00455493 -0.05921459 -0.13903618
v 0.00455493 -0.05193621 -0.14120424
v 0.01366490 -0.05921459 -0.13868773
v 0.02277488 -0.05921459 -0.13793075
v 0.03188485 -0.05921459 -0.13679361
v 0.04099482 -0.05921459 -0.13499033
v 0.05010474 -0.05921459 -0.13368464
v -0.49649215 -0.06832457 -0.13934875
v -0.49649215 -0.06301898 -0.14120424
v -0.48738220 -0.06832457 -0.13802576
v -0.48738220 -0.06128162 -0.14120424
v -0.30518323 -0.06832457 -0.13272631
v -0.29607332 -0.06832457 -0.13775730
v -0.28696334 -0.06832457 -0.14091110
v -0.28696334 -0.06626290 -0.14120424
v -0.27785337 -0.06832457 -0.13992679
v -0.27785337 -0.06469601 -0.14120424
v -0.26874346 -0.06832457 -0.13838124
v -0.26874346 -0.05958241 -0.14120424
v -0.25963348 -0.06832457 -0.14000738
v -0.25963348 -0.06684184 -0.14120424
v -0.25052351 -0.06832457 -0.14100492
v -0.25052351 -0.06676018 -0.14120424
v -0.24986190 -0.06832457 -0.14120424
v -0.15942407 -0.06832457 -0.14035583
v -0.15942407 -0.06787384 -0.14120424
v -0.16227037 -0.06832457 -0.14120424
v -0.15031409 -0.06637478 -0.14120424
v -0.14120418 -0.06299454 -0.14120424
v -0.13209426 -0.06832457 -0.13777530
v -0.12298429 -0.06832457 -0.13743055
v -0.11387438 -0.06832457 -0.13830101
v -0.11387438 -0.05977124 -0.14120424
v -0.10476440 -0.06832457 -0.13835239
v -0.10476440 -0.06010413 -0.14120424
v -0.09565443 -0.06832457 -0.13675368
v -0.08654451 -0.06832457 -0.13374615
v -0.07743454 -0.06832457 -0.13219440
v -0.07096040 -0.06832457 -0.14120424
v -0.04099476 -0.06832457 -0.13992190
v -0.04099476 -0.06500018 -0.14120424
v -0.04873723 -0.06832457 -0.14120424
v -0.03188485 -0.06832457 -0.13844395
v -0.03188485 -0.06120348 -0.14120424
v -0.02277488 -0.06832457 -0.13739491
v -0.01366490 -0.06832457 -0.13634300
v -0.00455499 -0.06832457 -0.13544846
v 0.00455493 -0.06832457 -0.13433719
v 0.01366490 -0.06832457 -0.13287401
v -0.28696334 -0.07743454 -0.13736582
v -0.27785337 -0.07743454 -0.13606024
v -0.25963348 -0.07743454 -0.13477409
v -0.25052351 -0.07743454 -0.13285911
v -0.24141359 -0.07743454 -0.13917243
v -0.24141359 -0.07401747 -0.14120424
v -0.23230368 -0.07743454 -0.13943064
v -0.23230368 -0.07431042 -0.14120424
v -0.22319376 -0.07743454 -0.13969696
v -0.22319376 -0.07414097 -0.14120424
v -0.21408379 -0.07743454 -0.13975346
v -0.21408379 -0.07371813 -0.14120424
v -0.20497382 -0.07743454 -0.13936341
v -0.20497382 -0.07223046 -0.14120424
v -0.19586390 -0.07743454 -0.13911641
v -0.19586390 -0.07113063 -0.14120424
v -0.18675393 -0.07743454 -0.13868606
v -0.18675393 -0.06966496 -0.14120424
v -0.17764395 -0.07743454 -0.13874543
v -0.17764395 -0.06984472 -0.14120424
v -0.16853404 -0.07743454 -0.13629925
v -0.16853404 -0.07149971 -0.14120424
v -0.10476440 -0.07743454 -0.13325834
v -0.09565443 -0.07743454 -0.13316500
v -0.08654451 -0.07743454 -0.13237631
v -0.06832457 -0.07743454 -0.13867593
v -0.06832457 -0.07152575 -0.14120424
v -0.05921465 -0.07743454 -0.13928986
v -0.05921465 -0.07233286 -0.14120424
v -0.05010468 -0.07743454 -0.13801003
v -0.05010468 -0.06898075 -0.14120424
v -0.04099476 -0.07743454 -0.13473630
v -0.09565443 -0.08654451 -0.13608086
v -0.09565443 -0.09565449 -0.14005315
v -0.08654451 -0.09565449 -0.13840449
v -0.07743454 -0.09565449 -0.13367176
v -0.09565443 -0.10476446 -0.14060020
v -0.08654451 -0.10476446 -0.14025772
v -0.07743454 -0.10476446 -0.13526094
v -0.06832457 -0.10476446 -0.13384032
v -0.09565443 -0.11387432 -0.14020956
v -0.08654451 -0.11387432 -0.13991404
v -0.07743454 -0.11387432 -0.13398087
v -0.06832457 -0.11387432 -0.13350153
v 0.44183242 0.06832457 -0.14299023
v 0.45094240 0.06832457 -0.14957869
v -0.15031409 0.05921465 -0.14161146
v 0.34162307 0.05921465 -0.14910221
v 0.44183242 0.05921465 -0.15016198
v 0.45094240 0.06764948 -0.15031421
v 0.44220412 0.05921465 -0.15031421
v 0.46005237 0.05921465 -0.14887798
v 0.45923316 0.05921465 -0.15031421
v -0.15942407 0.05010468 -0.14146173
v -0.15031409 0.05010468 -0.14459586
v -0.14120418 0.05010468 -0.14446747
v -0.13209426 0.05010468 -0.14435148
v -0.12298429 0.05010468 -0.14435959
v -0.11387438 0.05010468 -0.14357638
v -0.10476440 0.05010468 -0.14365196
v -0.09565443 0.05010468 -0.14479673
v -0.08654451 0.05010468 -0.14489317
v -0.07743454 0.05010468 -0.14526451
v -0.06832457 0.05010468 -0.14533806
v 0.34162307 0.05010468 -0.15008450
v 0.44183242 0.05876279 -0.15031421
v 0.43372238 0.05010468 -0.15031421
v 0.46005237 0.05010468 -0.15027249
v 0.46002984 0.05010468 -0.15031421
v -0.23230368 0.04099476 -0.14280164
v -0.22319376 0.04099476 -0.14248216
v -0.21408379 0.04099476 -0.14126384
v -0.19586390 0.04099476 -0.14193022
v -0.18675393 0.04099476 -0.14317811
v -0.17764395 0.04099476 -0.14418983
v -0.16853404 0.04099476 -0.14602768
v -0.15942407 0.04099476 -0.14720011
v -0.15031409 0.04099476 -0.14893353
v -0.14120418 0.04099476 -0.14955091
v -0.13209426 0.04099476 -0.14980292
v -0.12298429 0.04099476 -0.14985561
v -0.11387438 0.04099476 -0.14976144
v -0.10476440 0.04099476 -0.14956069
v -0.09565443 0.04099476 -0.14917827
v -0.08654451 0.04099476 -0.14916360
v -0.07743454 0.04099476 -0.14914680
v -0.06832457 0.04099476 -0.14891756
v -0.05921465 0.04099476 -0.14604151
v -0.05010468 0.04099476 -0.14193749
v 0.34162307 0.04099476 -0.15013206
v 0.43272245 0.04099476 -0.14652205
v 0.43286347 0.04099476 -0.15031421
v 0.46005237 0.04953015 -0.15031421
v 0.46642256 0.04099476 -0.15031421
v -0.20497382 0.03188485 -0.14562106
v -0.19586390 0.03188485 -0.14697134
v -0.18675393 0.03188485 -0.14792299
v -0.17764395 0.03188485 -0.14877021
v -0.16853404 0.03188485 -0.14826620
v -0.15942407 0.03188485 -0.14804053
v -0.15031409 0.03188485 -0.14907694
v -0.14120418 0.03188485 -0.14916444
v -0.13209426 0.03188485 -0.14924943
v -0.12298429 0.03188485 -0.14949977
v -0.11387438 0.03188485 -0.14938891
v -0.10476440 0.03188485 -0.14915848
v -0.09565443 0.03188485 -0.14892185
v -0.08654451 0.03188485 -0.14844954
v -0.07743454 0.03188485 -0.14779425
v -0.06832457 0.03188485 -0.14676809
v 0.00455493 0.03188485 -0.14194286
v 0.34162307 0.03188485 -0.14899719
v 0.43272245 0.03188485 -0.14448214
v 0.43291306 0.03188485 -0.15031421
v 0.46916234 0.03188485 -0.14180529
v 0.46700239 0.03188485 -0.15031421
v -0.25052351 0.02277488 -0.14424026
v -0.24141359 0.02277488 -0.14761543
v -0.23230368 0.02277488 -0.14958453
v -0.22319376 0.02399909 -0.15031421
v -0.22610337 0.02277488 -0.15031421
v -0.21408379 0.02539319 -0.15031421
v -0.20497382 0.02650052 -0.15031421
v -0.19586390 0.02681726 -0.15031421
v -0.18675393 0.02702999 -0.15031421
v -0.17764395 0.02733165 -0.15031421
v -0.16853404 0.02620751 -0.15031421
v -0.15942407 0.02277488 -0.15007412
v -0.16184211 0.02277488 -0.15031421
v -0.15031409 0.02277488 -0.14899302
v -0.14120418 0.02277488 -0.14796615
v -0.13209426 0.02277488 -0.14771938
v -0.12298429 0.02277488 -0.14814210
v -0.11387438 0.02277488 -0.14761233
v -0.10476440 0.02277488 -0.14596438
v -0.09565443 0.02277488 -0.14189410
v -0.03188485 0.02277488 -0.14379847
v 0.00455493 0.02277488 -0.14241660
v 0.43323302 0.02277488 -0.15031421
v 0.46916234 0.02277488 -0.14123309
v 0.46366692 0.02277488 -0.15031421
v -0.28696334 0.01366490 -0.14425921
v -0.27785337 0.01366490 -0.14721870
v -0.26874346 0.01366490 -0.14854848
v -0.25963348 0.01366490 -0.14892519
v -0.25052351 0.01389807 -0.15031421
v -0.25086594 0.01366490 -0.15031421
v -0.24141359 0.01907623 -0.15031421
v -0.23230368 0.02154458 -0.15031421
v -0.17764395 0.01366490 -0.14952290
v -0.17764395 0.01714021 -0.15031421
v -0.18258059 0.01366490 -0.15031421
v -0.16853404 0.01366490 -0.14895177
v -0.16853404 0.01876700 -0.15031421
v -0.15942407 0.01366490 -0.14964175
v -0.15031409 0.01366490 -0.14970541
v -0.14120418 0.01366490 -0.14806902
v -0.13209426 0.01366490 -0.14602733
v -0.12298429 0.01366490 -0.14450383
v -0.11387438 0.01366490 -0.14692187
v -0.10476440 0.01366490 -0.14855242
v -0.09565443 0.01366490 -0.14866972
v -0.08654451 0.01366490 -0.14911354
v -0.07743454 0.01366490 -0.14932847
v -0.06832457 0.01366490 -0.14945650
v -0.05921465 0.01366490 -0.14974654
v -0.05010468 0.01366490 -0.14974952
v -0.04099476 0.01366490 -0.14929664
v -0.03188485 0.01366490 -0.14865065
v -0.02277488 0.01366490 -0.14740753
v -0.01366490 0.01366490 -0.14430439
v -0.00455499 0.01366490 -0.14860189
v 0.00455493 0.01366490 -0.14697695
v 0.01366490 0.01366490 -0.14209700
v 0.02277488 0.01366490 -0.14527678
v 0.03188485 0.01366490 -0.14329386
v 0.43783104 0.01366490 -0.15031421
v 0.45094240 0.01366490 -0.14532411
v 0.45094240 0.01369858 -0.15031421
v 0.45030189 0.01366490 -0.15031421
v 0.46005237 0.01366490 -0.14820862
v 0.46005237 0.01842648 -0.15031421
v -0.29607332 0.00455499 -0.14498019
v -0.28696334 0.00455499 -0.14929807
v -0.27785337 0.00455499 -0.15017259
v -0.26874346 0.00747478 -0.15031421
v -0.27554667 0.00455499 -0.15031421
v -0.25963348 0.00989825 -0.15031421
v -0.20497382 0.00455499 -0.14965534
v -0.20497382 0.00592804 -0.15031421
v -0.20717233 0.00455499 -0.15031421
v -0.19586390 0.00455499 -0.14909983
v -0.19586390 0.00741321 -0.15031421
v -0.18675393 0.00455499 -0.14961648
v -0.18675393 0.00886375 -0.15031421
v -0.17764395 0.00850362 -0.15031421
v -0.18221796 0.00455499 -0.15031421
v -0.16853404 0.00781810 -0.15031421
v -0.15942407 0.00903779 -0.15031421
v -0.15031409 0.00935996 -0.15031421
v -0.14120418 0.00799125 -0.15031421
v -0.13209426 0.01048189 -0.15031421
v -0.12298429 0.01108164 -0.15031421
v -0.11387438 0.01129210 -0.15031421
v -0.10476440 0.01144683 -0.15031421
v -0.09565443 0.01032382 -0.15031421
v -0.08654451 0.01031041 -0.15031421
v -0.07743454 0.01076144 -0.15031421
v -0.06832457 0.01081896 -0.15031421
v -0.05921465 0.01054525 -0.15031421
v -0.05010468 0.00809151 -0.15031421
v -0.04099476 0.00455499 -0.15004039
v -0.04492307 0.00455499 -0.15031421
v -0.03188485 0.00455499 -0.14952004
v -0.02277488 0.00455499 -0.14867973
v -0.01366490 0.00455499 -0.14784300
v -0.00455499 0.00455499 -0.14786398
v 0.01366490 0.00455499 -0.14529216
v 0.43410170 0.00455499 -0.15031421
v 0.45094240 0.01359439 -0.15031421
v 0.46005237 0.00455499 -0.14986706
v 0.45965755 0.00455499 -0.15031421
v -0.30518323 -0.00455493 -0.14691591
v -0.29607332 -0.00455493 -0.14917779
v -0.28696334 -0.00455493 -0.15020335
v -0.27785337 0.00259995 -0.15031421
v -0.28488499 -0.00455493 -0.15031421
v -0.22319376 -0.00455493 -0.14991140
v -0.22319376 -0.00410378 -0.15031421
v -0.22427291 -0.00455493 -0.15031421
v -0.21408379 -0.00455493 -0.14952099
v -0.21408379 -0.00244385 -0.15031421
v -0.20497382 0.00050640 -0.15031421
v -0.21015441 -0.00455493 -0.15031421
v -0.19586390 -0.00071788 -0.15031421
v -0.18675393 -0.00455493 -0.14979351
v -0.19039685 -0.00455493 -0.15031421
v -0.17884713 -0.00455493 -0.15031421
v -0.08654451 -0.00455493 -0.15018511
v -0.08654451 -0.00344241 -0.15031421
v -0.08830589 -0.00455493 -0.15031421
v -0.08625686 -0.00455493 -0.15031421
v -0.04099476 0.00055230 -0.15031421
v -0.03188485 -0.00455493 -0.15000546
v -0.03644383 -0.00455493 -0.15031421
v -0.02277488 -0.00455493 -0.14940643
v -0.01366490 -0.00455493 -0.14872324
v -0.00455499 -0.00455493 -0.14820099
v 0.02277488 -0.00455493 -0.14155257
v 0.43372428 -0.00455493 -0.15031421
v 0.46005237 -0.00455493 -0.14969456
v 0.45980453 -0.00455493 -0.15031421
v -0.49649215 -0.01366490 -0.14964449
v -0.31429321 -0.01366490 -0.14490414
v -0.30518323 -0.01366490 -0.14876020
v -0.29607332 -0.01366490 -0.14985287
v -0.28696334 -0.00704443 -0.15031421
v -0.29038787 -0.01366490 -0.15031421
v -0.22319376 -0.00571495 -0.15031421
v -0.21408379 -0.00585753 -0.15031421
v -0.18675393 -0.00563973 -0.15031421
v -0.09565443 -0.01366490 -0.15022945
v -0.09565443 -0.01188803 -0.15031421
v -0.09586090 -0.01366490 -0.15031421
v -0.08654451 -0.01366490 -0.14953470
v -0.08595657 -0.01366490 -0.15031421
v -0.04099476 -0.01366490 -0.15027845
v -0.04099476 -0.01307654 -0.15031421
v -0.04124993 -0.01366490 -0.15031421
v -0.03188485 -0.01366490 -0.14943755
v -0.02277488 -0.01366490 -0.14865386
v -0.01366490 -0.01366490 -0.15024328
v -0.00455499 -0.01366490 -0.14972079
v 0.00455493 -0.01366490 -0.14908659
v 0.01366490 -0.01366490 -0.14880693
v 0.02277488 -0.01366490 -0.14823699
v 0.03188485 -0.01366490 -0.14643550
v 0.04099482 -0.01366490 -0.14396155
v 0.05010474 -0.01366490 -0.14279771
v 0.43486273 -0.01366490 -0.15031421
v 0.46005237 -0.01366490 -0.14906514
v 0.45982420 -0.01366490 -0.15031421
v -0.49649215 -0.01554936 -0.15031421
v -0.50173032 -0.02277488 -0.15031421
v -0.48738220 -0.02277488 -0.14954770
v -0.48996198 -0.02277488 -0.15031421
v -0.31429321 -0.02277488 -0.14517319
v -0.30518323 -0.02277488 -0.14857411
v -0.29607332 -0.02277488 -0.14928985
v -0.28696334 -0.02277488 -0.14943683
v -0.28696334 -0.01680672 -0.15031421
v -0.27785337 -0.02277488 -0.14957607
v -0.27785337 -0.01894313 -0.15031421
v -0.27242213 -0.02277488 -0.15031421
v -0.09565443 -0.02277488 -0.14905202
v -0.09896928 -0.02277488 -0.15031421
v -0.08654451 -0.02277488 -0.14746630
v -0.08533973 -0.02277488 -0.15031421
v -0.04099476 -0.01403928 -0.15031421
v -0.03188485 -0.02277488 -0.15025127
v -0.03292829 -0.02277488 -0.15031421
v -0.02277488 -0.02277488 -0.14956641
v -0.01366490 -0.02277488 -0.14866507
v -0.00455499 -0.02277488 -0.14686048
v 0.00455493 -0.02277488 -0.14849222
v 0.01366490 -0.02277488 -0.14883697
v 0.02277488 -0.02277488 -0.14754093
v 0.03188485 -0.02277488 -0.14598680
v 0.04099482 -0.02277488 -0.14376402
v 0.05010474 -0.02277488 -0.14204812
v 0.44183242 -0.02277488 -0.14892614
v 0.44183242 -0.02068847 -0.15031421
v 0.45094240 -0.02277488 -0.15027201
v 0.45094240 -0.02274787 -0.15031421
v -0.50111938 -0.03188485 -0.15031421
v -0.48738220 -0.03007567 -0.15031421
v -0.48630899 -0.03188485 -0.15031421
v -0.31429321 -0.03188485 -0.14398694
v -0.30518323 -0.03188485 -0.14545691
v -0.29607332 -0.03188485 -0.14522028
v -0.28696334 -0.03188485 -0.14643800
v -0.27785337 -0.03188485 -0.14818132
v -0.26874346 -0.03188485 -0.15013158
v -0.26874346 -0.02978975 -0.15031421
v -0.25963348 -0.03188485 -0.14970851
v -0.25963348 -0.03047371 -0.15031421
v -0.25436240 -0.03188485 -0.15031421
v -0.23230368 -0.03188485 -0.15029800
v -0.23230368 -0.03186834 -0.15031421
v -0.23235077 -0.03188485 -0.15031421
v -0.23190397 -0.03188485 -0.15031421
v -0.10476440 -0.03188485 -0.14855790
v -0.10476440 -0.02854174 -0.15031421
v -0.10793871 -0.03188485 -0.15031421
v -0.09565443 -0.03188485 -0.14886153
v -0.08654451 -0.03188485 -0.14613307
v -0.08467352 -0.03188485 -0.15031421
v -0.03188485 -0.03188485 -0.14997208
v -0.03802294 -0.03188485 -0.15031421
v -0.02277488 -0.03188485 -0.14928973
v -0.01366490 -0.03188485 -0.14893579
v -0.00455499 -0.03188485 -0.14813602
v 0.00455493 -0.03188485 -0.14836192
v 0.01366490 -0.03188485 -0.14857435
v 0.02277488 -0.03188485 -0.14729846
v 0.03188485 -0.03188485 -0.14586484
v 0.04099482 -0.03188485 -0.14375448
v 0.05010474 -0.03188485 -0.14229739
v -0.49649215 -0.04099482 -0.14999092
v -0.49649215 -0.03826517 -0.15031421
v -0.49199620 -0.04099482 -0.15031421
v -0.48462313 -0.04099482 -0.15031421
v -0.29607332 -0.04099482 -0.14135933
v -0.28696334 -0.04099482 -0.14573205
v -0.27785337 -0.04099482 -0.14850402
v -0.26874346 -0.04099482 -0.14817238
v -0.25963348 -0.04099482 -0.14979649
v -0.25810474 -0.04099482 -0.15031421
v -0.24141359 -0.04099482 -0.14943314
v -0.24141359 -0.03928655 -0.15031421
v -0.24397355 -0.04099482 -0.15031421
v -0.23230368 -0.03230000 -0.15031421
v -0.23522037 -0.04099482 -0.15031421
v -0.11387438 -0.04099482 -0.14812195
v -0.11387438 -0.03766292 -0.15031421
v -0.11989933 -0.04099482 -0.15031421
v -0.10476440 -0.04099482 -0.14129806
v -0.09565443 -0.04099482 -0.14945340
v -0.08654451 -0.04099482 -0.14453042
v -0.08332884 -0.04099482 -0.15031421
v -0.04099476 -0.04099482 -0.14959157
v -0.04099476 -0.03405374 -0.15031421
v -0.04525310 -0.04099482 -0.15031421
v -0.03188485 -0.04099482 -0.14891744
v -0.02277488 -0.04099482 -0.14793897
v -0.01366490 -0.04099482 -0.14751565
v -0.00455499 -0.04099482 -0.14678478
v 0.00455493 -0.04099482 -0.14697289
v 0.01366490 -0.04099482 -0.14732897
v 0.02277488 -0.04099482 -0.14502168
v 0.03188485 -0.04099482 -0.14258027
v -0.49649215 -0.05010474 -0.14960194
v -0.48738220 -0.05010474 -0.14955056
v -0.48738220 -0.04501003 -0.15031421
v -0.28696334 -0.05010474 -0.14628398
v -0.27785337 -0.05010474 -0.14788020
v -0.26874346 -0.05010474 -0.14572406
v -0.25963348 -0.05010474 -0.14955747
v -0.25052351 -0.05010474 -0.14815497
v -0.25052351 -0.04698533 -0.15031421
v -0.24141359 -0.05010474 -0.14878654
v -0.23788321 -0.05010474 -0.15031421
v -0.13209426 -0.05010474 -0.14941061
v -0.13209426 -0.04821199 -0.15031421
v -0.13846540 -0.05010474 -0.15031421
v -0.12298429 -0.05010474 -0.14154267
v -0.12298429 -0.04378766 -0.15031421
v -0.10476440 -0.05010474 -0.14189935
v -0.09565443 -0.05010474 -0.14754462
v -0.07743454 -0.05010474 -0.14892697
v -0.07743454 -0.04774958 -0.15031421
v -0.07525790 -0.05010474 -0.15031421
v -0.05010468 -0.05010474 -0.14948249
v -0.05010468 -0.04531085 -0.15031421
v -0.05569029 -0.05010474 -0.15031421
v -0.04099476 -0.05010474 -0.14790547
v -0.03188485 -0.05010474 -0.14700091
v -0.02277488 -0.05010474 -0.14622152
v -0.01366490 -0.05010474 -0.14507997
v -0.00455499 -0.05010474 -0.14410627
v 0.00455493 -0.05010474 -0.14276195
v -0.49649215 -0.05921459 -0.14493227
v -0.48738220 -0.05921459 -0.14326191
v -0.28696334 -0.05921459 -0.14571190
v -0.27785337 -0.05921459 -0.14513743
v -0.26874346 -0.05921459 -0.14144683
v -0.25963348 -0.05921459 -0.14724493
v -0.25052351 -0.05921459 -0.14442933
v -0.24141359 -0.05921459 -0.14906442
v -0.23230368 -0.05921459 -0.14977705
v -0.23230368 -0.05600858 -0.15031421
v -0.22319376 -0.05921459 -0.14996636
v -0.22319376 -0.05832964 -0.15031421
v -0.21408379 -0.05921459 -0.15018344
v -0.21408379 -0.05898345 -0.15031421
v -0.20497382 -0.05921459 -0.15013862
v -0.20497382 -0.05889839 -0.15031421
v -0.19586390 -0.05921459 -0.14986765
v -0.19586390 -0.05847234 -0.15031421
v -0.18675393 -0.05921459 -0.14926291
v -0.18675393 -0.05763745 -0.15031421
v -0.17764395 -0.05921459 -0.14881861
v -0.17764395 -0.05652368 -0.15031421
v -0.16853404 -0.05921459 -0.14897621
v -0.16853404 -0.05619133 -0.15031421
v -0.15942407 -0.05921459 -0.14886761
v -0.15942407 -0.05548692 -0.15031421
v -0.15031409 -0.05921459 -0.14836872
v -0.15031409 -0.05493671 -0.15031421
v -0.14120418 -0.05921459 -0.14504528
v -0.14120418 -0.05191165 -0.15031421
v -0.11387438 -0.05921459 -0.14164102
v -0.10476440 -0.05921459 -0.14197910
v -0.06832457 -0.05921459 -0.14969432
v -0.06832457 -0.05744779 -0.15031421
v -0.05921465 -0.05921459 -0.14861739
v -0.05921465 -0.05242980 -0.15031421
v -0.05010468 -0.05921459 -0.14712667
v -0.04099476 -0.05921459 -0.14490211
v -0.03188485 -0.05921459 -0.14268780
v -0.24141359 -0.06832457 -0.14651048
v -0.23230368 -0.06832457 -0.14687502
v -0.22319376 -0.06832457 -0.14654911
v -0.21408379 -0.06832457 -0.14585221
v -0.20497382 -0.06832457 -0.14469957
v -0.19586390 -0.06832457 -0.14367473
v -0.18675393 -0.06832457 -0.14238524
v -0.17764395 -0.06832457 -0.14255667
v -0.16853404 -0.06832457 -0.14422047
v -0.06832457 -0.06832457 -0.14369357
v -0.05921465 -0.06832457 -0.14456499
v -0.05010468 -0.06832457 -0.14178288
v 0.45094240 0.05921465 -0.15859914
v 0.44183242 0.05010468 -0.15865993
v 0.45094240 0.05010468 -0.15929246
v 0.44183242 0.04615200 -0.15942407
v 0.43733752 0.04099476 -0.15942407
v 0.45094240 0.04099476 -0.15940440
v 0.44873130 0.04099476 -0.15942407
v 0.46005237 0.04099476 -0.15669501
v 0.43403375 0.03188485 -0.15942407
v 0.45094240 0.03874689 -0.15942407
v 0.46005237 0.03188485 -0.15727019
v 0.45538771 0.03188485 -0.15942407
v -0.22319376 0.02277488 -0.15147674
v -0.21408379 0.02277488 -0.15271556
v -0.20497382 0.02277488 -0.15348279
v -0.19586390 0.02277488 -0.15348268
v -0.18675393 0.02277488 -0.15330350
v -0.17764395 0.02277488 -0.15305805
v -0.16853404 0.02277488 -0.15233040
v 0.43419600 0.02277488 -0.15942407
v 0.45094240 0.02277488 -0.15900922
v 0.45094240 0.02683949 -0.15942407
v 0.44977582 0.02277488 -0.15942407
v 0.46005237 0.02277488 -0.15393293
v -0.25052351 0.01366490 -0.15051591
v -0.24141359 0.01366490 -0.15482163
v -0.23230368 0.01366490 -0.15648842
v -0.22319376 0.01366490 -0.15695131
v -0.21408379 0.01366490 -0.15696025
v -0.20497382 0.01366490 -0.15585363
v -0.19586390 0.01366490 -0.15430617
v -0.18675393 0.01366490 -0.15198088
v 0.44183242 0.01366490 -0.15612924
v 0.44183242 0.01438266 -0.15942407
v -0.26874346 0.00455499 -0.15248716
v -0.25963348 0.00455499 -0.15443206
v -0.25052351 0.00455499 -0.15649855
v -0.24141359 0.00455499 -0.15722966
v -0.23230368 0.00455499 -0.15825546
v -0.22319376 0.00455499 -0.15775454
v -0.21408379 0.00455499 -0.15467513
v -0.17764395 0.00455499 -0.15198970
v -0.16853404 0.00455499 -0.15195954
v -0.15942407 0.00455499 -0.15179825
v -0.15031409 0.00455499 -0.15177596
v -0.14120418 0.00455499 -0.15227258
v -0.13209426 0.00455499 -0.15564704
v -0.12298429 0.00455499 -0.15674794
v -0.11387438 0.00455499 -0.15656734
v -0.10476440 0.00455499 -0.15603602
v -0.09565443 0.00455499 -0.15469098
v -0.08654451 0.00455499 -0.15435112
v -0.07743454 0.00455499 -0.15468884
v -0.06832457 0.00455499 -0.15470564
v -0.05921465 0.00455499 -0.15398335
v -0.05010468 0.00455499 -0.15199208
v 0.44183242 0.01162702 -0.15942407
v 0.43631697 0.00455499 -0.15942407
v 0.45094240 0.00455499 -0.15846539
v 0.44760013 0.00455499 -0.15942407
v -0.27785337 -0.00455493 -0.15287483
v -0.26874346 -0.00455493 -0.15409946
v -0.25963348 -0.00455493 -0.15552783
v -0.25052351 -0.00455493 -0.15706742
v -0.24141359 -0.00455493 -0.15792358
v -0.23230368 -0.00455493 -0.15642571
v -0.20497382 -0.00455493 -0.15275288
v -0.19586390 -0.00455493 -0.15234470
v -0.17764395 -0.00455493 -0.15055490
v -0.16853404 -0.00455493 -0.15369165
v -0.15942407 -0.00455493 -0.15659761
v -0.15031409 -0.00455493 -0.15794909
v -0.14120418 -0.00455493 -0.15882123
v -0.13209426 -0.00455493 -0.15895498
v -0.12298429 -0.00455493 -0.15875900
v -0.11387438 -0.00455493 -0.15847993
v -0.10476440 -0.00455493 -0.15752947
v -0.09565443 -0.00455493 -0.15315676
v -0.07743454 -0.00455493 -0.15740824
v -0.06832457 -0.00455493 -0.15725052
v -0.05921465 -0.00455493 -0.15619731
v -0.05010468 -0.00455493 -0.15446675
v -0.04099476 -0.00455493 -0.15193939
v 0.44183242 -0.00455493 -0.15929663
v 0.44183242 -0.00392044 -0.15942407
v 0.45094240 -0.00455493 -0.15912151
v -0.28696334 -0.01366490 -0.15245318
v -0.27785337 -0.01366490 -0.15360355
v -0.26874346 -0.01366490 -0.15330017
v -0.25963348 -0.01366490 -0.15613794
v -0.25052351 -0.01366490 -0.15677142
v -0.24141359 -0.01366490 -0.15430558
v -0.23230368 -0.01366490 -0.15340972
v -0.22319376 -0.01366490 -0.15584362
v -0.21408379 -0.01366490 -0.15641356
v -0.20497382 -0.01366490 -0.15248060
v -0.19586390 -0.01366490 -0.15162039
v -0.18675393 -0.01366490 -0.15584540
v -0.17764395 -0.01366490 -0.15816867
v -0.16853404 -0.01366490 -0.15855861
v -0.15942407 -0.01366490 -0.15897429
v -0.15031409 -0.01366490 -0.15927565
v -0.14120418 -0.01366490 -0.15916026
v -0.13209426 -0.01366490 -0.15889060
v -0.12298429 -0.01366490 -0.15859163
v -0.11387438 -0.01366490 -0.15845907
v -0.10476440 -0.01366490 -0.15793324
v -0.07743454 -0.01366490 -0.15838969
v -0.06832457 -0.01366490 -0.15820515
v -0.05921465 -0.01366490 -0.15603089
v -0.05010468 -0.01366490 -0.15343177
v 0.44183242 -0.01366490 -0.15735400
v 0.45094240 -0.01366490 -0.15919232
v -0.49649215 -0.02277488 -0.15573883
v -0.26874346 -0.02277488 -0.15232384
v -0.25963348 -0.02277488 -0.15601015
v -0.25052351 -0.02277488 -0.15141964
v -0.24141359 -0.02277488 -0.15269697
v -0.23230368 -0.02277488 -0.15814555
v -0.22319376 -0.02277488 -0.15571475
v -0.21408379 -0.02277488 -0.15080881
v -0.20497382 -0.02277488 -0.15602624
v -0.19586390 -0.02277488 -0.15822208
v -0.18675393 -0.02277488 -0.15877235
v -0.17764395 -0.02277488 -0.15889156
v -0.16853404 -0.02277488 -0.15904129
v -0.15942407 -0.02277488 -0.15909457
v -0.15031409 -0.02277488 -0.15889764
v -0.14120418 -0.02277488 -0.15855086
v -0.13209426 -0.02277488 -0.15835834
v -0.12298429 -0.02277488 -0.15811443
v -0.11387438 -0.02277488 -0.15785146
v -0.10476440 -0.02277488 -0.15553987
v -0.07743454 -0.02277488 -0.15810776
v -0.06832457 -0.02277488 -0.15828240
v -0.05921465 -0.02277488 -0.15711069
v -0.05010468 -0.02277488 -0.15519536
v -0.04099476 -0.02277488 -0.15267003
v -0.49649215 -0.03188485 -0.15499055
v -0.48738220 -0.03188485 -0.15135062
v -0.25052351 -0.03188485 -0.15188420
v -0.24141359 -0.03188485 -0.15596879
v -0.22319376 -0.03188485 -0.15162253
v -0.21408379 -0.03188485 -0.15795243
v -0.20497382 -0.03188485 -0.15880644
v -0.19586390 -0.03188485 -0.15898931
v -0.18675393 -0.03188485 -0.15895677
v -0.17764395 -0.03188485 -0.15882373
v -0.16853404 -0.03188485 -0.15876448
v -0.15942407 -0.03188485 -0.15857720
v -0.15031409 -0.03188485 -0.15823734
v -0.14120418 -0.03188485 -0.15811872
v -0.13209426 -0.03188485 -0.15787995
v -0.12298429 -0.03188485 -0.15740085
v -0.11387438 -0.03188485 -0.15573394
v -0.07743454 -0.03188485 -0.15744770
v -0.06832457 -0.03188485 -0.15816295
v -0.05921465 -0.03188485 -0.15708268
v -0.05010468 -0.03188485 -0.15516365
v -0.04099476 -0.03188485 -0.15121543
v -0.48738220 -0.04099482 -0.15303457
v -0.25052351 -0.04099482 -0.15460229
v -0.23230368 -0.04099482 -0.15155089
v -0.22319376 -0.04099482 -0.15770245
v -0.21408379 -0.04099482 -0.15845430
v -0.20497382 -0.04099482 -0.15859210
v -0.19586390 -0.04099482 -0.15864432
v -0.18675393 -0.04099482 -0.15855658
v -0.17764395 -0.04099482 -0.15819752
v -0.16853404 -0.04099482 -0.15794766
v -0.15942407 -0.04099482 -0.15755212
v -0.15031409 -0.04099482 -0.15679491
v -0.14120418 -0.04099482 -0.15677941
v -0.13209426 -0.04099482 -0.15650320
v -0.12298429 -0.04099482 -0.15305853
v -0.07743454 -0.04099482 -0.15591741
v -0.06832457 -0.04099482 -0.15779006
v -0.05921465 -0.04099482 -0.15621305
v -0.05010468 -0.04099482 -0.15291464
v -0.23230368 -0.05010474 -0.15477037
v -0.22319376 -0.05010474 -0.15719032
v -0.21408379 -0.05010474 -0.15759790
v -0.20497382 -0.05010474 -0.15735137
v -0.19586390 -0.05010474 -0.15719175
v -0.18675393 -0.05010474 -0.15691042
v -0.17764395 -0.05010474 -0.15607226
v -0.16853404 -0.05010474 -0.15550923
v -0.15942407 -0.05010474 -0.15519583
v -0.15031409 -0.05010474 -0.15483940
v -0.14120418 -0.05010474 -0.15205002
v -0.06832457 -0.05010474 -0.15610182
v -0.05921465 -0.05010474 -0.15230632
v 0.44183242 0.04099476 -0.16394448
v 0.44183242 0.03188485 -0.16723502
v 0.45094240 0.03188485 -0.16389036
v 0.44183242 0.02277488 -0.16708338
v 0.44183242 0.00455499 -0.16496873
f 3 2 1
f 2 5 4
f 1 2 4
f 5 7 6
f 4 5 6
f 7 8 6
f 3 1 9
f 1 4 10
f 9 1 10
f 12 10 4
f 12 4 11
f 11 4 6
f 8 13 11
f 6 8 11
f 12 11 14
f 11 13 14
f 17 16 15
f 16 18 15
f 20 17 15
f 19 20 15
f 18 21 19
f 15 18 19
f 24 23 22
f 25 26 22
f 25 22 19
f 23 20 22
f 20 19 22
f 19 21 25
f 28 24 22
f 27 28 22
f 26 29 27
f 22 26 27
f 28 27 30
f 27 29 30
f 33 32 31
f 32 35 34
f 31 32 34
f 35 37 36
f 34 35 36
f 37 39 38
f 36 37 38
f 39 41 40
f 38 39 40
f 41 42 40
f 45 44 43
f 44 47 46
f 43 44 46
f 47 48 46
f 51 50 49
f 31 2 3
f 33 31 3
f 33 3 49
f 33 49 50
f 34 2 31
f 5 2 34
f 36 5 34
f 7 5 36
f 7 52 8
f 7 36 52
f 36 38 52
f 38 40 52
f 40 53 52
f 42 55 54
f 42 54 40
f 40 54 53
f 55 57 56
f 54 55 56
f 57 59 58
f 56 57 58
f 59 60 58
f 45 43 61
f 43 46 62
f 61 43 62
f 46 48 62
f 64 51 49
f 63 64 49
f 9 49 3
f 9 65 49
f 65 63 49
f 10 65 9
f 66 65 10
f 10 12 66
f 67 8 52
f 13 8 67
f 52 53 67
f 53 68 67
f 53 54 68
f 54 69 68
f 54 56 69
f 56 70 69
f 56 58 70
f 58 71 70
f 60 72 71
f 58 60 71
f 64 63 73
f 75 73 63
f 75 63 74
f 74 63 65
f 65 66 74
f 66 76 74
f 14 66 12
f 14 77 66
f 77 76 66
f 13 77 14
f 13 67 77
f 67 78 77
f 67 68 78
f 68 79 78
f 68 69 79
f 69 80 79
f 69 70 80
f 70 81 80
f 70 71 81
f 71 82 81
f 72 84 83
f 72 83 71
f 71 83 82
f 84 85 83
f 75 74 86
f 74 76 87
f 86 74 87
f 76 77 88
f 87 76 88
f 90 88 77
f 90 77 89
f 89 77 78
f 78 79 89
f 79 91 89
f 92 93 91
f 92 91 80
f 80 91 79
f 80 81 94
f 92 80 94
f 81 82 95
f 94 81 95
f 82 83 96
f 95 82 96
f 83 85 96
f 90 89 97
f 89 91 98
f 97 89 98
f 91 93 98
f 101 100 99
f 100 102 99
f 104 101 99
f 103 104 99
f 102 106 105
f 102 105 99
f 99 105 103
f 106 108 107
f 105 106 107
f 108 109 107
f 103 16 17
f 103 17 104
f 104 17 110
f 16 111 18
f 16 103 111
f 103 105 111
f 105 107 111
f 107 112 111
f 109 114 113
f 109 113 107
f 107 113 112
f 114 116 115
f 113 114 115
f 116 118 117
f 115 116 117
f 118 120 119
f 117 118 119
f 120 121 119
f 110 17 122
f 122 17 20
f 123 18 111
f 21 18 123
f 111 112 123
f 112 124 123
f 112 113 124
f 113 125 124
f 113 115 125
f 115 126 125
f 115 117 126
f 117 127 126
f 117 119 127
f 119 128 127
f 121 130 129
f 121 129 119
f 119 129 128
f 130 131 129
f 24 133 132
f 23 24 132
f 20 132 122
f 20 23 132
f 26 25 134
f 21 134 25
f 21 123 134
f 123 135 134
f 123 124 135
f 124 136 135
f 124 125 136
f 125 137 136
f 125 126 137
f 126 138 137
f 126 127 138
f 127 139 138
f 127 128 139
f 128 140 139
f 141 142 140
f 141 140 129
f 129 140 128
f 129 131 141
f 145 144 143
f 144 28 143
f 144 133 28
f 133 24 28
f 146 26 134
f 29 26 146
f 134 135 146
f 135 147 146
f 148 149 147
f 148 147 136
f 136 147 135
f 151 148 136
f 151 136 150
f 150 136 137
f 152 153 150
f 152 150 138
f 138 150 137
f 138 139 154
f 152 138 154
f 139 140 155
f 154 139 155
f 140 142 155
f 145 143 156
f 158 30 157
f 156 30 158
f 156 28 30
f 156 143 28
f 29 157 30
f 29 146 157
f 146 159 157
f 146 147 159
f 147 160 159
f 149 162 161
f 149 161 147
f 147 161 160
f 162 151 150
f 162 150 161
f 161 150 163
f 153 165 164
f 153 164 150
f 150 164 163
f 165 166 164
f 158 157 167
f 169 167 157
f 169 157 168
f 168 157 159
f 159 160 168
f 160 170 168
f 171 172 170
f 171 170 161
f 161 170 160
f 161 163 173
f 171 161 173
f 163 164 174
f 173 163 174
f 164 166 174
f 169 168 175
f 168 170 176
f 175 168 176
f 170 172 176
f 179 178 177
f 178 180 177
f 179 177 181
f 177 180 181
f 184 183 182
f 183 186 185
f 182 183 185
f 186 187 185
f 184 182 188
f 182 185 189
f 188 182 189
f 185 187 189
f 192 191 190
f 191 193 190
f 196 195 194
f 195 192 190
f 195 190 194
f 194 190 197
f 193 199 198
f 193 198 190
f 190 198 197
f 199 201 200
f 198 199 200
f 201 203 202
f 200 201 202
f 203 204 202
f 207 206 205
f 206 209 208
f 205 206 208
f 209 211 210
f 208 209 210
f 211 213 212
f 210 211 212
f 213 215 214
f 212 213 214
f 215 217 216
f 214 215 216
f 217 219 218
f 216 217 218
f 219 221 220
f 218 219 220
f 221 223 222
f 220 221 222
f 194 32 33
f 196 194 33
f 196 33 222
f 196 222 223
f 197 32 194
f 35 32 197
f 198 35 197
f 37 35 198
f 200 37 198
f 39 37 200
f 202 39 200
f 41 39 202
f 41 224 42
f 202 224 41
f 202 225 224
f 202 204 225
f 225 227 226
f 224 225 226
f 227 229 228
f 226 227 228
f 229 230 228
f 233 232 231
f 232 235 234
f 231 232 234
f 235 237 236
f 234 235 236
f 237 207 205
f 237 205 236
f 236 205 238
f 205 208 238
f 208 239 238
f 208 210 239
f 210 240 239
f 210 212 240
f 212 241 240
f 212 214 241
f 214 242 241
f 45 216 44
f 45 242 216
f 242 214 216
f 218 44 216
f 47 44 218
f 47 243 48
f 47 218 243
f 218 220 243
f 51 222 50
f 51 243 222
f 243 220 222
f 222 33 50
f 224 55 42
f 226 55 224
f 57 55 226
f 228 57 226
f 59 57 228
f 59 244 60
f 228 244 59
f 228 245 244
f 228 230 245
f 245 247 246
f 244 245 246
f 247 248 246
f 233 231 249
f 231 234 250
f 249 231 250
f 234 236 251
f 250 234 251
f 236 238 252
f 251 236 252
f 254 252 238
f 254 238 253
f 253 238 239
f 239 240 253
f 240 255 253
f 240 241 255
f 241 256 255
f 241 242 256
f 242 257 256
f 61 242 45
f 61 258 242
f 258 257 242
f 62 258 61
f 259 258 62
f 48 259 62
f 48 243 259
f 243 260 259
f 243 64 260
f 51 64 243
f 261 60 244
f 72 60 261
f 244 246 261
f 246 262 261
f 248 264 263
f 248 263 246
f 246 263 262
f 264 265 263
f 254 253 266
f 253 255 267
f 266 253 267
f 255 256 268
f 267 255 268
f 256 257 269
f 268 256 269
f 257 258 270
f 269 257 270
f 272 270 258
f 272 258 271
f 271 258 259
f 273 274 271
f 273 271 260
f 260 271 259
f 276 73 275
f 273 73 276
f 273 64 73
f 273 260 64
f 73 75 275
f 261 84 72
f 84 277 85
f 84 261 277
f 261 262 277
f 262 263 277
f 263 278 277
f 265 280 279
f 265 279 263
f 263 279 278
f 280 281 279
f 272 271 282
f 271 274 282
f 276 275 283
f 275 75 86
f 275 86 283
f 283 86 284
f 284 86 285
f 86 87 285
f 287 88 286
f 287 285 88
f 285 87 88
f 88 90 286
f 92 288 93
f 94 288 92
f 289 288 94
f 95 289 94
f 290 289 95
f 96 290 95
f 291 290 96
f 85 291 96
f 85 277 291
f 277 292 291
f 277 278 292
f 278 293 292
f 278 279 293
f 279 294 293
f 281 296 295
f 281 295 279
f 279 295 294
f 296 297 295
f 300 299 298
f 299 287 286
f 299 286 298
f 298 286 301
f 97 286 90
f 97 302 286
f 302 301 286
f 98 302 97
f 303 302 98
f 93 303 98
f 93 288 303
f 288 304 303
f 288 289 304
f 289 305 304
f 289 290 305
f 290 306 305
f 290 291 306
f 291 307 306
f 291 292 307
f 292 308 307
f 292 293 308
f 293 309 308
f 293 294 309
f 294 310 309
f 294 295 310
f 295 311 310
f 297 312 311
f 295 297 311
f 314 300 298
f 313 314 298
f 298 301 313
f 301 315 313
f 301 302 315
f 302 316 315
f 302 303 316
f 303 317 316
f 303 304 317
f 304 318 317
f 304 305 318
f 305 319 318
f 305 306 319
f 306 320 319
f 306 307 320
f 307 321 320
f 307 308 321
f 308 322 321
f 308 309 322
f 309 323 322
f 309 310 323
f 310 324 323
f 310 311 324
f 311 325 324
f 312 326 325
f 311 312 325
f 329 328 327
f 328 331 330
f 327 328 330
f 331 333 332
f 330 331 332
f 333 335 334
f 332 333 334
f 335 336 334
f 339 338 337
f 338 341 340
f 337 338 340
f 341 343 342
f 340 341 342
f 343 344 342
f 314 313 345
f 313 315 346
f 345 313 346
f 348 346 315
f 348 315 347
f 347 315 316
f 316 317 347
f 317 349 347
f 317 318 349
f 318 350 349
f 318 319 350
f 319 351 350
f 319 320 351
f 320 352 351
f 320 321 352
f 321 353 352
f 321 322 353
f 322 354 353
f 322 323 354
f 323 355 354
f 323 324 355
f 324 356 355
f 324 325 356
f 325 357 356
f 326 358 357
f 325 326 357
f 361 360 359
f 360 363 362
f 359 360 362
f 363 329 327
f 363 327 362
f 362 327 364
f 327 330 364
f 330 365 364
f 330 332 365
f 332 366 365
f 332 334 366
f 334 367 366
f 336 369 368
f 336 368 334
f 334 368 367
f 369 371 370
f 368 369 370
f 371 373 372
f 370 371 372
f 373 375 374
f 372 373 374
f 375 377 376
f 374 375 376
f 377 379 378
f 376 377 378
f 379 381 380
f 378 379 380
f 381 383 382
f 380 381 382
f 383 385 384
f 382 383 384
f 385 387 386
f 384 385 386
f 387 389 388
f 386 387 388
f 389 391 390
f 388 389 390
f 391 393 392
f 390 391 392
f 393 395 394
f 392 393 394
f 395 397 396
f 394 395 396
f 397 399 398
f 396 397 398
f 399 401 400
f 398 399 400
f 401 402 400
f 337 100 101
f 337 101 339
f 339 101 403
f 100 404 102
f 100 337 404
f 337 340 404
f 340 342 404
f 342 405 404
f 344 407 406
f 344 406 342
f 342 406 405
f 407 409 408
f 406 407 408
f 409 411 410
f 408 409 410
f 411 413 412
f 410 411 412
f 413 415 414
f 412 413 414
f 415 417 416
f 414 415 416
f 417 419 418
f 416 417 418
f 419 420 418
f 348 347 421
f 423 421 347
f 423 347 422
f 422 347 349
f 349 350 422
f 350 424 422
f 350 351 424
f 351 425 424
f 351 352 425
f 352 426 425
f 352 353 426
f 353 427 426
f 353 354 427
f 354 428 427
f 354 355 428
f 355 429 428
f 355 356 429
f 356 430 429
f 431 432 430
f 431 430 357
f 357 430 356
f 357 358 431
f 434 361 359
f 433 434 359
f 359 362 433
f 362 435 433
f 362 364 435
f 364 436 435
f 364 365 436
f 365 437 436
f 365 366 437
f 366 438 437
f 366 367 438
f 367 439 438
f 367 368 439
f 368 440 439
f 368 370 440
f 370 441 440
f 370 372 441
f 372 442 441
f 372 374 442
f 374 443 442
f 374 376 443
f 376 444 443
f 376 378 444
f 378 445 444
f 378 380 445
f 380 446 445
f 380 382 446
f 382 447 446
f 382 384 447
f 384 448 447
f 384 386 448
f 386 449 448
f 386 388 449
f 388 450 449
f 388 390 450
f 390 451 450
f 390 392 451
f 392 452 451
f 392 394 452
f 394 453 452
f 394 396 453
f 396 454 453
f 396 398 454
f 398 455 454
f 398 400 455
f 400 456 455
f 402 458 457
f 402 457 400
f 400 457 456
f 458 459 457
f 462 461 460
f 461 463 460
f 403 101 464
f 464 101 104
f 404 106 102
f 405 106 404
f 108 106 405
f 108 465 109
f 108 405 465
f 405 406 465
f 406 408 465
f 408 466 465
f 408 410 466
f 410 467 466
f 410 412 467
f 412 468 467
f 412 414 468
f 414 469 468
f 414 416 469
f 416 470 469
f 416 418 470
f 418 471 470
f 420 473 472
f 420 472 418
f 418 472 471
f 473 475 474
f 472 473 474
f 475 477 476
f 474 475 476
f 477 478 476
f 423 422 479
f 481 479 422
f 481 422 480
f 480 422 424
f 424 425 480
f 425 482 480
f 425 426 482
f 426 483 482
f 426 427 483
f 427 484 483
f 427 428 484
f 428 485 484
f 428 429 485
f 429 486 485
f 487 488 486
f 487 486 430
f 430 486 429
f 430 432 487
f 490 434 433
f 489 490 433
f 433 435 489
f 435 491 489
f 435 436 491
f 436 492 491
f 436 437 492
f 437 493 492
f 437 438 493
f 438 494 493
f 438 439 494
f 439 495 494
f 439 440 495
f 440 496 495
f 440 441 496
f 441 497 496
f 441 442 497
f 442 498 497
f 442 443 498
f 443 499 498
f 443 444 499
f 444 500 499
f 444 445 500
f 445 501 500
f 445 446 501
f 446 502 501
f 446 447 502
f 447 503 502
f 447 448 503
f 448 504 503
f 448 449 504
f 449 505 504
f 449 450 505
f 450 506 505
f 450 451 506
f 451 507 506
f 451 452 507
f 452 508 507
f 452 453 508
f 453 509 508
f 453 454 509
f 454 510 509
f 454 455 510
f 455 511 510
f 455 456 511
f 456 512 511
f 456 457 512
f 457 513 512
f 459 515 514
f 459 514 457
f 457 514 513
f 515 516 514
f 519 518 517
f 518 462 460
f 518 460 517
f 517 460 520
f 463 522 521
f 463 521 460
f 460 521 520
f 522 110 521
f 522 464 110
f 464 104 110
f 465 114 109
f 466 114 465
f 116 114 466
f 467 116 466
f 118 116 467
f 468 118 467
f 120 118 468
f 120 523 121
f 120 468 523
f 468 469 523
f 469 470 523
f 470 524 523
f 470 471 524
f 471 525 524
f 471 472 525
f 472 526 525
f 472 474 526
f 474 527 526
f 474 476 527
f 476 528 527
f 478 530 529
f 478 529 476
f 476 529 528
f 530 531 529
f 481 480 532
f 480 482 533
f 532 480 533
f 482 483 534
f 533 482 534
f 483 484 535
f 534 483 535
f 484 485 536
f 535 484 536
f 485 486 537
f 536 485 537
f 486 488 537
f 539 490 489
f 538 539 489
f 489 491 538
f 491 540 538
f 491 492 540
f 492 541 540
f 492 493 541
f 493 542 541
f 493 494 542
f 494 543 542
f 494 495 543
f 495 544 543
f 495 496 544
f 496 545 544
f 496 497 545
f 497 546 545
f 497 498 546
f 498 547 546
f 498 499 547
f 499 548 547
f 499 500 548
f 500 549 548
f 500 501 549
f 501 550 549
f 501 502 550
f 502 551 550
f 502 503 551
f 503 552 551
f 503 504 552
f 504 553 552
f 504 505 553
f 505 554 553
f 505 506 554
f 506 555 554
f 506 507 555
f 507 556 555
f 507 508 556
f 508 557 556
f 508 509 557
f 509 558 557
f 509 510 558
f 510 559 558
f 510 511 559
f 511 560 559
f 511 512 560
f 512 561 560
f 512 513 561
f 513 562 561
f 513 514 562
f 514 563 562
f 516 565 564
f 516 564 514
f 514 564 563
f 565 519 517
f 565 517 564
f 564 517 566
f 517 520 566
f 520 567 566
f 520 521 567
f 521 568 567
f 521 122 568
f 110 122 521
f 523 130 121
f 130 569 131
f 130 523 569
f 523 524 569
f 524 525 569
f 525 570 569
f 525 526 570
f 526 571 570
f 526 527 571
f 527 572 571
f 527 528 572
f 528 573 572
f 528 529 573
f 529 574 573
f 531 575 574
f 529 531 574
f 577 539 538
f 576 577 538
f 538 540 576
f 540 578 576
f 540 541 578
f 541 579 578
f 541 542 579
f 542 580 579
f 542 543 580
f 543 581 580
f 543 544 581
f 544 582 581
f 583 584 582
f 583 582 545
f 545 582 544
f 545 546 585
f 583 545 585
f 546 547 586
f 585 546 586
f 547 548 587
f 586 547 587
f 548 549 588
f 587 548 588
f 549 550 589
f 588 549 589
f 550 551 590
f 589 550 590
f 592 590 551
f 592 551 591
f 591 551 552
f 552 553 591
f 553 593 591
f 553 554 593
f 554 594 593
f 554 555 594
f 555 595 594
f 555 556 595
f 556 596 595
f 556 557 596
f 557 597 596
f 557 558 597
f 558 598 597
f 558 559 598
f 559 599 598
f 559 560 599
f 560 600 599
f 560 561 600
f 561 601 600
f 561 562 601
f 562 602 601
f 603 604 602
f 603 602 563
f 563 602 562
f 563 564 605
f 603 563 605
f 564 566 606
f 605 564 606
f 566 567 607
f 606 566 607
f 607 133 608
f 607 568 133
f 607 567 568
f 132 133 568
f 568 122 132
f 141 609 142
f 131 609 141
f 131 569 609
f 569 610 609
f 569 570 610
f 570 611 610
f 570 571 611
f 571 612 611
f 571 572 612
f 572 613 612
f 572 573 613
f 573 614 613
f 615 616 614
f 615 614 574
f 574 614 573
f 574 575 615
f 577 576 617
f 576 578 618
f 617 576 618
f 578 579 619
f 618 578 619
f 579 580 620
f 619 579 620
f 580 581 621
f 620 580 621
f 581 582 622
f 621 581 622
f 582 584 622
f 592 591 623
f 591 593 624
f 623 591 624
f 593 594 625
f 624 593 625
f 594 595 626
f 625 594 626
f 595 596 627
f 626 595 627
f 596 597 628
f 627 596 628
f 597 598 629
f 628 597 629
f 598 599 630
f 629 598 630
f 599 600 631
f 630 599 631
f 600 601 632
f 631 600 632
f 601 602 633
f 632 601 633
f 602 604 633
f 145 635 634
f 144 145 634
f 634 133 144
f 608 133 634
f 148 636 149
f 148 151 636
f 152 637 153
f 154 637 152
f 638 637 154
f 155 638 154
f 639 638 155
f 142 639 155
f 142 609 639
f 609 640 639
f 609 610 640
f 610 641 640
f 610 611 641
f 611 642 641
f 611 612 642
f 612 643 642
f 612 613 643
f 613 644 643
f 645 646 644
f 645 644 614
f 614 644 613
f 614 616 645
f 635 145 156
f 647 635 156
f 156 648 647
f 158 648 156
f 636 162 149
f 636 151 162
f 637 165 153
f 165 649 166
f 165 637 649
f 637 638 649
f 638 639 649
f 639 650 649
f 639 640 650
f 640 651 650
f 640 641 651
f 641 652 651
f 641 642 652
f 642 653 652
f 642 643 653
f 643 654 653
f 655 656 654
f 655 654 644
f 644 654 643
f 644 646 655
f 167 657 658
f 167 658 158
f 158 658 648
f 167 169 657
f 171 659 172
f 173 659 171
f 660 659 173
f 174 660 173
f 661 660 174
f 166 661 174
f 166 649 661
f 649 662 661
f 649 650 662
f 650 663 662
f 650 651 663
f 651 664 663
f 651 652 664
f 652 665 664
f 666 667 665
f 666 665 653
f 653 665 652
f 653 654 668
f 666 653 668
f 654 656 668
f 658 657 669
f 671 175 670
f 669 175 671
f 669 169 175
f 669 657 169
f 176 670 175
f 672 670 176
f 172 672 176
f 172 659 672
f 659 673 672
f 659 660 673
f 660 674 673
f 660 661 674
f 661 675 674
f 661 662 675
f 662 676 675
f 662 663 676
f 663 677 676
f 678 679 677
f 678 677 664
f 664 677 663
f 664 665 680
f 678 664 680
f 665 667 680
f 670 178 179
f 670 179 671
f 671 179 681
f 178 682 180
f 178 670 682
f 670 672 682
f 672 673 682
f 673 683 682
f 673 674 683
f 674 684 683
f 674 675 684
f 675 685 684
f 686 687 685
f 686 685 676
f 676 685 675
f 676 677 688
f 686 676 688
f 677 679 688
f 181 689 690
f 181 690 179
f 179 690 681
f 180 689 181
f 180 682 689
f 682 691 689
f 682 683 691
f 683 692 691
f 693 694 692
f 693 692 684
f 684 692 683
f 684 685 695
f 693 684 695
f 685 687 695
f 183 184 696
f 696 697 690
f 696 690 186
f 696 186 183
f 186 690 689
f 698 689 691
f 698 187 689
f 698 699 187
f 187 186 689
f 691 692 700
f 698 691 700
f 692 694 700
f 696 184 188
f 696 188 189
f 696 189 702
f 696 702 697
f 701 702 189
f 701 189 187
f 701 187 703
f 703 187 699
f 705 702 701
f 704 705 701
f 703 706 704
f 701 703 704
f 705 704 707
f 704 706 707
f 710 709 708
f 192 708 709
f 192 709 191
f 191 709 711
f 712 193 191
f 712 191 713
f 713 191 711
f 713 715 714
f 712 713 714
f 715 717 716
f 714 715 716
f 717 718 716
f 721 720 719
f 720 723 722
f 719 720 722
f 723 725 724
f 722 723 724
f 725 727 726
f 724 725 726
f 727 729 728
f 726 727 728
f 729 731 730
f 728 729 730
f 731 733 732
f 730 731 732
f 733 735 734
f 732 733 734
f 735 737 736
f 734 735 736
f 737 739 738
f 736 737 738
f 739 740 738
f 708 195 196
f 708 196 710
f 710 196 741
f 708 192 195
f 712 199 193
f 714 199 712
f 201 199 714
f 716 201 714
f 203 201 716
f 203 742 204
f 716 742 203
f 716 743 742
f 716 718 743
f 743 745 744
f 742 743 744
f 745 746 744
f 749 748 747
f 748 751 750
f 747 748 750
f 751 753 752
f 750 751 752
f 753 721 719
f 753 719 752
f 752 719 754
f 719 722 754
f 722 755 754
f 207 724 206
f 207 755 724
f 755 722 724
f 726 206 724
f 209 206 726
f 728 209 726
f 211 209 728
f 730 211 728
f 213 211 730
f 732 213 730
f 215 213 732
f 734 215 732
f 217 215 734
f 736 217 734
f 219 217 736
f 738 219 736
f 221 219 738
f 740 221 738
f 740 756 221
f 756 223 221
f 756 196 223
f 741 196 756
f 742 225 204
f 744 225 742
f 227 225 744
f 746 227 744
f 746 757 227
f 757 229 227
f 758 230 229
f 758 229 759
f 759 229 757
f 759 761 760
f 758 759 760
f 761 762 760
f 765 764 763
f 764 749 747
f 764 747 763
f 763 747 766
f 747 750 766
f 750 767 766
f 233 752 232
f 233 767 752
f 767 750 752
f 754 232 752
f 235 232 754
f 755 235 754
f 237 235 755
f 755 207 237
f 758 245 230
f 760 245 758
f 247 245 760
f 247 768 248
f 760 768 247
f 760 769 768
f 760 762 769
f 769 771 770
f 768 769 770
f 771 772 770
f 765 763 773
f 763 766 774
f 773 763 774
f 776 774 766
f 776 766 775
f 775 766 767
f 249 767 233
f 249 777 767
f 777 775 767
f 250 777 249
f 778 777 250
f 251 778 250
f 779 778 251
f 252 779 251
f 780 779 252
f 252 254 780
f 768 264 248
f 264 781 265
f 264 768 781
f 768 770 781
f 772 783 782
f 772 782 770
f 770 782 781
f 783 784 782
f 776 775 785
f 775 777 786
f 785 775 786
f 777 778 787
f 786 777 787
f 778 779 788
f 787 778 788
f 779 780 789
f 788 779 789
f 780 254 266
f 780 266 789
f 789 266 790
f 792 267 791
f 792 790 267
f 790 266 267
f 268 791 267
f 793 791 268
f 269 793 268
f 794 793 269
f 270 794 269
f 795 794 270
f 270 272 795
f 273 796 274
f 273 276 796
f 781 280 265
f 280 797 281
f 280 781 797
f 781 782 797
f 784 799 798
f 784 798 782
f 782 798 797
f 799 800 798
f 792 791 801
f 791 793 802
f 801 791 802
f 793 794 803
f 802 793 803
f 794 795 804
f 803 794 804
f 795 272 282
f 795 282 804
f 804 282 805
f 274 796 806
f 274 806 282
f 282 806 805
f 796 276 283
f 796 283 806
f 806 283 807
f 807 283 808
f 283 284 808
f 810 285 809
f 810 808 285
f 808 284 285
f 285 287 809
f 797 296 281
f 296 811 297
f 296 797 811
f 797 798 811
f 800 813 812
f 800 812 798
f 798 812 811
f 813 814 812
f 809 299 300
f 809 300 810
f 810 300 815
f 809 287 299
f 816 297 811
f 312 297 816
f 811 812 816
f 812 817 816
f 814 819 818
f 814 818 812
f 812 818 817
f 819 820 818
f 823 822 821
f 822 825 824
f 821 822 824
f 825 827 826
f 824 825 826
f 827 829 828
f 826 827 828
f 829 831 830
f 828 829 830
f 831 833 832
f 830 831 832
f 833 835 834
f 832 833 834
f 835 837 836
f 834 835 836
f 837 839 838
f 836 837 838
f 839 841 840
f 838 839 840
f 841 843 842
f 840 841 842
f 843 845 844
f 842 843 844
f 845 847 846
f 844 845 846
f 847 849 848
f 846 847 848
f 849 851 850
f 848 849 850
f 851 853 852
f 850 851 852
f 853 855 854
f 852 853 854
f 855 857 856
f 854 855 856
f 857 859 858
f 856 857 858
f 859 861 860
f 858 859 860
f 861 863 862
f 860 861 862
f 863 865 864
f 862 863 864
f 865 867 866
f 864 865 866
f 867 869 868
f 866 867 868
f 869 870 868
f 873 872 871
f 872 875 874
f 871 872 874
f 875 877 876
f 874 875 876
f 877 879 878
f 876 877 878
f 879 880 878
f 883 882 881
f 882 885 884
f 881 882 884
f 885 887 886
f 884 885 886
f 887 889 888
f 886 887 888
f 889 891 890
f 888 889 890
f 891 893 892
f 890 891 892
f 893 895 894
f 892 893 894
f 895 897 896
f 894 895 896
f 897 314 896
f 897 815 314
f 815 300 314
f 898 312 816
f 326 312 898
f 816 817 898
f 817 899 898
f 817 818 899
f 818 900 899
f 820 901 900
f 818 820 900
f 904 903 902
f 903 906 905
f 902 903 905
f 906 823 821
f 906 821 905
f 905 821 907
f 821 824 907
f 824 908 907
f 824 826 908
f 826 909 908
f 329 828 328
f 329 909 828
f 909 826 828
f 830 328 828
f 331 328 830
f 832 331 830
f 333 331 832
f 834 333 832
f 335 333 834
f 335 910 336
f 335 834 910
f 834 836 910
f 836 838 910
f 838 911 910
f 838 840 911
f 840 912 911
f 840 842 912
f 842 913 912
f 842 844 913
f 844 914 913
f 844 846 914
f 846 915 914
f 846 848 915
f 848 916 915
f 848 850 916
f 850 917 916
f 850 852 917
f 852 918 917
f 852 854 918
f 854 919 918
f 854 856 919
f 856 920 919
f 856 858 920
f 858 921 920
f 858 860 921
f 860 922 921
f 860 862 922
f 862 923 922
f 862 864 923
f 864 924 923
f 864 866 924
f 866 925 924
f 866 868 925
f 868 926 925
f 870 928 927
f 870 927 868
f 868 927 926
f 928 929 927
f 932 931 930
f 871 338 339
f 873 871 339
f 873 339 930
f 873 930 931
f 874 338 871
f 341 338 874
f 876 341 874
f 343 341 876
f 343 933 344
f 343 876 933
f 876 878 933
f 880 935 934
f 880 934 878
f 878 934 933
f 935 937 936
f 934 935 936
f 937 939 938
f 936 937 938
f 939 941 940
f 938 939 940
f 941 943 942
f 940 941 942
f 943 945 944
f 942 943 944
f 945 947 946
f 944 945 946
f 947 949 948
f 946 947 948
f 949 951 950
f 948 949 950
f 951 883 881
f 951 881 950
f 950 881 952
f 881 884 952
f 884 953 952
f 884 886 953
f 886 954 953
f 886 888 954
f 888 955 954
f 888 890 955
f 890 956 955
f 890 892 956
f 892 957 956
f 892 894 957
f 894 958 957
f 894 896 958
f 896 959 958
f 345 896 314
f 345 960 896
f 960 959 896
f 346 960 345
f 961 960 346
f 346 348 961
f 962 326 898
f 358 326 962
f 898 899 962
f 899 963 962
f 899 900 963
f 900 964 963
f 901 965 964
f 900 901 964
f 967 904 902
f 966 967 902
f 902 905 966
f 905 968 966
f 905 907 968
f 907 969 968
f 361 908 360
f 361 969 908
f 969 907 908
f 909 360 908
f 363 360 909
f 909 329 363
f 910 369 336
f 911 369 910
f 371 369 911
f 912 371 911
f 373 371 912
f 913 373 912
f 375 373 913
f 914 375 913
f 377 375 914
f 915 377 914
f 379 377 915
f 916 379 915
f 381 379 916
f 917 381 916
f 383 381 917
f 918 383 917
f 385 383 918
f 919 385 918
f 387 385 919
f 920 387 919
f 389 387 920
f 921 389 920
f 391 389 921
f 922 391 921
f 393 391 922
f 923 393 922
f 395 393 923
f 924 395 923
f 397 395 924
f 925 397 924
f 399 397 925
f 926 399 925
f 401 399 926
f 401 970 402
f 401 926 970
f 926 927 970
f 929 972 971
f 929 971 927
f 927 971 970
f 972 974 973
f 971 972 973
f 974 975 973
f 978 977 976
f 977 932 930
f 977 930 976
f 976 930 979
f 930 403 979
f 339 403 930
f 933 407 344
f 934 407 933
f 409 407 934
f 936 409 934
f 411 409 936
f 938 411 936
f 413 411 938
f 940 413 938
f 415 413 940
f 942 415 940
f 417 415 942
f 944 417 942
f 419 417 944
f 419 980 420
f 419 944 980
f 944 946 980
f 946 948 980
f 948 981 980
f 948 950 981
f 950 982 981
f 950 952 982
f 952 983 982
f 952 953 983
f 953 984 983
f 953 954 984
f 954 985 984
f 954 955 985
f 955 986 985
f 955 956 986
f 956 987 986
f 956 957 987
f 957 988 987
f 957 958 988
f 958 989 988
f 958 959 989
f 959 990 989
f 959 960 990
f 960 991 990
f 960 961 991
f 961 992 991
f 421 961 348
f 421 993 961
f 993 992 961
f 421 423 993
f 431 994 432
f 358 994 431
f 358 962 994
f 962 995 994
f 962 963 995
f 963 996 995
f 963 964 996
f 964 997 996
f 965 998 997
f 964 965 997
f 1001 1000 999
f 1000 967 966
f 1000 966 999
f 999 966 1002
f 966 968 1002
f 968 1003 1002
f 968 969 1003
f 969 1004 1003
f 969 434 1004
f 361 434 969
f 970 458 402
f 458 1005 459
f 458 970 1005
f 970 971 1005
f 971 973 1005
f 973 1006 1005
f 975 1008 1007
f 975 1007 973
f 973 1007 1006
f 976 461 462
f 978 976 462
f 978 462 1007
f 978 1007 1008
f 461 1009 463
f 461 976 1009
f 976 979 1009
f 979 464 1009
f 403 464 979
f 980 473 420
f 981 473 980
f 475 473 981
f 982 475 981
f 477 475 982
f 477 1010 478
f 477 982 1010
f 982 983 1010
f 983 984 1010
f 984 1011 1010
f 984 985 1011
f 985 1012 1011
f 985 986 1012
f 986 1013 1012
f 986 987 1013
f 987 1014 1013
f 987 988 1014
f 988 1015 1014
f 988 989 1015
f 989 1016 1015
f 989 990 1016
f 990 1017 1016
f 990 991 1017
f 991 1018 1017
f 991 992 1018
f 992 1019 1018
f 992 993 1019
f 993 1020 1019
f 479 993 423
f 479 1021 993
f 1021 1020 993
f 479 481 1021
f 487 1022 488
f 432 1022 487
f 432 994 1022
f 994 1023 1022
f 994 995 1023
f 995 1024 1023
f 995 996 1024
f 996 1025 1024
f 996 997 1025
f 997 1026 1025
f 998 1027 1026
f 997 998 1026
f 1029 1001 999
f 1028 1029 999
f 999 1002 1028
f 1002 1030 1028
f 1002 1003 1030
f 1003 1031 1030
f 1003 1004 1031
f 1004 1032 1031
f 1004 490 1032
f 434 490 1004
f 1005 515 459
f 515 1033 516
f 515 1005 1033
f 1005 1006 1033
f 519 1007 518
f 519 1033 1007
f 1033 1006 1007
f 1007 462 518
f 1009 522 463
f 1009 464 522
f 1010 530 478
f 530 1034 531
f 530 1010 1034
f 1010 1011 1034
f 1011 1012 1034
f 1012 1035 1034
f 1012 1013 1035
f 1013 1036 1035
f 1013 1014 1036
f 1014 1037 1036
f 1014 1015 1037
f 1015 1038 1037
f 1015 1016 1038
f 1016 1039 1038
f 1040 1041 1039
f 1040 1039 1017
f 1017 1039 1016
f 1043 1040 1017
f 1043 1017 1042
f 1042 1017 1018
f 1018 1019 1042
f 1019 1044 1042
f 1019 1020 1044
f 1020 1045 1044
f 1020 1021 1045
f 1021 1046 1045
f 532 1021 481
f 532 1047 1021
f 1047 1046 1021
f 533 1047 532
f 1048 1047 533
f 534 1048 533
f 1049 1048 534
f 535 1049 534
f 1050 1049 535
f 536 1050 535
f 1051 1050 536
f 537 1051 536
f 1052 1051 537
f 488 1052 537
f 488 1022 1052
f 1022 1053 1052
f 1022 1023 1053
f 1023 1054 1053
f 1023 1024 1054
f 1024 1055 1054
f 1024 1025 1055
f 1025 1056 1055
f 1025 1026 1056
f 1026 1057 1056
f 1027 1058 1057
f 1026 1027 1057
f 1060 1029 1028
f 1059 1060 1028
f 1028 1030 1059
f 1030 1061 1059
f 1030 1031 1061
f 1031 1062 1061
f 1031 1032 1062
f 1032 1063 1062
f 1032 539 1063
f 490 539 1032
f 1033 565 516
f 1033 519 565
f 1064 531 1034
f 575 531 1064
f 1034 1035 1064
f 1035 1065 1064
f 1035 1036 1065
f 1036 1066 1065
f 1036 1037 1066
f 1037 1067 1066
f 1037 1038 1067
f 1038 1068 1067
f 1038 1039 1068
f 1039 1069 1068
f 1041 1071 1070
f 1041 1070 1039
f 1039 1070 1069
f 1071 1043 1042
f 1071 1042 1070
f 1070 1042 1072
f 1042 1044 1072
f 1044 1073 1072
f 1044 1045 1073
f 1045 1074 1073
f 1045 1046 1074
f 1046 1075 1074
f 1046 1047 1075
f 1047 1076 1075
f 1047 1048 1076
f 1048 1077 1076
f 1048 1049 1077
f 1049 1078 1077
f 1049 1050 1078
f 1050 1079 1078
f 1050 1051 1079
f 1051 1080 1079
f 1051 1052 1080
f 1052 1081 1080
f 1052 1053 1081
f 1053 1082 1081
f 1053 1054 1082
f 1054 1083 1082
f 1054 1055 1083
f 1055 1084 1083
f 1055 1056 1084
f 1056 1085 1084
f 1086 1087 1085
f 1086 1085 1057
f 1057 1085 1056
f 1057 1058 1086
f 1060 1059 1088
f 1090 1088 1059
f 1090 1059 1089
f 1089 1059 1061
f 1061 1062 1089
f 1062 1091 1089
f 1062 1063 1091
f 1063 1092 1091
f 1063 577 1092
f 539 577 1063
f 583 1093 584
f 585 1093 583
f 1094 1093 585
f 586 1094 585
f 1095 1094 586
f 587 1095 586
f 1096 1095 587
f 588 1096 587
f 1097 1096 588
f 589 1097 588
f 1098 1097 589
f 590 1098 589
f 1099 1098 590
f 590 592 1099
f 603 1100 604
f 605 1100 603
f 1101 1100 605
f 606 1101 605
f 1102 1101 606
f 607 1102 606
f 1103 1102 607
f 607 608 1103
f 615 1104 616
f 575 1104 615
f 575 1064 1104
f 1064 1105 1104
f 1064 1065 1105
f 1065 1106 1105
f 1065 1066 1106
f 1066 1107 1106
f 1066 1067 1107
f 1067 1108 1107
f 1067 1068 1108
f 1068 1109 1108
f 1068 1069 1109
f 1069 1110 1109
f 1069 1070 1110
f 1070 1111 1110
f 1070 1072 1111
f 1072 1112 1111
f 1072 1073 1112
f 1073 1113 1112
f 1073 1074 1113
f 1074 1114 1113
f 1074 1075 1114
f 1075 1115 1114
f 1075 1076 1115
f 1076 1116 1115
f 1076 1077 1116
f 1077 1117 1116
f 1077 1078 1117
f 1078 1118 1117
f 1078 1079 1118
f 1079 1119 1118
f 1079 1080 1119
f 1080 1120 1119
f 1080 1081 1120
f 1081 1121 1120
f 1081 1082 1121
f 1082 1122 1121
f 1082 1083 1122
f 1083 1123 1122
f 1083 1084 1123
f 1084 1124 1123
f 1125 1126 1124
f 1125 1124 1085
f 1085 1124 1084
f 1085 1087 1125
f 1090 1089 1127
f 1089 1091 1128
f 1127 1089 1128
f 1130 1128 1091
f 1130 1091 1129
f 1129 1091 1092
f 617 1092 577
f 617 1131 1092
f 1131 1129 1092
f 618 1131 617
f 1132 1131 618
f 619 1132 618
f 1133 1132 619
f 620 1133 619
f 1134 1133 620
f 621 1134 620
f 1135 1134 621
f 622 1135 621
f 1136 1135 622
f 584 1136 622
f 584 1093 1136
f 1093 1137 1136
f 1093 1094 1137
f 1094 1138 1137
f 1094 1095 1138
f 1095 1139 1138
f 1095 1096 1139
f 1096 1140 1139
f 1096 1097 1140
f 1097 1141 1140
f 1097 1098 1141
f 1098 1142 1141
f 1098 1099 1142
f 1099 1143 1142
f 623 1099 592
f 623 1144 1099
f 1144 1143 1099
f 624 1144 623
f 1145 1144 624
f 625 1145 624
f 1146 1145 625
f 626 1146 625
f 1147 1146 626
f 627 1147 626
f 1148 1147 627
f 628 1148 627
f 1149 1148 628
f 629 1149 628
f 1150 1149 629
f 630 1150 629
f 1151 1150 630
f 631 1151 630
f 1152 1151 631
f 632 1152 631
f 1153 1152 632
f 633 1153 632
f 1154 1153 633
f 604 1154 633
f 604 1100 1154
f 1100 1155 1154
f 1100 1101 1155
f 1101 1156 1155
f 1101 1102 1156
f 1102 1157 1156
f 635 1103 634
f 635 1157 1103
f 1157 1102 1103
f 1103 608 634
f 645 1158 646
f 616 1158 645
f 616 1104 1158
f 1104 1159 1158
f 1104 1105 1159
f 1105 1160 1159
f 1105 1106 1160
f 1106 1161 1160
f 1106 1107 1161
f 1107 1162 1161
f 1107 1108 1162
f 1108 1163 1162
f 1108 1109 1163
f 1109 1164 1163
f 1109 1110 1164
f 1110 1165 1164
f 1110 1111 1165
f 1111 1166 1165
f 1111 1112 1166
f 1112 1167 1166
f 1112 1113 1167
f 1113 1168 1167
f 1113 1114 1168
f 1114 1169 1168
f 1114 1115 1169
f 1115 1170 1169
f 1115 1116 1170
f 1116 1171 1170
f 1116 1117 1171
f 1117 1172 1171
f 1117 1118 1172
f 1118 1173 1172
f 1118 1119 1173
f 1119 1174 1173
f 1119 1120 1174
f 1120 1175 1174
f 1120 1121 1175
f 1121 1176 1175
f 1121 1122 1176
f 1122 1177 1176
f 1122 1123 1177
f 1123 1178 1177
f 1179 1180 1178
f 1179 1178 1124
f 1124 1178 1123
f 1124 1126 1179
f 1130 1129 1181
f 1183 1181 1129
f 1183 1129 1182
f 1182 1129 1131
f 1131 1132 1182
f 1132 1184 1182
f 1132 1133 1184
f 1133 1185 1184
f 1133 1134 1185
f 1134 1186 1185
f 1134 1135 1186
f 1135 1187 1186
f 1188 1189 1187
f 1188 1187 1136
f 1136 1187 1135
f 1136 1137 1190
f 1188 1136 1190
f 1137 1138 1191
f 1190 1137 1191
f 1138 1139 1192
f 1191 1138 1192
f 1139 1140 1193
f 1192 1139 1193
f 1140 1141 1194
f 1193 1140 1194
f 1196 1194 1141
f 1196 1141 1195
f 1195 1141 1142
f 1142 1143 1195
f 1143 1197 1195
f 1143 1144 1197
f 1144 1198 1197
f 1144 1145 1198
f 1145 1199 1198
f 1145 1146 1199
f 1146 1200 1199
f 1146 1147 1200
f 1147 1201 1200
f 1147 1148 1201
f 1148 1202 1201
f 1148 1149 1202
f 1149 1203 1202
f 1149 1150 1203
f 1150 1204 1203
f 1150 1151 1204
f 1151 1205 1204
f 1151 1152 1205
f 1152 1206 1205
f 1152 1153 1206
f 1153 1207 1206
f 1153 1154 1207
f 1154 1208 1207
f 1154 1155 1208
f 1155 1209 1208
f 1155 1156 1209
f 1156 1210 1209
f 1156 1157 1210
f 1157 1211 1210
f 647 1157 635
f 647 1212 1157
f 1212 1211 1157
f 647 648 1212
f 655 1213 656
f 646 1213 655
f 646 1158 1213
f 1158 1214 1213
f 1158 1159 1214
f 1159 1215 1214
f 1159 1160 1215
f 1160 1216 1215
f 1160 1161 1216
f 1161 1217 1216
f 1161 1162 1217
f 1162 1218 1217
f 1162 1163 1218
f 1163 1219 1218
f 1163 1164 1219
f 1164 1220 1219
f 1164 1165 1220
f 1165 1221 1220
f 1165 1166 1221
f 1166 1222 1221
f 1166 1167 1222
f 1167 1223 1222
f 1167 1168 1223
f 1168 1224 1223
f 1225 1226 1224
f 1225 1224 1169
f 1169 1224 1168
f 1228 1225 1169
f 1228 1169 1227
f 1227 1169 1170
f 1170 1171 1227
f 1171 1229 1227
f 1171 1172 1229
f 1172 1230 1229
f 1172 1173 1230
f 1173 1231 1230
f 1173 1174 1231
f 1174 1232 1231
f 1174 1175 1232
f 1175 1233 1232
f 1175 1176 1233
f 1176 1234 1233
f 1235 1236 1234
f 1235 1234 1177
f 1177 1234 1176
f 1177 1178 1237
f 1235 1177 1237
f 1178 1180 1237
f 1183 1182 1238
f 1182 1184 1239
f 1238 1182 1239
f 1184 1185 1240
f 1239 1184 1240
f 1185 1186 1241
f 1240 1185 1241
f 1186 1187 1242
f 1241 1186 1242
f 1187 1189 1242
f 1245 1244 1243
f 1244 1247 1246
f 1243 1244 1246
f 1247 1249 1248
f 1246 1247 1248
f 1249 1196 1195
f 1249 1195 1248
f 1248 1195 1250
f 1195 1197 1250
f 1197 1251 1250
f 1197 1198 1251
f 1198 1252 1251
f 1198 1199 1252
f 1199 1253 1252
f 1199 1200 1253
f 1200 1254 1253
f 1200 1201 1254
f 1201 1255 1254
f 1201 1202 1255
f 1202 1256 1255
f 1202 1203 1256
f 1203 1257 1256
f 1203 1204 1257
f 1204 1258 1257
f 1204 1205 1258
f 1205 1259 1258
f 1205 1206 1259
f 1206 1260 1259
f 1206 1207 1260
f 1207 1261 1260
f 1207 1208 1261
f 1208 1262 1261
f 1208 1209 1262
f 1209 1263 1262
f 1209 1210 1263
f 1210 1264 1263
f 1210 1211 1264
f 1211 1265 1264
f 1211 1212 1265
f 1212 1266 1265
f 1212 658 1266
f 648 658 1212
f 666 1267 667
f 668 1267 666
f 1268 1267 668
f 656 1268 668
f 656 1213 1268
f 1213 1269 1268
f 1213 1214 1269
f 1214 1270 1269
f 1214 1215 1270
f 1215 1271 1270
f 1215 1216 1271
f 1216 1272 1271
f 1273 1274 1272
f 1273 1272 1217
f 1217 1272 1216
f 1217 1218 1275
f 1273 1217 1275
f 1218 1219 1276
f 1275 1218 1276
f 1219 1220 1277
f 1276 1219 1277
f 1220 1221 1278
f 1277 1220 1278
f 1221 1222 1279
f 1278 1221 1279
f 1222 1223 1280
f 1279 1222 1280
f 1223 1224 1281
f 1280 1223 1281
f 1224 1226 1281
f 1228 1227 1282
f 1227 1229 1283
f 1282 1227 1283
f 1229 1230 1284
f 1283 1229 1284
f 1230 1231 1285
f 1284 1230 1285
f 1231 1232 1286
f 1285 1231 1286
f 1232 1233 1287
f 1286 1232 1287
f 1233 1234 1288
f 1287 1233 1288
f 1234 1236 1288
f 1245 1243 1289
f 1243 1246 1290
f 1289 1243 1290
f 1246 1248 1291
f 1290 1246 1291
f 1248 1250 1292
f 1291 1248 1292
f 1294 1292 1250
f 1294 1250 1293
f 1293 1250 1251
f 1251 1252 1293
f 1252 1295 1293
f 1252 1253 1295
f 1253 1296 1295
f 1253 1254 1296
f 1254 1297 1296
f 1298 1299 1297
f 1298 1297 1255
f 1255 1297 1254
f 1255 1256 1300
f 1298 1255 1300
f 1256 1257 1301
f 1300 1256 1301
f 1257 1258 1302
f 1301 1257 1302
f 1258 1259 1303
f 1302 1258 1303
f 1259 1260 1304
f 1303 1259 1304
f 1260 1261 1305
f 1304 1260 1305
f 1261 1262 1306
f 1305 1261 1306
f 1308 1306 1262
f 1308 1262 1307
f 1307 1262 1263
f 1263 1264 1307
f 1264 1309 1307
f 1264 1265 1309
f 1265 1310 1309
f 1265 1266 1310
f 1266 1311 1310
f 669 1266 658
f 669 1312 1266
f 1312 1311 1266
f 669 671 1312
f 678 1313 679
f 680 1313 678
f 1314 1313 680
f 667 1314 680
f 667 1267 1314
f 1267 1315 1314
f 1267 1268 1315
f 1268 1316 1315
f 1268 1269 1316
f 1269 1317 1316
f 1269 1270 1317
f 1270 1318 1317
f 1319 1320 1318
f 1319 1318 1271
f 1271 1318 1270
f 1271 1272 1321
f 1319 1271 1321
f 1272 1274 1321
f 1294 1293 1322
f 1293 1295 1323
f 1322 1293 1323
f 1295 1296 1324
f 1323 1295 1324
f 1296 1297 1325
f 1324 1296 1325
f 1297 1299 1325
f 1308 1307 1326
f 1307 1309 1327
f 1326 1307 1327
f 1309 1310 1328
f 1327 1309 1328
f 1330 1328 1310
f 1330 1310 1329
f 1329 1310 1311
f 1311 1312 1329
f 1312 1331 1329
f 1312 681 1331
f 671 681 1312
f 686 1332 687
f 688 1332 686
f 1333 1332 688
f 679 1333 688
f 679 1313 1333
f 1313 1334 1333
f 1313 1314 1334
f 1314 1335 1334
f 1314 1315 1335
f 1315 1336 1335
f 1315 1316 1336
f 1316 1337 1336
f 1338 1339 1337
f 1338 1337 1317
f 1317 1337 1316
f 1317 1318 1340
f 1338 1317 1340
f 1318 1320 1340
f 1342 1330 1329
f 1341 1342 1329
f 1329 1331 1341
f 1331 1343 1341
f 1331 690 1343
f 681 690 1331
f 693 1344 694
f 695 1344 693
f 1345 1344 695
f 687 1345 695
f 687 1332 1345
f 1332 1346 1345
f 1332 1333 1346
f 1333 1347 1346
f 1348 1349 1347
f 1348 1347 1334
f 1334 1347 1333
f 1334 1335 1350
f 1348 1334 1350
f 1335 1336 1351
f 1350 1335 1351
f 1336 1337 1352
f 1351 1336 1352
f 1337 1339 1352
f 1354 1342 1341
f 1353 1354 1341
f 1341 1343 1353
f 1343 1355 1353
f 1343 697 1355
f 690 697 1343
f 698 1356 699
f 700 1356 698
f 1357 1356 700
f 694 1357 700
f 694 1344 1357
f 1344 1358 1357
f 1359 1360 1358
f 1359 1358 1345
f 1345 1358 1344
f 1345 1346 1361
f 1359 1345 1361
f 1346 1347 1362
f 1361 1346 1362
f 1347 1349 1362
f 1364 1354 1353
f 1363 1364 1353
f 1353 1355 1363
f 1355 1365 1363
f 1355 702 1365
f 697 702 1355
f 1366 699 1356
f 703 699 1366
f 1356 1357 1366
f 1357 1367 1366
f 1357 1358 1367
f 1358 1368 1367
f 1360 1369 1368
f 1358 1360 1368
f 1364 1363 1370
f 1363 1365 1371
f 1370 1363 1371
f 1365 1372 1371
f 1365 702 1372
f 702 705 1372
f 1373 703 1366
f 706 703 1373
f 1366 1367 1373
f 1367 1374 1373
f 1375 1376 1374
f 1375 1374 1368
f 1368 1374 1367
f 1368 1369 1375
f 707 1377 1378
f 707 1378 705
f 705 1378 1372
f 706 1377 707
f 706 1373 1377
f 1373 1379 1377
f 1380 1381 1379
f 1380 1379 1374
f 1374 1379 1373
f 1374 1376 1380
f 1378 1377 1382
f 1377 1379 1383
f 1382 1377 1383
f 1379 1381 1383
f 710 1385 1384
f 709 710 1384
f 1384 1386 709
f 709 1386 711
f 1386 1387 711
f 711 1387 713
f 1387 1388 713
f 713 1388 715
f 1388 1389 715
f 715 1389 717
f 717 1389 1390
f 718 717 1390
f 1393 1392 1391
f 1392 1395 1394
f 1391 1392 1394
f 1395 1397 1396
f 1394 1395 1396
f 1397 1399 1398
f 1396 1397 1398
f 721 1398 1399
f 721 1399 720
f 720 1399 1400
f 1400 1401 720
f 720 1401 723
f 1401 1402 723
f 723 1402 725
f 1402 1403 725
f 725 1403 727
f 1403 1404 727
f 727 1404 729
f 1404 1405 729
f 729 1405 731
f 1405 1406 731
f 731 1406 733
f 1406 1407 733
f 733 1407 735
f 1407 1408 735
f 735 1408 737
f 1408 1409 737
f 737 1409 739
f 1410 740 739
f 1410 739 1411
f 1411 739 1409
f 1411 741 1410
f 1411 1385 741
f 1385 710 741
f 1390 743 718
f 1412 743 1390
f 1412 1413 743
f 743 1413 745
f 1414 746 745
f 1414 745 1415
f 1415 745 1413
f 1415 1417 1416
f 1414 1415 1416
f 1417 1418 1416
f 1421 1420 1419
f 1420 1423 1422
f 1419 1420 1422
f 1423 1425 1424
f 1422 1423 1424
f 1425 1427 1426
f 1424 1425 1426
f 1427 1393 1391
f 1427 1391 1426
f 1426 1391 1428
f 749 1394 748
f 749 1428 1394
f 1428 1391 1394
f 1396 748 1394
f 751 748 1396
f 1398 751 1396
f 753 751 1398
f 1398 721 753
f 1410 756 740
f 1410 741 756
f 1414 757 746
f 1416 757 1414
f 759 757 1416
f 1418 759 1416
f 1418 1429 759
f 1429 761 759
f 1430 762 761
f 1430 761 1431
f 1431 761 1429
f 1431 1433 1432
f 1430 1431 1432
f 1433 1434 1432
f 1436 1421 1419
f 1435 1436 1419
f 1419 1422 1435
f 1422 1437 1435
f 1422 1424 1437
f 1424 1438 1437
f 1424 1426 1438
f 1426 1439 1438
f 765 1428 764
f 765 1439 1428
f 1439 1426 1428
f 1428 749 764
f 1430 769 762
f 1432 769 1430
f 771 769 1432
f 771 1440 772
f 1432 1440 771
f 1432 1441 1440
f 1432 1434 1441
f 1441 1443 1442
f 1440 1441 1442
f 1443 1444 1442
f 1436 1435 1445
f 1435 1437 1446
f 1445 1435 1446
f 1448 1446 1437
f 1448 1437 1447
f 1447 1437 1438
f 1438 1439 1447
f 1439 1449 1447
f 773 1439 765
f 773 1450 1439
f 1450 1449 1439
f 774 1450 773
f 1451 1450 774
f 774 776 1451
f 1440 783 772
f 783 1452 784
f 783 1440 1452
f 1440 1442 1452
f 1444 1454 1453
f 1444 1453 1442
f 1442 1453 1452
f 1454 1455 1453
f 1448 1447 1456
f 1447 1449 1457
f 1456 1447 1457
f 1449 1450 1458
f 1457 1449 1458
f 1450 1451 1459
f 1458 1450 1459
f 1451 776 785
f 1451 785 1459
f 1459 785 1460
f 1460 785 1461
f 785 786 1461
f 1463 787 1462
f 1463 1461 787
f 1461 786 787
f 788 1462 787
f 1464 1462 788
f 789 1464 788
f 1465 1464 789
f 790 1465 789
f 1466 1465 790
f 790 792 1466
f 1452 799 784
f 799 1467 800
f 799 1452 1467
f 1452 1453 1467
f 1455 1469 1468
f 1455 1468 1453
f 1453 1468 1467
f 1469 1470 1468
f 1463 1462 1471
f 1462 1464 1472
f 1471 1462 1472
f 1464 1465 1473
f 1472 1464 1473
f 1465 1466 1474
f 1473 1465 1474
f 1466 792 801
f 1466 801 1474
f 1474 801 1475
f 1475 801 1476
f 801 802 1476
f 1476 802 1477
f 802 803 1477
f 1477 803 1478
f 803 804 1478
f 1478 804 1479
f 804 805 1479
f 1481 806 1480
f 1481 1479 806
f 1479 805 806
f 807 1480 806
f 1482 1480 807
f 808 1482 807
f 1483 1482 808
f 808 810 1483
f 1467 813 800
f 813 1484 814
f 813 1467 1484
f 1467 1468 1484
f 1470 1486 1485
f 1470 1485 1468
f 1468 1485 1484
f 1486 1487 1485
f 1490 1489 1488
f 1489 1492 1491
f 1488 1489 1491
f 1492 1494 1493
f 1491 1492 1493
f 1494 1496 1495
f 1493 1494 1495
f 1496 1498 1497
f 1495 1496 1497
f 1498 1500 1499
f 1497 1498 1499
f 1500 1502 1501
f 1499 1500 1501
f 1502 1504 1503
f 1501 1502 1503
f 1504 1506 1505
f 1503 1504 1505
f 1506 1508 1507
f 1505 1506 1507
f 1508 1510 1509
f 1507 1508 1509
f 1510 1512 1511
f 1509 1510 1511
f 1512 1514 1513
f 1511 1512 1513
f 1514 1516 1515
f 1513 1514 1515
f 1516 1518 1517
f 1515 1516 1517
f 1518 1520 1519
f 1517 1518 1519
f 1520 1522 1521
f 1519 1520 1521
f 1522 1524 1523
f 1521 1522 1523
f 1524 1526 1525
f 1523 1524 1525
f 1526 1528 1527
f 1525 1526 1527
f 1528 1530 1529
f 1527 1528 1529
f 1530 1532 1531
f 1529 1530 1531
f 1532 1534 1533
f 1531 1532 1533
f 1534 1536 1535
f 1533 1534 1535
f 1536 1538 1537
f 1535 1536 1537
f 1538 1539 1537
f 1542 1541 1540
f 1541 1544 1543
f 1540 1541 1543
f 1544 1546 1545
f 1543 1544 1545
f 1546 1547 1545
f 1550 1549 1548
f 1549 1552 1551
f 1548 1549 1551
f 1552 1554 1553
f 1551 1552 1553
f 1554 1481 1480
f 1554 1480 1553
f 1553 1480 1555
f 1480 1482 1555
f 1482 1556 1555
f 1482 1483 1556
f 1483 1557 1556
f 1483 815 1557
f 810 815 1483
f 1484 819 814
f 819 1558 820
f 819 1484 1558
f 1484 1485 1558
f 1487 1560 1559
f 1487 1559 1485
f 1485 1559 1558
f 1560 1561 1559
f 1564 1563 1562
f 1563 1566 1565
f 1562 1563 1565
f 1566 1490 1488
f 1566 1488 1565
f 1565 1488 1567
f 823 1491 822
f 823 1567 1491
f 1567 1488 1491
f 1493 822 1491
f 825 822 1493
f 1495 825 1493
f 827 825 1495
f 1497 827 1495
f 829 827 1497
f 1499 829 1497
f 831 829 1499
f 1501 831 1499
f 833 831 1501
f 1503 833 1501
f 835 833 1503
f 1505 835 1503
f 837 835 1505
f 1507 837 1505
f 839 837 1507
f 1509 839 1507
f 841 839 1509
f 1511 841 1509
f 843 841 1511
f 1513 843 1511
f 845 843 1513
f 1515 845 1513
f 847 845 1515
f 1517 847 1515
f 849 847 1517
f 1519 849 1517
f 851 849 1519
f 1521 851 1519
f 853 851 1521
f 1523 853 1521
f 855 853 1523
f 1525 855 1523
f 857 855 1525
f 1527 857 1525
f 859 857 1527
f 1529 859 1527
f 861 859 1529
f 1531 861 1529
f 863 861 1531
f 1533 863 1531
f 865 863 1533
f 1535 865 1533
f 867 865 1535
f 1537 867 1535
f 869 867 1537
f 869 1568 870
f 1537 1568 869
f 1537 1569 1568
f 1537 1539 1569
f 1569 1571 1570
f 1568 1569 1570
f 1571 1572 1570
f 1575 1574 1573
f 1540 872 873
f 1542 1540 873
f 1542 873 1573
f 1542 1573 1574
f 1543 872 1540
f 875 872 1543
f 1545 875 1543
f 877 875 1545
f 1547 877 1545
f 1547 1576 877
f 1576 879 877
f 1577 880 879
f 1577 879 1578
f 1578 879 1576
f 1578 1580 1579
f 1577 1578 1579
f 1580 1582 1581
f 1579 1580 1581
f 1582 1584 1583
f 1581 1582 1583
f 1584 1586 1585
f 1583 1584 1585
f 1586 1588 1587
f 1585 1586 1587
f 1588 1590 1589
f 1587 1588 1589
f 1590 1592 1591
f 1589 1590 1591
f 1592 1594 1593
f 1591 1592 1593
f 883 1593 1594
f 883 1594 882
f 882 1594 1595
f 1595 1596 882
f 882 1596 885
f 1548 1596 1550
f 1548 887 1596
f 887 885 1596
f 1551 887 1548
f 889 887 1551
f 1553 889 1551
f 891 889 1553
f 1555 891 1553
f 893 891 1555
f 1556 893 1555
f 895 893 1556
f 1557 895 1556
f 897 895 1557
f 1557 815 897
f 1597 820 1558
f 901 820 1597
f 1558 1559 1597
f 1559 1598 1597
f 1561 1599 1598
f 1559 1561 1598
f 1602 1601 1600
f 1601 1564 1562
f 1601 1562 1600
f 1600 1562 1603
f 904 1565 903
f 904 1603 1565
f 1603 1562 1565
f 1567 903 1565
f 906 903 1567
f 1567 823 906
f 1568 928 870
f 928 1604 929
f 928 1568 1604
f 1568 1570 1604
f 1572 1606 1605
f 1572 1605 1570
f 1570 1605 1604
f 1606 1607 1605
f 1573 931 932
f 1573 932 1575
f 1575 932 1608
f 1573 873 931
f 1577 935 880
f 1579 935 1577
f 937 935 1579
f 1581 937 1579
f 939 937 1581
f 1583 939 1581
f 941 939 1583
f 1585 941 1583
f 943 941 1585
f 1587 943 1585
f 945 943 1587
f 1589 945 1587
f 947 945 1589
f 1591 947 1589
f 949 947 1591
f 1593 949 1591
f 951 949 1593
f 1593 883 951
f 1609 901 1597
f 965 901 1609
f 1597 1598 1609
f 1598 1610 1609
f 1599 1612 1611
f 1599 1611 1598
f 1598 1611 1610
f 1612 1613 1611
f 1615 1602 1600
f 1614 1615 1600
f 1600 1603 1614
f 1603 1616 1614
f 1603 967 1616
f 904 967 1603
f 1604 972 929
f 1605 972 1604
f 974 972 1605
f 974 1617 975
f 1605 1617 974
f 1605 1618 1617
f 1605 1607 1618
f 978 1617 1618
f 978 1618 977
f 977 1618 1619
f 1619 932 977
f 1608 932 1619
f 1620 965 1609
f 998 965 1620
f 1609 1610 1620
f 1610 1621 1620
f 1610 1611 1621
f 1611 1622 1621
f 1613 1623 1622
f 1611 1613 1622
f 1626 1625 1624
f 1625 1615 1614
f 1625 1614 1624
f 1624 1614 1627
f 1001 1616 1000
f 1001 1627 1616
f 1627 1614 1616
f 1616 967 1000
f 1617 1008 975
f 1617 978 1008
f 1628 998 1620
f 1027 998 1628
f 1620 1621 1628
f 1621 1629 1628
f 1630 1631 1629
f 1630 1629 1622
f 1622 1629 1621
f 1622 1623 1630
f 1633 1626 1624
f 1632 1633 1624
f 1624 1627 1632
f 1627 1634 1632
f 1627 1029 1634
f 1001 1029 1627
f 1040 1635 1041
f 1040 1043 1635
f 1636 1027 1628
f 1058 1027 1636
f 1628 1629 1636
f 1629 1637 1636
f 1631 1638 1637
f 1629 1631 1637
f 1633 1632 1639
f 1641 1639 1632
f 1641 1632 1640
f 1640 1632 1634
f 1634 1060 1640
f 1029 1060 1634
f 1635 1071 1041
f 1635 1043 1071
f 1086 1642 1087
f 1058 1642 1086
f 1058 1636 1642
f 1636 1643 1642
f 1636 1637 1643
f 1637 1644 1643
f 1638 1645 1644
f 1637 1638 1644
f 1647 1641 1640
f 1646 1647 1640
f 1088 1640 1060
f 1088 1648 1640
f 1648 1646 1640
f 1088 1090 1648
f 1125 1649 1126
f 1087 1649 1125
f 1087 1642 1649
f 1642 1650 1649
f 1642 1643 1650
f 1643 1651 1650
f 1652 1653 1651
f 1652 1651 1644
f 1644 1651 1643
f 1644 1645 1652
f 1647 1646 1654
f 1656 1654 1646
f 1656 1646 1655
f 1655 1646 1648
f 1127 1648 1090
f 1127 1657 1648
f 1657 1655 1648
f 1128 1657 1127
f 1658 1657 1128
f 1128 1130 1658
f 1179 1659 1180
f 1126 1659 1179
f 1126 1649 1659
f 1649 1660 1659
f 1649 1650 1660
f 1650 1661 1660
f 1650 1651 1661
f 1651 1662 1661
f 1653 1663 1662
f 1651 1653 1662
f 1656 1655 1664
f 1655 1657 1665
f 1664 1655 1665
f 1667 1665 1657
f 1667 1657 1666
f 1666 1657 1658
f 1181 1658 1130
f 1181 1668 1658
f 1668 1666 1658
f 1181 1183 1668
f 1188 1669 1189
f 1190 1669 1188
f 1670 1669 1190
f 1191 1670 1190
f 1671 1670 1191
f 1192 1671 1191
f 1672 1671 1192
f 1193 1672 1192
f 1673 1672 1193
f 1194 1673 1193
f 1674 1673 1194
f 1194 1196 1674
f 1225 1675 1226
f 1225 1228 1675
f 1235 1676 1236
f 1237 1676 1235
f 1677 1676 1237
f 1180 1677 1237
f 1180 1659 1677
f 1659 1678 1677
f 1659 1660 1678
f 1660 1679 1678
f 1660 1661 1679
f 1661 1680 1679
f 1681 1682 1680
f 1681 1680 1662
f 1662 1680 1661
f 1662 1663 1681
f 1667 1666 1683
f 1666 1668 1684
f 1683 1666 1684
f 1668 1183 1238
f 1668 1238 1684
f 1684 1238 1685
f 1687 1239 1686
f 1687 1685 1239
f 1685 1238 1239
f 1240 1686 1239
f 1688 1686 1240
f 1241 1688 1240
f 1689 1688 1241
f 1689 1690 1691
f 1689 1241 1690
f 1241 1242 1690
f 1189 1669 1692
f 1189 1692 1242
f 1242 1692 1690
f 1694 1692 1669
f 1694 1669 1693
f 1693 1669 1670
f 1670 1671 1693
f 1671 1695 1693
f 1245 1672 1244
f 1245 1695 1672
f 1695 1671 1672
f 1673 1244 1672
f 1247 1244 1673
f 1674 1247 1673
f 1249 1247 1674
f 1674 1196 1249
f 1273 1696 1274
f 1275 1696 1273
f 1697 1696 1275
f 1276 1697 1275
f 1698 1697 1276
f 1277 1698 1276
f 1699 1698 1277
f 1278 1699 1277
f 1700 1699 1278
f 1279 1700 1278
f 1701 1700 1279
f 1280 1701 1279
f 1702 1701 1280
f 1281 1702 1280
f 1703 1702 1281
f 1226 1703 1281
f 1226 1675 1703
f 1675 1704 1703
f 1282 1675 1228
f 1282 1705 1675
f 1705 1704 1675
f 1283 1705 1282
f 1706 1705 1283
f 1284 1706 1283
f 1707 1706 1284
f 1285 1707 1284
f 1708 1707 1285
f 1286 1708 1285
f 1709 1708 1286
f 1287 1709 1286
f 1710 1709 1287
f 1288 1710 1287
f 1711 1710 1288
f 1236 1711 1288
f 1236 1676 1711
f 1676 1712 1711
f 1676 1677 1712
f 1677 1713 1712
f 1677 1678 1713
f 1678 1714 1713
f 1678 1679 1714
f 1679 1715 1714
f 1679 1680 1715
f 1680 1716 1715
f 1682 1717 1716
f 1680 1682 1716
f 1687 1686 1718
f 1686 1688 1719
f 1718 1686 1719
f 1688 1689 1720
f 1719 1688 1720
f 1689 1691 1720
f 1694 1693 1721
f 1723 1721 1693
f 1723 1693 1722
f 1722 1693 1695
f 1289 1695 1245
f 1289 1724 1695
f 1724 1722 1695
f 1290 1724 1289
f 1725 1724 1290
f 1291 1725 1290
f 1726 1725 1291
f 1292 1726 1291
f 1727 1726 1292
f 1292 1294 1727
f 1298 1728 1299
f 1300 1728 1298
f 1729 1728 1300
f 1301 1729 1300
f 1730 1729 1301
f 1302 1730 1301
f 1731 1730 1302
f 1303 1731 1302
f 1732 1731 1303
f 1304 1732 1303
f 1733 1732 1304
f 1305 1733 1304
f 1734 1733 1305
f 1306 1734 1305
f 1735 1734 1306
f 1306 1308 1735
f 1319 1736 1320
f 1321 1736 1319
f 1737 1736 1321
f 1274 1737 1321
f 1274 1696 1737
f 1696 1738 1737
f 1696 1697 1738
f 1697 1739 1738
f 1697 1698 1739
f 1698 1740 1739
f 1698 1699 1740
f 1699 1741 1740
f 1699 1700 1741
f 1700 1742 1741
f 1700 1701 1742
f 1701 1743 1742
f 1701 1702 1743
f 1702 1744 1743
f 1702 1703 1744
f 1703 1745 1744
f 1703 1704 1745
f 1704 1746 1745
f 1704 1705 1746
f 1705 1747 1746
f 1705 1706 1747
f 1706 1748 1747
f 1706 1707 1748
f 1707 1749 1748
f 1707 1708 1749
f 1708 1750 1749
f 1708 1709 1750
f 1709 1751 1750
f 1709 1710 1751
f 1710 1752 1751
f 1710 1711 1752
f 1711 1753 1752
f 1711 1712 1753
f 1712 1754 1753
f 1712 1713 1754
f 1713 1755 1754
f 1713 1714 1755
f 1714 1756 1755
f 1714 1715 1756
f 1715 1757 1756
f 1758 1759 1757
f 1758 1757 1716
f 1716 1757 1715
f 1716 1717 1758
f 1723 1722 1760
f 1722 1724 1761
f 1760 1722 1761
f 1724 1725 1762
f 1761 1724 1762
f 1725 1726 1763
f 1762 1725 1763
f 1765 1763 1726
f 1765 1726 1764
f 1764 1726 1727
f 1322 1727 1294
f 1322 1766 1727
f 1766 1764 1727
f 1323 1766 1322
f 1767 1766 1323
f 1324 1767 1323
f 1768 1767 1324
f 1325 1768 1324
f 1769 1768 1325
f 1299 1769 1325
f 1299 1728 1769
f 1728 1770 1769
f 1728 1729 1770
f 1729 1771 1770
f 1729 1730 1771
f 1730 1772 1771
f 1730 1731 1772
f 1731 1773 1772
f 1731 1732 1773
f 1732 1774 1773
f 1732 1733 1774
f 1733 1775 1774
f 1733 1734 1775
f 1734 1776 1775
f 1734 1735 1776
f 1735 1777 1776
f 1326 1735 1308
f 1326 1778 1735
f 1778 1777 1735
f 1327 1778 1326
f 1779 1778 1327
f 1328 1779 1327
f 1780 1779 1328
f 1328 1330 1780
f 1338 1781 1339
f 1340 1781 1338
f 1782 1781 1340
f 1320 1782 1340
f 1320 1736 1782
f 1736 1783 1782
f 1736 1737 1783
f 1737 1784 1783
f 1737 1738 1784
f 1738 1785 1784
f 1738 1739 1785
f 1739 1786 1785
f 1739 1740 1786
f 1740 1787 1786
f 1788 1789 1787
f 1788 1787 1741
f 1741 1787 1740
f 1741 1742 1790
f 1788 1741 1790
f 1742 1743 1791
f 1790 1742 1791
f 1743 1744 1792
f 1791 1743 1792
f 1744 1745 1793
f 1792 1744 1793
f 1745 1746 1794
f 1793 1745 1794
f 1746 1747 1795
f 1794 1746 1795
f 1747 1748 1796
f 1795 1747 1796
f 1798 1796 1748
f 1798 1748 1797
f 1797 1748 1749
f 1749 1750 1797
f 1750 1799 1797
f 1800 1801 1799
f 1800 1799 1751
f 1751 1799 1750
f 1751 1752 1802
f 1800 1751 1802
f 1752 1753 1803
f 1802 1752 1803
f 1753 1754 1804
f 1803 1753 1804
f 1754 1755 1805
f 1804 1754 1805
f 1755 1756 1806
f 1805 1755 1806
f 1756 1757 1807
f 1806 1756 1807
f 1757 1759 1807
f 1765 1764 1808
f 1764 1766 1809
f 1808 1764 1809
f 1766 1767 1810
f 1809 1766 1810
f 1767 1768 1811
f 1810 1767 1811
f 1768 1769 1812
f 1811 1768 1812
f 1769 1770 1813
f 1812 1769 1813
f 1770 1771 1814
f 1813 1770 1814
f 1771 1772 1815
f 1814 1771 1815
f 1772 1773 1816
f 1815 1772 1816
f 1818 1816 1773
f 1818 1773 1817
f 1817 1773 1774
f 1774 1775 1817
f 1775 1819 1817
f 1775 1776 1819
f 1776 1820 1819
f 1776 1777 1820
f 1777 1821 1820
f 1777 1778 1821
f 1778 1822 1821
f 1778 1779 1822
f 1779 1823 1822
f 1779 1780 1823
f 1780 1824 1823
f 1780 1342 1824
f 1330 1342 1780
f 1348 1825 1349
f 1350 1825 1348
f 1826 1825 1350
f 1351 1826 1350
f 1827 1826 1351
f 1352 1827 1351
f 1828 1827 1352
f 1339 1828 1352
f 1339 1781 1828
f 1781 1829 1828
f 1830 1831 1829
f 1830 1829 1782
f 1782 1829 1781
f 1782 1783 1832
f 1830 1782 1832
f 1783 1784 1833
f 1832 1783 1833
f 1784 1785 1834
f 1833 1784 1834
f 1785 1786 1835
f 1834 1785 1835
f 1786 1787 1836
f 1835 1786 1836
f 1787 1789 1836
f 1798 1797 1837
f 1797 1799 1838
f 1837 1797 1838
f 1799 1801 1838
f 1818 1817 1839
f 1817 1819 1840
f 1839 1817 1840
f 1819 1820 1841
f 1840 1819 1841
f 1820 1821 1842
f 1841 1820 1842
f 1821 1822 1843
f 1842 1821 1843
f 1822 1823 1844
f 1843 1822 1844
f 1823 1824 1845
f 1844 1823 1845
f 1824 1846 1845
f 1824 1342 1846
f 1342 1354 1846
f 1359 1847 1360
f 1847 1848 1849
f 1847 1359 1848
f 1359 1361 1848
f 1848 1361 1850
f 1361 1362 1850
f 1349 1825 1851
f 1349 1851 1362
f 1362 1851 1850
f 1825 1826 1852
f 1851 1825 1852
f 1826 1827 1853
f 1852 1826 1853
f 1827 1828 1854
f 1853 1827 1854
f 1828 1829 1855
f 1854 1828 1855
f 1829 1831 1855
f 1846 1354 1856
f 1856 1354 1364
f 1857 1360 1847
f 1369 1360 1857
f 1849 1858 1857
f 1847 1849 1857
f 1370 1859 1860
f 1370 1860 1364
f 1364 1860 1856
f 1371 1859 1370
f 1861 1859 1371
f 1371 1372 1861
f 1375 1862 1376
f 1369 1862 1375
f 1369 1857 1862
f 1857 1863 1862
f 1858 1865 1864
f 1858 1864 1857
f 1857 1864 1863
f 1865 1866 1864
f 1860 1859 1867
f 1869 1867 1859
f 1869 1859 1868
f 1868 1859 1861
f 1861 1378 1868
f 1372 1378 1861
f 1380 1870 1381
f 1376 1870 1380
f 1376 1862 1870
f 1862 1871 1870
f 1872 1873 1871
f 1872 1871 1863
f 1863 1871 1862
f 1863 1864 1874
f 1872 1863 1874
f 1864 1866 1874
f 1869 1868 1875
f 1877 1382 1876
f 1875 1382 1877
f 1875 1378 1382
f 1875 1868 1378
f 1383 1876 1382
f 1878 1876 1383
f 1381 1878 1383
f 1381 1870 1878
f 1870 1879 1878
f 1880 1881 1879
f 1880 1879 1871
f 1871 1879 1870
f 1871 1873 1880
f 1877 1876 1882
f 1876 1878 1883
f 1882 1876 1883
f 1878 1879 1884
f 1883 1878 1884
f 1879 1881 1884
f 1384 1385 1885
f 1885 1887 1886
f 1885 1886 1384
f 1384 1886 1386
f 1886 1888 1386
f 1386 1888 1387
f 1888 1889 1387
f 1387 1889 1388
f 1889 1890 1388
f 1388 1890 1389
f 1389 1890 1891
f 1390 1389 1891
f 1894 1893 1892
f 1893 1896 1895
f 1892 1893 1895
f 1896 1898 1897
f 1895 1896 1897
f 1898 1900 1899
f 1897 1898 1899
f 1900 1902 1901
f 1899 1900 1901
f 1393 1901 1902
f 1393 1902 1392
f 1392 1902 1903
f 1903 1904 1392
f 1392 1904 1395
f 1904 1905 1395
f 1395 1905 1397
f 1905 1906 1397
f 1397 1906 1399
f 1906 1907 1399
f 1399 1907 1400
f 1907 1908 1400
f 1400 1908 1401
f 1908 1909 1401
f 1401 1909 1402
f 1909 1910 1402
f 1402 1910 1403
f 1910 1911 1403
f 1403 1911 1404
f 1911 1912 1404
f 1404 1912 1405
f 1912 1913 1405
f 1405 1913 1406
f 1913 1914 1406
f 1406 1914 1407
f 1914 1915 1407
f 1407 1915 1408
f 1915 1916 1408
f 1408 1916 1409
f 1916 1917 1409
f 1409 1917 1411
f 1385 1918 1885
f 1385 1411 1918
f 1411 1917 1918
f 1885 1918 1887
f 1891 1412 1390
f 1919 1412 1891
f 1919 1920 1412
f 1412 1920 1413
f 1920 1921 1413
f 1413 1921 1415
f 1921 1922 1415
f 1415 1922 1417
f 1417 1922 1923
f 1418 1417 1923
f 1926 1925 1924
f 1925 1894 1892
f 1925 1892 1924
f 1924 1892 1927
f 1421 1895 1420
f 1421 1927 1895
f 1927 1892 1895
f 1897 1420 1895
f 1423 1420 1897
f 1899 1423 1897
f 1425 1423 1899
f 1901 1425 1899
f 1427 1425 1901
f 1901 1393 1427
f 1923 1429 1418
f 1928 1429 1923
f 1928 1929 1429
f 1429 1929 1431
f 1929 1930 1431
f 1431 1930 1433
f 1433 1930 1931
f 1434 1433 1931
f 1933 1926 1924
f 1932 1933 1924
f 1924 1927 1932
f 1927 1934 1932
f 1927 1436 1934
f 1421 1436 1927
f 1931 1441 1434
f 1935 1441 1931
f 1935 1936 1441
f 1441 1936 1443
f 1937 1444 1443
f 1937 1443 1938
f 1938 1443 1936
f 1938 1939 1937
f 1933 1932 1940
f 1932 1934 1941
f 1940 1932 1941
f 1943 1445 1942
f 1941 1445 1943
f 1941 1436 1445
f 1941 1934 1436
f 1446 1942 1445
f 1944 1942 1446
f 1446 1448 1944
f 1937 1454 1444
f 1454 1945 1455
f 1937 1945 1454
f 1937 1946 1945
f 1937 1939 1946
f 1946 1947 1945
f 1950 1949 1948
f 1949 1943 1942
f 1949 1942 1948
f 1948 1942 1951
f 1952 1953 1951
f 1952 1951 1944
f 1944 1951 1942
f 1944 1448 1456
f 1944 1456 1952
f 1952 1456 1954
f 1956 1457 1955
f 1956 1954 1457
f 1954 1456 1457
f 1458 1955 1457
f 1957 1955 1458
f 1459 1957 1458
f 1958 1957 1459
f 1460 1958 1459
f 1959 1958 1460
f 1461 1959 1460
f 1960 1959 1461
f 1461 1463 1960
f 1945 1469 1455
f 1469 1961 1470
f 1945 1961 1469
f 1945 1962 1961
f 1945 1947 1962
f 1962 1963 1961
f 1966 1965 1964
f 1965 1968 1967
f 1964 1965 1967
f 1968 1970 1969
f 1967 1968 1969
f 1970 1972 1971
f 1969 1970 1971
f 1972 1974 1973
f 1971 1972 1973
f 1974 1976 1975
f 1973 1974 1975
f 1976 1978 1977
f 1975 1976 1977
f 1978 1980 1979
f 1977 1978 1979
f 1980 1982 1981
f 1979 1980 1981
f 1982 1984 1983
f 1981 1982 1983
f 1984 1986 1985
f 1983 1984 1985
f 1986 1988 1987
f 1985 1986 1987
f 1988 1990 1989
f 1987 1988 1989
f 1990 1992 1991
f 1989 1990 1991
f 1992 1994 1993
f 1991 1992 1993
f 1994 1996 1995
f 1993 1994 1995
f 1996 1998 1997
f 1995 1996 1997
f 1998 2000 1999
f 1997 1998 1999
f 2000 2002 2001
f 1999 2000 2001
f 2002 2004 2003
f 2001 2002 2003
f 2004 2006 2005
f 2003 2004 2005
f 2006 2008 2007
f 2005 2006 2007
f 2008 2010 2009
f 2007 2008 2009
f 2010 2012 2011
f 2009 2010 2011
f 2012 2014 2013
f 2011 2012 2013
f 2014 2015 2013
f 2017 1950 1948
f 2016 2017 1948
f 1948 1951 2016
f 1951 2018 2016
f 1953 2019 2018
f 1951 1953 2018
f 1956 1955 2020
f 1955 1957 2021
f 2020 1955 2021
f 1957 1958 2022
f 2021 1957 2022
f 1958 1959 2023
f 2022 1958 2023
f 1959 1960 2024
f 2023 1959 2024
f 1960 1463 1471
f 1960 1471 2024
f 2024 1471 2025
f 2025 1471 2026
f 1471 1472 2026
f 2026 1472 2027
f 1472 1473 2027
f 2027 1473 2028
f 1473 1474 2028
f 2028 1474 2029
f 1474 1475 2029
f 2029 1475 2030
f 1475 1476 2030
f 2030 1476 2031
f 1476 1477 2031
f 2031 1477 2032
f 1477 1478 2032
f 2034 1479 2033
f 2034 2032 1479
f 2032 1478 1479
f 1479 1481 2033
f 1961 1486 1470
f 1486 2035 1487
f 1961 2035 1486
f 1961 2036 2035
f 1961 1963 2036
f 2036 2037 2035
f 2040 2039 2038
f 2039 2042 2041
f 2038 2039 2041
f 2042 2044 2043
f 2041 2042 2043
f 1964 1489 1490
f 1966 1964 1490
f 1966 1490 2043
f 1966 2043 2044
f 1967 1489 1964
f 1492 1489 1967
f 1969 1492 1967
f 1494 1492 1969
f 1971 1494 1969
f 1496 1494 1971
f 1973 1496 1971
f 1498 1496 1973
f 1975 1498 1973
f 1500 1498 1975
f 1977 1500 1975
f 1502 1500 1977
f 1979 1502 1977
f 1504 1502 1979
f 1981 1504 1979
f 1506 1504 1981
f 1983 1506 1981
f 1508 1506 1983
f 1985 1508 1983
f 1510 1508 1985
f 1987 1510 1985
f 1512 1510 1987
f 1989 1512 1987
f 1514 1512 1989
f 1991 1514 1989
f 1516 1514 1991
f 1993 1516 1991
f 1518 1516 1993
f 1995 1518 1993
f 1520 1518 1995
f 1997 1520 1995
f 1522 1520 1997
f 1999 1522 1997
f 1524 1522 1999
f 2001 1524 1999
f 1526 1524 2001
f 2003 1526 2001
f 1528 1526 2003
f 2005 1528 2003
f 1530 1528 2005
f 2007 1530 2005
f 1532 1530 2007
f 2009 1532 2007
f 1534 1532 2009
f 2011 1534 2009
f 1536 1534 2011
f 2013 1536 2011
f 1538 1536 2013
f 1538 2045 1539
f 2013 2045 1538
f 2013 2046 2045
f 2013 2015 2046
f 2046 2047 2045
f 2050 2049 2048
f 2016 1541 1542
f 2017 2016 1542
f 2017 1542 2048
f 2017 2048 2049
f 2018 1541 2016
f 1544 1541 2018
f 2019 1544 2018
f 2019 2051 1544
f 2051 1546 1544
f 2052 1547 1546
f 2052 1546 2053
f 2053 1546 2051
f 2053 2055 2054
f 2052 2053 2054
f 2055 2057 2056
f 2054 2055 2056
f 2057 2059 2058
f 2056 2057 2058
f 2059 2061 2060
f 2058 2059 2060
f 2061 2063 2062
f 2060 2061 2062
f 2063 2065 2064
f 2062 2063 2064
f 2065 2067 2066
f 2064 2065 2066
f 2067 2069 2068
f 2066 2067 2068
f 2069 2071 2070
f 2068 2069 2070
f 2071 2073 2072
f 2070 2071 2072
f 2073 2075 2074
f 2072 2073 2074
f 1550 2074 2075
f 1550 2075 1549
f 1549 2075 2076
f 2076 2077 1549
f 1549 2077 1552
f 2033 2077 2034
f 2033 1554 2077
f 1554 1552 2077
f 2033 1481 1554
f 2035 1560 1487
f 1560 2078 1561
f 2035 2078 1560
f 2035 2079 2078
f 2035 2037 2079
f 2079 2080 2078
f 2083 2082 2081
f 2082 2040 2038
f 2082 2038 2081
f 2081 2038 2084
f 1564 2041 1563
f 1564 2084 2041
f 2084 2038 2041
f 2043 1563 2041
f 1566 1563 2043
f 2043 1490 1566
f 2045 1569 1539
f 2047 1569 2045
f 2047 2085 1569
f 2085 1571 1569
f 2086 1572 1571
f 2086 1571 2087
f 2087 1571 2085
f 2087 2088 2086
f 2091 2090 2089
f 2048 1574 1575
f 2050 2048 1575
f 2050 1575 2089
f 2050 2089 2090
f 2048 1542 1574
f 2052 1576 1547
f 2054 1576 2052
f 1578 1576 2054
f 2056 1578 2054
f 1580 1578 2056
f 2058 1580 2056
f 1582 1580 2058
f 2060 1582 2058
f 1584 1582 2060
f 2062 1584 2060
f 1586 1584 2062
f 2064 1586 2062
f 1588 1586 2064
f 2066 1588 2064
f 1590 1588 2066
f 2068 1590 2066
f 1592 1590 2068
f 2070 1592 2068
f 1594 1592 2070
f 2072 1594 2070
f 1595 1594 2072
f 2074 1595 2072
f 1596 1595 2074
f 2074 1550 1596
f 2092 1561 2078
f 1599 1561 2092
f 2080 2093 2092
f 2078 2080 2092
f 2095 2083 2081
f 2094 2095 2081
f 1602 2084 1601
f 1602 2094 2084
f 2094 2081 2084
f 2084 1564 1601
f 2086 1606 1572
f 1606 2096 1607
f 2086 2096 1606
f 2086 2097 2096
f 2086 2088 2097
f 2097 2091 2089
f 2097 2089 2096
f 2096 2089 2098
f 2089 1608 2098
f 1575 1608 2089
f 2092 1612 1599
f 1612 2099 1613
f 2092 2099 1612
f 2092 2100 2099
f 2092 2093 2100
f 2100 2101 2099
f 2104 2103 2102
f 2103 2095 2094
f 2103 2094 2102
f 2102 2094 2105
f 2094 1615 2105
f 1602 1615 2094
f 2096 1618 1607
f 2098 1618 2096
f 1619 1618 2098
f 2098 1608 1619
f 2106 1613 2099
f 1623 1613 2106
f 2101 2107 2106
f 2099 2101 2106
f 2109 2104 2102
f 2108 2109 2102
f 1626 2105 1625
f 1626 2108 2105
f 2108 2102 2105
f 2105 1615 1625
f 1630 2110 1631
f 1623 2110 1630
f 1623 2106 2110
f 2106 2111 2110
f 2107 2112 2111
f 2106 2107 2111
f 2114 2109 2108
f 2113 2114 2108
f 2108 1633 2113
f 1626 1633 2108
f 2115 1631 2110
f 1638 1631 2115
f 2110 2111 2115
f 2111 2116 2115
f 2112 2117 2116
f 2111 2112 2116
f 2114 2113 2118
f 2120 1639 2119
f 2118 1639 2120
f 2118 1633 1639
f 2118 2113 1633
f 1639 1641 2119
f 2121 1638 2115
f 1645 1638 2121
f 2115 2116 2121
f 2116 2122 2121
f 2117 2123 2122
f 2116 2117 2122
f 2125 2120 2119
f 2124 2125 2119
f 2119 1647 2124
f 1641 1647 2119
f 1652 2126 1653
f 1645 2126 1652
f 1645 2121 2126
f 2121 2127 2126
f 2121 2122 2127
f 2122 2128 2127
f 2123 2129 2128
f 2122 2123 2128
f 2125 2124 2130
f 2132 1654 2131
f 2130 1654 2132
f 2130 1647 1654
f 2130 2124 1647
f 1654 1656 2131
f 2133 1653 2126
f 1663 1653 2133
f 2126 2127 2133
f 2127 2134 2133
f 2135 2136 2134
f 2135 2134 2128
f 2128 2134 2127
f 2128 2129 2135
f 2132 2131 2137
f 2139 1664 2138
f 2137 1664 2139
f 2137 1656 1664
f 2137 2131 1656
f 1665 2138 1664
f 2140 2138 1665
f 1665 1667 2140
f 1681 2141 1682
f 1663 2141 1681
f 1663 2133 2141
f 2133 2142 2141
f 2133 2134 2142
f 2134 2143 2142
f 2136 2144 2143
f 2134 2136 2143
f 2139 2138 2145
f 2138 2140 2146
f 2145 2138 2146
f 2148 1683 2147
f 2146 1683 2148
f 2146 1667 1683
f 2146 2140 1667
f 1684 2147 1683
f 2149 2147 1684
f 1685 2149 1684
f 2150 2149 1685
f 1685 1687 2150
f 1690 2151 1691
f 1692 2151 1690
f 2152 2151 1692
f 1692 1694 2152
f 2153 1682 2141
f 1717 1682 2153
f 2141 2142 2153
f 2142 2154 2153
f 2155 2156 2154
f 2155 2154 2143
f 2143 2154 2142
f 2143 2144 2155
f 2148 2147 2157
f 2147 2149 2158
f 2157 2147 2158
f 2149 2150 2159
f 2158 2149 2159
f 2150 1687 1718
f 2150 1718 2159
f 2159 1718 2160
f 2160 1718 2161
f 1718 1719 2161
f 2161 1719 2162
f 1719 1720 2162
f 1691 2151 2163
f 1691 2163 1720
f 1720 2163 2162
f 2151 2152 2164
f 2163 2151 2164
f 2166 1721 2165
f 2164 1721 2166
f 2164 1694 1721
f 2164 2152 1694
f 1721 1723 2165
f 1758 2167 1759
f 1717 2167 1758
f 1717 2153 2167
f 2153 2168 2167
f 2153 2154 2168
f 2154 2169 2168
f 2156 2170 2169
f 2154 2156 2169
f 2166 2165 2171
f 2173 1760 2172
f 2171 1760 2173
f 2171 1723 1760
f 2171 2165 1723
f 1761 2172 1760
f 2174 2172 1761
f 1762 2174 1761
f 2175 2174 1762
f 1763 2175 1762
f 2176 2175 1763
f 1763 1765 2176
f 1788 2177 1789
f 1790 2177 1788
f 2178 2177 1790
f 1791 2178 1790
f 2179 2178 1791
f 1792 2179 1791
f 2180 2179 1792
f 1793 2180 1792
f 2181 2180 1793
f 1794 2181 1793
f 2182 2181 1794
f 1795 2182 1794
f 2183 2182 1795
f 1796 2183 1795
f 2184 2183 1796
f 1796 1798 2184
f 1800 2185 1801
f 1802 2185 1800
f 2186 2185 1802
f 1803 2186 1802
f 2187 2186 1803
f 1804 2187 1803
f 2188 2187 1804
f 1805 2188 1804
f 2189 2188 1805
f 1806 2189 1805
f 2190 2189 1806
f 1807 2190 1806
f 2191 2190 1807
f 1759 2191 1807
f 1759 2167 2191
f 2167 2192 2191
f 2193 2194 2192
f 2193 2192 2168
f 2168 2192 2167
f 2168 2169 2195
f 2193 2168 2195
f 2169 2170 2195
f 2173 2172 2196
f 2172 2174 2197
f 2196 2172 2197
f 2174 2175 2198
f 2197 2174 2198
f 2175 2176 2199
f 2198 2175 2199
f 2176 1765 1808
f 2176 1808 2199
f 2199 1808 2200
f 2200 1808 2201
f 1808 1809 2201
f 2201 1809 2202
f 1809 1810 2202
f 2202 1810 2203
f 1810 1811 2203
f 2203 1811 2204
f 1811 1812 2204
f 2206 1813 2205
f 2206 2204 1813
f 2204 1812 1813
f 1814 2205 1813
f 2207 2205 1814
f 1815 2207 1814
f 2208 2207 1815
f 1816 2208 1815
f 2209 2208 1816
f 1816 1818 2209
f 1830 2210 1831
f 1832 2210 1830
f 2211 2210 1832
f 1833 2211 1832
f 2212 2211 1833
f 1834 2212 1833
f 2213 2212 1834
f 1835 2213 1834
f 2214 2213 1835
f 1836 2214 1835
f 2215 2214 1836
f 2215 2216 2217
f 1836 2216 2215
f 1836 2177 2216
f 1836 1789 2177
f 2177 2178 2218
f 2216 2177 2218
f 2178 2179 2219
f 2218 2178 2219
f 2179 2180 2220
f 2219 2179 2220
f 2180 2181 2221
f 2220 2180 2221
f 2181 2182 2222
f 2221 2181 2222
f 2182 2183 2223
f 2222 2182 2223
f 2183 2184 2224
f 2223 2183 2224
f 2184 1798 1837
f 2184 1837 2224
f 2224 1837 2225
f 2225 1837 2226
f 1837 1838 2226
f 1801 2185 2227
f 1801 2227 1838
f 1838 2227 2226
f 2185 2186 2228
f 2227 2185 2228
f 2186 2187 2229
f 2228 2186 2229
f 2187 2188 2230
f 2229 2187 2230
f 2188 2189 2231
f 2230 2188 2231
f 2189 2190 2232
f 2231 2189 2232
f 2190 2191 2233
f 2232 2190 2233
f 2191 2192 2234
f 2233 2191 2234
f 2192 2194 2234
f 2206 2205 2235
f 2205 2207 2236
f 2235 2205 2236
f 2207 2208 2237
f 2236 2207 2237
f 2208 2209 2238
f 2237 2208 2238
f 2240 1839 2239
f 2238 1839 2240
f 2238 1818 1839
f 2238 2209 1818
f 1840 2239 1839
f 2241 2239 1840
f 1841 2241 1840
f 2242 2241 1841
f 1842 2242 1841
f 2243 2242 1842
f 1843 2243 1842
f 2244 2243 1843
f 1844 2244 1843
f 2245 2244 1844
f 2245 2246 2247
f 2245 1844 2246
f 1844 1845 2246
f 1845 2248 2246
f 1846 2248 1845
f 1848 2249 1849
f 1850 2249 1848
f 2250 2249 1850
f 1851 2250 1850
f 2251 2250 1851
f 1852 2251 1851
f 2252 2251 1852
f 1853 2252 1852
f 2253 2252 1853
f 1854 2253 1853
f 2254 2253 1854
f 1855 2254 1854
f 2255 2254 1855
f 1831 2255 1855
f 1831 2210 2255
f 2210 2256 2255
f 2257 2258 2256
f 2257 2256 2211
f 2211 2256 2210
f 2211 2212 2259
f 2257 2211 2259
f 2212 2213 2260
f 2259 2212 2260
f 2213 2214 2261
f 2260 2213 2261
f 2214 2215 2262
f 2261 2214 2262
f 2215 2217 2262
f 2240 2239 2263
f 2265 2263 2239
f 2265 2239 2264
f 2264 2239 2241
f 2241 2242 2264
f 2242 2266 2264
f 2242 2243 2266
f 2243 2267 2266
f 2243 2244 2267
f 2244 2268 2267
f 2244 2245 2268
f 2245 2269 2268
f 2247 2270 2269
f 2245 2247 2269
f 2248 1846 2271
f 2271 1846 1856
f 2272 1849 2249
f 1858 1849 2272
f 2249 2250 2272
f 2250 2273 2272
f 2250 2251 2273
f 2251 2274 2273
f 2251 2252 2274
f 2252 2275 2274
f 2252 2253 2275
f 2253 2276 2275
f 2253 2254 2276
f 2254 2277 2276
f 2254 2255 2277
f 2255 2278 2277
f 2255 2256 2278
f 2256 2279 2278
f 2258 2280 2279
f 2256 2258 2279
f 2265 2264 2281
f 2283 2281 2264
f 2283 2264 2282
f 2282 2264 2266
f 2266 2267 2282
f 2267 2284 2282
f 2285 2286 2284
f 2285 2284 2268
f 2268 2284 2267
f 2268 2269 2287
f 2285 2268 2287
f 2269 2270 2287
f 2271 1856 2288
f 2288 1856 1860
f 2272 1865 1858
f 1865 2289 1866
f 1865 2272 2289
f 2272 2273 2289
f 2273 2274 2289
f 2274 2290 2289
f 2274 2275 2290
f 2275 2291 2290
f 2275 2276 2291
f 2276 2292 2291
f 2276 2277 2292
f 2277 2293 2292
f 2277 2278 2293
f 2278 2294 2293
f 2278 2279 2294
f 2279 2295 2294
f 2280 2296 2295
f 2279 2280 2295
f 2283 2282 2297
f 2282 2284 2298
f 2297 2282 2298
f 2284 2286 2298
f 1867 2299 2300
f 1867 2300 1860
f 1860 2300 2288
f 1867 1869 2299
f 1872 2301 1873
f 1874 2301 1872
f 2302 2301 1874
f 1866 2302 1874
f 1866 2289 2302
f 2289 2303 2302
f 2289 2290 2303
f 2290 2304 2303
f 2290 2291 2304
f 2291 2305 2304
f 2291 2292 2305
f 2292 2306 2305
f 2307 2308 2306
f 2307 2306 2293
f 2293 2306 2292
f 2293 2294 2309
f 2307 2293 2309
f 2294 2295 2310
f 2309 2294 2310
f 2295 2296 2310
f 2312 2300 2299
f 2311 2312 2299
f 1875 2299 1869
f 1875 2313 2299
f 2313 2311 2299
f 1875 1877 2313
f 1880 2314 1881
f 1873 2314 1880
f 1873 2301 2314
f 2301 2315 2314
f 2301 2302 2315
f 2302 2316 2315
f 2302 2303 2316
f 2303 2317 2316
f 2303 2304 2317
f 2304 2318 2317
f 2319 2320 2318
f 2319 2318 2305
f 2305 2318 2304
f 2305 2306 2321
f 2319 2305 2321
f 2306 2308 2321
f 2312 2311 2322
f 2311 2313 2323
f 2322 2311 2323
f 2325 1882 2324
f 2323 1882 2325
f 2323 1877 1882
f 2323 2313 1877
f 1883 2324 1882
f 2326 2324 1883
f 1884 2326 1883
f 2327 2326 1884
f 1881 2327 1884
f 1881 2314 2327
f 2314 2328 2327
f 2314 2315 2328
f 2315 2329 2328
f 2330 2331 2329
f 2330 2329 2316
f 2316 2329 2315
f 2316 2317 2332
f 2330 2316 2332
f 2317 2318 2333
f 2332 2317 2333
f 2318 2320 2333
f 2325 2324 2334
f 2324 2326 2335
f 2334 2324 2335
f 2326 2327 2336
f 2335 2326 2336
f 2327 2328 2337
f 2336 2327 2337
f 2328 2329 2338
f 2337 2328 2338
f 2329 2331 2338
f 2341 2340 2339
f 2340 2343 2342
f 2339 2340 2342
f 2343 2344 2342
f 1887 2346 2345
f 1886 1887 2345
f 2345 2347 1886
f 1886 2347 1888
f 2347 2348 1888
f 1888 2348 1889
f 2350 2349 1890
f 2350 1890 2348
f 2348 1890 1889
f 1890 2349 1891
f 2353 2352 2351
f 2352 2355 2354
f 2351 2352 2354
f 2339 1893 1894
f 2341 2339 1894
f 2341 1894 2354
f 2341 2354 2355
f 2342 1893 2339
f 1896 1893 2342
f 2344 1896 2342
f 2344 2356 1896
f 2356 1898 1896
f 2356 2357 1898
f 1898 2357 1900
f 2357 2358 1900
f 1900 2358 1902
f 2358 2359 1902
f 1902 2359 1903
f 2359 2360 1903
f 1903 2360 1904
f 2360 2361 1904
f 1904 2361 1905
f 2361 2362 1905
f 1905 2362 1906
f 2362 2363 1906
f 1906 2363 1907
f 2365 2364 1908
f 2365 1908 2363
f 2363 1908 1907
f 1909 1908 2364
f 2366 1909 2364
f 1910 1909 2366
f 2367 1910 2366
f 1911 1910 2367
f 2368 1911 2367
f 1912 1911 2368
f 2369 1912 2368
f 1913 1912 2369
f 2370 1913 2369
f 1914 1913 2370
f 2371 1914 2370
f 1915 1914 2371
f 2372 1915 2371
f 1916 1915 2372
f 2373 1916 2372
f 2373 2375 2374
f 2373 2374 1916
f 1916 2374 1917
f 2374 2376 1917
f 1917 2376 1918
f 2376 1887 1918
f 2346 1887 2376
f 2350 2377 2349
f 2349 1919 1891
f 2349 2377 1919
f 2377 2378 1919
f 2378 2379 1919
f 1919 2379 1920
f 2379 2380 1920
f 1920 2380 1921
f 2382 2381 1922
f 2382 1922 2380
f 2380 1922 1921
f 1922 2381 1923
f 2385 2384 2383
f 2384 2353 2351
f 2384 2351 2383
f 2383 2351 2386
f 1926 2354 1925
f 1926 2386 2354
f 2386 2351 2354
f 2354 1894 1925
f 2365 2387 2364
f 2364 2388 2366
f 2387 2388 2364
f 2366 2389 2367
f 2388 2389 2366
f 2367 2390 2368
f 2389 2390 2367
f 2368 2391 2369
f 2390 2391 2368
f 2369 2392 2370
f 2391 2392 2369
f 2370 2393 2371
f 2392 2393 2370
f 2371 2394 2372
f 2393 2394 2371
f 2396 2372 2394
f 2396 2395 2372
f 2395 2373 2372
f 2375 2395 2397
f 2373 2395 2375
f 2382 2398 2381
f 2381 1928 1923
f 2381 2398 1928
f 2398 2399 1928
f 2399 2400 1928
f 1928 2400 1929
f 2400 2401 1929
f 1929 2401 1930
f 1930 2401 2402
f 1931 1930 2402
f 2404 2385 2383
f 2403 2404 2383
f 2383 2386 2403
f 2386 2405 2403
f 2386 1933 2405
f 1926 1933 2386
f 2396 2406 2395
f 2395 2406 2397
f 2402 1935 1931
f 2407 1935 2402
f 2407 2408 1935
f 1935 2408 1936
f 2408 2409 1936
f 1936 2409 1938
f 1938 2409 2410
f 1939 1938 2410
f 2404 2403 2411
f 2413 2411 2403
f 2413 2403 2412
f 2412 2403 2405
f 1933 2412 2405
f 1933 2414 2412
f 1933 1940 2414
f 2415 2412 2414
f 2417 1941 2416
f 2417 2414 1941
f 2414 1940 1941
f 1941 1943 2416
f 2410 1946 1939
f 2418 1946 2410
f 2419 1947 1946
f 2419 1946 2420
f 2420 1946 2418
f 2420 2421 2419
f 2424 2423 2422
f 2423 2425 2422
f 2428 2427 2426
f 2427 2429 2426
f 2413 2412 2430
f 2433 2430 2412
f 2433 2412 2431
f 2415 2432 2412
f 2432 2431 2412
f 2416 1949 1950
f 2417 2416 1950
f 2417 1950 2431
f 2417 2431 2432
f 2416 1943 1949
f 1952 2434 1953
f 1954 2434 1952
f 2435 2434 1954
f 1954 1956 2435
f 2419 1962 1947
f 1962 2436 1963
f 2419 2436 1962
f 2419 2437 2436
f 2419 2421 2437
f 2437 2438 2436
f 2441 2440 2439
f 2440 2443 2442
f 2439 2440 2442
f 2443 2445 2444
f 2442 2443 2444
f 1966 2444 2445
f 1966 2445 1965
f 1965 2445 2446
f 2446 2447 1965
f 1965 2447 1968
f 2422 2447 2424
f 2422 1970 2447
f 1970 1968 2447
f 2425 1970 2422
f 2425 2448 1970
f 2448 1972 1970
f 2448 2449 1972
f 1972 2449 1974
f 2449 2450 1974
f 1974 2450 1976
f 2450 2451 1976
f 1976 2451 1978
f 2451 2452 1978
f 1978 2452 1980
f 2452 2453 1980
f 1980 2453 1982
f 2453 2454 1982
f 1982 2454 1984
f 2454 2455 1984
f 1984 2455 1986
f 2455 2456 1986
f 1986 2456 1988
f 2456 2457 1988
f 1988 2457 1990
f 2457 2458 1990
f 1990 2458 1992
f 2458 2459 1992
f 1992 2459 1994
f 2426 2459 2428
f 2426 1996 2459
f 1996 1994 2459
f 2429 1996 2426
f 2429 2460 1996
f 2460 1998 1996
f 2460 2461 1998
f 1998 2461 2000
f 2461 2462 2000
f 2000 2462 2002
f 2462 2463 2002
f 2002 2463 2004
f 2463 2464 2004
f 2004 2464 2006
f 2464 2465 2006
f 2006 2465 2008
f 2465 2466 2008
f 2008 2466 2010
f 2466 2467 2010
f 2010 2467 2012
f 2467 2468 2012
f 2012 2468 2014
f 2014 2468 2469
f 2015 2014 2469
f 2471 2433 2431
f 2470 2471 2431
f 2431 2017 2470
f 1950 2017 2431
f 2472 1953 2434
f 2019 1953 2472
f 2473 2474 2472
f 2473 2472 2435
f 2435 2472 2434
f 2435 1956 2020
f 2435 2020 2473
f 2473 2020 2475
f 2475 2020 2476
f 2020 2021 2476
f 2476 2021 2477
f 2021 2022 2477
f 2477 2022 2478
f 2022 2023 2478
f 2478 2023 2479
f 2023 2024 2479
f 2479 2024 2480
f 2024 2025 2480
f 2480 2025 2481
f 2025 2026 2481
f 2481 2026 2482
f 2026 2027 2482
f 2482 2027 2483
f 2027 2028 2483
f 2483 2028 2484
f 2028 2029 2484
f 2484 2029 2485
f 2029 2030 2485
f 2485 2030 2486
f 2030 2031 2486
f 2486 2031 2487
f 2031 2032 2487
f 2488 2032 2034
f 2488 2489 2032
f 2489 2487 2032
f 2489 2488 2490
f 2436 2036 1963
f 2036 2491 2037
f 2436 2491 2036
f 2436 2492 2491
f 2436 2438 2492
f 2492 2494 2493
f 2491 2492 2493
f 2494 2495 2493
f 2498 2497 2496
f 2439 2039 2040
f 2441 2439 2040
f 2441 2040 2496
f 2441 2496 2497
f 2442 2039 2439
f 2042 2039 2442
f 2444 2042 2442
f 2044 2042 2444
f 2444 1966 2044
f 2469 2046 2015
f 2499 2046 2469
f 2500 2047 2046
f 2500 2046 2501
f 2501 2046 2499
f 2501 2502 2500
f 2505 2504 2503
f 2470 2049 2050
f 2471 2470 2050
f 2471 2050 2503
f 2471 2503 2504
f 2470 2017 2049
f 2472 2051 2019
f 2474 2051 2472
f 2474 2506 2051
f 2506 2053 2051
f 2506 2507 2053
f 2053 2507 2055
f 2507 2508 2055
f 2055 2508 2057
f 2508 2509 2057
f 2057 2509 2059
f 2509 2510 2059
f 2059 2510 2061
f 2510 2511 2061
f 2061 2511 2063
f 2511 2512 2063
f 2063 2512 2065
f 2512 2513 2065
f 2065 2513 2067
f 2513 2514 2067
f 2067 2514 2069
f 2514 2515 2069
f 2069 2515 2071
f 2515 2516 2071
f 2071 2516 2073
f 2516 2517 2073
f 2073 2517 2075
f 2517 2518 2075
f 2075 2518 2076
f 2518 2519 2076
f 2076 2519 2077
f 2034 2520 2488
f 2034 2077 2520
f 2077 2519 2520
f 2488 2520 2490
f 2491 2079 2037
f 2079 2521 2080
f 2079 2491 2521
f 2491 2493 2521
f 2495 2522 2521
f 2493 2495 2521
f 2525 2524 2523
f 2496 2082 2083
f 2498 2496 2083
f 2498 2083 2523
f 2498 2523 2524
f 2496 2040 2082
f 2500 2085 2047
f 2502 2085 2500
f 2502 2526 2085
f 2526 2087 2085
f 2527 2088 2087
f 2527 2087 2528
f 2528 2087 2526
f 2503 2090 2091
f 2505 2503 2091
f 2505 2091 2527
f 2505 2527 2528
f 2503 2050 2090
f 2529 2080 2521
f 2093 2080 2529
f 2522 2531 2530
f 2522 2530 2521
f 2521 2530 2529
f 2531 2532 2530
f 2535 2534 2533
f 2534 2525 2523
f 2534 2523 2533
f 2533 2523 2536
f 2523 2095 2536
f 2083 2095 2523
f 2527 2097 2088
f 2527 2091 2097
f 2529 2100 2093
f 2100 2537 2101
f 2100 2529 2537
f 2529 2530 2537
f 2532 2538 2537
f 2530 2532 2537
f 2540 2535 2533
f 2539 2540 2533
f 2104 2536 2103
f 2104 2539 2536
f 2539 2533 2536
f 2536 2095 2103
f 2541 2101 2537
f 2107 2101 2541
f 2538 2542 2541
f 2537 2538 2541
f 2544 2540 2539
f 2543 2544 2539
f 2539 2109 2543
f 2104 2109 2539
f 2545 2107 2541
f 2112 2107 2545
f 2542 2546 2545
f 2541 2542 2545
f 2548 2544 2543
f 2547 2548 2543
f 2543 2114 2547
f 2109 2114 2543
f 2549 2112 2545
f 2117 2112 2549
f 2546 2550 2549
f 2545 2546 2549
f 2552 2548 2547
f 2551 2552 2547
f 2118 2547 2114
f 2118 2553 2547
f 2553 2551 2547
f 2118 2120 2553
f 2554 2117 2549
f 2123 2117 2554
f 2550 2555 2554
f 2549 2550 2554
f 2552 2551 2556
f 2558 2556 2551
f 2558 2551 2557
f 2557 2551 2553
f 2553 2125 2557
f 2120 2125 2553
f 2559 2123 2554
f 2129 2123 2559
f 2555 2560 2559
f 2554 2555 2559
f 2558 2557 2561
f 2563 2130 2562
f 2561 2130 2563
f 2561 2125 2130
f 2561 2557 2125
f 2130 2132 2562
f 2135 2564 2136
f 2129 2564 2135
f 2129 2559 2564
f 2559 2565 2564
f 2560 2566 2565
f 2559 2560 2565
f 2563 2562 2567
f 2569 2137 2568
f 2567 2137 2569
f 2567 2132 2137
f 2567 2562 2132
f 2137 2139 2568
f 2570 2136 2564
f 2144 2136 2570
f 2564 2565 2570
f 2565 2571 2570
f 2566 2572 2571
f 2565 2566 2571
f 2569 2568 2573
f 2568 2139 2145
f 2568 2145 2573
f 2573 2145 2574
f 2576 2146 2575
f 2576 2574 2146
f 2574 2145 2146
f 2146 2148 2575
f 2155 2577 2156
f 2144 2577 2155
f 2144 2570 2577
f 2570 2578 2577
f 2579 2580 2578
f 2579 2578 2571
f 2571 2578 2570
f 2571 2572 2579
f 2576 2575 2581
f 2575 2148 2157
f 2575 2157 2581
f 2581 2157 2582
f 2582 2157 2583
f 2157 2158 2583
f 2583 2158 2584
f 2158 2159 2584
f 2584 2159 2585
f 2159 2160 2585
f 2585 2160 2586
f 2160 2161 2586
f 2586 2161 2587
f 2161 2162 2587
f 2589 2163 2588
f 2589 2587 2163
f 2587 2162 2163
f 2164 2588 2163
f 2590 2588 2164
f 2164 2166 2590
f 2591 2156 2577
f 2170 2156 2591
f 2577 2578 2591
f 2578 2592 2591
f 2580 2593 2592
f 2578 2580 2592
f 2589 2588 2594
f 2596 2594 2588
f 2596 2588 2595
f 2595 2588 2590
f 2171 2590 2166
f 2171 2597 2590
f 2597 2595 2590
f 2171 2173 2597
f 2193 2598 2194
f 2195 2598 2193
f 2599 2598 2195
f 2170 2599 2195
f 2170 2591 2599
f 2591 2600 2599
f 2601 2602 2600
f 2601 2600 2592
f 2592 2600 2591
f 2592 2593 2601
f 2596 2595 2603
f 2595 2597 2604
f 2603 2595 2604
f 2597 2173 2196
f 2597 2196 2604
f 2604 2196 2605
f 2605 2196 2606
f 2196 2197 2606
f 2608 2198 2607
f 2608 2606 2198
f 2606 2197 2198
f 2199 2607 2198
f 2609 2607 2199
f 2200 2609 2199
f 2610 2609 2200
f 2201 2610 2200
f 2611 2610 2201
f 2202 2611 2201
f 2612 2611 2202
f 2203 2612 2202
f 2613 2612 2203
f 2204 2613 2203
f 2614 2613 2204
f 2204 2206 2614
f 2216 2615 2217
f 2218 2615 2216
f 2616 2615 2218
f 2219 2616 2218
f 2617 2616 2219
f 2220 2617 2219
f 2618 2617 2220
f 2221 2618 2220
f 2619 2618 2221
f 2222 2619 2221
f 2620 2619 2222
f 2223 2620 2222
f 2621 2620 2223
f 2224 2621 2223
f 2622 2621 2224
f 2225 2622 2224
f 2623 2622 2225
f 2226 2623 2225
f 2624 2623 2226
f 2227 2624 2226
f 2625 2624 2227
f 2228 2625 2227
f 2626 2625 2228
f 2229 2626 2228
f 2627 2626 2229
f 2230 2627 2229
f 2628 2627 2230
f 2231 2628 2230
f 2629 2628 2231
f 2232 2629 2231
f 2630 2629 2232
f 2233 2630 2232
f 2631 2630 2233
f 2234 2631 2233
f 2632 2631 2234
f 2194 2632 2234
f 2194 2598 2632
f 2598 2633 2632
f 2634 2635 2633
f 2634 2633 2599
f 2599 2633 2598
f 2599 2600 2636
f 2634 2599 2636
f 2600 2602 2636
f 2608 2607 2637
f 2607 2609 2638
f 2637 2607 2638
f 2609 2610 2639
f 2638 2609 2639
f 2610 2611 2640
f 2639 2610 2640
f 2611 2612 2641
f 2640 2611 2641
f 2612 2613 2642
f 2641 2612 2642
f 2644 2642 2613
f 2644 2613 2643
f 2643 2613 2614
f 2235 2614 2206
f 2235 2645 2614
f 2645 2643 2614
f 2236 2645 2235
f 2646 2645 2236
f 2237 2646 2236
f 2647 2646 2237
f 2238 2647 2237
f 2648 2647 2238
f 2238 2240 2648
f 2246 2649 2247
f 2246 2248 2649
f 2257 2650 2258
f 2259 2650 2257
f 2651 2650 2259
f 2260 2651 2259
f 2652 2651 2260
f 2261 2652 2260
f 2653 2652 2261
f 2262 2653 2261
f 2654 2653 2262
f 2217 2654 2262
f 2217 2615 2654
f 2615 2655 2654
f 2615 2616 2655
f 2616 2656 2655
f 2616 2617 2656
f 2617 2657 2656
f 2617 2618 2657
f 2618 2658 2657
f 2618 2619 2658
f 2619 2659 2658
f 2619 2620 2659
f 2620 2660 2659
f 2620 2621 2660
f 2621 2661 2660
f 2621 2622 2661
f 2622 2662 2661
f 2622 2623 2662
f 2623 2663 2662
f 2623 2624 2663
f 2624 2664 2663
f 2624 2625 2664
f 2625 2665 2664
f 2625 2626 2665
f 2626 2666 2665
f 2626 2627 2666
f 2627 2667 2666
f 2627 2628 2667
f 2628 2668 2667
f 2628 2629 2668
f 2629 2669 2668
f 2670 2671 2669
f 2670 2669 2630
f 2630 2669 2629
f 2630 2631 2672
f 2670 2630 2672
f 2631 2632 2673
f 2672 2631 2673
f 2632 2633 2674
f 2673 2632 2674
f 2633 2635 2674
f 2644 2643 2675
f 2677 2675 2643
f 2677 2643 2676
f 2676 2643 2645
f 2645 2646 2676
f 2646 2678 2676
f 2646 2647 2678
f 2647 2679 2678
f 2647 2648 2679
f 2648 2680 2679
f 2263 2648 2240
f 2263 2681 2648
f 2681 2680 2648
f 2263 2265 2681
f 2682 2247 2649
f 2270 2247 2682
f 2649 2271 2682
f 2248 2271 2649
f 2683 2258 2650
f 2280 2258 2683
f 2650 2651 2683
f 2651 2684 2683
f 2651 2652 2684
f 2652 2685 2684
f 2652 2653 2685
f 2653 2686 2685
f 2653 2654 2686
f 2654 2687 2686
f 2654 2655 2687
f 2655 2688 2687
f 2655 2656 2688
f 2656 2689 2688
f 2656 2657 2689
f 2657 2690 2689
f 2657 2658 2690
f 2658 2691 2690
f 2658 2659 2691
f 2659 2692 2691
f 2659 2660 2692
f 2660 2693 2692
f 2660 2661 2693
f 2661 2694 2693
f 2661 2662 2694
f 2662 2695 2694
f 2662 2663 2695
f 2663 2696 2695
f 2663 2664 2696
f 2664 2697 2696
f 2664 2665 2697
f 2665 2698 2697
f 2665 2666 2698
f 2666 2699 2698
f 2666 2667 2699
f 2667 2700 2699
f 2667 2668 2700
f 2668 2701 2700
f 2668 2669 2701
f 2669 2702 2701
f 2671 2703 2702
f 2669 2671 2702
f 2705 2677 2676
f 2704 2705 2676
f 2676 2678 2704
f 2678 2706 2704
f 2707 2708 2706
f 2707 2706 2679
f 2679 2706 2678
f 2679 2680 2709
f 2707 2679 2709
f 2711 2709 2680
f 2711 2680 2710
f 2710 2680 2681
f 2281 2681 2265
f 2281 2712 2681
f 2712 2710 2681
f 2281 2283 2712
f 2285 2713 2286
f 2287 2713 2285
f 2714 2713 2287
f 2270 2714 2287
f 2270 2682 2714
f 2682 2715 2714
f 2682 2288 2715
f 2271 2288 2682
f 2716 2280 2683
f 2296 2280 2716
f 2683 2684 2716
f 2684 2717 2716
f 2684 2685 2717
f 2685 2718 2717
f 2685 2686 2718
f 2686 2719 2718
f 2686 2687 2719
f 2687 2720 2719
f 2687 2688 2720
f 2688 2721 2720
f 2688 2689 2721
f 2689 2722 2721
f 2689 2690 2722
f 2690 2723 2722
f 2690 2691 2723
f 2691 2724 2723
f 2725 2726 2724
f 2725 2724 2692
f 2692 2724 2691
f 2692 2693 2727
f 2725 2692 2727
f 2693 2694 2728
f 2727 2693 2728
f 2730 2728 2694
f 2730 2694 2729
f 2729 2694 2695
f 2695 2696 2729
f 2696 2731 2729
f 2696 2697 2731
f 2697 2732 2731
f 2697 2698 2732
f 2698 2733 2732
f 2698 2699 2733
f 2699 2734 2733
f 2699 2700 2734
f 2700 2735 2734
f 2700 2701 2735
f 2701 2736 2735
f 2737 2738 2736
f 2737 2736 2702
f 2702 2736 2701
f 2702 2703 2737
f 2740 2705 2704
f 2739 2740 2704
f 2741 2742 2739
f 2741 2739 2706
f 2706 2739 2704
f 2745 2741 2706
f 2745 2706 2743
f 2708 2744 2706
f 2744 2743 2706
f 2744 2747 2746
f 2743 2744 2746
f 2747 2711 2710
f 2747 2710 2746
f 2746 2710 2748
f 2710 2712 2748
f 2712 2749 2748
f 2297 2712 2283
f 2297 2750 2712
f 2750 2749 2712
f 2298 2750 2297
f 2751 2750 2298
f 2286 2751 2298
f 2286 2713 2751
f 2713 2752 2751
f 2713 2714 2752
f 2714 2753 2752
f 2754 2755 2753
f 2754 2753 2715
f 2715 2753 2714
f 2715 2756 2754
f 2715 2288 2756
f 2288 2300 2756
f 2307 2757 2308
f 2309 2757 2307
f 2758 2757 2309
f 2310 2758 2309
f 2759 2758 2310
f 2296 2759 2310
f 2296 2716 2759
f 2716 2760 2759
f 2716 2717 2760
f 2717 2761 2760
f 2717 2718 2761
f 2718 2762 2761
f 2718 2719 2762
f 2719 2763 2762
f 2719 2720 2763
f 2720 2764 2763
f 2720 2721 2764
f 2721 2765 2764
f 2766 2767 2765
f 2766 2765 2722
f 2722 2765 2721
f 2722 2723 2768
f 2766 2722 2768
f 2723 2724 2769
f 2768 2723 2769
f 2724 2726 2769
f 2730 2729 2770
f 2729 2731 2771
f 2770 2729 2771
f 2731 2732 2772
f 2771 2731 2772
f 2732 2733 2773
f 2772 2732 2773
f 2733 2734 2774
f 2773 2733 2774
f 2734 2735 2775
f 2774 2734 2775
f 2735 2736 2776
f 2775 2735 2776
f 2736 2738 2776
f 2740 2739 2777
f 2739 2742 2777
f 2745 2743 2778
f 2743 2746 2779
f 2778 2743 2779
f 2746 2748 2780
f 2779 2746 2780
f 2748 2749 2781
f 2780 2748 2781
f 2749 2750 2782
f 2781 2749 2782
f 2750 2751 2783
f 2782 2750 2783
f 2751 2752 2784
f 2783 2751 2784
f 2752 2753 2785
f 2784 2752 2785
f 2753 2755 2785
f 2756 2300 2786
f 2786 2300 2312
f 2319 2787 2320
f 2321 2787 2319
f 2788 2787 2321
f 2308 2788 2321
f 2308 2757 2788
f 2757 2789 2788
f 2757 2758 2789
f 2758 2790 2789
f 2758 2759 2790
f 2759 2791 2790
f 2759 2760 2791
f 2760 2792 2791
f 2760 2761 2792
f 2761 2793 2792
f 2761 2762 2793
f 2762 2794 2793
f 2795 2796 2794
f 2795 2794 2763
f 2763 2794 2762
f 2763 2764 2797
f 2795 2763 2797
f 2764 2765 2798
f 2797 2764 2798
f 2765 2767 2798
f 2322 2799 2800
f 2322 2800 2312
f 2312 2800 2786
f 2323 2799 2322
f 2801 2799 2323
f 2323 2325 2801
f 2330 2802 2331
f 2332 2802 2330
f 2803 2802 2332
f 2333 2803 2332
f 2804 2803 2333
f 2320 2804 2333
f 2320 2787 2804
f 2787 2805 2804
f 2787 2788 2805
f 2788 2806 2805
f 2788 2789 2806
f 2789 2807 2806
f 2789 2790 2807
f 2790 2808 2807
f 2790 2791 2808
f 2791 2809 2808
f 2810 2811 2809
f 2810 2809 2792
f 2792 2809 2791
f 2792 2793 2812
f 2810 2792 2812
f 2793 2794 2813
f 2812 2793 2813
f 2794 2796 2813
f 2800 2799 2814
f 2799 2801 2815
f 2814 2799 2815
f 2817 2334 2816
f 2815 2334 2817
f 2815 2325 2334
f 2815 2801 2325
f 2335 2816 2334
f 2818 2816 2335
f 2336 2818 2335
f 2819 2818 2336
f 2337 2819 2336
f 2820 2819 2337
f 2338 2820 2337
f 2821 2820 2338
f 2331 2821 2338
f 2331 2802 2821
f 2802 2822 2821
f 2802 2803 2822
f 2803 2823 2822
f 2803 2804 2823
f 2804 2824 2823
f 2825 2826 2824
f 2825 2824 2805
f 2805 2824 2804
f 2805 2806 2827
f 2825 2805 2827
f 2806 2807 2828
f 2827 2806 2828
f 2807 2808 2829
f 2828 2807 2829
f 2808 2809 2830
f 2829 2808 2830
f 2809 2811 2830
f 2817 2816 2831
f 2816 2818 2832
f 2831 2816 2832
f 2818 2819 2833
f 2832 2818 2833
f 2819 2820 2834
f 2833 2819 2834
f 2820 2821 2835
f 2834 2820 2835
f 2821 2822 2836
f 2835 2821 2836
f 2822 2823 2837
f 2836 2822 2837
f 2823 2824 2838
f 2837 2823 2838
f 2824 2826 2838
f 2841 2840 2839
f 2840 2843 2842
f 2839 2840 2842
f 2341 2842 2843
f 2341 2843 2340
f 2340 2843 2844
f 2844 2845 2340
f 2340 2845 2343
f 2343 2845 2846
f 2344 2343 2846
f 2346 2848 2847
f 2345 2346 2847
f 2850 2849 2347
f 2850 2347 2847
f 2847 2347 2345
f 2348 2347 2849
f 2851 2348 2849
f 2348 2851 2350
f 2854 2853 2852
f 2839 2352 2353
f 2841 2839 2353
f 2841 2353 2852
f 2841 2852 2853
f 2842 2352 2839
f 2355 2352 2842
f 2842 2341 2355
f 2846 2356 2344
f 2855 2356 2846
f 2855 2856 2356
f 2356 2856 2357
f 2856 2857 2357
f 2357 2857 2358
f 2859 2858 2359
f 2859 2359 2857
f 2857 2359 2358
f 2360 2359 2858
f 2860 2360 2858
f 2361 2360 2860
f 2861 2361 2860
f 2362 2361 2861
f 2862 2362 2861
f 2363 2362 2862
f 2863 2363 2862
f 2363 2863 2365
f 2374 2375 2864
f 2864 2866 2865
f 2864 2865 2374
f 2374 2865 2376
f 2865 2346 2376
f 2848 2346 2865
f 2850 2867 2849
f 2849 2868 2851
f 2867 2868 2849
f 2851 2377 2350
f 2851 2868 2377
f 2868 2869 2377
f 2869 2870 2377
f 2377 2870 2378
f 2872 2871 2379
f 2872 2379 2870
f 2870 2379 2378
f 2380 2379 2871
f 2873 2380 2871
f 2380 2873 2382
f 2876 2875 2874
f 2852 2384 2385
f 2854 2852 2385
f 2854 2385 2874
f 2854 2874 2875
f 2852 2353 2384
f 2859 2877 2858
f 2858 2878 2860
f 2877 2878 2858
f 2880 2860 2878
f 2880 2879 2860
f 2879 2861 2860
f 2861 2879 2862
f 2862 2879 2881
f 2862 2881 2863
f 2863 2881 2882
f 2387 2365 2863
f 2387 2863 2883
f 2883 2863 2882
f 2388 2387 2883
f 2884 2388 2883
f 2389 2388 2884
f 2885 2389 2884
f 2390 2389 2885
f 2886 2390 2885
f 2391 2390 2886
f 2887 2391 2886
f 2392 2391 2887
f 2888 2392 2887
f 2393 2392 2888
f 2889 2393 2888
f 2394 2393 2889
f 2890 2394 2889
f 2394 2890 2396
f 2891 2864 2375
f 2397 2891 2375
f 2866 2891 2892
f 2864 2891 2866
f 2872 2893 2871
f 2871 2894 2873
f 2893 2894 2871
f 2873 2398 2382
f 2873 2894 2398
f 2894 2895 2398
f 2895 2896 2398
f 2398 2896 2399
f 2896 2897 2399
f 2399 2897 2400
f 2899 2898 2401
f 2899 2401 2897
f 2897 2401 2400
f 2401 2898 2402
f 2901 2876 2874
f 2900 2901 2874
f 2874 2404 2900
f 2385 2404 2874
f 2903 2879 2880
f 2902 2879 2903
f 2879 2902 2881
f 2881 2902 2904
f 2881 2904 2882
f 2882 2904 2905
f 2882 2905 2883
f 2883 2905 2906
f 2883 2906 2884
f 2884 2906 2907
f 2884 2907 2885
f 2885 2907 2908
f 2885 2908 2886
f 2886 2908 2909
f 2886 2909 2887
f 2887 2909 2910
f 2887 2910 2888
f 2888 2910 2911
f 2888 2911 2889
f 2889 2911 2912
f 2913 2912 2914
f 2913 2890 2912
f 2890 2889 2912
f 2890 2406 2396
f 2890 2913 2406
f 2913 2915 2406
f 2397 2916 2891
f 2397 2406 2916
f 2406 2915 2916
f 2891 2916 2892
f 2899 2917 2898
f 2898 2407 2402
f 2898 2917 2407
f 2917 2918 2407
f 2918 2919 2407
f 2407 2919 2408
f 2921 2920 2409
f 2921 2409 2919
f 2919 2409 2408
f 2409 2920 2410
f 2923 2901 2900
f 2922 2923 2900
f 2411 2900 2404
f 2411 2924 2900
f 2924 2922 2900
f 2411 2413 2924
f 2414 2925 2415
f 2414 2417 2925
f 2903 2926 2902
f 2928 2902 2926
f 2928 2927 2902
f 2927 2904 2902
f 2904 2927 2905
f 2905 2927 2929
f 2905 2929 2906
f 2906 2929 2930
f 2906 2930 2907
f 2907 2930 2931
f 2907 2931 2908
f 2908 2931 2932
f 2908 2932 2909
f 2909 2932 2933
f 2909 2933 2910
f 2910 2933 2934
f 2910 2934 2911
f 2911 2934 2935
f 2911 2935 2912
f 2912 2935 2936
f 2914 2936 2937
f 2912 2936 2914
f 2921 2938 2920
f 2920 2418 2410
f 2920 2938 2418
f 2938 2939 2418
f 2939 2940 2418
f 2418 2940 2420
f 2420 2940 2941
f 2421 2420 2941
f 2944 2943 2942
f 2943 2946 2945
f 2942 2943 2945
f 2424 2945 2946
f 2424 2946 2423
f 2423 2946 2947
f 2948 2425 2423
f 2948 2423 2949
f 2949 2423 2947
f 2949 2951 2950
f 2948 2949 2950
f 2951 2953 2952
f 2950 2951 2952
f 2953 2955 2954
f 2952 2953 2954
f 2955 2956 2954
f 2959 2958 2957
f 2958 2961 2960
f 2957 2958 2960
f 2961 2963 2962
f 2960 2961 2962
f 2963 2965 2964
f 2962 2963 2964
f 2965 2967 2966
f 2964 2965 2966
f 2967 2969 2968
f 2966 2967 2968
f 2969 2971 2970
f 2968 2969 2970
f 2428 2970 2971
f 2428 2971 2427
f 2427 2971 2972
f 2973 2429 2427
f 2973 2427 2974
f 2974 2427 2972
f 2974 2976 2975
f 2973 2974 2975
f 2976 2977 2975
f 2923 2922 2978
f 2980 2978 2922
f 2980 2922 2979
f 2979 2922 2924
f 2430 2924 2413
f 2430 2981 2924
f 2981 2979 2924
f 2415 2925 2432
f 2430 2433 2981
f 2925 2417 2432
f 2984 2982 2983
f 2983 2985 2986
f 2982 2985 2983
f 2986 2987 2988
f 2985 2987 2986
f 2988 2989 2990
f 2987 2989 2988
f 2990 2991 2992
f 2989 2991 2990
f 2992 2993 2994
f 2991 2993 2992
f 2994 2927 2928
f 2994 2993 2927
f 2993 2995 2927
f 2927 2995 2929
f 2929 2995 2996
f 2929 2996 2930
f 2930 2996 2997
f 2930 2997 2931
f 2931 2997 2998
f 2931 2998 2932
f 2932 2998 2999
f 2932 2999 2933
f 2933 2999 3000
f 2933 3000 2934
f 2934 3000 3001
f 2934 3001 2935
f 2935 3001 3002
f 2935 3002 2936
f 2936 3002 3003
f 2937 3004 3005
f 2937 2936 3004
f 2936 3003 3004
f 3005 3004 3006
f 2941 2437 2421
f 3007 2437 2941
f 3008 2438 2437
f 3008 2437 3009
f 3009 2437 3007
f 3009 3010 3008
f 3013 3012 3011
f 2441 3011 3012
f 2441 3012 2440
f 2440 3012 3014
f 3014 3015 2440
f 2440 3015 2443
f 3015 3016 2443
f 2443 3016 2445
f 2942 3016 2944
f 2942 2446 3016
f 2446 2445 3016
f 2945 2446 2942
f 2447 2446 2945
f 2945 2424 2447
f 2948 2448 2425
f 2950 2448 2948
f 2449 2448 2950
f 2952 2449 2950
f 2450 2449 2952
f 2954 2450 2952
f 2451 2450 2954
f 2956 2451 2954
f 2956 3017 2451
f 3017 2452 2451
f 2957 3017 2959
f 2957 2453 3017
f 2453 2452 3017
f 2960 2453 2957
f 2454 2453 2960
f 2962 2454 2960
f 2455 2454 2962
f 2964 2455 2962
f 2456 2455 2964
f 2966 2456 2964
f 2457 2456 2966
f 2968 2457 2966
f 2458 2457 2968
f 2970 2458 2968
f 2459 2458 2970
f 2970 2428 2459
f 2973 2460 2429
f 2975 2460 2973
f 2461 2460 2975
f 2977 2461 2975
f 2977 3018 2461
f 3018 2462 2461
f 3018 3019 2462
f 2462 3019 2463
f 3019 3020 2463
f 2463 3020 2464
f 3020 3021 2464
f 2464 3021 2465
f 3021 3022 2465
f 2465 3022 2466
f 3022 3023 2466
f 2466 3023 2467
f 3023 3024 2467
f 2467 3024 2468
f 3025 2469 2468
f 3025 2468 3026
f 3026 2468 3024
f 3026 3027 3025
f 2980 2979 3028
f 2979 2981 3029
f 3028 2979 3029
f 2981 3030 3029
f 2981 2433 3030
f 2433 2471 3030
f 3032 2982 2984
f 3031 2982 3032
f 2474 2473 2985
f 2474 2985 3031
f 3031 2985 2982
f 2987 2985 2473
f 2475 2987 2473
f 2989 2987 2475
f 2476 2989 2475
f 2991 2989 2476
f 2477 2991 2476
f 2993 2991 2477
f 2478 2993 2477
f 2995 2993 2478
f 2479 2995 2478
f 2996 2995 2479
f 2480 2996 2479
f 2997 2996 2480
f 2481 2997 2480
f 2998 2997 2481
f 2482 2998 2481
f 2999 2998 2482
f 2483 2999 2482
f 3000 2999 2483
f 2484 3000 2483
f 3001 3000 2484
f 2485 3001 2484
f 3002 3001 2485
f 2486 3002 2485
f 3003 3002 2486
f 2487 3003 2486
f 3004 3003 2487
f 2489 3004 2487
f 2489 2490 3033
f 3004 2489 3033
f 3004 3033 3034
f 3004 3034 3006
f 3034 3033 3035
f 3038 3036 3037
f 3037 3036 3039
f 3008 2492 2438
f 3010 2492 3008
f 3010 3040 2492
f 3040 2494 2492
f 2494 3040 3041
f 2495 2494 3041
f 3044 3043 3042
f 3011 2497 2498
f 3013 3011 2498
f 3013 2498 3042
f 3013 3042 3043
f 3011 2441 2497
f 3025 2499 2469
f 3027 2499 3025
f 3027 3045 2499
f 3045 2501 2499
f 3046 2502 2501
f 3046 2501 3047
f 3047 2501 3045
f 3047 3049 3048
f 3046 3047 3048
f 2505 3048 3049
f 2505 3049 2504
f 2504 3049 3050
f 3050 2471 2504
f 3030 2471 3050
f 3032 3051 3031
f 3031 2506 2474
f 3031 3051 2506
f 3051 3052 2506
f 3052 3053 2506
f 2506 3053 2507
f 3053 3054 2507
f 2507 3054 2508
f 3054 3055 2508
f 2508 3055 2509
f 3055 3056 2509
f 2509 3056 2510
f 3056 3057 2510
f 2510 3057 2511
f 3057 3058 2511
f 2511 3058 2512
f 3058 3059 2512
f 2512 3059 2513
f 3059 3060 2513
f 2513 3060 2514
f 3060 3061 2514
f 2514 3061 2515
f 3061 3062 2515
f 2515 3062 2516
f 3062 3063 2516
f 2516 3063 2517
f 3063 3064 2517
f 2517 3064 2518
f 3064 3065 2518
f 2518 3065 2519
f 3065 3066 2519
f 2519 3066 2520
f 2490 3067 3033
f 2490 2520 3067
f 2520 3066 3067
f 3033 3067 3035
f 3038 3068 3036
f 3036 3068 3039
f 3069 3041 3070
f 3069 2522 3041
f 2522 2495 3041
f 3070 3071 3069
f 3074 3073 3072
f 3042 2524 2525
f 3044 3042 2525
f 3044 2525 3072
f 3044 3072 3073
f 3042 2498 2524
f 3046 2526 2502
f 3048 2526 3046
f 2528 2526 3048
f 3048 2505 2528
f 3069 2531 2522
f 2531 3069 3071
f 2531 3071 2532
f 2532 3071 3075
f 3072 2534 2535
f 3072 2535 3074
f 3074 2535 3076
f 3072 2525 2534
f 3077 3075 3078
f 3077 2538 3075
f 2538 2532 3075
f 3078 3079 3077
f 3082 3081 3080
f 3081 3083 3080
f 3086 3085 3084
f 3085 3088 3087
f 3084 3085 3087
f 3088 2540 3087
f 3088 3076 2540
f 3076 2535 2540
f 3089 2538 3077
f 2542 2538 3089
f 3079 3090 3089
f 3077 3079 3089
f 3092 3082 3080
f 3091 3092 3080
f 3083 3094 3093
f 3083 3093 3080
f 3080 3093 3091
f 3094 3096 3095
f 3093 3094 3095
f 3096 3097 3095
f 3100 3099 3098
f 3099 3102 3101
f 3098 3099 3101
f 3102 3086 3084
f 3102 3084 3101
f 3101 3084 3103
f 3084 3087 3103
f 3087 3104 3103
f 3087 2544 3104
f 2540 2544 3087
f 3105 2542 3089
f 2546 2542 3105
f 3090 3106 3105
f 3089 3090 3105
f 3108 3092 3091
f 3107 3108 3091
f 3091 3093 3107
f 3093 3109 3107
f 3093 3095 3109
f 3095 3110 3109
f 3097 3111 3110
f 3095 3097 3110
f 3113 3100 3098
f 3112 3113 3098
f 3098 3101 3112
f 3101 3114 3112
f 3101 3103 3114
f 3103 3115 3114
f 3103 3104 3115
f 3104 3116 3115
f 3104 2548 3116
f 2544 2548 3104
f 3117 2546 3105
f 2550 2546 3117
f 3106 3118 3117
f 3105 3106 3117
f 3120 3108 3107
f 3119 3120 3107
f 3121 3122 3119
f 3121 3119 3109
f 3109 3119 3107
f 3109 3110 3123
f 3121 3109 3123
f 3110 3111 3123
f 3113 3112 3124
f 3112 3114 3125
f 3124 3112 3125
f 3114 3115 3126
f 3125 3114 3126
f 3115 3116 3127
f 3126 3115 3127
f 3116 3128 3127
f 3116 2548 3128
f 2548 2552 3128
f 3129 2550 3117
f 2555 2550 3129
f 3118 3130 3129
f 3117 3118 3129
f 3120 3119 3131
f 3119 3122 3131
f 2556 3132 3133
f 2556 3133 2552
f 2552 3133 3128
f 2556 2558 3132
f 3134 2555 3129
f 2560 2555 3134
f 3130 3135 3134
f 3129 3130 3134
f 3133 3132 3136
f 3138 2561 3137
f 3136 2561 3138
f 3136 2558 2561
f 3136 3132 2558
f 2561 2563 3137
f 3139 2560 3134
f 2566 2560 3139
f 3135 3140 3139
f 3134 3135 3139
f 3143 3142 3141
f 3142 3145 3144
f 3141 3142 3144
f 3145 3146 3144
f 3138 3137 3147
f 3149 2567 3148
f 3147 2567 3149
f 3147 2563 2567
f 3147 3137 2563
f 2567 2569 3148
f 3150 2566 3139
f 2572 2566 3150
f 3140 3151 3150
f 3139 3140 3150
f 3153 3143 3141
f 3152 3153 3141
f 3141 3144 3152
f 3144 3154 3152
f 3146 3155 3154
f 3144 3146 3154
f 3149 3148 3156
f 3148 2569 2573
f 3148 2573 3156
f 3156 2573 3157
f 3159 2574 3158
f 3159 3157 2574
f 3157 2573 2574
f 2574 2576 3158
f 2579 3160 2580
f 2572 3160 2579
f 2572 3150 3160
f 3150 3161 3160
f 3151 3162 3161
f 3150 3151 3161
f 3164 3153 3152
f 3163 3164 3152
f 3152 3154 3163
f 3154 3165 3163
f 3155 3166 3165
f 3154 3155 3165
f 3159 3158 3167
f 3158 2576 2581
f 3158 2581 3167
f 3167 2581 3168
f 3168 2581 3169
f 2581 2582 3169
f 3169 2582 3170
f 2582 2583 3170
f 3170 2583 3171
f 2583 2584 3171
f 3171 2584 3172
f 2584 2585 3172
f 3172 2585 3173
f 2585 2586 3173
f 3173 2586 3174
f 2586 2587 3174
f 2587 3175 3174
f 2589 3175 2587
f 3176 2580 3160
f 2593 2580 3176
f 3160 3161 3176
f 3161 3177 3176
f 3162 3178 3177
f 3161 3162 3177
f 3180 3164 3163
f 3179 3180 3163
f 3163 3165 3179
f 3165 3181 3179
f 3166 3182 3181
f 3165 3166 3181
f 2594 3183 3184
f 2594 3184 2589
f 2589 3184 3175
f 2594 2596 3183
f 2601 3185 2602
f 2593 3185 2601
f 2593 3176 3185
f 3176 3186 3185
f 3187 3188 3186
f 3187 3186 3177
f 3177 3186 3176
f 3177 3178 3187
f 3190 3180 3179
f 3189 3190 3179
f 3191 3192 3189
f 3191 3189 3181
f 3181 3189 3179
f 3181 3182 3191
f 3184 3183 3193
f 3183 2596 2603
f 3183 2603 3193
f 3193 2603 3194
f 3194 2603 3195
f 2603 2604 3195
f 3195 2604 3196
f 2604 2605 3196
f 3198 2606 3197
f 3198 3196 2606
f 3196 2605 2606
f 2606 2608 3197
f 2634 3199 2635
f 2636 3199 2634
f 3200 3199 2636
f 2602 3200 2636
f 2602 3185 3200
f 3185 3201 3200
f 3202 3203 3201
f 3202 3201 3186
f 3186 3201 3185
f 3186 3188 3202
f 3190 3189 3204
f 3189 3192 3204
f 3198 3197 3205
f 3197 2608 2637
f 3197 2637 3205
f 3205 2637 3206
f 3208 2638 3207
f 3208 3206 2638
f 3206 2637 2638
f 2639 3207 2638
f 3209 3207 2639
f 2640 3209 2639
f 3210 3209 2640
f 2641 3210 2640
f 3211 3210 2641
f 2642 3211 2641
f 3212 3211 2642
f 2642 2644 3212
f 2670 3213 2671
f 2672 3213 2670
f 3214 3213 2672
f 2673 3214 2672
f 3215 3214 2673
f 2674 3215 2673
f 3216 3215 2674
f 2635 3216 2674
f 2635 3199 3216
f 3199 3217 3216
f 3218 3219 3217
f 3218 3217 3200
f 3200 3217 3199
f 3200 3201 3220
f 3218 3200 3220
f 3201 3203 3220
f 3223 3222 3221
f 3222 3208 3207
f 3222 3207 3221
f 3221 3207 3224
f 3207 3209 3224
f 3209 3225 3224
f 3209 3210 3225
f 3210 3226 3225
f 3227 3228 3226
f 3227 3226 3211
f 3211 3226 3210
f 3230 3227 3211
f 3230 3211 3229
f 3229 3211 3212
f 2675 3212 2644
f 2675 3231 3212
f 3231 3229 3212
f 2675 2677 3231
f 3232 2671 3213
f 2703 2671 3232
f 3213 3214 3232
f 3214 3233 3232
f 3214 3215 3233
f 3215 3234 3233
f 3215 3216 3234
f 3216 3235 3234
f 3216 3217 3235
f 3217 3236 3235
f 3219 3238 3237
f 3219 3237 3217
f 3217 3237 3236
f 3238 3239 3237
f 3242 3241 3240
f 3243 3244 3240
f 3243 3240 3221
f 3241 3223 3240
f 3223 3221 3240
f 3246 3243 3221
f 3246 3221 3245
f 3245 3221 3224
f 3224 3225 3245
f 3225 3247 3245
f 3248 3249 3247
f 3248 3247 3226
f 3226 3247 3225
f 3226 3228 3248
f 3230 3229 3250
f 3252 3250 3229
f 3252 3229 3251
f 3251 3229 3231
f 3231 2705 3251
f 2677 2705 3231
f 2708 3253 3254
f 2707 3253 2708
f 3253 2707 3255
f 2707 2709 3255
f 3256 2709 2711
f 3256 3257 2709
f 3257 3255 2709
f 3257 3256 3258
f 2725 3259 2726
f 2727 3259 2725
f 3260 3259 2727
f 2728 3260 2727
f 3261 3260 2728
f 2728 2730 3261
f 2737 3262 2738
f 2703 3262 2737
f 2703 3232 3262
f 3232 3263 3262
f 3232 3233 3263
f 3233 3264 3263
f 3233 3234 3264
f 3234 3265 3264
f 3234 3235 3265
f 3235 3266 3265
f 3235 3236 3266
f 3236 3267 3266
f 3268 3269 3267
f 3268 3267 3237
f 3237 3267 3236
f 3237 3239 3268
f 3242 3240 3270
f 3240 3244 3270
f 3246 3245 3271
f 3245 3247 3272
f 3271 3245 3272
f 3275 3272 3247
f 3275 3247 3273
f 3249 3274 3247
f 3274 3273 3247
f 3274 3277 3276
f 3273 3274 3276
f 3277 3279 3278
f 3276 3277 3278
f 3279 3252 3251
f 3279 3251 3278
f 3278 3251 3280
f 3251 2740 3280
f 2705 2740 3251
f 2741 3281 2742
f 2744 3254 3282
f 2744 2708 3254
f 2741 2745 3281
f 3282 3283 2744
f 2744 3283 2747
f 2711 3284 3256
f 2711 2747 3284
f 2747 3283 3284
f 3256 3284 3258
f 3287 3285 3286
f 3286 3285 3288
f 2754 3289 2755
f 2754 2756 3289
f 2766 3290 2767
f 2768 3290 2766
f 3291 3290 2768
f 2769 3291 2768
f 3292 3291 2769
f 2726 3292 2769
f 2726 3259 3292
f 3259 3293 3292
f 3259 3260 3293
f 3260 3294 3293
f 3260 3261 3294
f 3261 3295 3294
f 2770 3261 2730
f 2770 3296 3261
f 3296 3295 3261
f 2771 3296 2770
f 3297 3296 2771
f 2772 3297 2771
f 3298 3297 2772
f 2773 3298 2772
f 3299 3298 2773
f 2774 3299 2773
f 3300 3299 2774
f 2775 3300 2774
f 3301 3300 2775
f 2776 3301 2775
f 3302 3301 2776
f 2738 3302 2776
f 2738 3262 3302
f 3262 3303 3302
f 3262 3263 3303
f 3263 3304 3303
f 3263 3264 3304
f 3264 3305 3304
f 3264 3265 3305
f 3265 3306 3305
f 3307 3308 3306
f 3307 3306 3266
f 3266 3306 3265
f 3266 3267 3309
f 3307 3266 3309
f 3267 3269 3309
f 3275 3273 3310
f 3273 3276 3311
f 3310 3273 3311
f 3276 3278 3312
f 3311 3276 3312
f 3278 3280 3313
f 3312 3278 3313
f 3280 2740 2777
f 3280 2777 3313
f 3313 2777 3314
f 2742 3281 3315
f 2742 3315 2777
f 2777 3315 3314
f 3281 2745 2778
f 3281 2778 3315
f 3315 2778 3316
f 3316 2778 3317
f 2778 2779 3317
f 3317 2779 3318
f 2779 2780 3318
f 3318 2780 3319
f 2780 2781 3319
f 3285 3287 3319
f 3285 3319 2782
f 2782 3319 2781
f 3288 3285 2782
f 3288 2782 3320
f 3320 2782 2783
f 3322 2784 3321
f 3322 3320 2784
f 3320 2783 2784
f 2785 3321 2784
f 3323 3321 2785
f 2755 3323 2785
f 2755 3289 3323
f 3289 3324 3323
f 3289 2786 3324
f 2756 2786 3289
f 2795 3325 2796
f 2797 3325 2795
f 3326 3325 2797
f 2798 3326 2797
f 3327 3326 2798
f 2767 3327 2798
f 2767 3290 3327
f 3290 3328 3327
f 3290 3291 3328
f 3291 3329 3328
f 3291 3292 3329
f 3292 3330 3329
f 3292 3293 3330
f 3293 3331 3330
f 3332 3333 3331
f 3332 3331 3294
f 3294 3331 3293
f 3294 3295 3334
f 3332 3294 3334
f 3336 3334 3295
f 3336 3295 3335
f 3335 3295 3296
f 3296 3297 3335
f 3297 3337 3335
f 3297 3298 3337
f 3298 3338 3337
f 3298 3299 3338
f 3299 3339 3338
f 3299 3300 3339
f 3300 3340 3339
f 3300 3301 3340
f 3301 3341 3340
f 3301 3302 3341
f 3302 3342 3341
f 3302 3303 3342
f 3303 3343 3342
f 3344 3345 3343
f 3344 3343 3304
f 3304 3343 3303
f 3304 3305 3346
f 3344 3304 3346
f 3305 3306 3347
f 3346 3305 3347
f 3306 3308 3347
f 3322 3321 3348
f 3350 3348 3321
f 3350 3321 3349
f 3349 3321 3323
f 3323 3324 3349
f 3324 3351 3349
f 3324 2800 3351
f 2786 2800 3324
f 2810 3352 2811
f 2812 3352 2810
f 3353 3352 2812
f 2813 3353 2812
f 3354 3353 2813
f 2796 3354 2813
f 2796 3325 3354
f 3325 3355 3354
f 3325 3326 3355
f 3326 3356 3355
f 3326 3327 3356
f 3327 3357 3356
f 3358 3359 3357
f 3358 3357 3328
f 3328 3357 3327
f 3328 3329 3360
f 3358 3328 3360
f 3329 3330 3361
f 3360 3329 3361
f 3330 3331 3362
f 3361 3330 3362
f 3331 3333 3362
f 3336 3335 3363
f 3335 3337 3364
f 3363 3335 3364
f 3337 3338 3365
f 3364 3337 3365
f 3338 3339 3366
f 3365 3338 3366
f 3339 3340 3367
f 3366 3339 3367
f 3340 3341 3368
f 3367 3340 3368
f 3341 3342 3369
f 3368 3341 3369
f 3342 3343 3370
f 3369 3342 3370
f 3343 3345 3370
f 3350 3349 3371
f 3349 3351 3372
f 3371 3349 3372
f 3374 2814 3373
f 3372 2814 3374
f 3372 2800 2814
f 3372 3351 2800
f 2815 3373 2814
f 3375 3373 2815
f 2815 2817 3375
f 2825 3376 2826
f 2827 3376 2825
f 3377 3376 2827
f 2828 3377 2827
f 3378 3377 2828
f 2829 3378 2828
f 3379 3378 2829
f 2830 3379 2829
f 3380 3379 2830
f 2811 3380 2830
f 2811 3352 3380
f 3352 3381 3380
f 3352 3353 3381
f 3353 3382 3381
f 3383 3384 3382
f 3383 3382 3354
f 3354 3382 3353
f 3354 3355 3385
f 3383 3354 3385
f 3355 3356 3386
f 3385 3355 3386
f 3356 3357 3387
f 3386 3356 3387
f 3357 3359 3387
f 3374 3373 3388
f 3373 3375 3389
f 3388 3373 3389
f 3391 2831 3390
f 3389 2831 3391
f 3389 2817 2831
f 3389 3375 2817
f 2832 3390 2831
f 3392 3390 2832
f 2833 3392 2832
f 3393 3392 2833
f 2834 3393 2833
f 3394 3393 2834
f 2835 3394 2834
f 3395 3394 2835
f 2836 3395 2835
f 3396 3395 2836
f 2837 3396 2836
f 3397 3396 2837
f 2838 3397 2837
f 3398 3397 2838
f 2826 3398 2838
f 2826 3376 3398
f 3376 3399 3398
f 3400 3401 3399
f 3400 3399 3377
f 3377 3399 3376
f 3377 3378 3402
f 3400 3377 3402
f 3378 3379 3403
f 3402 3378 3403
f 3379 3380 3404
f 3403 3379 3404
f 3380 3381 3405
f 3404 3380 3405
f 3381 3382 3406
f 3405 3381 3406
f 3382 3384 3406
f 3391 3390 3407
f 3390 3392 3408
f 3407 3390 3408
f 3410 3408 3392
f 3410 3392 3409
f 3409 3392 3393
f 3393 3394 3409
f 3394 3411 3409
f 3412 3413 3411
f 3412 3411 3395
f 3395 3411 3394
f 3395 3396 3414
f 3412 3395 3414
f 3396 3397 3415
f 3414 3396 3415
f 3397 3398 3416
f 3415 3397 3416
f 3398 3399 3417
f 3416 3398 3417
f 3399 3401 3417
f 3410 3409 3418
f 3409 3411 3419
f 3418 3409 3419
f 3411 3413 3419
f 3422 3421 3420
f 2841 3420 3421
f 2841 3421 2840
f 2840 3421 3423
f 3423 3424 2840
f 2840 3424 2843
f 3424 3425 2843
f 2843 3425 2844
f 3427 3426 2845
f 3427 2845 3425
f 3425 2845 2844
f 2845 3426 2846
f 2847 2848 3428
f 2847 3428 2850
f 3431 3430 3429
f 3420 2853 2854
f 3422 3420 2854
f 3422 2854 3429
f 3422 3429 3430
f 3420 2841 2853
f 3427 3432 3426
f 3434 3433 2855
f 3432 3434 2855
f 3432 2855 2846
f 3432 2846 3426
f 2856 2855 3433
f 3435 2856 3433
f 2857 2856 3435
f 3436 2857 3435
f 2857 3436 2859
f 2865 2866 3437
f 2848 2865 3437
f 2848 3437 3428
f 3428 3437 3438
f 2867 2850 3428
f 2867 3428 3439
f 3439 3428 3438
f 2868 2867 3439
f 3440 2868 3439
f 2869 2868 3440
f 3441 2869 3440
f 2870 2869 3441
f 3442 2870 3441
f 2870 3442 2872
f 3445 3444 3443
f 3429 2875 2876
f 3431 3429 2876
f 3431 2876 3443
f 3431 3443 3444
f 3429 2854 2875
f 3434 3446 3433
f 3433 3447 3435
f 3446 3447 3433
f 3449 3435 3447
f 3449 3448 3435
f 3448 3436 3435
f 2877 2859 3436
f 2877 3436 3450
f 3450 3436 3448
f 2878 2877 3450
f 3451 2878 3450
f 2878 3451 2880
f 3452 3437 2866
f 3452 2866 3453
f 3453 2866 2892
f 3437 3454 3438
f 3452 3454 3437
f 3438 3455 3439
f 3454 3455 3438
f 3439 3456 3440
f 3455 3456 3439
f 3440 3457 3441
f 3456 3457 3440
f 3441 3458 3442
f 3457 3458 3441
f 3442 2893 2872
f 3442 3458 2893
f 3458 3459 2893
f 3461 3460 2894
f 3461 2894 3459
f 3459 2894 2893
f 2895 2894 3460
f 3462 2895 3460
f 2896 2895 3462
f 3463 2896 3462
f 2897 2896 3463
f 3464 2897 3463
f 2897 3464 2899
f 3445 3443 3465
f 3443 2876 2901
f 3443 2901 3467
f 3443 3467 3465
f 3467 2901 3466
f 3467 3468 3469
f 3466 3468 3467
f 3469 3468 3470
f 3473 3471 3472
f 3472 3474 3475
f 3471 3474 3472
f 3475 3448 3449
f 3475 3474 3448
f 3474 3476 3448
f 3448 3476 3450
f 3450 3476 3477
f 3450 3477 3451
f 3451 3477 3478
f 3451 3478 2903
f 2880 3451 2903
f 2913 2914 3479
f 2915 2913 3479
f 3480 2915 3479
f 2916 2915 3480
f 3481 2916 3480
f 3481 2892 2916
f 3481 3482 2892
f 3482 3453 2892
f 3461 3483 3460
f 3460 3484 3462
f 3483 3484 3460
f 3462 3485 3463
f 3484 3485 3462
f 3463 3486 3464
f 3485 3486 3463
f 3464 2917 2899
f 3464 3486 2917
f 3486 3487 2917
f 3487 3488 2917
f 2917 3488 2918
f 3490 3489 2919
f 3490 2919 3488
f 3488 2919 2918
f 2919 3489 2921
f 3491 3466 2901
f 2923 3491 2901
f 3466 3491 3468
f 3468 3491 3492
f 3470 3493 3494
f 3470 3468 3493
f 3468 3492 3493
f 3494 3493 3495
f 3473 3496 3471
f 3471 3497 3474
f 3496 3497 3471
f 3474 3498 3476
f 3497 3498 3474
f 3476 3499 3477
f 3498 3499 3476
f 3501 3477 3499
f 3501 3500 3477
f 3500 3478 3477
f 2926 2903 3478
f 2926 3478 3502
f 3502 3478 3500
f 2926 3502 2928
f 3503 3479 2914
f 2937 3503 2914
f 3479 3503 3480
f 3480 3503 3504
f 3505 3504 3506
f 3505 3481 3504
f 3481 3480 3504
f 3481 3505 3482
f 3490 3507 3489
f 3489 2938 2921
f 3489 3507 2938
f 3507 3508 2938
f 3508 3509 2938
f 2938 3509 2939
f 3511 3510 2940
f 3511 2940 3509
f 3509 2940 2939
f 2940 3510 2941
f 3514 3513 3512
f 2944 3512 3513
f 2944 3513 2943
f 2943 3513 3515
f 3515 3516 2943
f 2943 3516 2946
f 3516 3517 2946
f 2946 3517 2947
f 3517 3518 2947
f 2947 3518 2949
f 3518 3519 2949
f 2949 3519 2951
f 3519 3520 2951
f 2951 3520 2953
f 3520 3521 2953
f 2953 3521 2955
f 3522 2956 2955
f 3522 2955 3523
f 3523 2955 3521
f 2959 3522 3523
f 2959 3523 2958
f 2958 3523 3524
f 3524 3525 2958
f 2958 3525 2961
f 3525 3526 2961
f 2961 3526 2963
f 3526 3527 2963
f 2963 3527 2965
f 3527 3528 2965
f 2965 3528 2967
f 3528 3529 2967
f 2967 3529 2969
f 3529 3530 2969
f 2969 3530 2971
f 3530 3531 2971
f 2971 3531 2972
f 3531 3532 2972
f 2972 3532 2974
f 3532 3533 2974
f 2974 3533 2976
f 3534 2977 2976
f 3534 2976 3535
f 3535 2976 3533
f 3535 3537 3536
f 3534 3535 3536
f 3537 3539 3538
f 3536 3537 3538
f 3539 3540 3538
f 3491 2923 2978
f 2978 2980 3541
f 2978 3541 3491
f 3491 3541 3492
f 3492 3541 3493
f 3493 3541 3542
f 3495 3542 3543
f 3493 3542 3495
f 2983 3544 2984
f 2986 3544 2983
f 3545 3544 2986
f 2988 3545 2986
f 3546 3545 2988
f 2990 3546 2988
f 3547 3546 2990
f 2992 3547 2990
f 2992 3548 3547
f 3549 3500 3501
f 2992 3550 3548
f 2992 2994 3550
f 3549 3551 3500
f 3551 3502 3500
f 3551 3553 2928
f 3551 2928 3502
f 3553 3552 2928
f 2994 2928 3550
f 3552 3550 2928
f 3553 3555 3554
f 3552 3553 3554
f 3555 3557 3556
f 3554 3555 3556
f 3557 3559 3558
f 3556 3557 3558
f 3559 3560 3558
f 3503 2937 3005
f 3005 3006 3561
f 3005 3561 3503
f 3503 3561 3504
f 3506 3561 3562
f 3504 3561 3506
f 3511 3563 3510
f 3510 3007 2941
f 3510 3563 3007
f 3563 3564 3007
f 3566 3565 3009
f 3566 3009 3564
f 3564 3009 3007
f 3009 3565 3010
f 3569 3568 3567
f 3013 3567 3568
f 3013 3568 3012
f 3012 3568 3570
f 3570 3571 3012
f 3012 3571 3014
f 3571 3572 3014
f 3014 3572 3015
f 3512 3572 3514
f 3512 3016 3572
f 3016 3015 3572
f 3512 2944 3016
f 3522 3017 2956
f 3522 2959 3017
f 3534 3018 2977
f 3536 3018 3534
f 3019 3018 3536
f 3538 3019 3536
f 3020 3019 3538
f 3540 3020 3538
f 3540 3573 3020
f 3573 3021 3020
f 3573 3574 3021
f 3021 3574 3022
f 3574 3575 3022
f 3022 3575 3023
f 3575 3576 3023
f 3023 3576 3024
f 3576 3577 3024
f 3024 3577 3026
f 3578 3027 3026
f 3578 3026 3579
f 3579 3026 3577
f 3579 3581 3580
f 3578 3579 3580
f 3581 3582 3580
f 2980 3028 3541
f 3542 3541 3585
f 3542 3585 3584
f 3541 3028 3585
f 3583 3585 3029
f 3028 3029 3585
f 3584 3543 3542
f 3583 3029 3030
f 3586 2984 3544
f 3032 2984 3586
f 3544 3545 3586
f 3545 3587 3586
f 3545 3546 3587
f 3546 3588 3587
f 3546 3547 3588
f 3547 3589 3588
f 3547 3548 3589
f 3548 3590 3589
f 3591 3592 3590
f 3591 3590 3550
f 3550 3590 3548
f 3550 3552 3593
f 3591 3550 3593
f 3552 3554 3594
f 3593 3552 3594
f 3554 3556 3595
f 3594 3554 3595
f 3556 3558 3596
f 3595 3556 3596
f 3558 3560 3596
f 3561 3006 3034
f 3034 3035 3597
f 3561 3034 3597
f 3561 3597 3598
f 3561 3598 3562
f 3598 3599 3600
f 3597 3599 3598
f 3600 3601 3602
f 3599 3601 3600
f 3602 3603 3604
f 3601 3603 3602
f 3604 3603 3605
f 3608 3606 3607
f 3607 3609 3610
f 3606 3609 3607
f 3038 3610 3609
f 3038 3037 3610
f 3037 3611 3610
f 3612 3037 3039
f 3612 3613 3037
f 3613 3611 3037
f 3613 3612 3614
f 3566 3615 3565
f 3565 3040 3010
f 3565 3615 3040
f 3615 3616 3040
f 3040 3616 3617
f 3041 3040 3617
f 3620 3619 3618
f 3567 3043 3044
f 3569 3567 3044
f 3569 3044 3618
f 3569 3618 3619
f 3567 3013 3043
f 3578 3045 3027
f 3580 3045 3578
f 3047 3045 3580
f 3582 3047 3580
f 3582 3621 3047
f 3621 3049 3047
f 3583 3621 3585
f 3583 3050 3621
f 3050 3049 3621
f 3583 3030 3050
f 3586 3051 3032
f 3587 3051 3586
f 3052 3051 3587
f 3588 3052 3587
f 3053 3052 3588
f 3589 3053 3588
f 3054 3053 3589
f 3590 3054 3589
f 3055 3054 3590
f 3592 3055 3590
f 3592 3622 3055
f 3622 3056 3055
f 3622 3623 3056
f 3056 3623 3057
f 3623 3624 3057
f 3057 3624 3058
f 3624 3625 3058
f 3058 3625 3059
f 3625 3626 3059
f 3059 3626 3060
f 3626 3627 3060
f 3060 3627 3061
f 3627 3628 3061
f 3061 3628 3062
f 3628 3629 3062
f 3062 3629 3063
f 3629 3630 3063
f 3063 3630 3064
f 3630 3631 3064
f 3064 3631 3065
f 3631 3632 3065
f 3065 3632 3066
f 3632 3633 3066
f 3066 3633 3067
f 3035 3634 3597
f 3035 3067 3634
f 3067 3633 3634
f 3597 3635 3599
f 3634 3635 3597
f 3599 3636 3601
f 3635 3636 3599
f 3601 3637 3603
f 3636 3637 3601
f 3603 3637 3605
f 3608 3638 3606
f 3606 3639 3609
f 3638 3639 3606
f 3609 3068 3038
f 3609 3639 3068
f 3639 3640 3068
f 3039 3641 3612
f 3039 3068 3641
f 3068 3640 3641
f 3612 3641 3614
f 3617 3070 3041
f 3642 3070 3617
f 3070 3642 3643
f 3071 3070 3643
f 3618 3073 3074
f 3618 3074 3620
f 3620 3074 3644
f 3618 3044 3073
f 3645 3643 3646
f 3645 3075 3643
f 3075 3071 3643
f 3646 3647 3645
f 3650 3649 3648
f 3649 3651 3648
f 3654 3653 3652
f 3653 3656 3655
f 3652 3653 3655
f 3656 3076 3655
f 3656 3644 3076
f 3644 3074 3076
f 3645 3078 3075
f 3078 3645 3647
f 3078 3647 3079
f 3079 3647 3657
f 3660 3659 3658
f 3648 3081 3082
f 3650 3648 3082
f 3650 3082 3658
f 3650 3658 3659
f 3081 3661 3083
f 3648 3661 3081
f 3648 3662 3661
f 3648 3651 3662
f 3662 3664 3663
f 3661 3662 3663
f 3664 3666 3665
f 3663 3664 3665
f 3666 3668 3667
f 3665 3666 3667
f 3668 3670 3669
f 3667 3668 3669
f 3670 3672 3671
f 3669 3670 3671
f 3672 3674 3673
f 3671 3672 3673
f 3652 3085 3086
f 3654 3652 3086
f 3654 3086 3673
f 3654 3673 3674
f 3655 3085 3652
f 3088 3085 3655
f 3655 3076 3088
f 3657 3675 3079
f 3675 3090 3079
f 3677 3660 3658
f 3676 3677 3658
f 3658 3092 3676
f 3082 3092 3658
f 3661 3094 3083
f 3663 3094 3661
f 3096 3094 3663
f 3096 3678 3097
f 3096 3663 3678
f 3663 3665 3678
f 3665 3667 3678
f 3667 3679 3678
f 3667 3669 3679
f 3669 3680 3679
f 3100 3671 3099
f 3100 3680 3671
f 3680 3669 3671
f 3673 3099 3671
f 3102 3099 3673
f 3673 3086 3102
f 3681 3675 3682
f 3681 3106 3675
f 3106 3090 3675
f 3682 3683 3681
f 3685 3677 3676
f 3684 3685 3676
f 3676 3108 3684
f 3092 3108 3676
f 3686 3097 3678
f 3111 3097 3686
f 3678 3679 3686
f 3679 3687 3686
f 3679 3680 3687
f 3680 3688 3687
f 3680 3113 3688
f 3100 3113 3680
f 3689 3106 3681
f 3118 3106 3689
f 3683 3690 3689
f 3681 3683 3689
f 3692 3685 3684
f 3691 3692 3684
f 3684 3120 3691
f 3108 3120 3684
f 3121 3693 3122
f 3123 3693 3121
f 3694 3693 3123
f 3694 3695 3696
f 3123 3695 3694
f 3123 3686 3695
f 3123 3111 3686
f 3686 3687 3697
f 3695 3686 3697
f 3687 3688 3698
f 3697 3687 3698
f 3688 3113 3124
f 3688 3124 3698
f 3698 3124 3699
f 3699 3124 3700
f 3124 3125 3700
f 3700 3125 3701
f 3125 3126 3701
f 3703 3127 3702
f 3703 3701 3127
f 3701 3126 3127
f 3127 3128 3702
f 3704 3118 3689
f 3130 3118 3704
f 3690 3705 3704
f 3689 3690 3704
f 3708 3707 3706
f 3707 3709 3706
f 3692 3691 3710
f 3691 3120 3131
f 3691 3131 3710
f 3710 3131 3711
f 3122 3693 3712
f 3122 3712 3131
f 3131 3712 3711
f 3693 3694 3713
f 3712 3693 3713
f 3694 3696 3713
f 3703 3702 3714
f 3702 3715 3714
f 3702 3128 3715
f 3128 3133 3715
f 3716 3130 3704
f 3135 3130 3716
f 3705 3717 3716
f 3704 3705 3716
f 3720 3719 3718
f 3719 3722 3721
f 3718 3719 3721
f 3722 3708 3706
f 3722 3706 3721
f 3721 3706 3723
f 3709 3725 3724
f 3709 3724 3706
f 3706 3724 3723
f 3725 3727 3726
f 3724 3725 3726
f 3727 3728 3726
f 3136 3729 3730
f 3136 3730 3133
f 3133 3730 3715
f 3136 3138 3729
f 3731 3135 3716
f 3140 3135 3731
f 3717 3732 3731
f 3716 3717 3731
f 3735 3734 3733
f 3734 3720 3718
f 3734 3718 3733
f 3733 3718 3736
f 3718 3721 3736
f 3721 3737 3736
f 3143 3723 3142
f 3143 3737 3723
f 3737 3721 3723
f 3724 3142 3723
f 3145 3142 3724
f 3145 3738 3146
f 3145 3724 3738
f 3724 3726 3738
f 3728 3740 3739
f 3728 3739 3726
f 3726 3739 3738
f 3740 3742 3741
f 3739 3740 3741
f 3742 3744 3743
f 3741 3742 3743
f 3744 3745 3743
f 3730 3729 3746
f 3729 3138 3147
f 3729 3147 3746
f 3746 3147 3747
f 3147 3748 3747
f 3149 3748 3147
f 3749 3140 3731
f 3151 3140 3749
f 3732 3750 3749
f 3731 3732 3749
f 3752 3735 3733
f 3751 3752 3733
f 3733 3736 3751
f 3736 3753 3751
f 3736 3737 3753
f 3737 3754 3753
f 3737 3153 3754
f 3143 3153 3737
f 3755 3146 3738
f 3155 3146 3755
f 3738 3739 3755
f 3739 3756 3755
f 3739 3741 3756
f 3741 3757 3756
f 3741 3743 3757
f 3743 3758 3757
f 3745 3759 3758
f 3743 3745 3758
f 3748 3149 3156
f 3760 3748 3156
f 3762 3157 3761
f 3762 3760 3157
f 3760 3156 3157
f 3157 3159 3761
f 3763 3151 3749
f 3162 3151 3763
f 3750 3765 3764
f 3750 3764 3749
f 3749 3764 3763
f 3765 3766 3764
f 3768 3752 3751
f 3767 3768 3751
f 3751 3753 3767
f 3753 3769 3767
f 3753 3754 3769
f 3754 3770 3769
f 3754 3164 3770
f 3153 3164 3754
f 3771 3155 3755
f 3166 3155 3771
f 3772 3773 3771
f 3772 3771 3756
f 3756 3771 3755
f 3756 3757 3774
f 3772 3756 3774
f 3776 3774 3757
f 3776 3757 3775
f 3775 3757 3758
f 3759 3777 3775
f 3758 3759 3775
f 3762 3761 3778
f 3761 3159 3167
f 3761 3167 3778
f 3778 3167 3779
f 3779 3167 3780
f 3167 3168 3780
f 3780 3168 3781
f 3168 3169 3781
f 3781 3169 3782
f 3169 3170 3782
f 3782 3170 3783
f 3170 3171 3783
f 3783 3171 3784
f 3171 3172 3784
f 3784 3172 3785
f 3172 3173 3785
f 3787 3174 3786
f 3787 3785 3174
f 3785 3173 3174
f 3174 3175 3786
f 3788 3162 3763
f 3178 3162 3788
f 3789 3790 3788
f 3789 3788 3764
f 3764 3788 3763
f 3764 3766 3789
f 3768 3767 3791
f 3793 3791 3767
f 3793 3767 3792
f 3792 3767 3769
f 3769 3770 3792
f 3770 3794 3792
f 3770 3180 3794
f 3164 3180 3770
f 3795 3166 3771
f 3182 3166 3795
f 3773 3797 3796
f 3773 3796 3771
f 3771 3796 3795
f 3797 3798 3796
f 3776 3775 3799
f 3775 3777 3799
f 3801 3787 3786
f 3800 3801 3786
f 3786 3184 3800
f 3175 3184 3786
f 3187 3802 3188
f 3178 3802 3187
f 3178 3788 3802
f 3788 3803 3802
f 3790 3804 3803
f 3788 3790 3803
f 3806 3793 3792
f 3805 3806 3792
f 3792 3794 3805
f 3794 3807 3805
f 3794 3190 3807
f 3180 3190 3794
f 3191 3808 3192
f 3182 3808 3191
f 3182 3795 3808
f 3795 3809 3808
f 3810 3811 3809
f 3810 3809 3796
f 3796 3809 3795
f 3796 3798 3810
f 3801 3800 3812
f 3814 3193 3813
f 3812 3193 3814
f 3812 3184 3193
f 3812 3800 3184
f 3194 3813 3193
f 3815 3813 3194
f 3195 3815 3194
f 3816 3815 3195
f 3196 3816 3195
f 3817 3816 3196
f 3196 3198 3817
f 3202 3818 3203
f 3188 3818 3202
f 3188 3802 3818
f 3802 3819 3818
f 3820 3821 3819
f 3820 3819 3803
f 3803 3819 3802
f 3803 3804 3820
f 3806 3805 3822
f 3824 3822 3805
f 3824 3805 3823
f 3823 3805 3807
f 3204 3807 3190
f 3204 3825 3807
f 3825 3823 3807
f 3192 3825 3204
f 3192 3808 3825
f 3808 3826 3825
f 3808 3809 3826
f 3809 3827 3826
f 3811 3828 3827
f 3809 3811 3827
f 3814 3813 3829
f 3813 3815 3830
f 3829 3813 3830
f 3815 3816 3831
f 3830 3815 3831
f 3833 3831 3816
f 3833 3816 3832
f 3832 3816 3817
f 3205 3817 3198
f 3205 3834 3817
f 3834 3832 3817
f 3206 3834 3205
f 3835 3834 3206
f 3206 3208 3835
f 3218 3836 3219
f 3220 3836 3218
f 3837 3836 3220
f 3203 3837 3220
f 3203 3818 3837
f 3818 3838 3837
f 3839 3840 3838
f 3839 3838 3819
f 3819 3838 3818
f 3819 3821 3839
f 3824 3823 3841
f 3823 3825 3842
f 3841 3823 3842
f 3825 3826 3843
f 3842 3825 3843
f 3826 3827 3844
f 3843 3826 3844
f 3827 3828 3844
f 3847 3846 3845
f 3846 3849 3848
f 3845 3846 3848
f 3849 3833 3832
f 3849 3832 3848
f 3848 3832 3850
f 3832 3834 3850
f 3834 3851 3850
f 3223 3835 3222
f 3223 3851 3835
f 3851 3834 3835
f 3835 3208 3222
f 3227 3852 3228
f 3227 3230 3852
f 3836 3238 3219
f 3238 3853 3239
f 3238 3836 3853
f 3836 3837 3853
f 3837 3838 3853
f 3838 3854 3853
f 3840 3855 3854
f 3838 3840 3854
f 3858 3857 3856
f 3857 3847 3845
f 3857 3845 3856
f 3856 3845 3859
f 3845 3848 3859
f 3848 3860 3859
f 3848 3850 3860
f 3850 3861 3860
f 3242 3851 3241
f 3242 3861 3851
f 3861 3850 3851
f 3241 3851 3223
f 3244 3243 3862
f 3243 3246 3862
f 3248 3863 3249
f 3228 3863 3248
f 3228 3852 3863
f 3852 3864 3863
f 3250 3852 3230
f 3250 3865 3852
f 3865 3864 3852
f 3250 3252 3865
f 3253 3866 3254
f 3255 3866 3253
f 3867 3866 3255
f 3257 3867 3255
f 3868 3867 3257
f 3257 3258 3868
f 3268 3869 3269
f 3239 3869 3268
f 3239 3853 3869
f 3853 3870 3869
f 3871 3872 3870
f 3871 3870 3854
f 3854 3870 3853
f 3854 3855 3871
f 3874 3858 3856
f 3873 3874 3856
f 3856 3859 3873
f 3859 3875 3873
f 3859 3860 3875
f 3860 3876 3875
f 3860 3861 3876
f 3861 3877 3876
f 3270 3861 3242
f 3270 3878 3861
f 3878 3877 3861
f 3244 3878 3270
f 3244 3862 3878
f 3862 3879 3878
f 3271 3862 3246
f 3271 3880 3862
f 3880 3879 3862
f 3272 3880 3271
f 3881 3880 3272
f 3249 3863 3274
f 3272 3275 3881
f 3864 3274 3863
f 3277 3274 3864
f 3865 3277 3864
f 3279 3277 3865
f 3865 3252 3279
f 3866 3282 3254
f 3867 3282 3866
f 3283 3282 3867
f 3868 3283 3867
f 3284 3283 3868
f 3868 3258 3284
f 3286 3882 3287
f 3286 3288 3882
f 3307 3883 3308
f 3309 3883 3307
f 3884 3883 3309
f 3269 3884 3309
f 3269 3869 3884
f 3869 3885 3884
f 3886 3887 3885
f 3886 3885 3870
f 3870 3885 3869
f 3870 3872 3886
f 3874 3873 3888
f 3873 3875 3889
f 3888 3873 3889
f 3891 3889 3875
f 3891 3875 3890
f 3890 3875 3876
f 3876 3877 3890
f 3877 3892 3890
f 3877 3878 3892
f 3878 3893 3892
f 3878 3879 3893
f 3879 3894 3893
f 3879 3880 3894
f 3880 3895 3894
f 3880 3881 3895
f 3881 3896 3895
f 3310 3881 3275
f 3310 3897 3881
f 3897 3896 3881
f 3311 3897 3310
f 3898 3897 3311
f 3312 3898 3311
f 3899 3898 3312
f 3313 3899 3312
f 3900 3899 3313
f 3314 3900 3313
f 3901 3900 3314
f 3315 3901 3314
f 3902 3901 3315
f 3316 3902 3315
f 3903 3902 3316
f 3317 3903 3316
f 3904 3903 3317
f 3318 3904 3317
f 3905 3904 3318
f 3319 3905 3318
f 3906 3905 3319
f 3287 3906 3319
f 3287 3882 3906
f 3882 3907 3906
f 3320 3882 3288
f 3320 3908 3882
f 3908 3907 3882
f 3320 3322 3908
f 3332 3909 3333
f 3334 3909 3332
f 3910 3909 3334
f 3334 3336 3910
f 3344 3911 3345
f 3346 3911 3344
f 3912 3911 3346
f 3347 3912 3346
f 3913 3912 3347
f 3308 3913 3347
f 3308 3883 3913
f 3883 3914 3913
f 3883 3884 3914
f 3884 3915 3914
f 3916 3917 3915
f 3916 3915 3885
f 3885 3915 3884
f 3885 3887 3916
f 3891 3890 3918
f 3920 3918 3890
f 3920 3890 3919
f 3919 3890 3892
f 3892 3893 3919
f 3893 3921 3919
f 3893 3894 3921
f 3894 3922 3921
f 3894 3895 3922
f 3895 3923 3922
f 3895 3896 3923
f 3896 3924 3923
f 3896 3897 3924
f 3897 3925 3924
f 3897 3898 3925
f 3898 3926 3925
f 3898 3899 3926
f 3899 3927 3926
f 3899 3900 3927
f 3900 3928 3927
f 3900 3901 3928
f 3901 3929 3928
f 3901 3902 3929
f 3902 3930 3929
f 3902 3903 3930
f 3903 3931 3930
f 3903 3904 3931
f 3904 3932 3931
f 3904 3905 3932
f 3905 3933 3932
f 3905 3906 3933
f 3906 3934 3933
f 3906 3907 3934
f 3907 3935 3934
f 3907 3908 3935
f 3908 3936 3935
f 3348 3908 3322
f 3348 3937 3908
f 3937 3936 3908
f 3348 3350 3937
f 3358 3938 3359
f 3360 3938 3358
f 3939 3938 3360
f 3361 3939 3360
f 3940 3939 3361
f 3362 3940 3361
f 3941 3940 3362
f 3333 3941 3362
f 3333 3909 3941
f 3909 3942 3941
f 3909 3910 3942
f 3910 3943 3942
f 3363 3910 3336
f 3363 3944 3910
f 3944 3943 3910
f 3364 3944 3363
f 3945 3944 3364
f 3365 3945 3364
f 3946 3945 3365
f 3366 3946 3365
f 3947 3946 3366
f 3367 3947 3366
f 3948 3947 3367
f 3368 3948 3367
f 3949 3948 3368
f 3369 3949 3368
f 3950 3949 3369
f 3370 3950 3369
f 3951 3950 3370
f 3345 3951 3370
f 3345 3911 3951
f 3911 3952 3951
f 3911 3912 3952
f 3912 3953 3952
f 3954 3955 3953
f 3954 3953 3913
f 3913 3953 3912
f 3913 3914 3956
f 3954 3913 3956
f 3914 3915 3957
f 3956 3914 3957
f 3915 3917 3957
f 3959 3920 3919
f 3958 3959 3919
f 3919 3921 3958
f 3921 3960 3958
f 3921 3922 3960
f 3922 3961 3960
f 3922 3923 3961
f 3923 3962 3961
f 3923 3924 3962
f 3924 3963 3962
f 3924 3925 3963
f 3925 3964 3963
f 3925 3926 3964
f 3926 3965 3964
f 3926 3927 3965
f 3927 3966 3965
f 3927 3928 3966
f 3928 3967 3966
f 3928 3929 3967
f 3929 3968 3967
f 3929 3930 3968
f 3930 3969 3968
f 3930 3931 3969
f 3931 3970 3969
f 3931 3932 3970
f 3932 3971 3970
f 3932 3933 3971
f 3933 3972 3971
f 3933 3934 3972
f 3934 3973 3972
f 3934 3935 3973
f 3935 3974 3973
f 3935 3936 3974
f 3936 3975 3974
f 3936 3937 3975
f 3937 3976 3975
f 3371 3937 3350
f 3371 3977 3937
f 3977 3976 3937
f 3372 3977 3371
f 3978 3977 3372
f 3372 3374 3978
f 3383 3979 3384
f 3385 3979 3383
f 3980 3979 3385
f 3386 3980 3385
f 3981 3980 3386
f 3387 3981 3386
f 3982 3981 3387
f 3359 3982 3387
f 3359 3938 3982
f 3938 3983 3982
f 3938 3939 3983
f 3939 3984 3983
f 3985 3986 3984
f 3985 3984 3940
f 3940 3984 3939
f 3940 3941 3987
f 3985 3940 3987
f 3941 3942 3988
f 3987 3941 3988
f 3942 3943 3989
f 3988 3942 3989
f 3943 3944 3990
f 3989 3943 3990
f 3944 3945 3991
f 3990 3944 3991
f 3945 3946 3992
f 3991 3945 3992
f 3946 3947 3993
f 3992 3946 3993
f 3947 3948 3994
f 3993 3947 3994
f 3948 3949 3995
f 3994 3948 3995
f 3949 3950 3996
f 3995 3949 3996
f 3950 3951 3997
f 3996 3950 3997
f 3951 3952 3998
f 3997 3951 3998
f 3952 3953 3999
f 3998 3952 3999
f 3953 3955 3999
f 3959 3958 4000
f 3958 3960 4001
f 4000 3958 4001
f 3960 3961 4002
f 4001 3960 4002
f 3961 3962 4003
f 4002 3961 4003
f 3962 3963 4004
f 4003 3962 4004
f 3963 3964 4005
f 4004 3963 4005
f 3964 3965 4006
f 4005 3964 4006
f 3965 3966 4007
f 4006 3965 4007
f 4009 4007 3966
f 4009 3966 4008
f 4008 3966 3967
f 3967 3968 4008
f 3968 4010 4008
f 3968 3969 4010
f 3969 4011 4010
f 3969 3970 4011
f 3970 4012 4011
f 3970 3971 4012
f 3971 4013 4012
f 3971 3972 4013
f 3972 4014 4013
f 3972 3973 4014
f 3973 4015 4014
f 3973 3974 4015
f 3974 4016 4015
f 4017 4018 4016
f 4017 4016 3975
f 3975 4016 3974
f 3975 3976 4019
f 4017 3975 4019
f 3976 3977 4020
f 4019 3976 4020
f 3977 3978 4021
f 4020 3977 4021
f 4023 3388 4022
f 4021 3388 4023
f 4021 3374 3388
f 4021 3978 3374
f 3389 4022 3388
f 4024 4022 3389
f 3389 3391 4024
f 3400 4025 3401
f 3402 4025 3400
f 4026 4025 3402
f 3403 4026 3402
f 4027 4026 3403
f 3404 4027 3403
f 4028 4027 3404
f 3405 4028 3404
f 4029 4028 3405
f 4029 4030 4031
f 4029 3405 4030
f 3405 3406 4030
f 3384 3979 4032
f 3384 4032 3406
f 3406 4032 4030
f 3979 3980 4033
f 4032 3979 4033
f 3980 3981 4034
f 4033 3980 4034
f 3981 3982 4035
f 4034 3981 4035
f 3982 3983 4036
f 4035 3982 4036
f 3983 3984 4037
f 4036 3983 4037
f 3984 3986 4037
f 4009 4008 4038
f 4008 4010 4039
f 4038 4008 4039
f 4010 4011 4040
f 4039 4010 4040
f 4011 4012 4041
f 4040 4011 4041
f 4012 4013 4042
f 4041 4012 4042
f 4013 4014 4043
f 4042 4013 4043
f 4014 4015 4044
f 4043 4014 4044
f 4015 4016 4045
f 4044 4015 4045
f 4016 4018 4045
f 4023 4022 4046
f 4022 4024 4047
f 4046 4022 4047
f 4049 3407 4048
f 4047 3407 4049
f 4047 3391 3407
f 4047 4024 3391
f 3408 4048 3407
f 4050 4048 3408
f 3408 3410 4050
f 3412 4051 3413
f 3414 4051 3412
f 4052 4051 3414
f 3415 4052 3414
f 4053 4052 3415
f 3416 4053 3415
f 4054 4053 3416
f 4054 4055 4056
f 4054 3416 4055
f 3416 3417 4055
f 3401 4025 4057
f 3401 4057 3417
f 3417 4057 4055
f 4025 4026 4058
f 4057 4025 4058
f 4026 4027 4059
f 4058 4026 4059
f 4027 4028 4060
f 4059 4027 4060
f 4028 4029 4061
f 4060 4028 4061
f 4029 4031 4061
f 4049 4048 4062
f 4048 4050 4063
f 4062 4048 4063
f 4065 3418 4064
f 4063 3418 4065
f 4063 3410 3418
f 4063 4050 3410
f 4064 4066 4067
f 4064 3418 4066
f 3418 3419 4066
f 3413 4051 4068
f 3413 4068 3419
f 3419 4068 4066
f 4051 4052 4069
f 4068 4051 4069
f 4052 4053 4070
f 4069 4052 4070
f 4053 4054 4071
f 4070 4053 4071
f 4054 4056 4071
f 4065 4064 4072
f 4064 4067 4072
f 4075 4074 4073
f 3422 4073 4074
f 3422 4074 3421
f 3421 4074 4076
f 4076 4077 3421
f 3421 4077 3423
f 4077 4078 3423
f 3423 4078 3424
f 4080 4079 3425
f 4080 3425 4078
f 4078 3425 3424
f 3425 4079 3427
f 4083 4082 4081
f 4073 3430 3431
f 4075 4073 3431
f 4075 3431 4081
f 4075 4081 4082
f 4073 3422 3430
f 4080 4084 4079
f 4086 4085 3432
f 4084 4086 3432
f 4084 3432 3427
f 4084 3427 4079
f 3432 4085 3434
f 4081 3444 3445
f 4081 3445 4083
f 4083 3445 4087
f 4081 3431 3444
f 4086 4088 4085
f 4090 4089 3446
f 4088 4090 3446
f 4088 3446 3434
f 4088 3434 4085
f 3447 3446 4089
f 4091 3447 4089
f 3447 4091 3449
f 3452 3453 4092
f 3454 3452 4092
f 4093 3454 4092
f 3455 3454 4093
f 4094 3455 4093
f 3456 3455 4094
f 4095 3456 4094
f 3457 3456 4095
f 4096 3457 4095
f 3458 3457 4096
f 4097 3458 4096
f 3459 3458 4097
f 4098 3459 4097
f 3459 4098 3461
f 4087 3445 3465
f 4099 4087 3465
f 4099 3465 4100
f 3465 3467 4100
f 4100 3467 4101
f 3467 3469 4101
f 4102 3469 3470
f 4102 4103 3469
f 4103 4101 3469
f 4103 4104 4105
f 4102 4104 4103
f 4105 4106 4107
f 4104 4106 4105
f 4107 4108 4109
f 4106 4108 4107
f 4089 3473 3472
f 4090 3473 4089
f 4090 4108 3473
f 4090 4109 4108
f 4091 4089 3472
f 3475 4091 3472
f 4091 3475 3449
f 4110 4092 3453
f 4110 3453 4111
f 4111 3453 3482
f 4113 4092 4110
f 4113 4112 4092
f 4112 4093 4092
f 4114 4112 4115
f 4114 4094 4112
f 4094 4093 4112
f 4094 4116 4095
f 4114 4116 4094
f 4118 4095 4116
f 4118 4117 4095
f 4117 4096 4095
f 4119 4117 4120
f 4119 4097 4117
f 4097 4096 4117
f 4097 4121 4098
f 4119 4121 4097
f 4098 3483 3461
f 4098 4121 3483
f 4121 4122 3483
f 4122 4123 3483
f 3483 4123 3484
f 4125 4124 3485
f 4125 3485 4123
f 4123 3485 3484
f 3486 3485 4124
f 4126 3486 4124
f 3487 3486 4126
f 4127 3487 4126
f 3488 3487 4127
f 4128 3488 4127
f 3488 4128 3490
f 4131 4130 4129
f 4130 4132 4129
f 4102 3470 3494
f 4133 4104 4102
f 4133 4102 3495
f 4133 3495 4134
f 3495 4102 3494
f 4104 4135 4106
f 4133 4135 4104
f 4106 4136 4108
f 4135 4136 4106
f 4108 3496 3473
f 4108 4136 3496
f 4136 4137 3496
f 4137 4138 3496
f 3496 4138 3497
f 4140 4139 3498
f 4140 3498 4138
f 4138 3498 3497
f 3499 3498 4139
f 4141 3499 4139
f 3499 4141 3501
f 3505 3506 4142
f 4142 3482 3505
f 4142 4143 3482
f 4143 4111 3482
f 4113 4144 4112
f 4112 4144 4115
f 4118 4145 4117
f 4117 4145 4120
f 4125 4146 4124
f 4124 4147 4126
f 4146 4147 4124
f 4126 4148 4127
f 4147 4148 4126
f 4127 4149 4128
f 4148 4149 4127
f 4128 3507 3490
f 4128 4149 3507
f 4149 4150 3507
f 4150 4151 3507
f 3507 4151 3508
f 4153 4152 3509
f 4153 3509 4151
f 4151 3509 3508
f 3509 4152 3511
f 3514 4155 4154
f 3513 3514 4154
f 4154 4156 3513
f 3513 4156 3515
f 4156 4157 3515
f 3515 4157 3516
f 4157 4158 3516
f 3516 4158 3517
f 4129 4158 4131
f 4129 3518 4158
f 3518 3517 4158
f 4132 3518 4129
f 4132 4159 3518
f 4159 3519 3518
f 4159 4160 3519
f 3519 4160 3520
f 4160 4161 3520
f 3520 4161 3521
f 4161 4162 3521
f 3521 4162 3523
f 4162 4163 3523
f 3523 4163 3524
f 4163 4164 3524
f 3524 4164 3525
f 4164 4165 3525
f 3525 4165 3526
f 4165 4166 3526
f 3526 4166 3527
f 4166 4167 3527
f 3527 4167 3528
f 4167 4168 3528
f 3528 4168 3529
f 4168 4169 3529
f 3529 4169 3530
f 4169 4170 3530
f 3530 4170 3531
f 4170 4171 3531
f 3531 4171 3532
f 4171 4172 3532
f 3532 4172 3533
f 4172 4173 3533
f 3533 4173 3535
f 4173 4174 3535
f 3535 4174 3537
f 4174 4175 3537
f 3537 4175 3539
f 4176 3540 3539
f 4176 3539 4177
f 4177 3539 4175
f 4177 4179 4178
f 4176 4177 4178
f 4179 4181 4180
f 4178 4179 4180
f 4181 4183 4182
f 4180 4181 4182
f 4183 4185 4184
f 4182 4183 4184
f 4185 4187 4186
f 4184 4185 4186
f 4187 4189 4188
f 4186 4187 4188
f 4189 4190 4188
f 4134 3495 4191
f 4191 3495 3543
f 4140 4192 4139
f 4139 4193 4141
f 4192 4193 4139
f 4141 3549 3501
f 4141 4193 3549
f 4193 4194 3549
f 4194 4195 3549
f 3549 4195 3551
f 4195 4196 3551
f 3551 4196 3553
f 4196 4197 3553
f 3553 4197 3555
f 4197 4198 3555
f 3555 4198 3557
f 4198 4199 3557
f 3557 4199 3559
f 3559 4199 4200
f 3560 3559 4200
f 4201 4142 3506
f 4201 3506 4202
f 4202 3506 3562
f 4142 4201 4143
f 4153 4203 4152
f 4152 3563 3511
f 4152 4203 3563
f 4203 4204 3563
f 4204 4205 3563
f 3563 4205 3564
f 3564 4205 4206
f 3566 3564 4206
f 3569 4208 4207
f 3568 3569 4207
f 4207 4209 3568
f 3568 4209 3570
f 4209 4210 3570
f 3570 4210 3571
f 4210 4211 3571
f 3571 4211 3572
f 4211 3514 3572
f 4155 3514 4211
f 4176 3573 3540
f 4178 3573 4176
f 3574 3573 4178
f 4180 3574 4178
f 3575 3574 4180
f 4182 3575 4180
f 3576 3575 4182
f 4184 3576 4182
f 3577 3576 4184
f 4186 3577 4184
f 3579 3577 4186
f 4188 3579 4186
f 3581 3579 4188
f 3581 4212 3582
f 4188 4212 3581
f 4188 4213 4212
f 4188 4190 4213
f 3585 4212 4213
f 3585 4213 3584
f 3584 4213 4214
f 4214 3543 3584
f 4191 3543 4214
f 3591 4215 3592
f 3593 4215 3591
f 4216 4215 3593
f 3594 4216 3593
f 4217 4216 3594
f 3595 4217 3594
f 4218 4217 3595
f 3596 4218 3595
f 4219 4218 3596
f 4221 3560 4200
f 4221 4219 3560
f 4221 4220 4219
f 3596 3560 4219
f 4221 4222 4220
f 4202 3562 3598
f 4223 4202 3598
f 4223 3598 4224
f 3598 3600 4224
f 4224 3600 4225
f 3600 3602 4225
f 4225 3602 4226
f 3602 3604 4226
f 3604 4227 4226
f 3605 4227 3604
f 3608 4228 4229
f 3607 4228 3608
f 4228 3607 4230
f 3607 3610 4230
f 4230 3610 4231
f 3610 3611 4231
f 4233 3613 4232
f 4233 4231 3613
f 4231 3611 3613
f 3613 3614 4232
f 4206 3615 3566
f 4234 3615 4206
f 4234 4235 3615
f 3615 4235 3616
f 3616 4235 4236
f 3617 3616 4236
f 3620 4238 4237
f 3619 3620 4237
f 4237 3569 3619
f 4208 3569 4237
f 4212 3621 3582
f 4212 3585 3621
f 4215 3622 3592
f 4216 3622 4215
f 3623 3622 4216
f 4217 3623 4216
f 3624 3623 4217
f 4218 3624 4217
f 3625 3624 4218
f 4219 3625 4218
f 3626 3625 4219
f 4220 3626 4219
f 3627 3626 4220
f 4222 3627 4220
f 4222 4239 3627
f 4239 3628 3627
f 4239 4240 3628
f 3628 4240 3629
f 4240 4241 3629
f 3629 4241 3630
f 4241 4242 3630
f 3630 4242 3631
f 4242 4243 3631
f 3631 4243 3632
f 4243 4244 3632
f 3632 4244 3633
f 4244 4245 3633
f 3633 4245 3634
f 4245 4246 3634
f 3634 4246 3635
f 4246 4247 3635
f 3635 4247 3636
f 4247 4248 3636
f 3636 4248 3637
f 4248 3605 3637
f 4227 3605 4248
f 4229 3638 3608
f 4249 3638 4229
f 4249 4250 3638
f 3638 4250 3639
f 4250 4251 3639
f 3639 4251 3640
f 4232 4251 4233
f 4232 3641 4251
f 3641 3640 4251
f 4232 3614 3641
f 4236 3642 3617
f 4252 3642 4236
f 3642 4252 4253
f 3643 3642 4253
f 4256 4255 4254
f 4255 3644 4254
f 4255 4238 3644
f 4238 3620 3644
f 4253 3646 3643
f 4257 3646 4253
f 3646 4257 4258
f 3647 3646 4258
f 4261 4260 4259
f 3650 4259 4260
f 3650 4260 3649
f 3649 4260 4262
f 4263 3651 3649
f 4263 3649 4264
f 4264 3649 4262
f 4264 4266 4265
f 4263 4264 4265
f 4266 4268 4267
f 4265 4266 4267
f 4268 4270 4269
f 4267 4268 4269
f 4270 4272 4271
f 4269 4270 4271
f 4272 4274 4273
f 4271 4272 4273
f 4274 4275 4273
f 3654 4277 4276
f 3653 3654 4276
f 4254 4276 4256
f 4254 3656 4276
f 3656 3653 4276
f 4254 3644 3656
f 4258 4278 3647
f 4278 3657 3647
f 4259 3659 3660
f 4259 3660 4261
f 4261 3660 4279
f 4259 3650 3659
f 4263 3662 3651
f 4265 3662 4263
f 3664 3662 4265
f 4267 3664 4265
f 3666 3664 4267
f 4269 3666 4267
f 3668 3666 4269
f 4271 3668 4269
f 3670 3668 4271
f 4273 3670 4271
f 3672 3670 4273
f 4275 3672 4273
f 4275 4280 3672
f 4280 3674 3672
f 4280 3654 3674
f 4277 3654 4280
f 4281 4278 4282
f 4281 3675 4278
f 3675 3657 4278
f 4282 4283 4281
f 4279 3660 4284
f 4284 3660 3677
f 4281 3682 3675
f 3682 4281 4283
f 3682 4283 3683
f 3683 4283 4285
f 4284 3677 4286
f 4286 3677 3685
f 4285 4287 3683
f 4287 3690 3683
f 4290 4289 4288
f 4289 4292 4291
f 4288 4289 4291
f 4292 4294 4293
f 4291 4292 4293
f 4294 4295 4293
f 4286 3685 4296
f 4296 3685 3692
f 3695 4297 3696
f 4297 4298 4299
f 4297 3695 4298
f 3695 3697 4298
f 4298 3697 4300
f 3697 3698 4300
f 4300 3698 4301
f 3698 3699 4301
f 4301 3699 4302
f 3699 3700 4302
f 4302 3700 4303
f 3700 3701 4303
f 3701 4304 4303
f 3703 4304 3701
f 4305 4287 4306
f 4305 3705 4287
f 3705 3690 4287
f 4306 4307 4305
f 4310 4309 4308
f 4309 4312 4311
f 4308 4309 4311
f 4288 3707 3708
f 4290 4288 3708
f 4290 3708 4311
f 4290 4311 4312
f 3707 4313 3709
f 3707 4288 4313
f 4288 4291 4313
f 4291 4293 4313
f 4293 4314 4313
f 4295 4315 4314
f 4293 4295 4314
f 4318 4317 4316
f 4317 4319 4316
f 4296 3692 3710
f 4320 4296 3710
f 4320 3710 4321
f 3710 3711 4321
f 4321 3711 4322
f 3711 3712 4322
f 4322 3712 4323
f 3712 3713 4323
f 3696 4297 4324
f 3696 4324 3713
f 3713 4324 4323
f 4297 4299 4324
f 3714 4325 4326
f 3714 4326 3703
f 3703 4326 4304
f 3714 3715 4325
f 4327 3705 4305
f 3717 3705 4327
f 4307 4328 4327
f 4305 4307 4327
f 4331 4330 4329
f 4308 3719 3720
f 4310 4308 3720
f 4310 3720 4329
f 4310 4329 4330
f 4311 3719 4308
f 3722 3719 4311
f 4311 3708 3722
f 4313 3725 3709
f 4314 3725 4313
f 3727 3725 4314
f 3727 4332 3728
f 4314 4332 3727
f 4314 4333 4332
f 4314 4315 4333
f 4333 4334 4332
f 4336 4318 4316
f 4335 4336 4316
f 4319 4337 4335
f 4316 4319 4335
f 4326 4325 4338
f 4325 4339 4338
f 4325 3715 4339
f 3715 3730 4339
f 4340 3717 4327
f 3732 3717 4340
f 4328 4341 4340
f 4327 4328 4340
f 4344 4343 4342
f 4329 3734 3735
f 4331 4329 3735
f 4331 3735 4342
f 4331 4342 4343
f 4329 3720 3734
f 4332 3740 3728
f 4334 3740 4332
f 4334 4345 3740
f 4345 3742 3740
f 4335 4345 4336
f 4335 3744 4345
f 3744 3742 4345
f 3744 4346 3745
f 4335 4346 3744
f 4335 4347 4346
f 4335 4337 4347
f 4347 4348 4346
f 4339 3730 3746
f 4349 4339 3746
f 4349 3746 4350
f 3746 3747 4350
f 3747 4351 4350
f 3748 4351 3747
f 4352 3732 4340
f 3750 3732 4352
f 4341 4353 4352
f 4340 4341 4352
f 4355 4344 4342
f 4354 4355 4342
f 4342 3752 4354
f 3735 3752 4342
f 4356 3745 4346
f 3759 3745 4356
f 4348 4357 4356
f 4346 4348 4356
f 4351 3748 3760
f 4358 4351 3760
f 3760 4359 4358
f 3762 4359 3760
f 4352 3765 3750
f 3765 4360 3766
f 4352 4360 3765
f 4352 4361 4360
f 4352 4353 4361
f 4361 4362 4360
f 4364 4355 4354
f 4363 4364 4354
f 4354 3768 4363
f 3752 3768 4354
f 3772 4365 3773
f 3774 4365 3772
f 4366 4365 3774
f 3774 3776 4366
f 4367 3759 4356
f 3777 3759 4367
f 4357 4368 4367
f 4356 4357 4367
f 4359 3762 3778
f 4369 4359 3778
f 4369 3778 4370
f 3778 3779 4370
f 4370 3779 4371
f 3779 3780 4371
f 4371 3780 4372
f 3780 3781 4372
f 4372 3781 4373
f 3781 3782 4373
f 4373 3782 4374
f 3782 3783 4374
f 4376 3784 4375
f 4376 4374 3784
f 4374 3783 3784
f 3785 4375 3784
f 4377 4375 3785
f 3785 3787 4377
f 3789 4378 3790
f 3766 4378 3789
f 3766 4360 4378
f 4360 4379 4378
f 4362 4380 4379
f 4360 4362 4379
f 4382 4364 4363
f 4381 4382 4363
f 3791 4363 3768
f 3791 4383 4363
f 4383 4381 4363
f 3791 3793 4383
f 4365 3797 3773
f 3797 4384 3798
f 3797 4365 4384
f 4365 4366 4384
f 3799 4366 3776
f 3799 4385 4366
f 4385 4384 4366
f 3777 4385 3799
f 3777 4367 4385
f 4367 4386 4385
f 4368 4387 4386
f 4367 4368 4386
f 4376 4375 4388
f 4390 4388 4375
f 4390 4375 4389
f 4389 4375 4377
f 4377 3801 4389
f 3787 3801 4377
f 4391 3790 4378
f 3804 3790 4391
f 4378 4379 4391
f 4379 4392 4391
f 4380 4393 4392
f 4379 4380 4392
f 4382 4381 4394
f 4396 4394 4381
f 4396 4381 4395
f 4395 4381 4383
f 4383 3806 4395
f 3793 3806 4383
f 3810 4397 3811
f 3798 4397 3810
f 3798 4384 4397
f 4384 4398 4397
f 4384 4385 4398
f 4385 4399 4398
f 4400 4401 4399
f 4400 4399 4386
f 4386 4399 4385
f 4386 4387 4400
f 4390 4389 4402
f 4404 3812 4403
f 4402 3812 4404
f 4402 3801 3812
f 4402 4389 3801
f 3812 3814 4403
f 3820 4405 3821
f 3804 4405 3820
f 3804 4391 4405
f 4391 4406 4405
f 4407 4408 4406
f 4407 4406 4392
f 4392 4406 4391
f 4392 4393 4407
f 4410 4396 4395
f 4409 4410 4395
f 3822 4395 3806
f 3822 4411 4395
f 4411 4409 4395
f 3822 3824 4411
f 4412 3811 4397
f 4412 4413 3811
f 4413 3828 3811
f 4397 4398 4414
f 4412 4397 4414
f 4416 4414 4398
f 4416 4398 4415
f 4415 4398 4399
f 4401 4417 4415
f 4399 4401 4415
f 4404 4403 4418
f 4403 3814 3829
f 4403 3829 4418
f 4418 3829 4419
f 4419 3829 4420
f 3829 3830 4420
f 4422 3831 4421
f 4422 4420 3831
f 4420 3830 3831
f 3831 3833 4421
f 3839 4423 3840
f 3821 4423 3839
f 3821 4405 4423
f 4405 4424 4423
f 4425 4426 4424
f 4425 4424 4406
f 4406 4424 4405
f 4406 4408 4425
f 4410 4409 4427
f 4429 4427 4409
f 4429 4409 4428
f 4428 4409 4411
f 3841 4411 3824
f 3841 4430 4411
f 4430 4428 4411
f 3842 4430 3841
f 4431 4430 3842
f 3843 4431 3842
f 4432 4431 3843
f 3844 4432 3843
f 4433 4432 3844
f 4435 3828 4413
f 4435 4433 3828
f 4435 4434 4433
f 3844 3828 4433
f 4435 4436 4434
f 4416 4415 4437
f 4415 4417 4437
f 4440 4439 4438
f 4439 4442 4441
f 4438 4439 4441
f 4442 4444 4443
f 4441 4442 4443
f 3847 4443 4444
f 3847 4444 3846
f 3846 4444 4445
f 4421 4445 4422
f 4421 3849 4445
f 3849 3846 4445
f 4421 3833 3849
f 4446 3840 4423
f 3855 3840 4446
f 4423 4424 4446
f 4424 4447 4446
f 4426 4448 4447
f 4424 4426 4447
f 4429 4428 4449
f 4428 4430 4450
f 4449 4428 4450
f 4452 4450 4430
f 4452 4430 4451
f 4451 4430 4431
f 4431 4432 4451
f 4432 4453 4451
f 4454 4455 4453
f 4454 4453 4433
f 4433 4453 4432
f 4433 4434 4456
f 4454 4433 4456
f 4434 4436 4456
f 4459 4458 4457
f 4458 4460 4457
f 4463 4462 4461
f 4462 4440 4438
f 4462 4438 4461
f 4461 4438 4464
f 4438 4441 4464
f 4441 4465 4464
f 3858 4443 3857
f 3858 4465 4443
f 4465 4441 4443
f 4443 3847 3857
f 3871 4466 3872
f 3855 4466 3871
f 3855 4446 4466
f 4446 4467 4466
f 4468 4469 4467
f 4468 4467 4447
f 4447 4467 4446
f 4447 4448 4468
f 4452 4451 4470
f 4451 4453 4471
f 4470 4451 4471
f 4453 4455 4471
f 4474 4473 4472
f 4473 4476 4475
f 4472 4473 4475
f 4476 4459 4457
f 4476 4457 4475
f 4475 4457 4477
f 4460 4479 4478
f 4460 4478 4457
f 4457 4478 4477
f 4479 4463 4461
f 4479 4461 4478
f 4478 4461 4480
f 4461 4464 4480
f 4464 4481 4480
f 4464 4465 4481
f 4465 4482 4481
f 4465 3874 4482
f 3858 3874 4465
f 3886 4483 3887
f 3872 4483 3886
f 3872 4466 4483
f 4466 4484 4483
f 4485 4486 4484
f 4485 4484 4467
f 4467 4484 4466
f 4467 4469 4485
f 4488 4474 4472
f 4487 4488 4472
f 4472 4475 4487
f 4475 4489 4487
f 4475 4477 4489
f 4477 4490 4489
f 4477 4478 4490
f 4478 4491 4490
f 4478 4480 4491
f 4480 4492 4491
f 4480 4481 4492
f 4481 4493 4492
f 4481 4482 4493
f 4482 4494 4493
f 3888 4482 3874
f 3888 4495 4482
f 4495 4494 4482
f 3889 4495 3888
f 4496 4495 3889
f 3889 3891 4496
f 3916 4497 3917
f 3887 4497 3916
f 3887 4483 4497
f 4483 4498 4497
f 4499 4500 4498
f 4499 4498 4484
f 4484 4498 4483
f 4484 4486 4499
f 4502 4488 4487
f 4501 4502 4487
f 4487 4489 4501
f 4489 4503 4501
f 4489 4490 4503
f 4490 4504 4503
f 4490 4491 4504
f 4491 4505 4504
f 4491 4492 4505
f 4492 4506 4505
f 4492 4493 4506
f 4493 4507 4506
f 4493 4494 4507
f 4494 4508 4507
f 4494 4495 4508
f 4495 4509 4508
f 4495 4496 4509
f 4496 4510 4509
f 3918 4496 3891
f 3918 4511 4496
f 4511 4510 4496
f 3918 3920 4511
f 3954 4512 3955
f 3956 4512 3954
f 4513 4512 3956
f 3957 4513 3956
f 4514 4513 3957
f 3917 4514 3957
f 3917 4497 4514
f 4497 4515 4514
f 4516 4517 4515
f 4516 4515 4498
f 4498 4515 4497
f 4498 4500 4516
f 4502 4501 4518
f 4520 4518 4501
f 4520 4501 4519
f 4519 4501 4503
f 4503 4504 4519
f 4504 4521 4519
f 4504 4505 4521
f 4505 4522 4521
f 4505 4506 4522
f 4506 4523 4522
f 4524 4525 4523
f 4524 4523 4507
f 4507 4523 4506
f 4527 4524 4507
f 4527 4507 4526
f 4526 4507 4508
f 4508 4509 4526
f 4509 4528 4526
f 4509 4510 4528
f 4510 4529 4528
f 4510 4511 4529
f 4511 4530 4529
f 4511 3959 4530
f 3920 3959 4511
f 3985 4531 3986
f 3987 4531 3985
f 4532 4531 3987
f 3988 4532 3987
f 4533 4532 3988
f 3989 4533 3988
f 4534 4533 3989
f 3990 4534 3989
f 4535 4534 3990
f 3991 4535 3990
f 4536 4535 3991
f 3992 4536 3991
f 4537 4536 3992
f 3993 4537 3992
f 4538 4537 3993
f 3994 4538 3993
f 4539 4538 3994
f 3995 4539 3994
f 4540 4539 3995
f 3996 4540 3995
f 4541 4540 3996
f 3997 4541 3996
f 4542 4541 3997
f 3998 4542 3997
f 4543 4542 3998
f 3999 4543 3998
f 4544 4543 3999
f 3955 4544 3999
f 3955 4512 4544
f 4512 4545 4544
f 4546 4547 4545
f 4546 4545 4513
f 4513 4545 4512
f 4513 4514 4548
f 4546 4513 4548
f 4514 4515 4549
f 4548 4514 4549
f 4515 4517 4549
f 4551 4520 4519
f 4550 4551 4519
f 4519 4521 4550
f 4521 4552 4550
f 4553 4554 4552
f 4553 4552 4522
f 4522 4552 4521
f 4522 4523 4555
f 4553 4522 4555
f 4523 4525 4555
f 4557 4527 4526
f 4556 4557 4526
f 4526 4528 4556
f 4528 4558 4556
f 4528 4529 4558
f 4529 4559 4558
f 4529 4530 4559
f 4530 4560 4559
f 4000 4530 3959
f 4000 4561 4530
f 4561 4560 4530
f 4001 4561 4000
f 4562 4561 4001
f 4002 4562 4001
f 4563 4562 4002
f 4003 4563 4002
f 4564 4563 4003
f 4004 4564 4003
f 4565 4564 4004
f 4005 4565 4004
f 4566 4565 4005
f 4006 4566 4005
f 4567 4566 4006
f 4007 4567 4006
f 4568 4567 4007
f 4007 4009 4568
f 4017 4569 4018
f 4019 4569 4017
f 4570 4569 4019
f 4020 4570 4019
f 4571 4570 4020
f 4021 4571 4020
f 4572 4571 4021
f 4021 4023 4572
f 4030 4573 4031
f 4032 4573 4030
f 4574 4573 4032
f 4033 4574 4032
f 4575 4574 4033
f 4034 4575 4033
f 4576 4575 4034
f 4035 4576 4034
f 4577 4576 4035
f 4577 4578 4579
f 4577 4035 4578
f 4035 4036 4578
f 4578 4036 4580
f 4036 4037 4580
f 3986 4531 4581
f 3986 4581 4037
f 4037 4581 4580
f 4531 4532 4582
f 4581 4531 4582
f 4532 4533 4583
f 4582 4532 4583
f 4533 4534 4584
f 4583 4533 4584
f 4534 4535 4585
f 4584 4534 4585
f 4535 4536 4586
f 4585 4535 4586
f 4536 4537 4587
f 4586 4536 4587
f 4537 4538 4588
f 4587 4537 4588
f 4538 4539 4589
f 4588 4538 4589
f 4539 4540 4590
f 4589 4539 4590
f 4540 4541 4591
f 4590 4540 4591
f 4541 4542 4592
f 4591 4541 4592
f 4542 4543 4593
f 4592 4542 4593
f 4543 4544 4594
f 4593 4543 4594
f 4544 4545 4595
f 4594 4544 4595
f 4545 4547 4595
f 4551 4550 4596
f 4550 4552 4597
f 4596 4550 4597
f 4552 4554 4597
f 4557 4556 4598
f 4556 4558 4599
f 4598 4556 4599
f 4558 4559 4600
f 4599 4558 4600
f 4559 4560 4601
f 4600 4559 4601
f 4560 4561 4602
f 4601 4560 4602
f 4561 4562 4603
f 4602 4561 4603
f 4562 4563 4604
f 4603 4562 4604
f 4563 4564 4605
f 4604 4563 4605
f 4607 4605 4564
f 4607 4564 4606
f 4606 4564 4565
f 4565 4566 4606
f 4566 4608 4606
f 4566 4567 4608
f 4567 4609 4608
f 4567 4568 4609
f 4568 4610 4609
f 4038 4568 4009
f 4038 4611 4568
f 4611 4610 4568
f 4039 4611 4038
f 4612 4611 4039
f 4040 4612 4039
f 4613 4612 4040
f 4041 4613 4040
f 4614 4613 4041
f 4042 4614 4041
f 4615 4614 4042
f 4043 4615 4042
f 4616 4615 4043
f 4044 4616 4043
f 4617 4616 4044
f 4045 4617 4044
f 4618 4617 4045
f 4018 4618 4045
f 4018 4569 4618
f 4569 4619 4618
f 4569 4570 4619
f 4570 4620 4619
f 4570 4571 4620
f 4571 4621 4620
f 4622 4623 4621
f 4622 4621 4572
f 4572 4621 4571
f 4625 4046 4624
f 4622 4046 4625
f 4622 4023 4046
f 4622 4572 4023
f 4624 4626 4627
f 4624 4046 4626
f 4046 4047 4626
f 4047 4628 4626
f 4049 4628 4047
f 4055 4629 4056
f 4057 4629 4055
f 4630 4629 4057
f 4058 4630 4057
f 4631 4630 4058
f 4059 4631 4058
f 4632 4631 4059
f 4632 4633 4634
f 4632 4059 4633
f 4059 4060 4633
f 4633 4060 4635
f 4060 4061 4635
f 4031 4573 4636
f 4031 4636 4061
f 4061 4636 4635
f 4573 4574 4637
f 4636 4573 4637
f 4574 4575 4638
f 4637 4574 4638
f 4575 4576 4639
f 4638 4575 4639
f 4576 4577 4640
f 4639 4576 4640
f 4577 4579 4640
f 4607 4606 4641
f 4606 4608 4642
f 4641 4606 4642
f 4608 4609 4643
f 4642 4608 4643
f 4609 4610 4644
f 4643 4609 4644
f 4610 4611 4645
f 4644 4610 4645
f 4611 4612 4646
f 4645 4611 4646
f 4612 4613 4647
f 4646 4612 4647
f 4613 4614 4648
f 4647 4613 4648
f 4614 4615 4649
f 4648 4614 4649
f 4615 4616 4650
f 4649 4615 4650
f 4616 4617 4651
f 4650 4616 4651
f 4617 4618 4652
f 4651 4617 4652
f 4618 4619 4653
f 4652 4618 4653
f 4619 4620 4654
f 4653 4619 4654
f 4620 4621 4655
f 4654 4620 4655
f 4621 4623 4655
f 4625 4624 4656
f 4624 4627 4656
f 4062 4657 4658
f 4062 4658 4049
f 4049 4658 4628
f 4063 4657 4062
f 4659 4657 4063
f 4063 4065 4659
f 4066 4660 4067
f 4068 4660 4066
f 4661 4660 4068
f 4069 4661 4068
f 4662 4661 4069
f 4070 4662 4069
f 4663 4662 4070
f 4663 4664 4665
f 4663 4070 4664
f 4070 4071 4664
f 4056 4629 4666
f 4056 4666 4071
f 4071 4666 4664
f 4629 4630 4667
f 4666 4629 4667
f 4630 4631 4668
f 4667 4630 4668
f 4631 4632 4669
f 4668 4631 4669
f 4632 4634 4669
f 4658 4657 4670
f 4657 4659 4671
f 4670 4657 4671
f 4659 4065 4072
f 4659 4072 4671
f 4671 4072 4672
f 4067 4660 4673
f 4067 4673 4072
f 4072 4673 4672
f 4660 4661 4674
f 4673 4660 4674
f 4661 4662 4675
f 4674 4661 4675
f 4662 4663 4676
f 4675 4662 4676
f 4663 4665 4676
f 4074 4075 4677
f 4677 4679 4678
f 4677 4678 4074
f 4074 4678 4076
f 4681 4680 4077
f 4681 4077 4678
f 4678 4077 4076
f 4078 4077 4680
f 4682 4078 4680
f 4078 4682 4080
f 4083 4684 4683
f 4082 4083 4683
f 4075 4685 4677
f 4075 4082 4685
f 4082 4683 4685
f 4677 4685 4679
f 4681 4686 4680
f 4688 4680 4686
f 4688 4687 4680
f 4687 4682 4680
f 4084 4080 4682
f 4084 4682 4689
f 4689 4682 4687
f 4084 4689 4086
f 4684 4083 4690
f 4690 4083 4087
f 4692 4687 4688
f 4691 4687 4692
f 4687 4691 4689
f 4689 4691 4693
f 4088 4086 4689
f 4088 4689 4694
f 4694 4689 4693
f 4088 4694 4090
f 4690 4087 4099
f 4695 4690 4099
f 4695 4099 4696
f 4099 4100 4696
f 4696 4100 4697
f 4100 4101 4697
f 4697 4101 4698
f 4101 4103 4698
f 4691 4692 4698
f 4691 4698 4105
f 4105 4698 4103
f 4693 4691 4105
f 4107 4693 4105
f 4694 4693 4107
f 4109 4694 4107
f 4694 4109 4090
f 4110 4111 4699
f 4110 4699 4113
f 4114 4115 4700
f 4116 4114 4700
f 4701 4116 4700
f 4116 4701 4118
f 4119 4120 4702
f 4121 4119 4702
f 4703 4121 4702
f 4122 4121 4703
f 4704 4122 4703
f 4123 4122 4704
f 4705 4123 4704
f 4123 4705 4125
f 4130 4131 4706
f 4707 4132 4130
f 4707 4130 4708
f 4706 4709 4130
f 4709 4708 4130
f 4708 4711 4710
f 4707 4708 4710
f 4711 4712 4710
f 4715 4714 4713
f 4714 4716 4713
f 4719 4718 4717
f 4718 4721 4720
f 4717 4718 4720
f 4721 4723 4722
f 4720 4721 4722
f 4723 4725 4724
f 4722 4723 4724
f 4725 4727 4726
f 4724 4725 4726
f 4727 4729 4728
f 4726 4727 4728
f 4729 4731 4730
f 4728 4729 4730
f 4731 4733 4732
f 4730 4731 4732
f 4733 4734 4732
f 4134 4736 4735
f 4133 4134 4735
f 4735 4737 4133
f 4133 4737 4135
f 4737 4738 4135
f 4135 4738 4136
f 4740 4739 4137
f 4740 4137 4738
f 4738 4137 4136
f 4138 4137 4739
f 4741 4138 4739
f 4138 4741 4140
f 4742 4699 4111
f 4143 4742 4111
f 4144 4113 4699
f 4144 4699 4743
f 4743 4699 4742
f 4115 4144 4743
f 4115 4743 4700
f 4700 4743 4744
f 4700 4744 4701
f 4701 4744 4745
f 4145 4118 4701
f 4145 4701 4746
f 4746 4701 4745
f 4120 4145 4746
f 4120 4746 4702
f 4702 4746 4747
f 4748 4747 4749
f 4748 4703 4747
f 4703 4702 4747
f 4703 4750 4704
f 4748 4750 4703
f 4752 4704 4750
f 4752 4751 4704
f 4751 4705 4704
f 4125 4705 4751
f 4125 4751 4753
f 4125 4753 4146
f 4754 4753 4751
f 4753 4755 4146
f 4146 4755 4147
f 4755 4756 4147
f 4147 4756 4148
f 4758 4757 4149
f 4758 4149 4756
f 4756 4149 4148
f 4150 4149 4757
f 4759 4150 4757
f 4151 4150 4759
f 4760 4151 4759
f 4151 4760 4153
f 4155 4762 4761
f 4154 4155 4761
f 4761 4763 4154
f 4154 4763 4156
f 4763 4764 4156
f 4156 4764 4157
f 4764 4765 4157
f 4157 4765 4158
f 4131 4766 4706
f 4131 4158 4766
f 4158 4765 4766
f 4706 4766 4709
f 4132 4707 4159
f 4710 4159 4707
f 4160 4159 4710
f 4712 4160 4710
f 4712 4767 4160
f 4767 4161 4160
f 4767 4768 4161
f 4161 4768 4162
f 4768 4769 4162
f 4162 4769 4163
f 4713 4769 4715
f 4713 4164 4769
f 4164 4163 4769
f 4716 4164 4713
f 4716 4770 4164
f 4770 4165 4164
f 4770 4771 4165
f 4165 4771 4166
f 4717 4771 4719
f 4717 4167 4771
f 4167 4166 4771
f 4720 4167 4717
f 4168 4167 4720
f 4722 4168 4720
f 4169 4168 4722
f 4724 4169 4722
f 4170 4169 4724
f 4726 4170 4724
f 4171 4170 4726
f 4728 4171 4726
f 4172 4171 4728
f 4730 4172 4728
f 4173 4172 4730
f 4732 4173 4730
f 4174 4173 4732
f 4734 4174 4732
f 4734 4772 4174
f 4772 4175 4174
f 4772 4773 4175
f 4175 4773 4177
f 4773 4774 4177
f 4177 4774 4179
f 4774 4775 4179
f 4179 4775 4181
f 4775 4776 4181
f 4181 4776 4183
f 4776 4777 4183
f 4183 4777 4185
f 4777 4778 4185
f 4185 4778 4187
f 4778 4779 4187
f 4187 4779 4189
f 4189 4779 4780
f 4190 4189 4780
f 4736 4134 4781
f 4781 4134 4191
f 4740 4782 4739
f 4739 4783 4741
f 4782 4783 4739
f 4741 4192 4140
f 4741 4783 4192
f 4783 4784 4192
f 4784 4785 4192
f 4192 4785 4193
f 4785 4786 4193
f 4193 4786 4194
f 4786 4787 4194
f 4194 4787 4195
f 4787 4788 4195
f 4195 4788 4196
f 4788 4789 4196
f 4196 4789 4197
f 4789 4790 4197
f 4197 4790 4198
f 4792 4791 4199
f 4792 4199 4790
f 4790 4199 4198
f 4199 4791 4200
f 4201 4202 4793
f 4793 4795 4794
f 4201 4793 4794
f 4201 4794 4742
f 4201 4742 4143
f 4742 4796 4743
f 4794 4796 4742
f 4743 4797 4744
f 4796 4797 4743
f 4744 4798 4745
f 4797 4798 4744
f 4745 4799 4746
f 4798 4799 4745
f 4746 4800 4747
f 4799 4800 4746
f 4747 4800 4749
f 4752 4801 4751
f 4751 4801 4754
f 4758 4802 4757
f 4757 4803 4759
f 4802 4803 4757
f 4759 4804 4760
f 4803 4804 4759
f 4760 4203 4153
f 4760 4804 4203
f 4804 4805 4203
f 4807 4806 4204
f 4807 4204 4805
f 4805 4204 4203
f 4205 4204 4806
f 4808 4205 4806
f 4205 4808 4206
f 4208 4810 4809
f 4207 4208 4809
f 4809 4811 4207
f 4207 4811 4209
f 4811 4812 4209
f 4209 4812 4210
f 4812 4813 4210
f 4210 4813 4211
f 4813 4155 4211
f 4762 4155 4813
f 4780 4213 4190
f 4814 4213 4780
f 4814 4815 4213
f 4213 4815 4214
f 4815 4191 4214
f 4781 4191 4815
f 4792 4816 4791
f 4791 4221 4200
f 4791 4816 4221
f 4816 4817 4221
f 4818 4222 4221
f 4818 4221 4819
f 4819 4221 4817
f 4819 4820 4818
f 4823 4822 4821
f 4822 4824 4821
f 4202 4223 4793
f 4795 4793 4223
f 4795 4223 4825
f 4825 4223 4224
f 4825 4224 4826
f 4224 4225 4826
f 4826 4225 4827
f 4225 4226 4827
f 4828 4226 4227
f 4828 4829 4226
f 4829 4827 4226
f 4229 4829 4828
f 4229 4228 4829
f 4228 4830 4829
f 4830 4228 4831
f 4228 4230 4831
f 4831 4230 4832
f 4230 4231 4832
f 4231 4833 4832
f 4233 4833 4231
f 4807 4834 4806
f 4806 4835 4808
f 4834 4835 4806
f 4808 4234 4206
f 4808 4835 4234
f 4835 4836 4234
f 4838 4837 4235
f 4838 4235 4836
f 4836 4235 4234
f 4235 4837 4236
f 4238 4840 4839
f 4237 4238 4839
f 4839 4208 4237
f 4810 4208 4839
f 4818 4239 4222
f 4820 4239 4818
f 4820 4841 4239
f 4841 4240 4239
f 4841 4842 4240
f 4240 4842 4241
f 4842 4843 4241
f 4241 4843 4242
f 4843 4844 4242
f 4242 4844 4243
f 4821 4844 4823
f 4821 4244 4844
f 4244 4243 4844
f 4824 4244 4821
f 4824 4845 4244
f 4845 4245 4244
f 4845 4846 4245
f 4245 4846 4246
f 4846 4847 4246
f 4246 4847 4247
f 4847 4848 4247
f 4247 4848 4248
f 4227 4849 4828
f 4227 4248 4849
f 4248 4848 4849
f 4828 4249 4229
f 4828 4849 4249
f 4849 4850 4249
f 4850 4851 4249
f 4249 4851 4250
f 4851 4852 4250
f 4250 4852 4251
f 4852 4233 4251
f 4833 4233 4852
f 4838 4853 4837
f 4837 4252 4236
f 4837 4853 4252
f 4853 4854 4252
f 4252 4854 4855
f 4253 4252 4855
f 4858 4857 4856
f 4857 4860 4859
f 4856 4857 4859
f 4860 4862 4861
f 4859 4860 4861
f 4862 4864 4863
f 4861 4862 4863
f 4864 4866 4865
f 4863 4864 4865
f 4866 4867 4865
f 4256 4869 4868
f 4255 4256 4868
f 4868 4238 4255
f 4840 4238 4868
f 4855 4257 4253
f 4870 4257 4855
f 4257 4870 4871
f 4258 4257 4871
f 4856 4260 4261
f 4856 4261 4858
f 4858 4261 4872
f 4859 4260 4856
f 4262 4260 4859
f 4861 4262 4859
f 4264 4262 4861
f 4863 4264 4861
f 4266 4264 4863
f 4865 4266 4863
f 4268 4266 4865
f 4867 4268 4865
f 4867 4873 4268
f 4873 4270 4268
f 4873 4874 4270
f 4270 4874 4272
f 4876 4875 4274
f 4876 4274 4874
f 4874 4274 4272
f 4274 4875 4275
f 4276 4277 4877
f 4877 4256 4276
f 4877 4878 4256
f 4878 4869 4256
f 4871 4879 4258
f 4879 4278 4258
f 4872 4261 4880
f 4880 4261 4279
f 4876 4881 4875
f 4883 4882 4280
f 4881 4883 4280
f 4881 4280 4275
f 4881 4275 4875
f 4882 4885 4884
f 4280 4882 4884
f 4280 4884 4877
f 4280 4877 4277
f 4877 4884 4878
f 4879 4282 4278
f 4886 4282 4879
f 4282 4886 4887
f 4283 4282 4887
f 4880 4279 4888
f 4888 4279 4284
f 4883 4889 4882
f 4882 4889 4885
f 4887 4890 4283
f 4890 4285 4283
f 4893 4892 4891
f 4892 4894 4891
f 4888 4284 4895
f 4895 4284 4286
f 4896 4890 4897
f 4896 4287 4890
f 4287 4285 4890
f 4897 4898 4896
f 4901 4900 4899
f 4900 4903 4902
f 4899 4900 4902
f 4891 4289 4290
f 4893 4891 4290
f 4893 4290 4902
f 4893 4902 4903
f 4894 4289 4891
f 4894 4904 4289
f 4904 4292 4289
f 4904 4905 4292
f 4292 4905 4294
f 4906 4295 4294
f 4906 4294 4907
f 4907 4294 4905
f 4907 4908 4906
f 4895 4286 4909
f 4909 4286 4296
f 4299 4910 4911
f 4298 4910 4299
f 4910 4298 4912
f 4298 4300 4912
f 4912 4300 4913
f 4300 4301 4913
f 4913 4301 4914
f 4301 4302 4914
f 4914 4302 4915
f 4302 4303 4915
f 4303 4916 4915
f 4304 4916 4303
f 4896 4306 4287
f 4306 4896 4898
f 4306 4898 4307
f 4307 4898 4917
f 4920 4919 4918
f 4899 4309 4310
f 4901 4899 4310
f 4901 4310 4918
f 4901 4918 4919
f 4902 4309 4899
f 4312 4309 4902
f 4902 4290 4312
f 4921 4295 4906
f 4315 4295 4921
f 4908 4923 4922
f 4908 4922 4906
f 4906 4922 4921
f 4318 4922 4923
f 4318 4923 4317
f 4317 4923 4924
f 4317 4924 4925
f 4319 4317 4925
f 4909 4296 4320
f 4926 4909 4320
f 4926 4320 4927
f 4320 4321 4927
f 4927 4321 4928
f 4321 4322 4928
f 4928 4322 4929
f 4322 4323 4929
f 4929 4323 4930
f 4323 4324 4930
f 4930 4324 4299
f 4911 4930 4299
f 4916 4304 4931
f 4931 4304 4326
f 4932 4917 4933
f 4932 4328 4917
f 4328 4307 4917
f 4933 4934 4932
f 4918 4330 4331
f 4918 4331 4920
f 4920 4331 4935
f 4918 4310 4330
f 4921 4333 4315
f 4333 4936 4334
f 4333 4921 4936
f 4921 4922 4936
f 4922 4336 4936
f 4318 4336 4922
f 4937 4925 4938
f 4937 4337 4925
f 4337 4319 4925
f 4938 4939 4937
f 4931 4326 4338
f 4940 4931 4338
f 4338 4941 4940
f 4339 4941 4338
f 4942 4328 4932
f 4341 4328 4942
f 4934 4943 4942
f 4932 4934 4942
f 4344 4945 4944
f 4343 4344 4944
f 4944 4331 4343
f 4935 4331 4944
f 4936 4345 4334
f 4936 4336 4345
f 4937 4347 4337
f 4347 4937 4939
f 4347 4939 4348
f 4348 4939 4946
f 4941 4339 4349
f 4947 4941 4349
f 4949 4350 4948
f 4949 4947 4350
f 4947 4349 4350
f 4350 4351 4948
f 4950 4341 4942
f 4353 4341 4950
f 4943 4951 4950
f 4942 4943 4950
f 4954 4953 4952
f 4953 4955 4952
f 4945 4344 4956
f 4956 4344 4355
f 4946 4957 4348
f 4957 4357 4348
f 4949 4948 4958
f 4948 4351 4358
f 4948 4358 4958
f 4958 4358 4959
f 4358 4960 4959
f 4359 4960 4358
f 4950 4361 4353
f 4361 4961 4362
f 4950 4961 4361
f 4950 4962 4961
f 4950 4951 4962
f 4962 4954 4952
f 4962 4952 4961
f 4961 4952 4963
f 4955 4964 4963
f 4952 4955 4963
f 4956 4355 4965
f 4965 4355 4364
f 4957 4966 4357
f 4966 4368 4357
f 4960 4359 4369
f 4967 4960 4369
f 4967 4369 4968
f 4369 4370 4968
f 4968 4370 4969
f 4370 4371 4969
f 4969 4371 4970
f 4371 4372 4970
f 4970 4372 4971
f 4372 4373 4971
f 4971 4373 4972
f 4373 4374 4972
f 4973 4374 4376
f 4973 4974 4374
f 4974 4972 4374
f 4974 4973 4975
f 4976 4362 4961
f 4380 4362 4976
f 4961 4963 4976
f 4963 4977 4976
f 4964 4978 4977
f 4963 4964 4977
f 4965 4364 4979
f 4979 4364 4382
f 4966 4980 4368
f 4980 4387 4368
f 4388 4981 4983
f 4388 4983 4376
f 4982 4973 4983
f 4973 4376 4983
f 4982 4975 4973
f 4981 4388 4390
f 4984 4380 4976
f 4984 4985 4380
f 4985 4393 4380
f 4976 4977 4986
f 4984 4976 4986
f 4977 4978 4986
f 4394 4987 4988
f 4394 4988 4382
f 4382 4988 4979
f 4394 4396 4987
f 4400 4989 4401
f 4989 4400 4387
f 4989 4387 4990
f 4990 4387 4980
f 4983 4981 4991
f 4993 4402 4992
f 4991 4402 4993
f 4991 4390 4402
f 4991 4981 4390
f 4402 4404 4992
f 4407 4994 4408
f 4994 4407 4393
f 4994 4393 4995
f 4995 4393 4985
f 4988 4987 4996
f 4987 4997 4996
f 4987 4396 4997
f 4396 4410 4997
f 4412 4998 4413
f 4414 4998 4412
f 4999 4998 4414
f 4414 4416 4999
f 5000 4401 4989
f 4417 4401 5000
f 4990 5001 5000
f 4989 4990 5000
f 4993 4992 5002
f 4992 4404 4418
f 4992 4418 5002
f 5002 4418 5003
f 5005 4419 5004
f 5005 5003 4419
f 5003 4418 4419
f 4420 5004 4419
f 5006 5004 4420
f 4420 4422 5006
f 4425 5007 4426
f 5007 5008 5009
f 4425 5008 5007
f 4425 4994 5008
f 4425 4408 4994
f 4994 4995 5008
f 4427 5010 5011
f 4427 5011 4410
f 4410 5011 4997
f 4427 4429 5010
f 4998 4435 4413
f 5012 4998 4999
f 5012 4436 4998
f 5012 5013 4436
f 4436 4435 4998
f 4999 4416 4437
f 4999 4437 5012
f 5012 4437 5014
f 4417 5000 5015
f 4417 5015 4437
f 4437 5015 5014
f 5000 5001 5015
f 5018 5017 5016
f 4440 5016 5017
f 4440 5017 4439
f 4439 5017 5019
f 5019 5020 4439
f 4439 5020 4442
f 5004 5020 5005
f 5004 4444 5020
f 4444 4442 5020
f 5006 4444 5004
f 4445 4444 5006
f 5006 4422 4445
f 5021 4426 5007
f 4448 4426 5021
f 5009 5022 5021
f 5007 5009 5021
f 5011 5010 5023
f 5025 4449 5024
f 5023 4449 5025
f 5023 4429 4449
f 5023 5010 4429
f 4450 5024 4449
f 5026 5024 4450
f 4450 4452 5026
f 4454 5027 4455
f 5027 5028 5029
f 5027 4454 5028
f 4454 4456 5028
f 5028 4456 4436
f 5013 5028 4436
f 5032 5031 5030
f 5031 5034 5033
f 5030 5031 5033
f 4459 5033 5034
f 4459 5034 4458
f 4458 5034 5035
f 5036 4460 4458
f 5036 4458 5037
f 5037 4458 5035
f 5016 4462 4463
f 5018 5016 4463
f 5018 4463 5036
f 5018 5036 5037
f 5016 4440 4462
f 4468 5038 4469
f 5038 5039 5040
f 4468 5039 5038
f 4468 5021 5039
f 4468 4448 5021
f 5021 5022 5039
f 5025 5024 5041
f 5043 5041 5024
f 5043 5024 5042
f 5042 5024 5026
f 4470 5026 4452
f 4470 5044 5026
f 5044 5042 5026
f 4471 5044 4470
f 5045 5044 4471
f 5045 5046 5047
f 4471 5046 5045
f 4471 5027 5046
f 4471 4455 5027
f 5027 5029 5046
f 5050 5049 5048
f 5049 5052 5051
f 5048 5049 5051
f 5030 4473 4474
f 5032 5030 4474
f 5032 4474 5051
f 5032 5051 5052
f 5033 4473 5030
f 4476 4473 5033
f 5033 4459 4476
f 5036 4479 4460
f 5036 4463 4479
f 4485 5053 4486
f 4469 5053 4485
f 4469 5038 5053
f 5038 5054 5053
f 5040 5055 5054
f 5038 5040 5054
f 5043 5042 5056
f 5042 5044 5057
f 5056 5042 5057
f 5044 5045 5058
f 5057 5044 5058
f 5045 5047 5058
f 5060 5050 5048
f 5059 5060 5048
f 5048 5051 5059
f 5051 5061 5059
f 5051 4488 5061
f 4474 4488 5051
f 4499 5062 4500
f 4486 5062 4499
f 4486 5053 5062
f 5053 5063 5062
f 5064 5065 5063
f 5064 5063 5054
f 5054 5063 5053
f 5054 5055 5064
f 5067 5060 5059
f 5066 5067 5059
f 5059 5061 5066
f 5061 5068 5066
f 5061 4502 5068
f 4488 4502 5061
f 4516 5069 4517
f 4500 5069 4516
f 4500 5062 5069
f 5062 5070 5069
f 5071 5072 5070
f 5071 5070 5063
f 5063 5070 5062
f 5063 5065 5071
f 5074 5067 5066
f 5073 5074 5066
f 5066 5068 5073
f 5068 5075 5073
f 4518 5068 4502
f 4518 5076 5068
f 5076 5075 5068
f 4518 4520 5076
f 4524 5077 4525
f 4524 4527 5077
f 4546 5078 4547
f 4548 5078 4546
f 5079 5078 4548
f 4549 5079 4548
f 5080 5079 4549
f 5080 5081 5082
f 4549 5081 5080
f 4549 5069 5081
f 4549 4517 5069
f 5069 5070 5083
f 5081 5069 5083
f 5070 5072 5083
f 5074 5073 5084
f 5086 5084 5073
f 5086 5073 5085
f 5085 5073 5075
f 5075 5076 5085
f 5076 5087 5085
f 5076 4551 5087
f 4520 4551 5076
f 4553 5088 4554
f 4555 5088 4553
f 5089 5088 4555
f 4525 5089 4555
f 4525 5077 5089
f 5077 5090 5089
f 5077 4557 5090
f 4527 4557 5077
f 4578 5091 4579
f 4580 5091 4578
f 5092 5091 4580
f 4581 5092 4580
f 5093 5092 4581
f 4582 5093 4581
f 5094 5093 4582
f 5094 5095 5096
f 5094 4582 5095
f 4582 4583 5095
f 5098 4584 5097
f 5098 5095 4584
f 5095 4583 4584
f 4585 5097 4584
f 5099 5097 4585
f 4586 5099 4585
f 5100 5099 4586
f 4587 5100 4586
f 5101 5100 4587
f 4588 5101 4587
f 5102 5101 4588
f 4589 5102 4588
f 5103 5102 4589
f 4590 5103 4589
f 5104 5103 4590
f 4591 5104 4590
f 5105 5104 4591
f 4592 5105 4591
f 5106 5105 4592
f 4593 5106 4592
f 5107 5106 4593
f 4594 5107 4593
f 5108 5107 4594
f 4595 5108 4594
f 5109 5108 4595
f 4547 5109 4595
f 4547 5078 5109
f 5078 5110 5109
f 5111 5112 5110
f 5111 5110 5079
f 5079 5110 5078
f 5079 5080 5113
f 5111 5079 5113
f 5080 5082 5113
f 5086 5085 5114
f 5116 5114 5085
f 5116 5085 5115
f 5115 5085 5087
f 4596 5087 4551
f 4596 5117 5087
f 5117 5115 5087
f 4597 5117 4596
f 5118 5117 4597
f 4554 5118 4597
f 4554 5088 5118
f 5088 5119 5118
f 5088 5089 5119
f 5089 5120 5119
f 5089 5090 5120
f 5090 5121 5120
f 4598 5090 4557
f 4598 5122 5090
f 5122 5121 5090
f 4599 5122 4598
f 5123 5122 4599
f 4600 5123 4599
f 5124 5123 4600
f 4601 5124 4600
f 5125 5124 4601
f 4602 5125 4601
f 5126 5125 4602
f 4603 5126 4602
f 5127 5126 4603
f 4604 5127 4603
f 5128 5127 4604
f 4605 5128 4604
f 5129 5128 4605
f 4605 4607 5129
f 4622 5130 4623
f 4622 4625 5130
f 4626 5131 4627
f 4626 4628 5131
f 4633 5132 4634
f 4635 5132 4633
f 5133 5132 4635
f 4636 5133 4635
f 5134 5133 4636
f 4637 5134 4636
f 5135 5134 4637
f 4638 5135 4637
f 5136 5135 4638
f 5136 5137 5138
f 5136 4638 5137
f 4638 4639 5137
f 5137 4639 5139
f 4639 4640 5139
f 4579 5091 5140
f 4579 5140 4640
f 4640 5140 5139
f 5091 5092 5141
f 5140 5091 5141
f 5092 5093 5142
f 5141 5092 5142
f 5093 5094 5143
f 5142 5093 5143
f 5094 5096 5143
f 5098 5097 5144
f 5097 5099 5145
f 5144 5097 5145
f 5099 5100 5146
f 5145 5099 5146
f 5100 5101 5147
f 5146 5100 5147
f 5149 5147 5101
f 5149 5101 5148
f 5148 5101 5102
f 5102 5103 5148
f 5103 5150 5148
f 5103 5104 5150
f 5104 5151 5150
f 5104 5105 5151
f 5105 5152 5151
f 5105 5106 5152
f 5106 5153 5152
f 5106 5107 5153
f 5107 5154 5153
f 5155 5156 5154
f 5155 5154 5108
f 5108 5154 5107
f 5108 5109 5157
f 5155 5108 5157
f 5109 5110 5158
f 5157 5109 5158
f 5110 5112 5158
f 5116 5115 5159
f 5161 5159 5115
f 5161 5115 5160
f 5160 5115 5117
f 5162 5163 5160
f 5162 5160 5118
f 5118 5160 5117
f 5118 5119 5164
f 5162 5118 5164
f 5119 5120 5165
f 5164 5119 5165
f 5167 5165 5120
f 5167 5120 5166
f 5166 5120 5121
f 5121 5122 5166
f 5122 5168 5166
f 5122 5123 5168
f 5123 5169 5168
f 5123 5124 5169
f 5124 5170 5169
f 5171 5172 5170
f 5171 5170 5125
f 5125 5170 5124
f 5125 5126 5173
f 5171 5125 5173
f 5126 5127 5174
f 5173 5126 5174
f 5127 5128 5175
f 5174 5127 5175
f 5128 5129 5176
f 5175 5128 5176
f 5178 4641 5177
f 5176 4641 5178
f 5176 4607 4641
f 5176 5129 4607
f 4642 5177 4641
f 5179 5177 4642
f 4643 5179 4642
f 5180 5179 4643
f 4644 5180 4643
f 5181 5180 4644
f 4645 5181 4644
f 5182 5181 4645
f 4646 5182 4645
f 5183 5182 4646
f 4647 5183 4646
f 5184 5183 4647
f 4648 5184 4647
f 5185 5184 4648
f 4649 5185 4648
f 5186 5185 4649
f 4650 5186 4649
f 5187 5186 4650
f 4651 5187 4650
f 5188 5187 4651
f 4652 5188 4651
f 5189 5188 4652
f 4653 5189 4652
f 5190 5189 4653
f 4654 5190 4653
f 5191 5190 4654
f 4655 5191 4654
f 5192 5191 4655
f 4623 5192 4655
f 4623 5130 5192
f 5130 5193 5192
f 4656 5130 4625
f 4656 5194 5130
f 5194 5193 5130
f 5194 5195 5196
f 4656 5195 5194
f 4656 5131 5195
f 4656 4627 5131
f 5131 5197 5195
f 5131 4628 5197
f 4628 4658 5197
f 4664 5198 4665
f 4666 5198 4664
f 5199 5198 4666
f 5199 5200 5201
f 5199 4666 5200
f 4666 4667 5200
f 5200 4667 5202
f 4667 4668 5202
f 5202 4668 5203
f 4668 4669 5203
f 4634 5132 5204
f 4634 5204 4669
f 4669 5204 5203
f 5132 5133 5205
f 5204 5132 5205
f 5133 5134 5206
f 5205 5133 5206
f 5134 5135 5207
f 5206 5134 5207
f 5135 5136 5208
f 5207 5135 5208
f 5136 5138 5208
f 5149 5148 5209
f 5148 5150 5210
f 5209 5148 5210
f 5150 5151 5211
f 5210 5150 5211
f 5151 5152 5212
f 5211 5151 5212
f 5152 5153 5213
f 5212 5152 5213
f 5153 5154 5214
f 5213 5153 5214
f 5154 5156 5214
f 5161 5160 5215
f 5160 5163 5215
f 5167 5166 5216
f 5166 5168 5217
f 5216 5166 5217
f 5168 5169 5218
f 5217 5168 5218
f 5169 5170 5219
f 5218 5169 5219
f 5170 5172 5219
f 5178 5177 5220
f 5177 5179 5221
f 5220 5177 5221
f 5179 5180 5222
f 5221 5179 5222
f 5180 5181 5223
f 5222 5180 5223
f 5181 5182 5224
f 5223 5181 5224
f 5182 5183 5225
f 5224 5182 5225
f 5183 5184 5226
f 5225 5183 5226
f 5184 5185 5227
f 5226 5184 5227
f 5185 5186 5228
f 5227 5185 5228
f 5186 5187 5229
f 5228 5186 5229
f 5187 5188 5230
f 5229 5187 5230
f 5188 5189 5231
f 5230 5188 5231
f 5189 5190 5232
f 5231 5189 5232
f 5190 5191 5233
f 5232 5190 5233
f 5191 5192 5234
f 5233 5191 5234
f 5192 5193 5235
f 5234 5192 5235
f 5193 5194 5236
f 5235 5193 5236
f 5194 5196 5236
f 4670 5237 5238
f 4670 5238 4658
f 4658 5238 5197
f 5237 5239 5240
f 5237 4670 5239
f 4670 4671 5239
f 5242 4672 5241
f 5242 5239 4672
f 5239 4671 4672
f 5241 5243 5244
f 5241 4672 5243
f 4672 4673 5243
f 5243 4673 5245
f 4673 4674 5245
f 5245 4674 5246
f 4674 4675 5246
f 5246 4675 5247
f 4675 4676 5247
f 4665 5198 5248
f 4665 5248 4676
f 4676 5248 5247
f 5198 5199 5249
f 5248 5198 5249
f 5199 5201 5249
f 5238 5237 5250
f 5237 5240 5250
f 5242 5241 5251
f 5241 5244 5251
f 4678 4679 5252
f 4678 5252 4681
f 4683 4684 5253
f 5253 5255 5254
f 5253 5254 4683
f 4683 5254 4685
f 4679 5256 5252
f 4679 4685 5256
f 4685 5254 5256
f 5258 5257 4686
f 5256 5258 4686
f 5256 4686 4681
f 5256 4681 5252
f 4686 5257 4688
f 5259 5253 4684
f 5259 4684 5260
f 5260 4684 4690
f 5253 5259 5255
f 5262 5257 5258
f 5261 5257 5262
f 5257 5261 4692
f 4688 5257 4692
f 5260 4690 4695
f 5263 5260 4695
f 5263 4695 5264
f 4695 4696 5264
f 5264 4696 5265
f 4696 4697 5265
f 5261 5262 5265
f 5261 5265 4698
f 4698 5265 4697
f 5261 4698 4692
f 4708 4709 5266
f 4711 4708 5266
f 5267 4711 5266
f 4711 5267 4712
f 4715 5269 5268
f 4714 4715 5268
f 4714 5268 5270
f 4716 4714 5270
f 4719 5272 5271
f 4718 4719 5271
f 5271 5273 4718
f 4718 5273 4721
f 5273 5274 4721
f 4721 5274 4723
f 5274 5275 4723
f 4723 5275 4725
f 5275 5276 4725
f 4725 5276 4727
f 5276 5277 4727
f 4727 5277 4729
f 5277 5278 4729
f 4729 5278 4731
f 5278 5279 4731
f 4731 5279 4733
f 5280 4734 4733
f 5280 4733 5281
f 5281 4733 5279
f 5281 5282 5280
f 4736 5284 5283
f 4735 4736 5283
f 5283 5285 4735
f 4735 5285 4737
f 5285 5286 4737
f 4737 5286 4738
f 4738 5286 5287
f 4740 4738 5287
f 4748 4749 5288
f 4750 4748 5288
f 5289 4750 5288
f 4750 5289 4752
f 4753 4754 5290
f 4755 4753 5290
f 5291 4755 5290
f 4756 4755 5291
f 5292 4756 5291
f 4756 5292 4758
f 4762 5294 5293
f 4761 4762 5293
f 5293 5295 4761
f 4761 5295 4763
f 5295 5296 4763
f 4763 5296 4764
f 5296 5297 4764
f 4764 5297 4765
f 5297 5298 4765
f 4765 5298 4766
f 4709 5299 5266
f 4709 4766 5299
f 4766 5298 5299
f 5266 5300 5267
f 5299 5300 5266
f 5267 4767 4712
f 5267 5300 4767
f 5300 5301 4767
f 5301 5302 4767
f 4767 5302 4768
f 5302 5303 4768
f 4768 5303 4769
f 5303 4715 4769
f 5269 4715 5303
f 5270 4770 4716
f 5304 4770 5270
f 5304 5305 4770
f 4770 5305 4771
f 5305 4719 4771
f 5272 4719 5305
f 5280 4772 4734
f 5282 4772 5280
f 5282 5306 4772
f 5306 4773 4772
f 5306 5307 4773
f 4773 5307 4774
f 5307 5308 4774
f 4774 5308 4775
f 5308 5309 4775
f 4775 5309 4776
f 5309 5310 4776
f 4776 5310 4777
f 5310 5311 4777
f 4777 5311 4778
f 5311 5312 4778
f 4778 5312 4779
f 4779 5312 5313
f 4780 4779 5313
f 5316 5315 5314
f 5315 4781 5314
f 5315 5284 4781
f 5284 4736 4781
f 5287 4782 4740
f 5317 4782 5287
f 5317 5318 4782
f 4782 5318 4783
f 5318 5319 4783
f 4783 5319 4784
f 5319 5320 4784
f 4784 5320 4785
f 5320 5321 4785
f 4785 5321 4786
f 5321 5322 4786
f 4786 5322 4787
f 5324 5323 4788
f 5324 4788 5322
f 5322 4788 4787
f 4789 4788 5323
f 5325 4789 5323
f 4790 4789 5325
f 5326 4790 5325
f 4790 5326 4792
f 4794 4795 5327
f 4796 4794 5327
f 5328 4796 5327
f 4797 4796 5328
f 5329 4797 5328
f 4798 4797 5329
f 5330 4798 5329
f 4799 4798 5330
f 5331 4799 5330
f 4800 4799 5331
f 5332 4800 5331
f 4749 4800 5332
f 4749 5332 5288
f 5288 5332 5333
f 5288 5333 5289
f 5289 5333 5334
f 4752 5289 5334
f 4752 5334 5335
f 4752 5335 4801
f 5336 5335 5334
f 4754 5337 5290
f 4754 4801 5337
f 4801 5335 5337
f 5290 5338 5291
f 5337 5338 5290
f 5291 5339 5292
f 5338 5339 5291
f 5292 4802 4758
f 5292 5339 4802
f 5339 5340 4802
f 5340 5341 4802
f 4802 5341 4803
f 5343 5342 4804
f 5343 4804 5341
f 5341 4804 4803
f 4805 4804 5342
f 5344 4805 5342
f 4805 5344 4807
f 4810 5346 5345
f 4809 4810 5345
f 5345 5347 4809
f 4809 5347 4811
f 5347 5348 4811
f 4811 5348 4812
f 5348 5349 4812
f 4812 5349 4813
f 5349 4762 4813
f 5294 4762 5349
f 5313 4814 4780
f 5350 4814 5313
f 5314 5350 5316
f 5314 4815 5350
f 4815 4814 5350
f 5314 4781 4815
f 5324 5351 5323
f 5323 5352 5325
f 5351 5352 5323
f 5325 5353 5326
f 5352 5353 5325
f 5326 4816 4792
f 5326 5353 4816
f 5353 5354 4816
f 5354 5355 4816
f 4816 5355 4817
f 5355 5356 4817
f 4817 5356 4819
f 4819 5356 5357
f 4820 4819 5357
f 5360 5359 5358
f 5359 5362 5361
f 5358 5359 5361
f 4823 5361 5362
f 4823 5362 4822
f 4822 5362 5363
f 5364 4824 4822
f 5364 4822 5365
f 5365 4822 5363
f 5365 5366 5364
f 4795 4825 5327
f 5328 5327 4825
f 4826 5328 4825
f 5329 5328 4826
f 4827 5329 4826
f 5330 5329 4827
f 4829 5330 4827
f 5331 5330 4829
f 4830 5331 4829
f 5332 5331 4830
f 4831 5332 4830
f 5333 5332 4831
f 4832 5333 4831
f 5367 5334 5333
f 5367 5333 4833
f 5367 4833 5368
f 4833 5333 4832
f 5334 5367 5336
f 5343 5369 5342
f 5342 5370 5344
f 5369 5370 5342
f 5344 4834 4807
f 5344 5370 4834
f 5370 5371 4834
f 5373 5372 4835
f 5373 4835 5371
f 5371 4835 4834
f 4836 4835 5372
f 5374 4836 5372
f 4836 5374 4838
f 5377 5376 5375
f 5376 5379 5378
f 5375 5376 5378
f 5379 5381 5380
f 5378 5379 5380
f 5381 5382 5380
f 4840 5384 5383
f 4839 4840 5383
f 5383 4810 4839
f 5346 4810 5383
f 5357 4841 4820
f 5385 4841 5357
f 5385 5386 4841
f 4841 5386 4842
f 5358 5386 5360
f 5358 4843 5386
f 4843 4842 5386
f 5361 4843 5358
f 4844 4843 5361
f 5361 4823 4844
f 5364 4845 4824
f 5366 4845 5364
f 5366 5387 4845
f 5387 4846 4845
f 5387 5388 4846
f 4846 5388 4847
f 5388 5389 4847
f 4847 5389 4848
f 5389 5390 4848
f 4848 5390 4849
f 5390 5391 4849
f 4849 5391 4850
f 5391 5392 4850
f 4850 5392 4851
f 5392 5393 4851
f 4851 5393 4852
f 5393 4833 4852
f 5368 4833 5393
f 5373 5394 5372
f 5372 5395 5374
f 5394 5395 5372
f 5374 4853 4838
f 5374 5395 4853
f 5395 5396 4853
f 5398 5397 4854
f 5398 4854 5396
f 5396 4854 4853
f 4854 5397 4855
f 5375 4857 4858
f 5375 4858 5377
f 5377 4858 5399
f 5378 4857 5375
f 4860 4857 5378
f 5380 4860 5378
f 4862 4860 5380
f 5382 4862 5380
f 5382 5400 4862
f 5400 4864 4862
f 5400 5401 4864
f 4864 5401 4866
f 4866 5401 5402
f 4867 4866 5402
f 4869 5404 5403
f 4868 4869 5403
f 5403 4840 4868
f 5384 4840 5403
f 5398 5405 5397
f 5407 5406 4870
f 5405 5407 4870
f 5405 4870 4855
f 5405 4855 5397
f 4870 5406 4871
f 5399 4858 5408
f 5408 4858 4872
f 5402 4873 4867
f 5409 4873 5402
f 5411 5410 4874
f 5411 4874 5409
f 5409 4874 4873
f 4874 5410 4876
f 5404 4869 5412
f 5412 4869 4878
f 5407 5413 5406
f 5406 5413 5414
f 5406 5414 4871
f 4871 5414 4879
f 5408 4872 5415
f 5415 4872 4880
f 5411 5416 5410
f 5418 5417 4881
f 5416 5418 4881
f 5416 4881 4876
f 5416 4876 5410
f 4881 5417 4883
f 4884 4885 5419
f 5419 4878 4884
f 5419 5420 4878
f 5420 5412 4878
f 5414 4886 4879
f 5421 4886 5414
f 4886 5421 5422
f 4887 4886 5422
f 5415 4880 5423
f 5423 4880 4888
f 5425 5417 5418
f 5424 5417 5425
f 4889 4883 5417
f 4889 5417 5426
f 5426 5417 5424
f 4885 4889 5426
f 4885 5426 5419
f 5419 5426 5427
f 5420 5427 5428
f 5419 5427 5420
f 5422 5429 4887
f 5429 4890 4887
f 5432 5431 5430
f 4893 5430 5431
f 4893 5431 4892
f 4892 5431 5433
f 5434 4894 4892
f 5434 4892 5435
f 5435 4892 5433
f 5435 5437 5436
f 5434 5435 5436
f 5437 5438 5436
f 5423 4888 5439
f 5439 4888 4895
f 5442 5440 5441
f 5441 5443 5444
f 5440 5443 5441
f 5444 5424 5425
f 5444 5443 5424
f 5443 5445 5424
f 5424 5445 5426
f 5426 5445 5446
f 5426 5446 5427
f 5427 5446 5447
f 5428 5447 5448
f 5427 5447 5428
f 5429 4897 4890
f 5449 4897 5429
f 4897 5449 5450
f 4898 4897 5450
f 5453 5452 5451
f 4901 5451 5452
f 4901 5452 4900
f 4900 5452 5454
f 5430 5454 5432
f 5430 4903 5454
f 4903 4900 5454
f 5430 4893 4903
f 5434 4904 4894
f 5436 4904 5434
f 4905 4904 5436
f 5438 4905 5436
f 5438 5455 4905
f 5455 4907 4905
f 5456 4908 4907
f 5456 4907 5457
f 5457 4907 5455
f 5457 5459 5458
f 5456 5457 5458
f 5459 5460 5458
f 5439 4895 5461
f 5461 4895 4909
f 5464 5462 5463
f 5463 5465 5466
f 5462 5465 5463
f 5440 4911 4910
f 5442 4911 5440
f 5442 5465 4911
f 5442 5466 5465
f 5443 5440 4910
f 4912 5443 4910
f 5445 5443 4912
f 4913 5445 4912
f 5446 5445 4913
f 4914 5446 4913
f 5447 5446 4914
f 4915 5447 4914
f 4915 5448 5447
f 4915 4916 5448
f 4916 5467 5448
f 5450 5468 4898
f 5468 4917 4898
f 5471 5470 5469
f 5470 5472 5469
f 5475 5474 5473
f 5451 4919 4920
f 5453 5451 4920
f 5453 4920 5473
f 5453 5473 5474
f 5451 4901 4919
f 5456 4923 4908
f 5458 4923 5456
f 4924 4923 5458
f 4924 5476 4925
f 5458 5476 4924
f 5458 5477 5476
f 5458 5460 5477
f 5477 5478 5476
f 5461 4909 4926
f 5479 5461 4926
f 5479 4926 5480
f 4926 4927 5480
f 5480 4927 5481
f 4927 4928 5481
f 5462 5464 5481
f 5462 5481 4929
f 4929 5481 4928
f 5465 5462 4929
f 4930 5465 4929
f 5465 4930 4911
f 5467 4916 5482
f 5482 4916 4931
f 5468 4933 4917
f 5483 4933 5468
f 5471 5469 5484
f 5471 5484 4933
f 5471 4933 5483
f 4934 4933 5484
f 5472 5485 5484
f 5469 5472 5484
f 5487 5475 5473
f 5486 5487 5473
f 5473 4935 5486
f 4920 4935 5473
f 5476 4938 4925
f 4938 5476 5478
f 4938 5478 4939
f 4939 5478 5488
f 5482 4931 4940
f 5489 5482 4940
f 4940 5490 5489
f 4941 5490 4940
f 5491 4934 5484
f 4943 4934 5491
f 5485 5493 5492
f 5485 5492 5484
f 5484 5492 5491
f 5493 5494 5492
f 5486 4944 4945
f 5486 4945 5487
f 5487 4945 5495
f 5486 4935 4944
f 5488 5496 4939
f 5496 4946 4939
f 5490 4941 4947
f 5497 5490 4947
f 4947 5498 5497
f 4949 5498 4947
f 5499 4943 5491
f 4951 4943 5499
f 4954 5492 4953
f 4954 5499 5492
f 5499 5491 5492
f 4953 5492 5494
f 4953 5494 4955
f 4955 5494 5500
f 5503 5502 5501
f 5502 4956 5501
f 5502 5495 4956
f 5495 4945 4956
f 5496 5504 4946
f 5504 4957 4946
f 5498 4949 4958
f 5505 5498 4958
f 5505 4958 5506
f 4958 4959 5506
f 4959 5507 5506
f 4960 5507 4959
f 5499 4962 4951
f 5499 4954 4962
f 5508 5500 5509
f 5508 4964 5500
f 4964 4955 5500
f 5509 5503 5501
f 5509 5501 5508
f 5508 5501 5510
f 5501 4965 5510
f 4956 4965 5501
f 5504 5511 4957
f 5511 4966 4957
f 5507 4960 4967
f 5512 5507 4967
f 5512 4967 5513
f 4967 4968 5513
f 5513 4968 5514
f 4968 4969 5514
f 5514 4969 5515
f 4969 4970 5515
f 5515 4970 5516
f 4970 4971 5516
f 5516 4971 5517
f 4971 4972 5517
f 5517 4972 5518
f 4972 4974 5518
f 4974 5519 5518
f 4975 5519 4974
f 5520 4964 5508
f 4978 4964 5520
f 5508 5510 5520
f 5510 5521 5520
f 5510 4979 5521
f 4965 4979 5510
f 5511 5522 4966
f 5522 4980 4966
f 4983 5524 5523
f 4982 4983 5523
f 5523 4975 4982
f 5519 4975 5523
f 4984 5525 4985
f 4986 5525 4984
f 5526 5525 4986
f 5526 5527 5528
f 4986 5527 5526
f 4986 5520 5527
f 4986 4978 5520
f 5530 5527 5520
f 5530 5520 5529
f 5529 5520 5521
f 5521 4988 5529
f 4979 4988 5521
f 5522 5531 4980
f 5531 4990 4980
f 4991 5532 5533
f 4991 5533 4983
f 4983 5533 5524
f 4991 4993 5532
f 5534 4985 5525
f 5534 5535 4985
f 5535 4995 4985
f 5537 5534 5525
f 5537 5525 5536
f 5536 5525 5526
f 5528 5538 5536
f 5526 5528 5536
f 5530 5529 5539
f 5541 4996 5540
f 5539 4996 5541
f 5539 4988 4996
f 5539 5529 4988
f 4996 4997 5540
f 5531 5542 4990
f 5542 5001 4990
f 5544 5533 5532
f 5543 5544 5532
f 5002 5532 4993
f 5002 5545 5532
f 5545 5543 5532
f 5003 5545 5002
f 5546 5545 5003
f 5003 5005 5546
f 5008 5547 5009
f 5547 5008 4995
f 5547 4995 5548
f 5548 4995 5535
f 5537 5536 5549
f 5536 5538 5549
f 5551 5541 5540
f 5550 5551 5540
f 5540 5011 5550
f 4997 5011 5540
f 5012 5552 5013
f 5014 5552 5012
f 5553 5552 5014
f 5553 5554 5555
f 5553 5014 5554
f 5014 5015 5554
f 5554 5015 5001
f 5542 5554 5001
f 5558 5557 5556
f 5557 5560 5559
f 5556 5557 5559
f 5560 5562 5561
f 5559 5560 5561
f 5543 5017 5018
f 5544 5543 5018
f 5544 5018 5561
f 5544 5561 5562
f 5545 5017 5543
f 5019 5017 5545
f 5546 5019 5545
f 5020 5019 5546
f 5546 5005 5020
f 5563 5009 5547
f 5022 5009 5563
f 5548 5564 5563
f 5547 5548 5563
f 5551 5550 5565
f 5567 5023 5566
f 5565 5023 5567
f 5565 5011 5023
f 5565 5550 5011
f 5023 5025 5566
f 5028 5568 5029
f 5013 5568 5028
f 5013 5552 5568
f 5552 5569 5568
f 5570 5571 5569
f 5570 5569 5553
f 5553 5569 5552
f 5553 5555 5570
f 5574 5573 5572
f 5573 5576 5575
f 5572 5573 5575
f 5032 5575 5576
f 5032 5576 5031
f 5031 5576 5577
f 5556 5577 5558
f 5556 5034 5577
f 5034 5031 5577
f 5559 5034 5556
f 5035 5034 5559
f 5561 5035 5559
f 5037 5035 5561
f 5561 5018 5037
f 5039 5578 5040
f 5578 5579 5580
f 5039 5579 5578
f 5039 5563 5579
f 5039 5022 5563
f 5563 5564 5579
f 5567 5566 5581
f 5583 5041 5582
f 5581 5041 5583
f 5581 5025 5041
f 5581 5566 5025
f 5041 5043 5582
f 5046 5584 5047
f 5029 5584 5046
f 5029 5568 5584
f 5568 5585 5584
f 5586 5587 5585
f 5586 5585 5569
f 5569 5585 5568
f 5569 5571 5586
f 5590 5589 5588
f 5572 5049 5050
f 5574 5572 5050
f 5574 5050 5588
f 5574 5588 5589
f 5575 5049 5572
f 5052 5049 5575
f 5575 5032 5052
f 5591 5040 5578
f 5591 5592 5040
f 5592 5055 5040
f 5578 5580 5591
f 5583 5582 5593
f 5582 5043 5056
f 5582 5056 5593
f 5593 5056 5594
f 5596 5057 5595
f 5596 5594 5057
f 5594 5056 5057
f 5058 5595 5057
f 5597 5595 5058
f 5047 5597 5058
f 5047 5584 5597
f 5584 5598 5597
f 5599 5600 5598
f 5599 5598 5585
f 5585 5598 5584
f 5585 5587 5599
f 5602 5590 5588
f 5601 5602 5588
f 5588 5060 5601
f 5050 5060 5588
f 5064 5603 5065
f 5603 5064 5055
f 5603 5055 5604
f 5604 5055 5592
f 5596 5595 5605
f 5595 5597 5606
f 5605 5595 5606
f 5597 5598 5607
f 5606 5597 5607
f 5598 5600 5607
f 5609 5602 5601
f 5608 5609 5601
f 5601 5067 5608
f 5060 5067 5601
f 5071 5610 5072
f 5610 5611 5612
f 5071 5611 5610
f 5071 5603 5611
f 5071 5065 5603
f 5603 5604 5611
f 5614 5609 5608
f 5613 5614 5608
f 5608 5074 5613
f 5067 5074 5608
f 5081 5615 5082
f 5083 5615 5081
f 5616 5615 5083
f 5616 5617 5618
f 5083 5617 5616
f 5083 5610 5617
f 5083 5072 5610
f 5610 5612 5617
f 5614 5613 5619
f 5621 5084 5620
f 5619 5084 5621
f 5619 5074 5084
f 5619 5613 5074
f 5084 5086 5620
f 5095 5622 5096
f 5095 5098 5622
f 5111 5623 5112
f 5113 5623 5111
f 5624 5623 5113
f 5624 5625 5626
f 5113 5625 5624
f 5113 5615 5625
f 5113 5082 5615
f 5615 5616 5627
f 5625 5615 5627
f 5616 5618 5627
f 5629 5621 5620
f 5628 5629 5620
f 5114 5620 5086
f 5114 5630 5620
f 5630 5628 5620
f 5114 5116 5630
f 5137 5631 5138
f 5139 5631 5137
f 5632 5631 5139
f 5140 5632 5139
f 5633 5632 5140
f 5633 5634 5635
f 5633 5140 5634
f 5140 5141 5634
f 5634 5141 5636
f 5141 5142 5636
f 5636 5142 5637
f 5142 5143 5637
f 5096 5622 5638
f 5096 5638 5143
f 5143 5638 5637
f 5622 5098 5144
f 5622 5144 5638
f 5638 5144 5639
f 5639 5144 5640
f 5144 5145 5640
f 5640 5145 5641
f 5145 5146 5641
f 5643 5147 5642
f 5643 5641 5147
f 5641 5146 5147
f 5147 5149 5642
f 5155 5644 5156
f 5157 5644 5155
f 5645 5644 5157
f 5158 5645 5157
f 5646 5645 5158
f 5112 5646 5158
f 5112 5623 5646
f 5623 5647 5646
f 5648 5649 5647
f 5648 5647 5624
f 5624 5647 5623
f 5624 5626 5648
f 5629 5628 5650
f 5652 5650 5628
f 5652 5628 5651
f 5651 5628 5630
f 5159 5630 5116
f 5159 5653 5630
f 5653 5651 5630
f 5159 5161 5653
f 5162 5654 5163
f 5164 5654 5162
f 5655 5654 5164
f 5165 5655 5164
f 5656 5655 5165
f 5165 5167 5656
f 5171 5657 5172
f 5173 5657 5171
f 5658 5657 5173
f 5174 5658 5173
f 5659 5658 5174
f 5175 5659 5174
f 5660 5659 5175
f 5176 5660 5175
f 5661 5660 5176
f 5176 5178 5661
f 5195 5662 5196
f 5195 5197 5662
f 5200 5663 5201
f 5202 5663 5200
f 5664 5663 5202
f 5203 5664 5202
f 5665 5664 5203
f 5204 5665 5203
f 5666 5665 5204
f 5666 5667 5668
f 5666 5204 5667
f 5204 5205 5667
f 5667 5205 5669
f 5205 5206 5669
f 5669 5206 5670
f 5206 5207 5670
f 5670 5207 5671
f 5207 5208 5671
f 5138 5631 5672
f 5138 5672 5208
f 5208 5672 5671
f 5631 5632 5673
f 5672 5631 5673
f 5632 5633 5674
f 5673 5632 5674
f 5633 5635 5674
f 5676 5643 5642
f 5675 5676 5642
f 5209 5642 5149
f 5209 5677 5642
f 5677 5675 5642
f 5210 5677 5209
f 5678 5677 5210
f 5211 5678 5210
f 5679 5678 5211
f 5212 5679 5211
f 5680 5679 5212
f 5213 5680 5212
f 5681 5680 5213
f 5214 5681 5213
f 5682 5681 5214
f 5156 5682 5214
f 5156 5644 5682
f 5644 5683 5682
f 5684 5685 5683
f 5684 5683 5645
f 5645 5683 5644
f 5645 5646 5686
f 5684 5645 5686
f 5646 5647 5687
f 5686 5646 5687
f 5647 5649 5687
f 5652 5651 5688
f 5651 5653 5689
f 5688 5651 5689
f 5653 5161 5215
f 5653 5215 5689
f 5689 5215 5690
f 5163 5654 5691
f 5163 5691 5215
f 5215 5691 5690
f 5654 5655 5692
f 5691 5654 5692
f 5655 5656 5693
f 5692 5655 5693
f 5656 5167 5216
f 5656 5216 5693
f 5693 5216 5694
f 5694 5216 5695
f 5216 5217 5695
f 5695 5217 5696
f 5217 5218 5696
f 5696 5218 5697
f 5218 5219 5697
f 5172 5657 5698
f 5172 5698 5219
f 5219 5698 5697
f 5657 5658 5699
f 5698 5657 5699
f 5658 5659 5700
f 5699 5658 5700
f 5659 5660 5701
f 5700 5659 5701
f 5660 5661 5702
f 5701 5660 5702
f 5661 5178 5220
f 5661 5220 5702
f 5702 5220 5703
f 5703 5220 5704
f 5220 5221 5704
f 5704 5221 5705
f 5221 5222 5705
f 5705 5222 5706
f 5222 5223 5706
f 5706 5223 5707
f 5223 5224 5707
f 5707 5224 5708
f 5224 5225 5708
f 5710 5226 5709
f 5710 5708 5226
f 5708 5225 5226
f 5227 5709 5226
f 5711 5709 5227
f 5228 5711 5227
f 5712 5711 5228
f 5229 5712 5228
f 5713 5712 5229
f 5713 5714 5715
f 5713 5229 5714
f 5229 5230 5714
f 5714 5230 5716
f 5230 5231 5716
f 5716 5231 5717
f 5231 5232 5717
f 5717 5232 5718
f 5232 5233 5718
f 5718 5233 5719
f 5233 5234 5719
f 5719 5234 5720
f 5234 5235 5720
f 5720 5235 5721
f 5235 5236 5721
f 5196 5662 5722
f 5196 5722 5236
f 5236 5722 5721
f 5662 5723 5722
f 5662 5197 5723
f 5197 5238 5723
f 5239 5724 5240
f 5239 5242 5724
f 5243 5725 5244
f 5245 5725 5243
f 5726 5725 5245
f 5246 5726 5245
f 5727 5726 5246
f 5727 5728 5729
f 5727 5246 5728
f 5246 5247 5728
f 5728 5247 5730
f 5247 5248 5730
f 5730 5248 5731
f 5248 5249 5731
f 5201 5663 5732
f 5201 5732 5249
f 5249 5732 5731
f 5663 5664 5733
f 5732 5663 5733
f 5664 5665 5734
f 5733 5664 5734
f 5665 5666 5735
f 5734 5665 5735
f 5666 5668 5735
f 5676 5675 5736
f 5675 5677 5737
f 5736 5675 5737
f 5677 5678 5738
f 5737 5677 5738
f 5678 5679 5739
f 5738 5678 5739
f 5679 5680 5740
f 5739 5679 5740
f 5680 5681 5741
f 5740 5680 5741
f 5681 5682 5742
f 5741 5681 5742
f 5682 5683 5743
f 5742 5682 5743
f 5683 5685 5743
f 5710 5709 5744
f 5709 5711 5745
f 5744 5709 5745
f 5711 5712 5746
f 5745 5711 5746
f 5712 5713 5747
f 5746 5712 5747
f 5713 5715 5747
f 5723 5238 5250
f 5748 5723 5250
f 5240 5724 5749
f 5240 5749 5250
f 5250 5749 5748
f 5724 5242 5251
f 5724 5251 5749
f 5749 5251 5750
f 5244 5725 5751
f 5244 5751 5251
f 5251 5751 5750
f 5725 5726 5752
f 5751 5725 5752
f 5726 5727 5753
f 5752 5726 5753
f 5727 5729 5753
f 5254 5255 5754
f 5256 5254 5754
f 5755 5256 5754
f 5256 5755 5258
f 5259 5260 5756
f 5255 5259 5756
f 5255 5756 5754
f 5754 5756 5757
f 5754 5757 5755
f 5755 5757 5758
f 5755 5758 5262
f 5258 5755 5262
f 5756 5260 5263
f 5757 5756 5263
f 5264 5757 5263
f 5758 5757 5264
f 5265 5758 5264
f 5758 5265 5262
f 5269 5760 5759
f 5268 5269 5759
f 5268 5759 5761
f 5270 5268 5761
f 5272 5763 5762
f 5271 5272 5762
f 5762 5764 5271
f 5271 5764 5273
f 5764 5765 5273
f 5273 5765 5274
f 5765 5766 5274
f 5274 5766 5275
f 5766 5767 5275
f 5275 5767 5276
f 5769 5768 5277
f 5769 5277 5767
f 5767 5277 5276
f 5278 5277 5768
f 5770 5278 5768
f 5279 5278 5770
f 5771 5279 5770
f 5281 5279 5771
f 5772 5281 5771
f 5281 5772 5282
f 5284 5774 5773
f 5283 5284 5773
f 5773 5775 5283
f 5283 5775 5285
f 5777 5776 5286
f 5777 5286 5775
f 5775 5286 5285
f 5286 5776 5287
f 5293 5294 5778
f 5778 5780 5779
f 5778 5779 5293
f 5293 5779 5295
f 5779 5781 5295
f 5295 5781 5296
f 5781 5782 5296
f 5296 5782 5297
f 5782 5783 5297
f 5297 5783 5298
f 5783 5784 5298
f 5298 5784 5299
f 5784 5785 5299
f 5299 5785 5300
f 5785 5786 5300
f 5300 5786 5301
f 5786 5787 5301
f 5301 5787 5302
f 5787 5788 5302
f 5302 5788 5303
f 5788 5269 5303
f 5760 5269 5788
f 5761 5304 5270
f 5789 5304 5761
f 5789 5790 5304
f 5304 5790 5305
f 5790 5272 5305
f 5763 5272 5790
f 5769 5791 5768
f 5768 5792 5770
f 5791 5792 5768
f 5770 5793 5771
f 5792 5793 5770
f 5771 5794 5772
f 5793 5794 5771
f 5772 5306 5282
f 5772 5794 5306
f 5794 5795 5306
f 5795 5796 5306
f 5306 5796 5307
f 5796 5797 5307
f 5307 5797 5308
f 5797 5798 5308
f 5308 5798 5309
f 5798 5799 5309
f 5309 5799 5310
f 5799 5800 5310
f 5310 5800 5311
f 5802 5801 5312
f 5802 5312 5800
f 5800 5312 5311
f 5312 5801 5313
f 5316 5804 5803
f 5315 5316 5803
f 5803 5284 5315
f 5774 5284 5803
f 5777 5805 5776
f 5776 5317 5287
f 5776 5805 5317
f 5805 5806 5317
f 5806 5807 5317
f 5317 5807 5318
f 5807 5808 5318
f 5318 5808 5319
f 5808 5809 5319
f 5319 5809 5320
f 5811 5810 5321
f 5811 5321 5809
f 5809 5321 5320
f 5322 5321 5810
f 5812 5322 5810
f 5322 5812 5324
f 5335 5336 5813
f 5337 5335 5813
f 5814 5337 5813
f 5814 5816 5815
f 5814 5815 5337
f 5337 5815 5338
f 5818 5817 5339
f 5818 5339 5815
f 5815 5339 5338
f 5340 5339 5817
f 5819 5340 5817
f 5341 5340 5819
f 5820 5341 5819
f 5341 5820 5343
f 5823 5822 5821
f 5822 5824 5821
f 5345 5346 5825
f 5347 5345 5825
f 5826 5347 5825
f 5348 5347 5826
f 5827 5348 5826
f 5827 5829 5828
f 5827 5828 5348
f 5348 5828 5349
f 5294 5830 5778
f 5294 5349 5830
f 5349 5828 5830
f 5778 5830 5780
f 5802 5831 5801
f 5801 5350 5313
f 5801 5831 5350
f 5831 5832 5350
f 5832 5316 5350
f 5804 5316 5832
f 5811 5833 5810
f 5810 5834 5812
f 5833 5834 5810
f 5812 5351 5324
f 5812 5834 5351
f 5834 5835 5351
f 5835 5836 5351
f 5351 5836 5352
f 5836 5837 5352
f 5352 5837 5353
f 5837 5838 5353
f 5353 5838 5354
f 5838 5839 5354
f 5354 5839 5355
f 5841 5840 5356
f 5841 5356 5839
f 5839 5356 5355
f 5356 5840 5357
f 5359 5360 5842
f 5842 5844 5843
f 5842 5843 5359
f 5359 5843 5362
f 5846 5845 5363
f 5846 5363 5843
f 5843 5363 5362
f 5365 5363 5845
f 5847 5365 5845
f 5365 5847 5366
f 5367 5368 5848
f 5848 5850 5849
f 5367 5848 5849
f 5367 5849 5813
f 5367 5813 5336
f 5813 5851 5814
f 5849 5851 5813
f 5814 5851 5816
f 5818 5852 5817
f 5817 5853 5819
f 5852 5853 5817
f 5819 5854 5820
f 5853 5854 5819
f 5856 5855 5369
f 5854 5856 5369
f 5854 5369 5343
f 5854 5343 5820
f 5370 5369 5855
f 5857 5370 5855
f 5371 5370 5857
f 5858 5371 5857
f 5371 5858 5373
f 5377 5860 5859
f 5376 5377 5859
f 5821 5859 5823
f 5821 5379 5859
f 5379 5376 5859
f 5824 5379 5821
f 5824 5861 5379
f 5861 5381 5379
f 5862 5382 5381
f 5862 5381 5863
f 5863 5381 5861
f 5863 5864 5862
f 5384 5866 5865
f 5383 5384 5865
f 5346 5867 5825
f 5346 5383 5867
f 5383 5865 5867
f 5825 5868 5826
f 5867 5868 5825
f 5826 5869 5827
f 5868 5869 5826
f 5827 5869 5829
f 5841 5870 5840
f 5840 5385 5357
f 5840 5870 5385
f 5870 5871 5385
f 5871 5872 5385
f 5385 5872 5386
f 5360 5873 5842
f 5360 5386 5873
f 5386 5872 5873
f 5842 5873 5844
f 5846 5874 5845
f 5845 5875 5847
f 5874 5875 5845
f 5847 5387 5366
f 5847 5875 5387
f 5875 5876 5387
f 5876 5877 5387
f 5387 5877 5388
f 5877 5878 5388
f 5388 5878 5389
f 5878 5879 5389
f 5389 5879 5390
f 5879 5880 5390
f 5390 5880 5391
f 5880 5881 5391
f 5391 5881 5392
f 5881 5882 5392
f 5392 5882 5393
f 5368 5883 5848
f 5368 5393 5883
f 5393 5882 5883
f 5848 5883 5850
f 5856 5884 5855
f 5855 5885 5857
f 5884 5885 5855
f 5857 5886 5858
f 5885 5886 5857
f 5858 5394 5373
f 5858 5886 5394
f 5886 5887 5394
f 5889 5888 5395
f 5889 5395 5887
f 5887 5395 5394
f 5396 5395 5888
f 5890 5396 5888
f 5396 5890 5398
f 5860 5377 5891
f 5891 5377 5399
f 5862 5400 5382
f 5862 5401 5400
f 5862 5893 5401
f 5862 5864 5893
f 5892 5401 5893
f 5401 5892 5402
f 5404 5895 5894
f 5403 5404 5894
f 5894 5384 5403
f 5866 5384 5894
f 5889 5896 5888
f 5888 5897 5890
f 5896 5897 5888
f 5899 5898 5405
f 5897 5899 5405
f 5897 5405 5398
f 5897 5398 5890
f 5405 5898 5407
f 5891 5399 5900
f 5900 5399 5408
f 5893 5901 5892
f 5903 5902 5409
f 5901 5903 5409
f 5901 5409 5402
f 5901 5402 5892
f 5409 5902 5411
f 5895 5404 5904
f 5904 5404 5412
f 5899 5905 5898
f 5907 5906 5413
f 5905 5907 5413
f 5905 5413 5407
f 5905 5407 5898
f 5413 5906 5414
f 5900 5408 5908
f 5908 5408 5415
f 5910 5902 5903
f 5909 5902 5910
f 5416 5411 5902
f 5416 5902 5911
f 5911 5902 5909
f 5416 5911 5418
f 5904 5412 5912
f 5912 5412 5420
f 5907 5913 5906
f 5915 5914 5421
f 5913 5915 5421
f 5913 5421 5414
f 5913 5414 5906
f 5421 5914 5422
f 5918 5917 5916
f 5917 5920 5919
f 5916 5917 5919
f 5920 5922 5921
f 5919 5920 5921
f 5922 5924 5923
f 5921 5922 5923
f 5924 5926 5925
f 5923 5924 5925
f 5926 5927 5925
f 5908 5415 5928
f 5928 5415 5423
f 5930 5909 5910
f 5929 5909 5930
f 5909 5929 5911
f 5911 5929 5931
f 5911 5931 5425
f 5418 5911 5425
f 5912 5420 5932
f 5932 5420 5428
f 5915 5933 5914
f 5914 5933 5934
f 5914 5934 5422
f 5422 5934 5429
f 5937 5936 5935
f 5916 5431 5432
f 5918 5916 5432
f 5918 5432 5935
f 5918 5935 5936
f 5919 5431 5916
f 5433 5431 5919
f 5921 5433 5919
f 5435 5433 5921
f 5923 5435 5921
f 5437 5435 5923
f 5437 5938 5438
f 5437 5923 5938
f 5923 5925 5938
f 5927 5939 5938
f 5925 5927 5938
f 5928 5423 5940
f 5940 5423 5439
f 5943 5941 5942
f 5929 5442 5441
f 5930 5442 5929
f 5930 5941 5442
f 5930 5942 5941
f 5931 5929 5441
f 5444 5931 5441
f 5931 5444 5425
f 5932 5428 5944
f 5944 5428 5448
f 5934 5449 5429
f 5945 5449 5934
f 5449 5945 5946
f 5450 5449 5946
f 5453 5948 5947
f 5452 5453 5947
f 5935 5947 5937
f 5935 5454 5947
f 5454 5452 5947
f 5935 5432 5454
f 5938 5455 5438
f 5939 5455 5938
f 5939 5949 5455
f 5949 5457 5455
f 5951 5950 5459
f 5951 5459 5949
f 5949 5459 5457
f 5459 5950 5460
f 5952 5953 5940
f 5952 5940 5461
f 5461 5940 5439
f 5953 5954 5955
f 5952 5954 5953
f 5955 5956 5957
f 5954 5956 5955
f 5464 5957 5956
f 5464 5463 5957
f 5463 5958 5957
f 5941 5943 5958
f 5941 5958 5466
f 5466 5958 5463
f 5941 5466 5442
f 5944 5448 5959
f 5959 5448 5467
f 5960 5946 5961
f 5960 5468 5946
f 5468 5450 5946
f 5471 5960 5961
f 5471 5961 5470
f 5470 5961 5962
f 5470 5962 5963
f 5472 5470 5963
f 5475 5965 5964
f 5474 5475 5964
f 5964 5453 5474
f 5948 5453 5964
f 5951 5966 5950
f 5968 5967 5477
f 5966 5968 5477
f 5966 5477 5460
f 5966 5460 5950
f 5477 5967 5478
f 5952 5461 5479
f 5954 5952 5479
f 5480 5954 5479
f 5956 5954 5480
f 5481 5956 5480
f 5956 5481 5464
f 5959 5467 5969
f 5969 5467 5482
f 5960 5483 5468
f 5960 5471 5483
f 5963 5970 5472
f 5970 5485 5472
f 5973 5972 5971
f 5972 5975 5974
f 5971 5972 5974
f 5975 5487 5974
f 5975 5965 5487
f 5965 5475 5487
f 5968 5976 5967
f 5967 5976 5977
f 5967 5977 5478
f 5478 5977 5488
f 5969 5482 5489
f 5978 5969 5489
f 5489 5979 5978
f 5490 5979 5489
f 5970 5493 5485
f 5980 5493 5970
f 5973 5971 5981
f 5973 5981 5493
f 5973 5493 5980
f 5494 5493 5981
f 5971 5974 5981
f 5974 5982 5981
f 5974 5495 5982
f 5487 5495 5974
f 5977 5983 5488
f 5983 5496 5488
f 5979 5490 5497
f 5984 5979 5497
f 5497 5985 5984
f 5498 5985 5497
f 5986 5494 5981
f 5500 5494 5986
f 5503 5982 5502
f 5503 5986 5982
f 5986 5981 5982
f 5982 5495 5502
f 5983 5987 5496
f 5987 5504 5496
f 5985 5498 5505
f 5988 5985 5505
f 5988 5505 5989
f 5505 5506 5989
f 5990 5506 5507
f 5990 5991 5506
f 5991 5989 5506
f 5991 5990 5992
f 5986 5509 5500
f 5986 5503 5509
f 5987 5993 5504
f 5993 5511 5504
f 5990 5507 5512
f 5992 5990 5512
f 5992 5512 5994
f 5994 5512 5513
f 5994 5513 5995
f 5513 5514 5995
f 5995 5514 5996
f 5514 5515 5996
f 5996 5515 5997
f 5515 5516 5997
f 5997 5516 5998
f 5516 5517 5998
f 5998 5517 5999
f 5517 5518 5999
f 5518 6000 5999
f 5519 6000 5518
f 6001 5993 6002
f 6001 5522 5993
f 5522 5511 5993
f 6002 6003 6001
f 5524 6005 6004
f 5523 5524 6004
f 6004 5519 5523
f 6000 5519 6004
f 5527 6006 5528
f 5527 5530 6006
f 6007 5522 6001
f 6007 6008 5522
f 6008 5531 5522
f 6001 6003 6007
f 6011 6010 6009
f 6010 5533 6009
f 6010 6005 5533
f 6005 5524 5533
f 5534 6012 5535
f 5534 5537 6012
f 6013 5528 6006
f 6013 6014 5528
f 6014 5538 5528
f 6016 5539 6015
f 6013 5539 6016
f 6013 5530 5539
f 6013 6006 5530
f 5539 5541 6015
f 6008 6017 5531
f 6017 5542 5531
f 6019 6011 6009
f 6018 6019 6009
f 6009 5544 6018
f 5533 5544 6009
f 6020 5535 6012
f 5548 5535 6020
f 5549 6012 5537
f 5549 6021 6012
f 6021 6020 6012
f 6021 5549 5538
f 6021 5538 6022
f 6022 5538 6014
f 6024 6016 6015
f 6023 6024 6015
f 6015 5551 6023
f 5541 5551 6015
f 5554 6025 5555
f 6025 5554 5542
f 6025 5542 6026
f 6026 5542 6017
f 6029 6028 6027
f 6028 6031 6030
f 6027 6028 6030
f 5558 6030 6031
f 5558 6031 5557
f 5557 6031 6032
f 6032 6033 5557
f 5557 6033 5560
f 6018 6033 6019
f 6018 5562 6033
f 5562 5560 6033
f 6018 5544 5562
f 6034 5548 6020
f 6034 6035 5548
f 6035 5564 5548
f 6020 6021 6036
f 6034 6020 6036
f 6021 6022 6036
f 6024 6023 6037
f 6039 5565 6038
f 6037 5565 6039
f 6037 5551 5565
f 6037 6023 5551
f 5565 5567 6038
f 5570 6040 5571
f 6040 6041 6042
f 5570 6041 6040
f 5570 6025 6041
f 5570 5555 6025
f 6025 6026 6041
f 6045 6044 6043
f 5574 6043 6044
f 5574 6044 5573
f 5573 6044 6046
f 6027 6046 6029
f 6027 5576 6046
f 5576 5573 6046
f 6030 5576 6027
f 5577 5576 6030
f 6030 5558 5577
f 5579 6047 5580
f 6047 5579 5564
f 6047 5564 6048
f 6048 5564 6035
f 6039 6038 6049
f 6051 5581 6050
f 6049 5581 6051
f 6049 5567 5581
f 6049 6038 5567
f 5581 5583 6050
f 5586 6052 5587
f 6052 6053 6054
f 5586 6053 6052
f 5586 6040 6053
f 5586 5571 6040
f 6040 6042 6053
f 6043 5589 5590
f 6043 5590 6045
f 6045 5590 6055
f 6043 5574 5589
f 5591 6056 5592
f 6056 6057 6058
f 5591 6057 6056
f 5591 6047 6057
f 5591 5580 6047
f 6047 6048 6057
f 6051 6050 6059
f 6050 5583 5593
f 6050 5593 6059
f 6059 5593 6060
f 6062 5594 6061
f 6062 6060 5594
f 6060 5593 5594
f 5594 5596 6061
f 5599 6063 5600
f 6063 6064 6065
f 5599 6064 6063
f 5599 6052 6064
f 5599 5587 6052
f 6052 6054 6064
f 6068 6067 6066
f 6067 5602 6066
f 6067 6055 5602
f 6055 5590 5602
f 6069 5592 6056
f 6069 6070 5592
f 6070 5604 5592
f 6056 6058 6069
f 6062 6061 6071
f 6061 5596 5605
f 6061 5605 6071
f 6071 5605 6072
f 6072 5605 6073
f 5605 5606 6073
f 6073 5606 6074
f 5606 5607 6074
f 5600 6063 6075
f 5600 6075 5607
f 5607 6075 6074
f 6063 6065 6075
f 6077 6068 6066
f 6076 6077 6066
f 6066 5609 6076
f 5602 5609 6066
f 5611 6078 5612
f 6078 5611 5604
f 6078 5604 6079
f 6079 5604 6070
f 6081 6077 6076
f 6080 6081 6076
f 6076 5614 6080
f 5609 5614 6076
f 5617 6082 5618
f 6082 6083 6084
f 5617 6083 6082
f 5617 6078 6083
f 5617 5612 6078
f 6078 6079 6083
f 6086 6081 6080
f 6085 6086 6080
f 5619 6080 5614
f 5619 6087 6080
f 6087 6085 6080
f 5619 5621 6087
f 5625 6088 5626
f 5627 6088 5625
f 6089 6088 5627
f 6089 6090 6091
f 5627 6090 6089
f 5627 6082 6090
f 5627 5618 6082
f 6082 6084 6090
f 6086 6085 6092
f 6094 6092 6085
f 6094 6085 6093
f 6093 6085 6087
f 6087 5629 6093
f 5621 5629 6087
f 5635 6095 6096
f 5634 6095 5635
f 6095 5634 6097
f 5634 5636 6097
f 6097 5636 6098
f 5636 5637 6098
f 6098 5637 6099
f 5637 5638 6099
f 6099 5638 6100
f 5638 5639 6100
f 6100 5639 6101
f 5639 5640 6101
f 6101 5640 6102
f 5640 5641 6102
f 5641 6103 6102
f 5643 6103 5641
f 5648 6104 5649
f 5626 6104 5648
f 5626 6088 6104
f 6088 6105 6104
f 6106 6107 6105
f 6106 6105 6089
f 6089 6105 6088
f 6089 6091 6106
f 6109 6094 6093
f 6108 6109 6093
f 5650 6093 5629
f 5650 6110 6093
f 6110 6108 6093
f 5650 5652 6110
f 5667 6111 5668
f 5669 6111 5667
f 6112 6111 5669
f 5670 6112 5669
f 6113 6112 5670
f 6113 6114 6115
f 6113 5670 6114
f 5670 5671 6114
f 6114 5671 6116
f 5671 5672 6116
f 6116 5672 6117
f 5672 5673 6117
f 6117 5673 6118
f 5673 5674 6118
f 6118 5674 5635
f 6096 6118 5635
f 6121 6120 6119
f 6120 5676 6119
f 6120 6103 5676
f 6103 5643 5676
f 5684 6122 5685
f 5686 6122 5684
f 6123 6122 5686
f 5687 6123 5686
f 6124 6123 5687
f 6124 6125 6126
f 5687 6125 6124
f 5687 6104 6125
f 5687 5649 6104
f 6104 6105 6127
f 6125 6104 6127
f 6105 6107 6127
f 6109 6108 6128
f 6108 6110 6129
f 6128 6108 6129
f 6131 5688 6130
f 6129 5688 6131
f 6129 5652 5688
f 6129 6110 5652
f 5689 6130 5688
f 6132 6130 5689
f 5690 6132 5689
f 6133 6132 5690
f 5691 6133 5690
f 6134 6133 5691
f 5692 6134 5691
f 6135 6134 5692
f 5693 6135 5692
f 6136 6135 5693
f 5694 6136 5693
f 6137 6136 5694
f 5695 6137 5694
f 6138 6137 5695
f 5696 6138 5695
f 6139 6138 5696
f 5697 6139 5696
f 6140 6139 5697
f 5698 6140 5697
f 6141 6140 5698
f 6141 6142 6143
f 6141 5698 6142
f 5698 5699 6142
f 6142 5699 6144
f 5699 5700 6144
f 6144 5700 6145
f 5700 5701 6145
f 6145 5701 6146
f 5701 5702 6146
f 6148 5703 6147
f 6148 6146 5703
f 6146 5702 5703
f 5704 6147 5703
f 6149 6147 5704
f 5705 6149 5704
f 6150 6149 5705
f 5706 6150 5705
f 6151 6150 5706
f 5707 6151 5706
f 6152 6151 5707
f 5708 6152 5707
f 6153 6152 5708
f 5708 5710 6153
f 5714 6154 5715
f 6154 6155 6156
f 6154 5714 6155
f 5714 5716 6155
f 6155 5716 6157
f 5716 5717 6157
f 6157 5717 6158
f 5717 5718 6158
f 6158 5718 6159
f 5718 5719 6159
f 6159 5719 6160
f 5719 5720 6160
f 6160 5720 6161
f 5720 5721 6161
f 6161 5721 6162
f 5721 5722 6162
f 5722 6163 6162
f 5723 6163 5722
f 5728 6164 5729
f 6164 6165 6166
f 6164 5728 6165
f 5728 5730 6165
f 6165 5730 6167
f 5730 5731 6167
f 6167 5731 6168
f 5731 5732 6168
f 6168 5732 6169
f 5732 5733 6169
f 6169 5733 6170
f 5733 5734 6170
f 6170 5734 6171
f 5734 5735 6171
f 5668 6111 6172
f 5668 6172 5735
f 5735 6172 6171
f 6111 6112 6173
f 6172 6111 6173
f 6112 6113 6174
f 6173 6112 6174
f 6113 6115 6174
f 6177 6176 6175
f 6176 6121 6119
f 6176 6119 6175
f 6175 6119 6178
f 5736 6119 5676
f 5736 6179 6119
f 6179 6178 6119
f 5737 6179 5736
f 6180 6179 5737
f 5738 6180 5737
f 6181 6180 5738
f 5739 6181 5738
f 6182 6181 5739
f 5740 6182 5739
f 6183 6182 5740
f 5741 6183 5740
f 6184 6183 5741
f 5742 6184 5741
f 6185 6184 5742
f 5743 6185 5742
f 6186 6185 5743
f 6186 6187 6188
f 5743 6187 6186
f 5743 6122 6187
f 5743 5685 6122
f 6122 6123 6189
f 6187 6122 6189
f 6123 6124 6190
f 6189 6123 6190
f 6124 6126 6190
f 6131 6130 6191
f 6130 6132 6192
f 6191 6130 6192
f 6132 6133 6193
f 6192 6132 6193
f 6133 6134 6194
f 6193 6133 6194
f 6134 6135 6195
f 6194 6134 6195
f 6135 6136 6196
f 6195 6135 6196
f 6136 6137 6197
f 6196 6136 6197
f 6137 6138 6198
f 6197 6137 6198
f 6138 6139 6199
f 6198 6138 6199
f 6139 6140 6200
f 6199 6139 6200
f 6140 6141 6201
f 6200 6140 6201
f 6141 6143 6201
f 6148 6147 6202
f 6147 6149 6203
f 6202 6147 6203
f 6149 6150 6204
f 6203 6149 6204
f 6150 6151 6205
f 6204 6150 6205
f 6151 6152 6206
f 6205 6151 6206
f 6152 6153 6207
f 6206 6152 6207
f 6153 5710 5744
f 6153 5744 6207
f 6207 5744 6208
f 6208 5744 6209
f 5744 5745 6209
f 6209 5745 6210
f 5745 5746 6210
f 6210 5746 6211
f 5746 5747 6211
f 5715 6154 6212
f 5715 6212 5747
f 5747 6212 6211
f 6154 6156 6212
f 6163 5723 5748
f 6213 6163 5748
f 6213 5748 6214
f 5748 5749 6214
f 6214 5749 6215
f 5749 5750 6215
f 6215 5750 6216
f 5750 5751 6216
f 6216 5751 6217
f 5751 5752 6217
f 6217 5752 6218
f 5752 5753 6218
f 5729 6164 6219
f 5729 6219 5753
f 5753 6219 6218
f 6164 6166 6219
f 6221 6177 6175
f 6220 6221 6175
f 6175 6178 6220
f 6178 6222 6220
f 6178 6179 6222
f 6179 6223 6222
f 6179 6180 6223
f 6180 6224 6223
f 6180 6181 6224
f 6181 6225 6224
f 6226 6227 6225
f 6226 6225 6182
f 6182 6225 6181
f 6182 6183 6228
f 6226 6182 6228
f 6183 6184 6229
f 6228 6183 6229
f 6184 6185 6230
f 6229 6184 6230
f 6185 6186 6231
f 6230 6185 6231
f 6186 6188 6231
f 6221 6220 6232
f 6220 6222 6233
f 6232 6220 6233
f 6222 6223 6234
f 6233 6222 6234
f 6223 6224 6235
f 6234 6223 6235
f 6224 6225 6236
f 6235 6224 6236
f 6225 6227 6236
f 5759 5760 6237
f 5759 6237 5761
f 5762 5763 6238
f 6238 6240 6239
f 6238 6239 5762
f 5762 6239 5764
f 6239 6241 5764
f 5764 6241 5765
f 6243 6242 5766
f 6243 5766 6241
f 6241 5766 5765
f 5767 5766 6242
f 6244 5767 6242
f 5767 6244 5769
f 5774 6246 6245
f 5773 5774 6245
f 6248 6247 5775
f 6248 5775 6245
f 6245 5775 5773
f 5775 6247 5777
f 6251 6250 6249
f 6250 6252 6249
f 5779 5780 6253
f 5781 5779 6253
f 6254 5781 6253
f 6254 6256 6255
f 6254 6255 5781
f 5781 6255 5782
f 6255 6257 5782
f 5782 6257 5783
f 6257 6258 5783
f 5783 6258 5784
f 6258 6259 5784
f 5784 6259 5785
f 6259 6260 5785
f 5785 6260 5786
f 6260 6261 5786
f 5786 6261 5787
f 6261 6262 5787
f 5787 6262 5788
f 5760 6263 6237
f 5760 5788 6263
f 5788 6262 6263
f 6237 5789 5761
f 6237 6263 5789
f 6263 6264 5789
f 6264 6265 5789
f 5789 6265 5790
f 5763 6266 6238
f 5763 5790 6266
f 5790 6265 6266
f 6238 6266 6240
f 6243 6267 6242
f 6242 6268 6244
f 6267 6268 6242
f 6244 5791 5769
f 6244 6268 5791
f 6268 6269 5791
f 6269 6270 5791
f 5791 6270 5792
f 6270 6271 5792
f 5792 6271 5793
f 6271 6272 5793
f 5793 6272 5794
f 6272 6273 5794
f 5794 6273 5795
f 6273 6274 5795
f 5795 6274 5796
f 6274 6275 5796
f 5796 6275 5797
f 6275 6276 5797
f 5797 6276 5798
f 6276 6277 5798
f 5798 6277 5799
f 6277 6278 5799
f 5799 6278 5800
f 6279 5802 5800
f 6279 5800 6280
f 6280 5800 6278
f 6280 6281 6279
f 5804 6283 6282
f 5803 5804 6282
f 6282 5774 5803
f 6246 5774 6282
f 6248 6284 6247
f 6247 5805 5777
f 6247 6284 5805
f 6284 6285 5805
f 6285 6286 5805
f 5805 6286 5806
f 6286 6287 5806
f 5806 6287 5807
f 6289 6288 5808
f 6289 5808 6287
f 6287 5808 5807
f 5809 5808 6288
f 6290 5809 6288
f 5809 6290 5811
f 5815 5816 6291
f 5815 6291 5818
f 6294 6293 6292
f 6249 5822 5823
f 6251 6249 5823
f 6251 5823 6292
f 6251 6292 6293
f 5822 6295 5824
f 6249 6295 5822
f 6249 6296 6295
f 6249 6252 6296
f 6296 6297 6295
f 5828 5829 6298
f 6298 6300 6299
f 6298 6299 5828
f 5828 6299 5830
f 5780 6301 6253
f 5780 5830 6301
f 5830 6299 6301
f 6253 6302 6254
f 6301 6302 6253
f 6254 6302 6256
f 6279 5831 5802
f 6281 5831 6279
f 6281 6303 5831
f 6303 5832 5831
f 6303 5804 5832
f 6283 5804 6303
f 6289 6304 6288
f 6288 6305 6290
f 6304 6305 6288
f 6290 5833 5811
f 6290 6305 5833
f 6305 6306 5833
f 6306 6307 5833
f 5833 6307 5834
f 6307 6308 5834
f 5834 6308 5835
f 6308 6309 5835
f 5835 6309 5836
f 6309 6310 5836
f 5836 6310 5837
f 6310 6311 5837
f 5837 6311 5838
f 6313 6312 5839
f 6313 5839 6311
f 6311 5839 5838
f 5839 6312 5841
f 5843 5844 6314
f 5843 6314 5846
f 5849 5850 6315
f 6315 6317 6316
f 6315 6316 5849
f 5849 6316 5851
f 5816 6318 6291
f 5816 5851 6318
f 5851 6316 6318
f 6291 5852 5818
f 6291 6318 5852
f 6318 6319 5852
f 6321 6320 5853
f 6321 5853 6319
f 6319 5853 5852
f 5854 5853 6320
f 6322 5854 6320
f 5854 6322 5856
f 6292 5859 5860
f 6292 5860 6294
f 6294 5860 6323
f 6292 5823 5859
f 6295 5861 5824
f 6295 5863 5861
f 6295 6325 5863
f 6295 6297 6325
f 6324 5863 6325
f 5863 6324 5864
f 5865 5866 6326
f 6326 6328 6327
f 6326 6327 5865
f 5865 6327 5867
f 6327 6329 5867
f 5867 6329 5868
f 6329 6330 5868
f 5868 6330 5869
f 5829 6331 6298
f 5829 5869 6331
f 5869 6330 6331
f 6298 6331 6300
f 6313 6332 6312
f 6312 5870 5841
f 6312 6332 5870
f 6332 6333 5870
f 6333 6334 5870
f 5870 6334 5871
f 6334 6335 5871
f 5871 6335 5872
f 6335 6336 5872
f 5872 6336 5873
f 5844 6337 6314
f 5844 5873 6337
f 5873 6336 6337
f 6314 5874 5846
f 6314 6337 5874
f 6337 6338 5874
f 6338 6339 5874
f 5874 6339 5875
f 6339 6340 5875
f 5875 6340 5876
f 6340 6341 5876
f 5876 6341 5877
f 6341 6342 5877
f 5877 6342 5878
f 6342 6343 5878
f 5878 6343 5879
f 6343 6344 5879
f 5879 6344 5880
f 6344 6345 5880
f 5880 6345 5881
f 6345 6346 5881
f 5881 6346 5882
f 6346 6347 5882
f 5882 6347 5883
f 5850 6348 6315
f 5850 5883 6348
f 5883 6347 6348
f 6315 6348 6317
f 6321 6349 6320
f 6320 6350 6322
f 6349 6350 6320
f 6322 5884 5856
f 6322 6350 5884
f 6350 6351 5884
f 6353 6352 5885
f 6353 5885 6351
f 6351 5885 5884
f 5886 5885 6352
f 6354 5886 6352
f 5887 5886 6354
f 6355 5887 6354
f 5887 6355 5889
f 6323 5860 6356
f 6356 5860 5891
f 6325 6357 6324
f 6324 6357 6358
f 6324 6358 5864
f 5864 6358 5893
f 5894 5895 6359
f 6359 6361 6360
f 5894 6359 6360
f 5894 6360 6326
f 5894 6326 5866
f 6326 6360 6328
f 6353 6362 6352
f 6352 6363 6354
f 6362 6363 6352
f 6354 6364 6355
f 6363 6364 6354
f 6366 6365 5896
f 6364 6366 5896
f 6364 5896 5889
f 6364 5889 6355
f 5897 5896 6365
f 6367 5897 6365
f 5897 6367 5899
f 6356 5891 6368
f 6368 5891 5900
f 5901 6370 6369
f 5901 5893 6370
f 5893 6358 6370
f 5901 6369 5903
f 6371 6359 5895
f 5904 6371 5895
f 6361 6371 6372
f 6359 6371 6361
f 6366 6373 6365
f 6365 6374 6367
f 6373 6374 6365
f 6376 6375 5905
f 6374 6376 5905
f 6374 5905 5899
f 6374 5899 6367
f 5905 6375 5907
f 6379 6378 6377
f 6378 6381 6380
f 6377 6378 6380
f 6381 6383 6382
f 6380 6381 6382
f 6383 6384 6382
f 6368 5900 6385
f 6385 5900 5908
f 6387 6369 6370
f 6386 6369 6387
f 6369 6386 5910
f 5903 6369 5910
f 6388 6371 5904
f 6388 5904 6389
f 6389 5904 5912
f 6371 6388 6372
f 6376 6390 6375
f 6392 6391 5913
f 6390 6392 5913
f 6390 5913 5907
f 6390 5907 6375
f 5913 6391 5915
f 5918 6394 6393
f 5917 5918 6393
f 6393 6395 5917
f 5917 6395 5920
f 6377 6395 6379
f 6377 5922 6395
f 5922 5920 6395
f 6380 5922 6377
f 5924 5922 6380
f 6382 5924 6380
f 5926 5924 6382
f 5926 6396 5927
f 6382 6396 5926
f 6382 6397 6396
f 6382 6384 6397
f 6397 6398 6396
f 6385 5908 6399
f 6399 5908 5928
f 6401 6386 6387
f 6400 6386 6401
f 6386 6400 5930
f 5910 6386 5930
f 6389 5912 6402
f 6402 5912 5932
f 6392 6403 6391
f 6405 6404 5933
f 6403 6405 5933
f 6403 5933 5915
f 6403 5915 6391
f 6406 5934 5933
f 6406 5933 6407
f 6404 6408 5933
f 6408 6407 5933
f 6407 6409 6406
f 6412 6411 6410
f 5937 6410 6411
f 5937 6411 5936
f 5936 6411 6413
f 6413 5918 5936
f 6394 5918 6413
f 6414 5927 6396
f 5939 5927 6414
f 6398 6415 6414
f 6396 6398 6414
f 6399 5928 6416
f 6416 5928 5940
f 6419 6417 6418
f 6400 5943 5942
f 6401 5943 6400
f 6401 6417 5943
f 6401 6418 6417
f 6400 5942 5930
f 6420 6421 6402
f 6420 6402 5944
f 5944 6402 5932
f 6421 6420 6422
f 6405 6423 6404
f 6404 6423 6408
f 5934 6406 5945
f 5945 6424 5946
f 6406 6424 5945
f 6406 6425 6424
f 6406 6409 6425
f 6425 6426 6424
f 6429 6428 6427
f 6428 6430 6427
f 6433 6432 6431
f 6410 5947 5948
f 6412 6410 5948
f 6412 5948 6431
f 6412 6431 6432
f 6410 5937 5947
f 6414 5949 5939
f 5949 6414 6415
f 5949 6415 5951
f 5951 6415 6434
f 6416 5940 5953
f 6435 6416 5953
f 6435 5953 6436
f 5953 5955 6436
f 6436 5955 6437
f 5955 5957 6437
f 6417 6419 6437
f 6417 6437 5958
f 5958 6437 5957
f 6417 5958 5943
f 6438 6420 5944
f 6438 5944 6439
f 6439 5944 5959
f 6420 6438 6422
f 6424 5961 5946
f 6426 5961 6424
f 6426 6440 5961
f 6440 5962 5961
f 6441 5963 5962
f 6441 5962 6442
f 6442 5962 6440
f 6442 6429 6427
f 6442 6427 6441
f 6441 6427 6443
f 6430 6444 6443
f 6427 6430 6443
f 6431 5964 5965
f 6431 5965 6433
f 6433 5965 6445
f 6431 5948 5964
f 6434 5966 5951
f 6446 5966 6434
f 5966 6446 6447
f 5968 5966 6447
f 6448 6449 6439
f 6448 6439 5969
f 5969 6439 5959
f 6449 6448 6450
f 6451 5963 6441
f 5970 5963 6451
f 5973 6443 5972
f 5973 6451 6443
f 6451 6441 6443
f 6444 5972 6443
f 6444 6452 5972
f 6452 5975 5972
f 6452 5965 5975
f 6445 5965 6452
f 6447 5976 5968
f 6453 5976 6447
f 6454 5977 5976
f 6454 5976 6455
f 6455 5976 6453
f 6455 6456 6454
f 6448 5969 5978
f 5978 5979 6457
f 6448 5978 6457
f 6448 6457 6458
f 6448 6458 6450
f 6458 6457 6459
f 6451 5980 5970
f 6451 5973 5980
f 6460 5977 6454
f 5983 5977 6460
f 6456 6461 6460
f 6454 6456 6460
f 6457 5979 5984
f 5984 5985 6462
f 6457 5984 6462
f 6457 6462 6463
f 6457 6463 6459
f 6463 6462 6464
f 6465 5983 6460
f 5987 5983 6465
f 6461 6466 6465
f 6460 6461 6465
f 6462 5985 5988
f 6464 6462 5988
f 6464 5988 6467
f 6467 5988 5989
f 6467 5989 6468
f 5989 5991 6468
f 6469 5991 5992
f 6469 6470 5991
f 6470 6468 5991
f 6470 6471 6472
f 6469 6471 6470
f 6472 6473 6474
f 6471 6473 6472
f 6474 6475 6476
f 6473 6475 6474
f 6476 6475 6477
f 6478 5987 6465
f 5993 5987 6478
f 6466 6479 6478
f 6465 6466 6478
f 6469 5992 5994
f 6471 6469 5994
f 5995 6471 5994
f 6473 6471 5995
f 5996 6473 5995
f 6475 6473 5996
f 5997 6475 5996
f 6477 6475 5997
f 6477 5997 6480
f 6480 5997 5998
f 6480 5998 6481
f 5998 5999 6481
f 6482 5999 6000
f 6482 6483 5999
f 6483 6481 5999
f 6483 6484 6485
f 6482 6484 6483
f 6485 6486 6487
f 6484 6486 6485
f 6487 6486 6488
f 6478 6002 5993
f 6002 6478 6479
f 6002 6479 6003
f 6003 6479 6489
f 6005 6491 6490
f 6004 6005 6490
f 6000 6492 6482
f 6000 6004 6492
f 6004 6490 6492
f 6482 6493 6484
f 6492 6493 6482
f 6484 6494 6486
f 6493 6494 6484
f 6486 6494 6488
f 6008 6495 6496
f 6007 6495 6008
f 6495 6007 6003
f 6489 6495 6003
f 6499 6498 6497
f 6498 6501 6500
f 6497 6498 6500
f 6011 6500 6501
f 6011 6501 6010
f 6010 6501 6502
f 6502 6005 6010
f 6491 6005 6502
f 6013 6503 6014
f 6013 6016 6503
f 6496 6504 6008
f 6504 6017 6008
f 6507 6506 6505
f 6506 6499 6497
f 6506 6497 6505
f 6505 6497 6508
f 6497 6500 6508
f 6500 6509 6508
f 6500 6019 6509
f 6011 6019 6500
f 6510 6014 6503
f 6022 6014 6510
f 6503 6024 6510
f 6016 6024 6503
f 6504 6511 6017
f 6511 6026 6017
f 6514 6513 6512
f 6513 6516 6515
f 6512 6513 6515
f 6029 6515 6516
f 6029 6516 6028
f 6028 6516 6517
f 6505 6517 6507
f 6505 6031 6517
f 6031 6028 6517
f 6508 6031 6505
f 6032 6031 6508
f 6509 6032 6508
f 6033 6032 6509
f 6509 6019 6033
f 6034 6518 6035
f 6518 6519 6520
f 6518 6034 6519
f 6034 6036 6519
f 6022 6510 6521
f 6022 6521 6036
f 6036 6521 6519
f 6523 6037 6522
f 6521 6037 6523
f 6521 6024 6037
f 6521 6510 6024
f 6037 6039 6522
f 6042 6524 6525
f 6041 6524 6042
f 6524 6041 6026
f 6511 6524 6026
f 6528 6527 6526
f 6512 6044 6045
f 6514 6512 6045
f 6514 6045 6526
f 6514 6526 6527
f 6515 6044 6512
f 6046 6044 6515
f 6515 6029 6046
f 6529 6035 6518
f 6048 6035 6529
f 6520 6530 6529
f 6518 6520 6529
f 6523 6522 6531
f 6533 6049 6532
f 6531 6049 6533
f 6531 6039 6049
f 6531 6522 6039
f 6049 6051 6532
f 6053 6534 6054
f 6534 6053 6042
f 6534 6042 6535
f 6535 6042 6525
f 6537 6528 6526
f 6536 6537 6526
f 6526 6055 6536
f 6045 6055 6526
f 6058 6538 6539
f 6057 6538 6058
f 6048 6529 6540
f 6048 6540 6057
f 6057 6540 6538
f 6529 6530 6540
f 6533 6532 6541
f 6532 6051 6059
f 6532 6059 6541
f 6541 6059 6542
f 6544 6060 6543
f 6544 6542 6060
f 6542 6059 6060
f 6060 6062 6543
f 6064 6545 6065
f 6545 6546 6547
f 6064 6546 6545
f 6064 6534 6546
f 6064 6054 6534
f 6534 6535 6546
f 6550 6549 6548
f 6536 6067 6068
f 6537 6536 6068
f 6537 6068 6548
f 6537 6548 6549
f 6536 6055 6067
f 6069 6551 6070
f 6551 6069 6058
f 6551 6058 6552
f 6552 6058 6539
f 6544 6543 6553
f 6543 6062 6071
f 6543 6071 6553
f 6553 6071 6554
f 6554 6071 6555
f 6071 6072 6555
f 6557 6073 6556
f 6557 6555 6073
f 6555 6072 6073
f 6074 6556 6073
f 6558 6556 6074
f 6075 6558 6074
f 6559 6558 6075
f 6065 6559 6075
f 6065 6545 6559
f 6545 6560 6559
f 6547 6561 6560
f 6545 6547 6560
f 6564 6563 6562
f 6563 6565 6562
f 6568 6567 6566
f 6567 6570 6569
f 6566 6567 6569
f 6570 6550 6548
f 6570 6548 6569
f 6569 6548 6571
f 6548 6077 6571
f 6068 6077 6548
f 6572 6070 6551
f 6572 6573 6070
f 6573 6079 6070
f 6551 6552 6572
f 6557 6556 6574
f 6556 6558 6575
f 6574 6556 6575
f 6558 6559 6576
f 6575 6558 6576
f 6559 6560 6577
f 6576 6559 6577
f 6560 6561 6577
f 6580 6579 6578
f 6579 6564 6562
f 6579 6562 6578
f 6578 6562 6581
f 6565 6583 6582
f 6565 6582 6562
f 6562 6582 6581
f 6583 6585 6584
f 6582 6583 6584
f 6585 6586 6584
f 6589 6588 6587
f 6588 6568 6566
f 6588 6566 6587
f 6587 6566 6590
f 6566 6569 6590
f 6569 6591 6590
f 6569 6571 6591
f 6571 6592 6591
f 6571 6081 6592
f 6077 6081 6571
f 6084 6593 6594
f 6083 6593 6084
f 6593 6083 6079
f 6573 6593 6079
f 6580 6578 6595
f 6597 6595 6578
f 6597 6578 6596
f 6596 6578 6581
f 6581 6582 6596
f 6582 6598 6596
f 6599 6600 6598
f 6599 6598 6584
f 6584 6598 6582
f 6584 6586 6599
f 6589 6587 6601
f 6587 6590 6602
f 6601 6587 6602
f 6590 6591 6603
f 6602 6590 6603
f 6605 6603 6591
f 6605 6591 6604
f 6604 6591 6592
f 6592 6086 6604
f 6081 6086 6592
f 6090 6606 6091
f 6606 6090 6084
f 6606 6084 6607
f 6607 6084 6594
f 6609 6597 6596
f 6608 6609 6596
f 6610 6611 6608
f 6610 6608 6598
f 6598 6608 6596
f 6598 6600 6610
f 6605 6604 6612
f 6614 6092 6613
f 6612 6092 6614
f 6612 6086 6092
f 6612 6604 6086
f 6092 6094 6613
f 6095 6615 6096
f 6097 6615 6095
f 6616 6615 6097
f 6098 6616 6097
f 6617 6616 6098
f 6099 6617 6098
f 6618 6617 6099
f 6100 6618 6099
f 6619 6618 6100
f 6101 6619 6100
f 6620 6619 6101
f 6102 6620 6101
f 6621 6620 6102
f 6102 6103 6621
f 6106 6622 6107
f 6622 6623 6624
f 6106 6623 6622
f 6106 6606 6623
f 6106 6091 6606
f 6606 6607 6623
f 6609 6608 6625
f 6608 6611 6625
f 6614 6613 6626
f 6613 6627 6626
f 6613 6094 6627
f 6094 6109 6627
f 6630 6628 6629
f 6629 6628 6631
f 6634 6632 6633
f 6115 6633 6632
f 6115 6114 6633
f 6114 6635 6633
f 6635 6114 6636
f 6114 6116 6636
f 6636 6116 6637
f 6116 6117 6637
f 6639 6118 6638
f 6639 6637 6118
f 6637 6117 6118
f 6096 6638 6118
f 6096 6615 6638
f 6615 6640 6638
f 6615 6616 6640
f 6616 6641 6640
f 6616 6617 6641
f 6617 6642 6641
f 6617 6618 6642
f 6618 6643 6642
f 6618 6619 6643
f 6619 6644 6643
f 6619 6620 6644
f 6620 6645 6644
f 6121 6621 6120
f 6121 6645 6621
f 6645 6620 6621
f 6621 6103 6120
f 6125 6646 6126
f 6646 6647 6648
f 6646 6125 6647
f 6125 6127 6647
f 6107 6622 6649
f 6107 6649 6127
f 6127 6649 6647
f 6622 6624 6649
f 6627 6109 6128
f 6650 6627 6128
f 6652 6129 6651
f 6652 6650 6129
f 6650 6128 6129
f 6129 6131 6651
f 6142 6653 6143
f 6144 6653 6142
f 6654 6653 6144
f 6145 6654 6144
f 6655 6654 6145
f 6146 6655 6145
f 6656 6655 6146
f 6146 6148 6656
f 6155 6657 6156
f 6157 6657 6155
f 6658 6657 6157
f 6658 6659 6660
f 6658 6157 6659
f 6157 6158 6659
f 6659 6158 6661
f 6158 6159 6661
f 6628 6630 6661
f 6628 6661 6160
f 6160 6661 6159
f 6631 6628 6160
f 6631 6160 6662
f 6662 6160 6161
f 6662 6161 6663
f 6161 6162 6663
f 6162 6664 6663
f 6163 6664 6162
f 6667 6665 6666
f 6166 6666 6665
f 6166 6165 6666
f 6165 6668 6666
f 6668 6165 6669
f 6165 6167 6669
f 6669 6167 6670
f 6167 6168 6670
f 6670 6168 6671
f 6168 6169 6671
f 6671 6169 6672
f 6169 6170 6672
f 6672 6170 6673
f 6170 6171 6673
f 6673 6171 6674
f 6171 6172 6674
f 6674 6172 6675
f 6172 6173 6675
f 6632 6634 6675
f 6632 6675 6174
f 6174 6675 6173
f 6632 6174 6115
f 6639 6638 6676
f 6638 6640 6677
f 6676 6638 6677
f 6640 6641 6678
f 6677 6640 6678
f 6641 6642 6679
f 6678 6641 6679
f 6642 6643 6680
f 6679 6642 6680
f 6643 6644 6681
f 6680 6643 6681
f 6681 6177 6682
f 6681 6645 6177
f 6681 6644 6645
f 6176 6177 6645
f 6645 6121 6176
f 6187 6683 6188
f 6683 6684 6685
f 6683 6187 6684
f 6187 6189 6684
f 6684 6189 6686
f 6189 6190 6686
f 6126 6646 6687
f 6126 6687 6190
f 6190 6687 6686
f 6646 6648 6687
f 6652 6651 6688
f 6651 6131 6191
f 6651 6191 6688
f 6688 6191 6689
f 6689 6191 6690
f 6191 6192 6690
f 6690 6192 6691
f 6192 6193 6691
f 6691 6193 6692
f 6193 6194 6692
f 6692 6194 6693
f 6194 6195 6693
f 6693 6195 6694
f 6195 6196 6694
f 6694 6196 6695
f 6196 6197 6695
f 6695 6197 6696
f 6197 6198 6696
f 6696 6198 6697
f 6198 6199 6697
f 6697 6199 6698
f 6199 6200 6698
f 6698 6200 6699
f 6200 6201 6699
f 6143 6653 6700
f 6143 6700 6201
f 6201 6700 6699
f 6653 6654 6701
f 6700 6653 6701
f 6654 6655 6702
f 6701 6654 6702
f 6655 6656 6703
f 6702 6655 6703
f 6656 6148 6202
f 6656 6202 6703
f 6703 6202 6704
f 6704 6202 6705
f 6202 6203 6705
f 6705 6203 6706
f 6203 6204 6706
f 6706 6204 6707
f 6204 6205 6707
f 6707 6205 6708
f 6205 6206 6708
f 6708 6206 6709
f 6206 6207 6709
f 6709 6207 6710
f 6207 6208 6710
f 6710 6208 6711
f 6208 6209 6711
f 6711 6209 6712
f 6209 6210 6712
f 6712 6210 6713
f 6210 6211 6713
f 6713 6211 6714
f 6211 6212 6714
f 6156 6657 6715
f 6156 6715 6212
f 6212 6715 6714
f 6657 6658 6716
f 6715 6657 6716
f 6658 6660 6716
f 6664 6163 6213
f 6717 6664 6213
f 6717 6213 6718
f 6213 6214 6718
f 6718 6214 6719
f 6214 6215 6719
f 6719 6215 6720
f 6215 6216 6720
f 6720 6216 6721
f 6216 6217 6721
f 6721 6217 6722
f 6217 6218 6722
f 6665 6667 6722
f 6665 6722 6219
f 6219 6722 6218
f 6665 6219 6166
f 6725 6724 6723
f 6724 6221 6723
f 6724 6682 6221
f 6682 6177 6221
f 6226 6726 6227
f 6228 6726 6226
f 6727 6726 6228
f 6229 6727 6228
f 6728 6727 6229
f 6728 6729 6730
f 6728 6229 6729
f 6229 6230 6729
f 6729 6230 6731
f 6230 6231 6731
f 6188 6683 6732
f 6188 6732 6231
f 6231 6732 6731
f 6683 6685 6732
f 6735 6734 6733
f 6734 6725 6723
f 6734 6723 6733
f 6733 6723 6736
f 6232 6723 6221
f 6232 6737 6723
f 6737 6736 6723
f 6233 6737 6232
f 6738 6737 6233
f 6234 6738 6233
f 6739 6738 6234
f 6739 6740 6741
f 6739 6234 6740
f 6234 6235 6740
f 6740 6235 6742
f 6235 6236 6742
f 6227 6726 6743
f 6227 6743 6236
f 6236 6743 6742
f 6726 6727 6744
f 6743 6726 6744
f 6727 6728 6745
f 6744 6727 6745
f 6728 6730 6745
f 6735 6733 6746
f 6733 6736 6747
f 6746 6733 6747
f 6736 6737 6748
f 6747 6736 6748
f 6737 6738 6749
f 6748 6737 6749
f 6738 6739 6750
f 6749 6738 6750
f 6739 6741 6750
f 6239 6240 6751
f 6241 6239 6751
f 6752 6241 6751
f 6241 6752 6243
f 6245 6246 6753
f 6245 6753 6248
f 6756 6755 6754
f 6251 6754 6755
f 6251 6755 6250
f 6250 6755 6757
f 6250 6757 6758
f 6252 6250 6758
f 6255 6256 6759
f 6257 6255 6759
f 6760 6257 6759
f 6258 6257 6760
f 6761 6258 6760
f 6761 6763 6762
f 6761 6762 6258
f 6258 6762 6259
f 6762 6764 6259
f 6259 6764 6260
f 6764 6765 6260
f 6260 6765 6261
f 6765 6766 6261
f 6261 6766 6262
f 6766 6767 6262
f 6262 6767 6263
f 6767 6768 6263
f 6263 6768 6264
f 6768 6769 6264
f 6264 6769 6265
f 6769 6770 6265
f 6265 6770 6266
f 6240 6771 6751
f 6240 6266 6771
f 6266 6770 6771
f 6751 6772 6752
f 6771 6772 6751
f 6752 6267 6243
f 6752 6772 6267
f 6772 6773 6267
f 6773 6774 6267
f 6267 6774 6268
f 6774 6775 6268
f 6268 6775 6269
f 6775 6776 6269
f 6269 6776 6270
f 6776 6777 6270
f 6270 6777 6271
f 6777 6778 6271
f 6271 6778 6272
f 6778 6779 6272
f 6272 6779 6273
f 6779 6780 6273
f 6273 6780 6274
f 6780 6781 6274
f 6274 6781 6275
f 6781 6782 6275
f 6275 6782 6276
f 6782 6783 6276
f 6276 6783 6277
f 6785 6784 6278
f 6785 6278 6783
f 6783 6278 6277
f 6280 6278 6784
f 6786 6280 6784
f 6280 6786 6281
f 6282 6283 6787
f 6787 6789 6788
f 6282 6787 6788
f 6282 6788 6753
f 6282 6753 6246
f 6753 6284 6248
f 6753 6788 6284
f 6788 6790 6284
f 6790 6791 6284
f 6284 6791 6285
f 6793 6792 6286
f 6793 6286 6791
f 6791 6286 6285
f 6287 6286 6792
f 6794 6287 6792
f 6287 6794 6289
f 6754 6293 6294
f 6754 6294 6756
f 6756 6294 6795
f 6754 6251 6293
f 6758 6296 6252
f 6796 6296 6758
f 6296 6796 6797
f 6297 6296 6797
f 6299 6300 6798
f 6301 6299 6798
f 6799 6301 6798
f 6799 6801 6800
f 6799 6800 6301
f 6301 6800 6302
f 6256 6802 6759
f 6256 6302 6802
f 6302 6800 6802
f 6759 6803 6760
f 6802 6803 6759
f 6760 6804 6761
f 6803 6804 6760
f 6761 6804 6763
f 6785 6805 6784
f 6784 6806 6786
f 6805 6806 6784
f 6786 6303 6281
f 6786 6806 6303
f 6806 6807 6303
f 6283 6808 6787
f 6283 6303 6808
f 6303 6807 6808
f 6787 6808 6789
f 6793 6809 6792
f 6792 6810 6794
f 6809 6810 6792
f 6794 6304 6289
f 6794 6810 6304
f 6810 6811 6304
f 6811 6812 6304
f 6304 6812 6305
f 6812 6813 6305
f 6305 6813 6306
f 6813 6814 6306
f 6306 6814 6307
f 6814 6815 6307
f 6307 6815 6308
f 6815 6816 6308
f 6308 6816 6309
f 6816 6817 6309
f 6309 6817 6310
f 6819 6818 6311
f 6819 6311 6817
f 6817 6311 6310
f 6311 6818 6313
f 6316 6317 6820
f 6318 6316 6820
f 6821 6318 6820
f 6319 6318 6821
f 6822 6319 6821
f 6319 6822 6321
f 6795 6294 6823
f 6823 6294 6323
f 6797 6824 6297
f 6824 6325 6297
f 6327 6328 6825
f 6329 6327 6825
f 6826 6329 6825
f 6330 6329 6826
f 6827 6330 6826
f 6827 6829 6828
f 6827 6828 6330
f 6330 6828 6331
f 6300 6830 6798
f 6300 6331 6830
f 6331 6828 6830
f 6798 6831 6799
f 6830 6831 6798
f 6799 6831 6801
f 6819 6832 6818
f 6818 6332 6313
f 6818 6832 6332
f 6832 6833 6332
f 6833 6834 6332
f 6332 6834 6333
f 6834 6835 6333
f 6333 6835 6334
f 6835 6836 6334
f 6334 6836 6335
f 6836 6837 6335
f 6335 6837 6336
f 6837 6838 6336
f 6336 6838 6337
f 6838 6839 6337
f 6337 6839 6338
f 6839 6840 6338
f 6338 6840 6339
f 6840 6841 6339
f 6339 6841 6340
f 6841 6842 6340
f 6340 6842 6341
f 6842 6843 6341
f 6341 6843 6342
f 6843 6844 6342
f 6342 6844 6343
f 6844 6845 6343
f 6343 6845 6344
f 6845 6846 6344
f 6344 6846 6345
f 6846 6847 6345
f 6345 6847 6346
f 6847 6848 6346
f 6346 6848 6347
f 6848 6849 6347
f 6347 6849 6348
f 6317 6850 6820
f 6317 6348 6850
f 6348 6849 6850
f 6820 6851 6821
f 6850 6851 6820
f 6821 6852 6822
f 6851 6852 6821
f 6822 6349 6321
f 6822 6852 6349
f 6852 6853 6349
f 6855 6854 6350
f 6855 6350 6853
f 6853 6350 6349
f 6351 6350 6854
f 6856 6351 6854
f 6351 6856 6353
f 6823 6323 6857
f 6857 6323 6356
f 6357 6859 6858
f 6357 6325 6859
f 6325 6824 6859
f 6357 6858 6358
f 6360 6361 6860
f 6860 6862 6861
f 6360 6860 6861
f 6360 6861 6825
f 6360 6825 6328
f 6825 6863 6826
f 6861 6863 6825
f 6826 6864 6827
f 6863 6864 6826
f 6827 6864 6829
f 6855 6865 6854
f 6854 6866 6856
f 6865 6866 6854
f 6856 6362 6353
f 6856 6866 6362
f 6866 6867 6362
f 6869 6868 6363
f 6869 6363 6867
f 6867 6363 6362
f 6364 6363 6868
f 6870 6364 6868
f 6364 6870 6366
f 6857 6356 6871
f 6871 6356 6368
f 6859 6872 6858
f 6858 6872 6873
f 6858 6873 6358
f 6358 6873 6370
f 6874 6860 6361
f 6874 6361 6875
f 6875 6361 6372
f 6860 6874 6862
f 6869 6876 6868
f 6868 6877 6870
f 6876 6877 6868
f 6870 6373 6366
f 6870 6877 6373
f 6877 6878 6373
f 6880 6879 6374
f 6880 6374 6878
f 6878 6374 6373
f 6374 6879 6376
f 6379 6882 6881
f 6378 6379 6881
f 6881 6883 6378
f 6378 6883 6381
f 6883 6884 6381
f 6381 6884 6383
f 6383 6884 6885
f 6384 6383 6885
f 6871 6368 6886
f 6886 6368 6385
f 6873 6887 6370
f 6887 6387 6370
f 6388 6389 6888
f 6888 6372 6388
f 6888 6889 6372
f 6889 6875 6372
f 6880 6890 6879
f 6892 6891 6390
f 6890 6892 6390
f 6890 6390 6376
f 6890 6376 6879
f 6390 6891 6392
f 6394 6894 6893
f 6393 6394 6893
f 6893 6895 6393
f 6393 6895 6395
f 6895 6379 6395
f 6882 6379 6895
f 6397 6897 6896
f 6397 6384 6897
f 6384 6885 6897
f 6397 6896 6398
f 6886 6385 6898
f 6898 6385 6399
f 6901 6899 6900
f 6900 6899 6401
f 6900 6401 6887
f 6887 6401 6387
f 6902 6888 6389
f 6402 6902 6389
f 6889 6902 6903
f 6888 6902 6889
f 6892 6904 6891
f 6906 6905 6403
f 6904 6906 6403
f 6904 6403 6392
f 6904 6392 6891
f 6907 6405 6403
f 6907 6403 6908
f 6905 6909 6403
f 6909 6908 6403
f 6408 6907 6908
f 6408 6908 6407
f 6407 6908 6910
f 6407 6910 6911
f 6409 6407 6911
f 6411 6412 6912
f 6912 6914 6913
f 6912 6913 6411
f 6411 6913 6413
f 6913 6394 6413
f 6894 6394 6913
f 6897 6915 6896
f 6896 6915 6916
f 6896 6916 6398
f 6398 6916 6415
f 6898 6399 6917
f 6917 6399 6416
f 6920 6918 6919
f 6899 6419 6418
f 6901 6419 6899
f 6901 6918 6419
f 6901 6919 6918
f 6899 6418 6401
f 6902 6402 6421
f 6421 6903 6902
f 6421 6422 6903
f 6422 6921 6903
f 6906 6922 6905
f 6905 6922 6909
f 6405 6907 6423
f 6907 6408 6423
f 6911 6425 6409
f 6923 6425 6911
f 6425 6923 6924
f 6426 6425 6924
f 6927 6926 6925
f 6429 6925 6926
f 6429 6926 6428
f 6428 6926 6928
f 6929 6430 6428
f 6929 6428 6930
f 6930 6428 6928
f 6433 6929 6930
f 6433 6930 6432
f 6432 6930 6931
f 6412 6432 6931
f 6412 6931 6932
f 6412 6932 6912
f 6932 6931 6933
f 6914 6932 6934
f 6912 6932 6914
f 6935 6916 6936
f 6935 6434 6916
f 6434 6415 6916
f 6936 6937 6935
f 6917 6416 6435
f 6938 6917 6435
f 6938 6435 6939
f 6435 6436 6939
f 6918 6920 6939
f 6918 6939 6437
f 6437 6939 6436
f 6918 6437 6419
f 6438 6439 6940
f 6940 6422 6438
f 6940 6941 6422
f 6941 6921 6422
f 6440 6943 6942
f 6440 6426 6943
f 6426 6924 6943
f 6942 6944 6927
f 6942 6927 6442
f 6942 6442 6440
f 6442 6927 6925
f 6925 6429 6442
f 6945 6430 6929
f 6444 6430 6945
f 6929 6445 6945
f 6433 6445 6929
f 6933 6946 6932
f 6932 6946 6934
f 6935 6446 6434
f 6446 6947 6447
f 6935 6947 6446
f 6935 6948 6947
f 6935 6937 6948
f 6948 6949 6947
f 6940 6439 6449
f 6449 6941 6940
f 6449 6450 6941
f 6450 6950 6941
f 6943 6951 6942
f 6942 6951 6944
f 6945 6452 6444
f 6945 6445 6452
f 6947 6453 6447
f 6947 6455 6453
f 6947 6953 6455
f 6947 6949 6953
f 6952 6455 6953
f 6455 6952 6456
f 6950 6450 6458
f 6954 6950 6458
f 6458 6955 6954
f 6459 6955 6458
f 6953 6956 6952
f 6952 6956 6957
f 6952 6957 6456
f 6456 6957 6461
f 6955 6459 6463
f 6958 6955 6463
f 6463 6959 6958
f 6464 6959 6463
f 6957 6960 6461
f 6960 6466 6461
f 6959 6464 6467
f 6961 6959 6467
f 6961 6467 6962
f 6467 6468 6962
f 6962 6468 6963
f 6468 6470 6963
f 6965 6472 6964
f 6965 6963 6472
f 6963 6470 6472
f 6474 6964 6472
f 6966 6964 6474
f 6476 6966 6474
f 6967 6966 6476
f 6476 6477 6967
f 6960 6968 6466
f 6968 6479 6466
f 6965 6964 6969
f 6964 6966 6970
f 6969 6964 6970
f 6966 6967 6971
f 6970 6966 6971
f 6967 6477 6480
f 6967 6480 6971
f 6971 6480 6972
f 6972 6480 6973
f 6480 6481 6973
f 6973 6481 6974
f 6481 6483 6974
f 6976 6485 6975
f 6976 6974 6485
f 6974 6483 6485
f 6487 6975 6485
f 6977 6975 6487
f 6487 6488 6977
f 6968 6978 6479
f 6978 6489 6479
f 6981 6980 6979
f 6980 6983 6982
f 6979 6980 6982
f 6983 6985 6984
f 6982 6983 6984
f 6491 6984 6985
f 6491 6985 6490
f 6490 6985 6986
f 6986 6987 6490
f 6490 6987 6492
f 6975 6987 6976
f 6975 6493 6987
f 6493 6492 6987
f 6977 6493 6975
f 6494 6493 6977
f 6977 6488 6494
f 6495 6988 6496
f 6988 6495 6489
f 6988 6489 6989
f 6989 6489 6978
f 6992 6991 6990
f 6979 6498 6499
f 6981 6979 6499
f 6981 6499 6990
f 6981 6990 6991
f 6982 6498 6979
f 6501 6498 6982
f 6984 6501 6982
f 6502 6501 6984
f 6984 6491 6502
f 6993 6496 6988
f 6993 6994 6496
f 6994 6504 6496
f 6988 6989 6993
f 6997 6996 6995
f 6996 6999 6998
f 6995 6996 6998
f 6990 6506 6507
f 6992 6990 6507
f 6992 6507 6998
f 6992 6998 6999
f 6990 6499 6506
f 6994 7000 6504
f 7000 6511 6504
f 7003 7002 7001
f 6514 7001 7002
f 6514 7002 6513
f 6513 7002 7004
f 6995 7004 6997
f 6995 6516 7004
f 6516 6513 7004
f 6998 6516 6995
f 6517 6516 6998
f 6998 6507 6517
f 6520 7005 7006
f 6519 7005 6520
f 7008 6521 7007
f 7008 7005 6521
f 7005 6519 6521
f 6521 6523 7007
f 6525 7009 7010
f 6524 7009 6525
f 7009 6524 6511
f 7000 7009 6511
f 7013 7012 7011
f 7001 6527 6528
f 7003 7001 6528
f 7003 6528 7011
f 7003 7011 7012
f 7001 6514 6527
f 7006 7014 6520
f 7014 6530 6520
f 7008 7007 7015
f 7007 6523 6531
f 7007 6531 7015
f 7015 6531 7016
f 7017 6531 6533
f 7017 7018 6531
f 7018 7016 6531
f 7018 7017 7019
f 7022 7020 7021
f 7021 7020 6535
f 7021 6535 7010
f 7010 6535 6525
f 7024 7013 7011
f 7023 7024 7011
f 7011 6537 7023
f 6528 6537 7011
f 6539 7025 7026
f 6538 7025 6539
f 7025 6538 7027
f 6538 6540 7027
f 7027 6540 6530
f 7014 7027 6530
f 7017 6533 6541
f 7019 7017 6541
f 7019 6541 7028
f 7028 6541 6542
f 6542 7029 7028
f 6544 7029 6542
f 7020 6547 6546
f 7020 7022 6547
f 7022 7030 6547
f 7020 6546 6535
f 7033 7032 7031
f 7032 7035 7034
f 7031 7032 7034
f 7035 7037 7036
f 7034 7035 7036
f 7037 7038 7036
f 7041 7040 7039
f 7040 7043 7042
f 7039 7040 7042
f 7043 7045 7044
f 7042 7043 7044
f 7045 7046 7044
f 7023 6549 6550
f 7023 6550 7024
f 7024 6550 7047
f 7023 6537 6549
f 7050 7048 7049
f 7049 7048 6552
f 7049 6552 7026
f 7026 6552 6539
f 7029 6544 6553
f 7051 7029 6553
f 7051 6553 7052
f 6553 6554 7052
f 7054 6555 7053
f 7054 7052 6555
f 7052 6554 6555
f 6555 6557 7053
f 7057 7055 7056
f 7056 7055 6561
f 7056 6561 7030
f 7030 6561 6547
f 7060 7059 7058
f 6564 7058 7059
f 6564 7059 6563
f 6563 7059 7061
f 7033 7031 7062
f 7033 7062 6563
f 7033 6563 7061
f 6565 6563 7062
f 7031 7034 7062
f 7034 7063 7062
f 7034 7036 7063
f 7036 7064 7063
f 7038 7066 7065
f 7038 7065 7036
f 7036 7065 7064
f 7066 7068 7067
f 7065 7066 7067
f 7068 7041 7039
f 7068 7039 7067
f 7067 7039 7069
f 7039 7042 7069
f 7042 7070 7069
f 6568 7044 6567
f 6568 7070 7044
f 7070 7042 7044
f 7046 6567 7044
f 7046 7071 6567
f 7071 6570 6567
f 7071 6550 6570
f 7047 6550 7071
f 7048 6573 6572
f 7048 7050 6573
f 7050 7072 6573
f 7048 6572 6552
f 7054 7053 7073
f 7053 6557 6574
f 7053 6574 7073
f 7073 6574 7074
f 7074 6574 7075
f 6574 6575 7075
f 7075 6575 7076
f 6575 6576 7076
f 7055 7057 7076
f 7055 7076 6577
f 6577 7076 6576
f 7055 6577 6561
f 7058 6579 6580
f 7058 6580 7060
f 7060 6580 7077
f 7058 6564 6579
f 7062 6583 6565
f 7063 6583 7062
f 6585 6583 7063
f 6585 7078 6586
f 6585 7063 7078
f 7063 7064 7078
f 7064 7065 7078
f 7065 7079 7078
f 7065 7067 7079
f 7067 7080 7079
f 7067 7069 7080
f 7069 7081 7080
f 6589 7070 6588
f 6589 7081 7070
f 7081 7069 7070
f 7070 6568 6588
f 6594 7082 7083
f 6593 7082 6594
f 7082 6593 6573
f 7072 7082 6573
f 6595 7084 7085
f 6595 7085 6580
f 6580 7085 7077
f 6595 6597 7084
f 6599 7086 6600
f 6586 7086 6599
f 6586 7078 7086
f 7078 7087 7086
f 7078 7079 7087
f 7079 7088 7087
f 7079 7080 7088
f 7080 7089 7088
f 7080 7081 7089
f 7081 7090 7089
f 6601 7081 6589
f 6601 7091 7081
f 7091 7090 7081
f 6602 7091 6601
f 7092 7091 6602
f 6603 7092 6602
f 7093 7092 6603
f 6603 6605 7093
f 7083 7094 6594
f 7094 6607 6594
f 7085 7084 7095
f 7084 7096 7095
f 7084 6597 7096
f 6597 6609 7096
f 6611 7097 7098
f 6610 7097 6611
f 6600 7086 7099
f 6600 7099 6610
f 6610 7099 7097
f 7086 7087 7100
f 7099 7086 7100
f 7087 7088 7101
f 7100 7087 7101
f 7088 7089 7102
f 7101 7088 7102
f 7089 7090 7103
f 7102 7089 7103
f 7090 7091 7104
f 7103 7090 7104
f 7091 7092 7105
f 7104 7091 7105
f 7092 7093 7106
f 7105 7092 7106
f 7108 6612 7107
f 7106 6612 7108
f 7106 6605 6612
f 7106 7093 6605
f 6612 6614 7107
f 6624 7109 7110
f 6623 7109 6624
f 7109 6623 6607
f 7094 7109 6607
f 7096 6609 6625
f 7111 7096 6625
f 7111 6625 6611
f 7098 7111 6611
f 7108 7107 7112
f 7114 6626 7113
f 7112 6626 7114
f 7112 6614 6626
f 7112 7107 6614
f 6626 6627 7113
f 6630 7115 7116
f 6629 7115 6630
f 6629 7117 7115
f 6631 7117 6629
f 6633 7118 6634
f 6635 7118 6633
f 7119 7118 6635
f 7119 7120 7121
f 7119 6635 7120
f 6635 6636 7120
f 7123 6637 7122
f 7123 7120 6637
f 7120 6636 6637
f 6637 6639 7122
f 6647 7124 6648
f 7124 7125 7126
f 7124 6647 7125
f 6647 6649 7125
f 7125 6649 6624
f 7110 7125 6624
f 7114 7113 7127
f 7129 6650 7128
f 7127 6650 7129
f 7127 6627 6650
f 7127 7113 6627
f 6650 6652 7128
f 6660 7130 7131
f 6659 7130 6660
f 7130 6659 7132
f 6659 6661 7132
f 7132 6661 6630
f 7116 7132 6630
f 7117 6631 6662
f 7133 7117 6662
f 7133 6662 7134
f 6662 6663 7134
f 6663 7135 7134
f 6664 7135 6663
f 6666 7136 6667
f 6668 7136 6666
f 7137 7136 6668
f 6669 7137 6668
f 7138 7137 6669
f 7138 7139 7140
f 7138 6669 7139
f 6669 6670 7139
f 7139 6670 7141
f 6670 6671 7141
f 7141 6671 7142
f 6671 6672 7142
f 7142 6672 7143
f 6672 6673 7143
f 7143 6673 7144
f 6673 6674 7144
f 7144 6674 7145
f 6674 6675 7145
f 6634 7118 7146
f 6634 7146 6675
f 6675 7146 7145
f 7118 7119 7147
f 7146 7118 7147
f 7119 7121 7147
f 7123 7122 7148
f 7150 6676 7149
f 7148 6676 7150
f 7148 6639 6676
f 7148 7122 6639
f 6677 7149 6676
f 7151 7149 6677
f 6678 7151 6677
f 7152 7151 6678
f 6679 7152 6678
f 7153 7152 6679
f 6680 7153 6679
f 7154 7153 6680
f 6681 7154 6680
f 7155 7154 6681
f 6681 6682 7155
f 6684 7156 6685
f 6686 7156 6684
f 7157 7156 6686
f 7157 7158 7159
f 7157 6686 7158
f 6686 6687 7158
f 6648 7124 7160
f 6648 7160 6687
f 6687 7160 7158
f 7124 7126 7160
f 7129 7128 7161
f 7128 6652 6688
f 7128 6688 7161
f 7161 6688 7162
f 7162 6688 7163
f 6688 6689 7163
f 7165 6690 7164
f 7165 7163 6690
f 7163 6689 6690
f 6691 7164 6690
f 7166 7164 6691
f 6692 7166 6691
f 7167 7166 6692
f 6693 7167 6692
f 7168 7167 6693
f 6694 7168 6693
f 7169 7168 6694
f 7169 7170 7171
f 7169 6694 7170
f 6694 6695 7170
f 7170 6695 7172
f 6695 6696 7172
f 7172 6696 7173
f 6696 6697 7173
f 7173 6697 7174
f 6697 6698 7174
f 7174 6698 7175
f 6698 6699 7175
f 7175 6699 7176
f 6699 6700 7176
f 7176 6700 7177
f 6700 6701 7177
f 7177 6701 7178
f 6701 6702 7178
f 7178 6702 7179
f 6702 6703 7179
f 7179 6703 7180
f 6703 6704 7180
f 7180 6704 7181
f 6704 6705 7181
f 7181 6705 7182
f 6705 6706 7182
f 7182 6706 7183
f 6706 6707 7183
f 7183 6707 7184
f 6707 6708 7184
f 7184 6708 7185
f 6708 6709 7185
f 7185 6709 7186
f 6709 6710 7186
f 7186 6710 7187
f 6710 6711 7187
f 7187 6711 7188
f 6711 6712 7188
f 7188 6712 7189
f 6712 6713 7189
f 7189 6713 7190
f 6713 6714 7190
f 7190 6714 7191
f 6714 6715 7191
f 7191 6715 7192
f 6715 6716 7192
f 7192 6716 6660
f 7131 7192 6660
f 7135 6664 6717
f 7193 7135 6717
f 7193 6717 7194
f 6717 6718 7194
f 7194 6718 7195
f 6718 6719 7195
f 7195 6719 7196
f 6719 6720 7196
f 7196 6720 7197
f 6720 6721 7197
f 7197 6721 7198
f 6721 6722 7198
f 6667 7136 7199
f 6667 7199 6722
f 6722 7199 7198
f 7136 7137 7200
f 7199 7136 7200
f 7137 7138 7201
f 7200 7137 7201
f 7138 7140 7201
f 7150 7149 7202
f 7149 7151 7203
f 7202 7149 7203
f 7205 7203 7151
f 7205 7151 7204
f 7204 7151 7152
f 7152 7153 7204
f 7153 7206 7204
f 7153 7154 7206
f 7154 7207 7206
f 6725 7155 6724
f 6725 7207 7155
f 7207 7154 7155
f 7155 6682 6724
f 6729 7208 6730
f 6731 7208 6729
f 7209 7208 6731
f 6732 7209 6731
f 7210 7209 6732
f 7210 7211 7212
f 6732 7211 7210
f 6732 7156 7211
f 6732 6685 7156
f 7156 7157 7213
f 7211 7156 7213
f 7157 7159 7213
f 7165 7164 7214
f 7164 7166 7215
f 7214 7164 7215
f 7166 7167 7216
f 7215 7166 7216
f 7167 7168 7217
f 7216 7167 7217
f 7168 7169 7218
f 7217 7168 7218
f 7169 7171 7218
f 7221 7220 7219
f 7220 7205 7204
f 7220 7204 7219
f 7219 7204 7222
f 7204 7206 7222
f 7206 7223 7222
f 6735 7207 6734
f 6735 7223 7207
f 7223 7206 7207
f 7207 6725 6734
f 6740 7224 6741
f 6742 7224 6740
f 7225 7224 6742
f 6743 7225 6742
f 7226 7225 6743
f 6744 7226 6743
f 7227 7226 6744
f 6745 7227 6744
f 7228 7227 6745
f 7228 7229 7230
f 6745 7229 7228
f 6745 7208 7229
f 6745 6730 7208
f 7208 7209 7231
f 7229 7208 7231
f 7209 7210 7232
f 7231 7209 7232
f 7210 7212 7232
f 7221 7219 7233
f 7235 7233 7219
f 7235 7219 7234
f 7234 7219 7222
f 7222 7223 7234
f 7223 7236 7234
f 6746 7223 6735
f 6746 7237 7223
f 7237 7236 7223
f 6747 7237 6746
f 7238 7237 6747
f 6748 7238 6747
f 7239 7238 6748
f 6749 7239 6748
f 7240 7239 6749
f 6750 7240 6749
f 7241 7240 6750
f 6741 7241 6750
f 6741 7224 7241
f 7224 7242 7241
f 7224 7225 7242
f 7225 7243 7242
f 7244 7245 7243
f 7244 7243 7226
f 7226 7243 7225
f 7226 7227 7246
f 7244 7226 7246
f 7227 7228 7247
f 7246 7227 7247
f 7228 7230 7247
f 7235 7234 7248
f 7250 7248 7234
f 7250 7234 7249
f 7249 7234 7236
f 7236 7237 7249
f 7237 7251 7249
f 7237 7238 7251
f 7238 7252 7251
f 7238 7239 7252
f 7239 7253 7252
f 7239 7240 7253
f 7240 7254 7253
f 7255 7256 7254
f 7255 7254 7241
f 7241 7254 7240
f 7241 7242 7257
f 7255 7241 7257
f 7242 7243 7258
f 7257 7242 7258
f 7243 7245 7258
f 7260 7250 7249
f 7259 7260 7249
f 7249 7251 7259
f 7251 7261 7259
f 7251 7252 7261
f 7252 7262 7261
f 7263 7264 7262
f 7263 7262 7253
f 7253 7262 7252
f 7253 7254 7265
f 7263 7253 7265
f 7254 7256 7265
f 7260 7259 7266
f 7259 7261 7267
f 7266 7259 7267
f 7261 7262 7268
f 7267 7261 7268
f 7262 7264 7268
f 6756 7270 7269
f 6755 6756 7269
f 7269 7271 6755
f 6755 7271 6757
f 6757 7271 7272
f 6758 6757 7272
f 6762 6763 7273
f 7273 7275 7274
f 7273 7274 6762
f 6762 7274 6764
f 7274 7276 6764
f 6764 7276 6765
f 7276 7277 6765
f 6765 7277 6766
f 7277 7278 6766
f 6766 7278 6767
f 7278 7279 6767
f 6767 7279 6768
f 7279 7280 6768
f 6768 7280 6769
f 7280 7281 6769
f 6769 7281 6770
f 7281 7282 6770
f 6770 7282 6771
f 7282 7283 6771
f 6771 7283 6772
f 7283 7284 6772
f 6772 7284 6773
f 7284 7285 6773
f 6773 7285 6774
f 7285 7286 6774
f 6774 7286 6775
f 7286 7287 6775
f 6775 7287 6776
f 7287 7288 6776
f 6776 7288 6777
f 7288 7289 6777
f 6777 7289 6778
f 7289 7290 6778
f 6778 7290 6779
f 7290 7291 6779
f 6779 7291 6780
f 7291 7292 6780
f 6780 7292 6781
f 7292 7293 6781
f 6781 7293 6782
f 7293 7294 6782
f 6782 7294 6783
f 6783 7294 7295
f 6785 6783 7295
f 6789 7297 7296
f 6788 6789 7296
f 7296 7298 6788
f 6788 7298 6790
f 7300 7299 6791
f 7300 6791 7298
f 7298 6791 6790
f 6791 7299 6793
f 7270 6756 7301
f 7301 6756 6795
f 7272 6796 6758
f 7302 6796 7272
f 6796 7302 7303
f 6797 6796 7303
f 6800 6801 7304
f 7304 7306 7305
f 7304 7305 6800
f 6800 7305 6802
f 7305 7307 6802
f 6802 7307 6803
f 7307 7308 6803
f 6803 7308 6804
f 6763 7309 7273
f 6763 6804 7309
f 6804 7308 7309
f 7273 7309 7275
f 7295 6805 6785
f 7310 6805 7295
f 7310 7311 6805
f 6805 7311 6806
f 7311 7312 6806
f 6806 7312 6807
f 7312 7313 6807
f 6807 7313 6808
f 7313 6789 6808
f 7297 6789 7313
f 7300 7314 7299
f 7299 6809 6793
f 7299 7314 6809
f 7314 7315 6809
f 7315 7316 6809
f 6809 7316 6810
f 7316 7317 6810
f 6810 7317 6811
f 7319 7318 6812
f 7319 6812 7317
f 7317 6812 6811
f 6813 6812 7318
f 7320 6813 7318
f 6814 6813 7320
f 7321 6814 7320
f 6815 6814 7321
f 7322 6815 7321
f 6816 6815 7322
f 7323 6816 7322
f 6817 6816 7323
f 7324 6817 7323
f 6817 7324 6819
f 7301 6795 7325
f 7325 6795 6823
f 7303 7326 6797
f 7326 6824 6797
f 6828 6829 7327
f 6830 6828 7327
f 7328 6830 7327
f 7328 7330 7329
f 7328 7329 6830
f 6830 7329 6831
f 6801 7331 7304
f 6801 6831 7331
f 6831 7329 7331
f 7304 7331 7306
f 7319 7332 7318
f 7318 7333 7320
f 7332 7333 7318
f 7320 7334 7321
f 7333 7334 7320
f 7321 7335 7322
f 7334 7335 7321
f 7322 7336 7323
f 7335 7336 7322
f 7323 7337 7324
f 7336 7337 7323
f 7324 6832 6819
f 7324 7337 6832
f 7337 7338 6832
f 7338 7339 6832
f 6832 7339 6833
f 7339 7340 6833
f 6833 7340 6834
f 7340 7341 6834
f 6834 7341 6835
f 7341 7342 6835
f 6835 7342 6836
f 7342 7343 6836
f 6836 7343 6837
f 7343 7344 6837
f 6837 7344 6838
f 7344 7345 6838
f 6838 7345 6839
f 7345 7346 6839
f 6839 7346 6840
f 7346 7347 6840
f 6840 7347 6841
f 7347 7348 6841
f 6841 7348 6842
f 7348 7349 6842
f 6842 7349 6843
f 7349 7350 6843
f 6843 7350 6844
f 7350 7351 6844
f 6844 7351 6845
f 7351 7352 6845
f 6845 7352 6846
f 7352 7353 6846
f 6846 7353 6847
f 7353 7354 6847
f 6847 7354 6848
f 7354 7355 6848
f 6848 7355 6849
f 7357 7356 6850
f 7357 6850 7355
f 7355 6850 6849
f 6851 6850 7356
f 7358 6851 7356
f 6852 6851 7358
f 7359 6852 7358
f 6853 6852 7359
f 7360 6853 7359
f 6853 7360 6855
f 7325 6823 7361
f 7361 6823 6857
f 7326 7362 6824
f 7362 6859 6824
f 6861 6862 7363
f 6863 6861 7363
f 7364 6863 7363
f 6864 6863 7364
f 7365 6864 7364
f 7365 7367 7366
f 6864 7365 7366
f 6864 7366 7327
f 6864 7327 6829
f 7327 7368 7328
f 7366 7368 7327
f 7328 7368 7330
f 7357 7369 7356
f 7356 7370 7358
f 7369 7370 7356
f 7358 7371 7359
f 7370 7371 7358
f 7359 7372 7360
f 7371 7372 7359
f 7360 6865 6855
f 7360 7372 6865
f 7372 7373 6865
f 7375 7374 6866
f 7375 6866 7373
f 7373 6866 6865
f 6867 6866 7374
f 7376 6867 7374
f 6867 7376 6869
f 7361 6857 7377
f 7377 6857 6871
f 6872 7379 7378
f 6872 6859 7379
f 6859 7362 7379
f 6872 7378 6873
f 6874 6875 7380
f 7380 7382 7381
f 6874 7380 7381
f 6874 7381 7363
f 6874 7363 6862
f 7363 7383 7364
f 7381 7383 7363
f 7364 7384 7365
f 7383 7384 7364
f 7365 7384 7367
f 7375 7385 7374
f 7374 7386 7376
f 7385 7386 7374
f 7376 6876 6869
f 7376 7386 6876
f 7386 7387 6876
f 7389 7388 6877
f 7389 6877 7387
f 7387 6877 6876
f 6878 6877 7388
f 7390 6878 7388
f 6878 7390 6880
f 6881 6882 7391
f 6883 6881 7391
f 7392 6883 7391
f 6884 6883 7392
f 7393 6884 7392
f 6884 7393 6885
f 7377 6871 7394
f 7394 6871 6886
f 7396 7378 7379
f 7395 7378 7396
f 7378 7395 6887
f 6873 7378 6887
f 7397 7380 6875
f 7397 6875 7398
f 7398 6875 6889
f 7380 7397 7382
f 7389 7399 7388
f 7401 7388 7399
f 7401 7400 7388
f 7400 7390 7388
f 6890 6880 7390
f 6890 7390 7402
f 7402 7390 7400
f 6890 7402 6892
f 6894 7404 7403
f 6893 6894 7403
f 7403 7405 6893
f 6893 7405 6895
f 6882 7406 7391
f 6882 6895 7406
f 6895 7405 7406
f 7391 7407 7392
f 7406 7407 7391
f 7409 7392 7407
f 7409 7408 7392
f 7408 7393 7392
f 7393 7408 6897
f 6885 7393 6897
f 7394 6886 7410
f 7410 6886 6898
f 7413 7411 7412
f 7395 6901 6900
f 7396 6901 7395
f 7396 7411 6901
f 7396 7412 7411
f 7395 6900 6887
f 7398 6889 7414
f 7414 6889 6903
f 7401 7415 7400
f 7417 7400 7415
f 7417 7416 7400
f 7416 7402 7400
f 6904 6892 7402
f 6904 7402 7418
f 7418 7402 7416
f 6904 7418 6906
f 6909 7420 7419
f 6908 6909 7419
f 7422 7421 6910
f 7422 6910 7419
f 7419 6910 6908
f 6910 7421 6911
f 7425 7424 7423
f 7424 7427 7426
f 7423 7424 7426
f 7427 7429 7428
f 7426 7427 7428
f 7429 7431 7430
f 7428 7429 7430
f 7431 7433 7432
f 7430 7431 7432
f 6914 7432 7433
f 6914 7433 6913
f 6913 7433 7434
f 7434 6894 6913
f 7404 6894 7434
f 7409 7435 7408
f 7408 6915 6897
f 7408 7435 6915
f 7435 7436 6915
f 7437 6916 6915
f 7437 6915 7438
f 7438 6915 7436
f 7438 7439 7437
f 7440 7441 7410
f 7440 7410 6917
f 6917 7410 6898
f 7441 7442 7443
f 7440 7442 7441
f 7411 6920 6919
f 7413 6920 7411
f 7413 7442 6920
f 7413 7443 7442
f 7411 6919 6901
f 7414 6903 7444
f 7444 6903 6921
f 7417 7445 7416
f 7447 7416 7445
f 7447 7446 7416
f 7446 7418 7416
f 6922 6906 7418
f 6922 7418 7448
f 7448 7418 7446
f 7448 6909 6922
f 7448 7449 6909
f 7449 7420 6909
f 7422 7450 7421
f 7452 7451 6923
f 7450 7452 6923
f 7450 6923 6911
f 7450 6911 7421
f 7453 6924 6923
f 7453 6923 7454
f 7451 7455 6923
f 7455 7454 6923
f 7423 6926 6927
f 7425 7423 6927
f 7425 6927 7453
f 7425 7453 7454
f 7426 6926 7423
f 6928 6926 7426
f 7428 6928 7426
f 6930 6928 7428
f 7430 6930 7428
f 6931 6930 7430
f 6931 7456 6933
f 6931 7430 7456
f 7430 7432 7456
f 7432 6934 7456
f 6914 6934 7432
f 7437 6936 6916
f 6936 7457 6937
f 7437 7457 6936
f 7437 7458 7457
f 7437 7439 7458
f 7458 7459 7457
f 7440 6917 6938
f 7442 7440 6938
f 6939 7442 6938
f 7442 6939 6920
f 7460 7461 7444
f 7460 7444 6941
f 6941 7444 6921
f 7461 7460 7462
f 7447 7463 7446
f 7465 7446 7463
f 7465 7464 7446
f 7464 7448 7446
f 7449 7464 7466
f 7448 7464 7449
f 7452 7467 7451
f 6924 7468 6943
f 6924 7453 7468
f 7455 7451 7467
f 7453 6944 7468
f 6927 6944 7453
f 7456 6946 6933
f 7456 6934 6946
f 7457 6948 6937
f 6948 7457 7459
f 6948 7459 6949
f 6949 7459 7469
f 7470 7460 6941
f 6950 7470 6941
f 7462 7470 7471
f 7460 7470 7462
f 7465 7472 7464
f 7464 7472 7466
f 7468 6951 6943
f 7468 6944 6951
f 7473 7469 7474
f 7473 6953 7469
f 6953 6949 7469
f 7474 7475 7473
f 7470 6950 6954
f 6954 6955 7476
f 7470 6954 7476
f 7470 7476 7477
f 7470 7477 7471
f 7477 7476 7478
f 7473 6956 6953
f 6956 7473 7475
f 6956 7475 6957
f 6957 7475 7479
f 7476 6955 6958
f 6958 6959 7480
f 7476 6958 7480
f 7476 7480 7481
f 7476 7481 7478
f 7481 7480 7482
f 7479 7483 6957
f 7483 6960 6957
f 7480 6959 6961
f 7482 7480 6961
f 7482 6961 7484
f 7484 6961 6962
f 7484 6962 7485
f 6962 6963 7485
f 6963 7486 7485
f 6965 7486 6963
f 7483 7487 6960
f 7487 6968 6960
f 7486 6965 6969
f 7488 7486 6969
f 7488 6969 7489
f 6969 6970 7489
f 7489 6970 7490
f 6970 6971 7490
f 7490 6971 7491
f 6971 6972 7491
f 7491 6972 7492
f 6972 6973 7492
f 7494 6974 7493
f 7494 7492 6974
f 7492 6973 6974
f 6974 6976 7493
f 7487 7495 6968
f 7495 6978 6968
f 7498 7497 7496
f 6981 7496 7497
f 6981 7497 6980
f 6980 7497 7499
f 7499 7500 6980
f 6980 7500 6983
f 7500 7501 6983
f 6983 7501 6985
f 7501 7502 6985
f 6985 7502 6986
f 7493 7502 7494
f 7493 6987 7502
f 6987 6986 7502
f 7493 6976 6987
f 7495 7503 6978
f 7503 6989 6978
f 7506 7505 7504
f 7496 6991 6992
f 7498 7496 6992
f 7498 6992 7504
f 7498 7504 7505
f 7496 6981 6991
f 6993 7507 6994
f 7507 6993 6989
f 7507 6989 7508
f 7508 6989 7503
f 7511 7510 7509
f 6997 7509 7510
f 6997 7510 6996
f 6996 7510 7512
f 7504 7512 7506
f 7504 6999 7512
f 6999 6996 7512
f 7504 6992 6999
f 7513 6994 7507
f 7513 7514 6994
f 7514 7000 6994
f 7507 7508 7513
f 7003 7516 7515
f 7002 7003 7515
f 7509 7515 7511
f 7509 7004 7515
f 7004 7002 7515
f 7509 6997 7004
f 7005 7517 7006
f 7005 7008 7517
f 7009 7518 7010
f 7518 7009 7000
f 7518 7000 7519
f 7519 7000 7514
f 7013 7521 7520
f 7012 7013 7520
f 7520 7003 7012
f 7516 7003 7520
f 7524 7522 7523
f 7522 7525 7523
f 7522 7006 7525
f 7522 7014 7006
f 7517 7525 7006
f 7517 7008 7015
f 7517 7015 7525
f 7525 7015 7526
f 7528 7016 7527
f 7528 7526 7016
f 7526 7015 7016
f 7018 7527 7016
f 7529 7527 7018
f 7018 7019 7529
f 7021 7530 7022
f 7010 7530 7021
f 7010 7518 7530
f 7518 7531 7530
f 7519 7532 7531
f 7518 7519 7531
f 7535 7534 7533
f 7534 7537 7536
f 7533 7534 7536
f 7537 7538 7536
f 7521 7013 7539
f 7539 7013 7024
f 7026 7540 7541
f 7025 7540 7026
f 7522 7524 7540
f 7522 7540 7027
f 7027 7540 7025
f 7522 7027 7014
f 7528 7527 7542
f 7527 7529 7543
f 7542 7527 7543
f 7545 7028 7544
f 7543 7028 7545
f 7543 7019 7028
f 7543 7529 7019
f 7028 7029 7544
f 7548 7546 7547
f 7549 7022 7530
f 7549 7030 7022
f 7546 7550 7547
f 7551 7552 7549
f 7551 7549 7531
f 7531 7549 7530
f 7531 7532 7551
f 7555 7554 7553
f 7533 7032 7033
f 7535 7533 7033
f 7535 7033 7553
f 7535 7553 7554
f 7536 7032 7533
f 7035 7032 7536
f 7538 7035 7536
f 7538 7556 7035
f 7556 7037 7035
f 7557 7038 7037
f 7557 7037 7558
f 7558 7037 7556
f 7558 7560 7559
f 7557 7558 7559
f 7041 7559 7560
f 7041 7560 7040
f 7040 7560 7561
f 7561 7562 7040
f 7040 7562 7043
f 7562 7563 7043
f 7043 7563 7045
f 7564 7046 7045
f 7564 7045 7565
f 7565 7045 7563
f 7565 7047 7564
f 7565 7539 7047
f 7539 7024 7047
f 7050 7566 7567
f 7049 7566 7050
f 7566 7049 7026
f 7541 7566 7026
f 7545 7544 7568
f 7544 7029 7051
f 7544 7051 7568
f 7568 7051 7569
f 7569 7051 7570
f 7051 7052 7570
f 7052 7571 7570
f 7054 7571 7052
f 7546 7057 7056
f 7546 7548 7057
f 7548 7572 7057
f 7030 7549 7573
f 7030 7573 7056
f 7550 7546 7573
f 7546 7056 7573
f 7549 7552 7573
f 7060 7575 7574
f 7059 7060 7574
f 7553 7574 7555
f 7553 7061 7574
f 7061 7059 7574
f 7553 7033 7061
f 7557 7066 7038
f 7559 7066 7557
f 7068 7066 7559
f 7559 7041 7068
f 7564 7071 7046
f 7564 7047 7071
f 7567 7576 7050
f 7576 7072 7050
f 7571 7054 7073
f 7577 7571 7073
f 7577 7073 7578
f 7073 7074 7578
f 7578 7074 7579
f 7074 7075 7579
f 7579 7075 7580
f 7075 7076 7580
f 7580 7076 7057
f 7572 7580 7057
f 7575 7060 7581
f 7581 7060 7077
f 7083 7582 7583
f 7082 7582 7083
f 7582 7082 7072
f 7576 7582 7072
f 7581 7077 7584
f 7584 7077 7085
f 7583 7585 7083
f 7585 7094 7083
f 7584 7085 7095
f 7586 7584 7095
f 7095 7587 7586
f 7096 7587 7095
f 7098 7588 7589
f 7097 7588 7098
f 7588 7097 7590
f 7097 7099 7590
f 7590 7099 7591
f 7099 7100 7591
f 7591 7100 7592
f 7100 7101 7592
f 7592 7101 7593
f 7101 7102 7593
f 7593 7102 7594
f 7102 7103 7594
f 7594 7103 7595
f 7103 7104 7595
f 7595 7104 7596
f 7104 7105 7596
f 7596 7105 7597
f 7105 7106 7597
f 7106 7598 7597
f 7108 7598 7106
f 7110 7599 7600
f 7109 7599 7110
f 7599 7109 7094
f 7585 7599 7094
f 7587 7096 7111
f 7601 7587 7111
f 7601 7111 7098
f 7589 7601 7098
f 7598 7108 7112
f 7602 7598 7112
f 7112 7603 7602
f 7114 7603 7112
f 7115 7604 7116
f 7115 7117 7604
f 7120 7605 7121
f 7120 7123 7605
f 7125 7606 7126
f 7606 7125 7110
f 7606 7110 7607
f 7607 7110 7600
f 7603 7114 7127
f 7608 7603 7127
f 7127 7609 7608
f 7129 7609 7127
f 7130 7610 7131
f 7610 7611 7612
f 7610 7130 7611
f 7130 7132 7611
f 7116 7604 7613
f 7116 7613 7132
f 7132 7613 7611
f 7604 7117 7133
f 7604 7133 7613
f 7613 7133 7614
f 7614 7133 7615
f 7133 7134 7615
f 7134 7616 7615
f 7135 7616 7134
f 7139 7617 7140
f 7141 7617 7139
f 7618 7617 7141
f 7142 7618 7141
f 7619 7618 7142
f 7143 7619 7142
f 7620 7619 7143
f 7144 7620 7143
f 7621 7620 7144
f 7145 7621 7144
f 7622 7621 7145
f 7146 7622 7145
f 7623 7622 7146
f 7147 7623 7146
f 7624 7623 7147
f 7121 7624 7147
f 7121 7605 7624
f 7605 7625 7624
f 7148 7605 7123
f 7148 7626 7605
f 7626 7625 7605
f 7148 7150 7626
f 7158 7627 7159
f 7627 7628 7629
f 7627 7158 7628
f 7158 7160 7628
f 7126 7606 7630
f 7126 7630 7160
f 7160 7630 7628
f 7606 7607 7630
f 7609 7129 7161
f 7631 7609 7161
f 7631 7161 7632
f 7161 7162 7632
f 7634 7163 7633
f 7634 7632 7163
f 7632 7162 7163
f 7163 7165 7633
f 7170 7635 7171
f 7172 7635 7170
f 7636 7635 7172
f 7173 7636 7172
f 7637 7636 7173
f 7174 7637 7173
f 7638 7637 7174
f 7175 7638 7174
f 7639 7638 7175
f 7176 7639 7175
f 7640 7639 7176
f 7177 7640 7176
f 7641 7640 7177
f 7178 7641 7177
f 7642 7641 7178
f 7179 7642 7178
f 7643 7642 7179
f 7180 7643 7179
f 7644 7643 7180
f 7181 7644 7180
f 7645 7644 7181
f 7182 7645 7181
f 7646 7645 7182
f 7183 7646 7182
f 7647 7646 7183
f 7184 7647 7183
f 7648 7647 7184
f 7185 7648 7184
f 7649 7648 7185
f 7186 7649 7185
f 7650 7649 7186
f 7187 7650 7186
f 7651 7650 7187
f 7188 7651 7187
f 7652 7651 7188
f 7189 7652 7188
f 7653 7652 7189
f 7653 7654 7655
f 7653 7189 7654
f 7189 7190 7654
f 7654 7190 7656
f 7190 7191 7656
f 7656 7191 7657
f 7191 7192 7657
f 7131 7610 7658
f 7131 7658 7192
f 7192 7658 7657
f 7610 7612 7658
f 7616 7135 7193
f 7659 7616 7193
f 7659 7193 7660
f 7193 7194 7660
f 7660 7194 7661
f 7194 7195 7661
f 7661 7195 7662
f 7195 7196 7662
f 7662 7196 7663
f 7196 7197 7663
f 7663 7197 7664
f 7197 7198 7664
f 7664 7198 7665
f 7198 7199 7665
f 7665 7199 7666
f 7199 7200 7666
f 7666 7200 7667
f 7200 7201 7667
f 7140 7617 7668
f 7140 7668 7201
f 7201 7668 7667
f 7617 7618 7669
f 7668 7617 7669
f 7618 7619 7670
f 7669 7618 7670
f 7619 7620 7671
f 7670 7619 7671
f 7620 7621 7672
f 7671 7620 7672
f 7621 7622 7673
f 7672 7621 7673
f 7622 7623 7674
f 7673 7622 7674
f 7623 7624 7675
f 7674 7623 7675
f 7624 7625 7676
f 7675 7624 7676
f 7678 7676 7625
f 7678 7625 7677
f 7677 7625 7626
f 7202 7626 7150
f 7202 7679 7626
f 7679 7677 7626
f 7203 7679 7202
f 7680 7679 7203
f 7203 7205 7680
f 7211 7681 7212
f 7681 7682 7683
f 7681 7211 7682
f 7211 7213 7682
f 7159 7627 7684
f 7159 7684 7213
f 7213 7684 7682
f 7627 7629 7684
f 7634 7633 7685
f 7633 7165 7214
f 7633 7214 7685
f 7685 7214 7686
f 7686 7214 7687
f 7214 7215 7687
f 7687 7215 7688
f 7215 7216 7688
f 7688 7216 7689
f 7216 7217 7689
f 7689 7217 7690
f 7217 7218 7690
f 7171 7635 7691
f 7171 7691 7218
f 7218 7691 7690
f 7635 7636 7692
f 7691 7635 7692
f 7636 7637 7693
f 7692 7636 7693
f 7637 7638 7694
f 7693 7637 7694
f 7638 7639 7695
f 7694 7638 7695
f 7639 7640 7696
f 7695 7639 7696
f 7640 7641 7697
f 7696 7640 7697
f 7641 7642 7698
f 7697 7641 7698
f 7642 7643 7699
f 7698 7642 7699
f 7643 7644 7700
f 7699 7643 7700
f 7644 7645 7701
f 7700 7644 7701
f 7645 7646 7702
f 7701 7645 7702
f 7646 7647 7703
f 7702 7646 7703
f 7647 7648 7704
f 7703 7647 7704
f 7648 7649 7705
f 7704 7648 7705
f 7649 7650 7706
f 7705 7649 7706
f 7650 7651 7707
f 7706 7650 7707
f 7651 7652 7708
f 7707 7651 7708
f 7652 7653 7709
f 7708 7652 7709
f 7653 7655 7709
f 7711 7678 7677
f 7710 7711 7677
f 7677 7679 7710
f 7679 7712 7710
f 7221 7680 7220
f 7221 7712 7680
f 7712 7679 7680
f 7680 7205 7220
f 7229 7713 7230
f 7231 7713 7229
f 7714 7713 7231
f 7714 7715 7716
f 7714 7231 7715
f 7231 7232 7715
f 7212 7681 7717
f 7212 7717 7232
f 7232 7717 7715
f 7681 7683 7717
f 7720 7719 7718
f 7719 7722 7721
f 7718 7719 7721
f 7722 7724 7723
f 7721 7722 7723
f 7725 7726 7723
f 7725 7723 7710
f 7724 7711 7723
f 7711 7710 7723
f 7728 7725 7710
f 7728 7710 7727
f 7727 7710 7712
f 7233 7712 7221
f 7233 7729 7712
f 7729 7727 7712
f 7233 7235 7729
f 7244 7730 7245
f 7246 7730 7244
f 7731 7730 7246
f 7247 7731 7246
f 7732 7731 7247
f 7732 7733 7734
f 7247 7733 7732
f 7247 7713 7733
f 7247 7230 7713
f 7713 7714 7735
f 7733 7713 7735
f 7714 7716 7735
f 7737 7720 7718
f 7736 7737 7718
f 7718 7721 7736
f 7721 7738 7736
f 7721 7723 7738
f 7723 7739 7738
f 7726 7740 7739
f 7723 7726 7739
f 7742 7728 7727
f 7741 7742 7727
f 7727 7729 7741
f 7729 7743 7741
f 7248 7729 7235
f 7248 7744 7729
f 7744 7743 7729
f 7248 7250 7744
f 7255 7745 7256
f 7257 7745 7255
f 7746 7745 7257
f 7258 7746 7257
f 7747 7746 7258
f 7245 7747 7258
f 7245 7730 7747
f 7730 7748 7747
f 7749 7750 7748
f 7749 7748 7731
f 7731 7748 7730
f 7731 7732 7751
f 7749 7731 7751
f 7732 7734 7751
f 7737 7736 7752
f 7736 7738 7753
f 7752 7736 7753
f 7738 7739 7754
f 7753 7738 7754
f 7739 7740 7754
f 7742 7741 7755
f 7757 7755 7741
f 7757 7741 7756
f 7756 7741 7743
f 7743 7744 7756
f 7744 7758 7756
f 7744 7260 7758
f 7250 7260 7744
f 7263 7759 7264
f 7265 7759 7263
f 7760 7759 7265
f 7256 7760 7265
f 7256 7745 7760
f 7745 7761 7760
f 7762 7763 7761
f 7762 7761 7746
f 7746 7761 7745
f 7746 7747 7764
f 7762 7746 7764
f 7747 7748 7765
f 7764 7747 7765
f 7748 7750 7765
f 7767 7757 7756
f 7766 7767 7756
f 7756 7758 7766
f 7758 7768 7766
f 7266 7758 7260
f 7266 7769 7758
f 7769 7768 7758
f 7267 7769 7266
f 7770 7769 7267
f 7268 7770 7267
f 7771 7770 7268
f 7264 7771 7268
f 7264 7759 7771
f 7759 7772 7771
f 7773 7774 7772
f 7773 7772 7760
f 7760 7772 7759
f 7760 7761 7775
f 7773 7760 7775
f 7761 7763 7775
f 7767 7766 7776
f 7766 7768 7777
f 7776 7766 7777
f 7768 7769 7778
f 7777 7768 7778
f 7769 7770 7779
f 7778 7769 7779
f 7770 7771 7780
f 7779 7770 7780
f 7771 7772 7781
f 7780 7771 7781
f 7772 7774 7781
f 7270 7783 7782
f 7269 7270 7782
f 7782 7784 7269
f 7269 7784 7271
f 7271 7784 7785
f 7272 7271 7785
f 7274 7275 7786
f 7276 7274 7786
f 7787 7276 7786
f 7277 7276 7787
f 7788 7277 7787
f 7788 7790 7789
f 7788 7789 7277
f 7277 7789 7278
f 7789 7791 7278
f 7278 7791 7279
f 7791 7792 7279
f 7279 7792 7280
f 7794 7793 7281
f 7794 7281 7792
f 7792 7281 7280
f 7282 7281 7793
f 7795 7282 7793
f 7283 7282 7795
f 7796 7283 7795
f 7796 7798 7797
f 7796 7797 7283
f 7283 7797 7284
f 7797 7799 7284
f 7284 7799 7285
f 7799 7800 7285
f 7285 7800 7286
f 7800 7801 7286
f 7286 7801 7287
f 7801 7802 7287
f 7287 7802 7288
f 7802 7803 7288
f 7288 7803 7289
f 7803 7804 7289
f 7289 7804 7290
f 7804 7805 7290
f 7290 7805 7291
f 7805 7806 7291
f 7291 7806 7292
f 7806 7807 7292
f 7292 7807 7293
f 7809 7808 7294
f 7809 7294 7807
f 7807 7294 7293
f 7294 7808 7295
f 7297 7811 7810
f 7296 7297 7810
f 7813 7812 7298
f 7813 7298 7810
f 7810 7298 7296
f 7298 7812 7300
f 7783 7270 7814
f 7814 7270 7301
f 7302 7816 7815
f 7302 7272 7816
f 7272 7785 7816
f 7302 7815 7303
f 7305 7306 7817
f 7307 7305 7817
f 7818 7307 7817
f 7308 7307 7818
f 7819 7308 7818
f 7819 7821 7820
f 7819 7820 7308
f 7308 7820 7309
f 7275 7822 7786
f 7275 7309 7822
f 7309 7820 7822
f 7786 7823 7787
f 7822 7823 7786
f 7787 7824 7788
f 7823 7824 7787
f 7788 7824 7790
f 7794 7825 7793
f 7793 7826 7795
f 7825 7826 7793
f 7795 7827 7796
f 7826 7827 7795
f 7796 7827 7798
f 7809 7828 7808
f 7808 7310 7295
f 7808 7828 7310
f 7828 7829 7310
f 7831 7830 7311
f 7831 7311 7829
f 7829 7311 7310
f 7830 7833 7832
f 7830 7832 7311
f 7311 7832 7312
f 7832 7834 7312
f 7312 7834 7313
f 7834 7297 7313
f 7811 7297 7834
f 7813 7835 7812
f 7812 7314 7300
f 7812 7835 7314
f 7835 7836 7314
f 7836 7837 7314
f 7314 7837 7315
f 7837 7838 7315
f 7315 7838 7316
f 7840 7839 7317
f 7840 7317 7838
f 7838 7317 7316
f 7317 7839 7319
f 7814 7301 7841
f 7841 7301 7325
f 7816 7842 7815
f 7815 7842 7843
f 7815 7843 7303
f 7303 7843 7326
f 7329 7330 7844
f 7331 7329 7844
f 7845 7331 7844
f 7845 7847 7846
f 7331 7845 7846
f 7331 7846 7817
f 7331 7817 7306
f 7817 7848 7818
f 7846 7848 7817
f 7818 7849 7819
f 7848 7849 7818
f 7819 7849 7821
f 7831 7850 7830
f 7830 7850 7833
f 7840 7851 7839
f 7839 7332 7319
f 7839 7851 7332
f 7851 7852 7332
f 7852 7853 7332
f 7332 7853 7333
f 7853 7854 7333
f 7333 7854 7334
f 7854 7855 7334
f 7334 7855 7335
f 7855 7856 7335
f 7335 7856 7336
f 7856 7857 7336
f 7336 7857 7337
f 7857 7858 7337
f 7337 7858 7338
f 7858 7859 7338
f 7338 7859 7339
f 7859 7860 7339
f 7339 7860 7340
f 7860 7861 7340
f 7340 7861 7341
f 7861 7862 7341
f 7341 7862 7342
f 7862 7863 7342
f 7342 7863 7343
f 7863 7864 7343
f 7343 7864 7344
f 7864 7865 7344
f 7344 7865 7345
f 7865 7866 7345
f 7345 7866 7346
f 7866 7867 7346
f 7346 7867 7347
f 7867 7868 7347
f 7347 7868 7348
f 7868 7869 7348
f 7348 7869 7349
f 7869 7870 7349
f 7349 7870 7350
f 7872 7871 7351
f 7872 7351 7870
f 7870 7351 7350
f 7352 7351 7871
f 7873 7352 7871
f 7353 7352 7873
f 7874 7353 7873
f 7354 7353 7874
f 7875 7354 7874
f 7355 7354 7875
f 7876 7355 7875
f 7355 7876 7357
f 7841 7325 7877
f 7877 7325 7361
f 7843 7878 7326
f 7878 7362 7326
f 7366 7367 7879
f 7368 7366 7879
f 7880 7368 7879
f 7880 7882 7881
f 7368 7880 7881
f 7368 7881 7844
f 7368 7844 7330
f 7844 7883 7845
f 7881 7883 7844
f 7845 7883 7847
f 7872 7884 7871
f 7871 7885 7873
f 7884 7885 7871
f 7873 7886 7874
f 7885 7886 7873
f 7874 7887 7875
f 7886 7887 7874
f 7875 7888 7876
f 7887 7888 7875
f 7876 7369 7357
f 7876 7888 7369
f 7888 7889 7369
f 7889 7890 7369
f 7369 7890 7370
f 7890 7891 7370
f 7370 7891 7371
f 7893 7892 7372
f 7893 7372 7891
f 7891 7372 7371
f 7373 7372 7892
f 7894 7373 7892
f 7373 7894 7375
f 7877 7361 7895
f 7895 7361 7377
f 7878 7896 7362
f 7896 7379 7362
f 7381 7382 7897
f 7383 7381 7897
f 7898 7383 7897
f 7384 7383 7898
f 7899 7384 7898
f 7899 7901 7900
f 7384 7899 7900
f 7384 7900 7879
f 7384 7879 7367
f 7879 7902 7880
f 7900 7902 7879
f 7880 7902 7882
f 7893 7903 7892
f 7892 7904 7894
f 7903 7904 7892
f 7894 7385 7375
f 7894 7904 7385
f 7904 7905 7385
f 7907 7906 7386
f 7907 7386 7905
f 7905 7386 7385
f 7387 7386 7906
f 7908 7387 7906
f 7387 7908 7389
f 7895 7377 7909
f 7909 7377 7394
f 7912 7910 7911
f 7911 7910 7396
f 7911 7396 7896
f 7896 7396 7379
f 7397 7398 7913
f 7382 7397 7913
f 7382 7913 7897
f 7897 7913 7914
f 7915 7914 7916
f 7915 7898 7914
f 7898 7897 7914
f 7898 7917 7899
f 7915 7917 7898
f 7899 7917 7901
f 7907 7918 7906
f 7920 7906 7918
f 7920 7919 7906
f 7919 7908 7906
f 7399 7389 7908
f 7399 7908 7921
f 7921 7908 7919
f 7399 7921 7401
f 7404 7923 7922
f 7403 7404 7922
f 7922 7924 7403
f 7403 7924 7405
f 7924 7925 7405
f 7405 7925 7406
f 7925 7926 7406
f 7406 7926 7407
f 7927 7409 7407
f 7927 7407 7928
f 7928 7407 7926
f 7928 7930 7929
f 7927 7928 7929
f 7930 7931 7929
f 7909 7394 7932
f 7932 7394 7410
f 7910 7413 7412
f 7910 7912 7413
f 7912 7933 7413
f 7910 7412 7396
f 7934 7913 7398
f 7414 7934 7398
f 7935 7934 7936
f 7935 7914 7934
f 7914 7913 7934
f 7914 7935 7916
f 7920 7937 7919
f 7939 7919 7937
f 7939 7938 7919
f 7938 7921 7919
f 7415 7401 7921
f 7415 7921 7940
f 7940 7921 7938
f 7415 7940 7417
f 7419 7420 7941
f 7419 7941 7422
f 7944 7943 7942
f 7425 7942 7943
f 7425 7943 7424
f 7424 7943 7945
f 7945 7946 7424
f 7424 7946 7427
f 7946 7947 7427
f 7427 7947 7429
f 7947 7948 7429
f 7429 7948 7431
f 7948 7949 7431
f 7431 7949 7433
f 7949 7950 7433
f 7433 7950 7434
f 7950 7404 7434
f 7923 7404 7950
f 7927 7435 7409
f 7929 7435 7927
f 7436 7435 7929
f 7931 7436 7929
f 7931 7951 7436
f 7951 7438 7436
f 7952 7439 7438
f 7952 7438 7953
f 7953 7438 7951
f 7953 7954 7952
f 7932 7410 7441
f 7955 7932 7441
f 7955 7441 7956
f 7441 7443 7956
f 7956 7443 7413
f 7933 7956 7413
f 7957 7934 7414
f 7444 7957 7414
f 7936 7957 7958
f 7934 7957 7936
f 7939 7959 7938
f 7938 7960 7940
f 7959 7960 7938
f 7962 7961 7445
f 7960 7962 7445
f 7960 7445 7417
f 7960 7417 7940
f 7445 7961 7447
f 7963 7941 7420
f 7449 7963 7420
f 7450 7422 7941
f 7450 7941 7964
f 7964 7941 7963
f 7965 7452 7450
f 7965 7450 7966
f 7964 7967 7450
f 7967 7966 7450
f 7942 7454 7455
f 7944 7942 7455
f 7944 7455 7965
f 7944 7965 7966
f 7942 7425 7454
f 7952 7458 7439
f 7458 7952 7954
f 7458 7954 7459
f 7459 7954 7968
f 7957 7444 7461
f 7461 7462 7969
f 7957 7461 7969
f 7957 7969 7970
f 7957 7970 7958
f 7970 7969 7971
f 7962 7972 7961
f 7974 7973 7463
f 7972 7974 7463
f 7972 7463 7447
f 7972 7447 7961
f 7463 7973 7465
f 7975 7963 7449
f 7466 7975 7449
f 7976 7975 7977
f 7976 7964 7975
f 7964 7963 7975
f 7964 7976 7967
f 7452 7965 7467
f 7965 7455 7467
f 7978 7968 7979
f 7978 7469 7968
f 7469 7459 7968
f 7979 7980 7978
f 7981 7969 7462
f 7471 7981 7462
f 7971 7982 7983
f 7971 7969 7982
f 7969 7981 7982
f 7983 7982 7984
f 7974 7985 7973
f 7987 7986 7472
f 7985 7987 7472
f 7985 7472 7465
f 7985 7465 7973
f 7466 7472 7986
f 7466 7986 7975
f 7975 7986 7988
f 7977 7988 7989
f 7975 7988 7977
f 7978 7474 7469
f 7474 7978 7980
f 7474 7980 7475
f 7475 7980 7990
f 7981 7471 7477
f 7477 7478 7991
f 7477 7991 7981
f 7981 7991 7982
f 7984 7991 7992
f 7982 7991 7984
f 7987 7993 7986
f 7986 7994 7988
f 7993 7994 7986
f 7988 7994 7989
f 7990 7995 7475
f 7995 7479 7475
f 7991 7478 7481
f 7481 7482 7996
f 7991 7481 7996
f 7991 7996 7997
f 7991 7997 7992
f 7997 7996 7998
f 7995 7999 7479
f 7999 7483 7479
f 7996 7482 7484
f 7998 7996 7484
f 7998 7484 8000
f 8000 7484 7485
f 7485 8001 8000
f 7486 8001 7485
f 7999 8002 7483
f 8002 7487 7483
f 8001 7486 7488
f 8003 8001 7488
f 8003 7488 8004
f 7488 7489 8004
f 8006 7490 8005
f 8006 8004 7490
f 8004 7489 7490
f 8005 8007 8008
f 8005 7490 8007
f 7490 7491 8007
f 8010 7492 8009
f 8010 8007 7492
f 8007 7491 7492
f 7492 7494 8009
f 8002 8011 7487
f 8011 7495 7487
f 7498 8013 8012
f 7497 7498 8012
f 8012 8014 7497
f 7497 8014 7499
f 8005 8014 8006
f 8005 7500 8014
f 7500 7499 8014
f 8008 7500 8005
f 8008 8015 7500
f 8015 7501 7500
f 8009 8015 8010
f 8009 7502 8015
f 7502 7501 8015
f 8009 7494 7502
f 8011 8016 7495
f 8016 7503 7495
f 8019 8018 8017
f 7506 8017 8018
f 7506 8018 7505
f 7505 8018 8020
f 8020 7498 7505
f 8013 7498 8020
f 8016 8021 7503
f 8021 7508 7503
f 8024 8023 8022
f 7511 8022 8023
f 7511 8023 7510
f 7510 8023 8025
f 8017 8025 8019
f 8017 7512 8025
f 7512 7510 8025
f 8017 7506 7512
f 7513 8026 7514
f 8026 7513 7508
f 8026 7508 8027
f 8027 7508 8021
f 8022 7515 7516
f 8022 7516 8024
f 8024 7516 8028
f 8022 7511 7515
f 8031 8029 8030
f 8030 8029 8032
f 8033 7514 8026
f 7519 7514 8033
f 8027 8034 8033
f 8026 8027 8033
f 7521 8036 8035
f 7520 7521 8035
f 8035 7516 7520
f 8028 7516 8035
f 8039 8037 8038
f 8029 7524 7523
f 8031 7524 8029
f 8031 8037 7524
f 8031 8038 8037
f 8032 8029 7523
f 8032 7523 8040
f 8040 7523 7525
f 8040 7525 8041
f 7525 7526 8041
f 7526 8042 8041
f 7528 8042 7526
f 8043 7519 8033
f 8043 8044 7519
f 8044 7532 7519
f 8033 8034 8043
f 8047 8046 8045
f 7535 8045 8046
f 7535 8046 7534
f 7534 8046 8048
f 8048 8049 7534
f 7534 8049 7537
f 8050 7538 7537
f 8050 7537 8051
f 8051 7537 8049
f 8051 8052 8050
f 8036 7521 8053
f 8053 7521 7539
f 8056 8054 8055
f 8037 7541 7540
f 8039 7541 8037
f 8039 8054 7541
f 8039 8055 8054
f 8037 7540 7524
f 8042 7528 7542
f 8057 8042 7542
f 8059 7543 8058
f 8059 8057 7543
f 8057 7542 7543
f 7543 7545 8058
f 7547 8060 7548
f 7547 7550 8060
f 7551 8061 7552
f 8061 7551 7532
f 8061 7532 8062
f 8062 7532 8044
f 8065 8064 8063
f 8045 7554 7555
f 8047 8045 7555
f 8047 7555 8063
f 8047 8063 8064
f 8045 7535 7554
f 8050 7556 7538
f 8052 7556 8050
f 8052 8066 7556
f 8066 7558 7556
f 8066 8067 7558
f 7558 8067 7560
f 8067 8068 7560
f 7560 8068 7561
f 8068 8069 7561
f 7561 8069 7562
f 8069 8070 7562
f 7562 8070 7563
f 8070 8071 7563
f 7563 8071 7565
f 8071 7539 7565
f 8053 7539 8071
f 8054 7567 7566
f 8054 8056 7567
f 8056 8072 7567
f 8054 7566 7541
f 8059 8058 8073
f 8058 7545 7568
f 8058 7568 8073
f 8073 7568 8074
f 8074 7568 8075
f 7568 7569 8075
f 8077 7570 8076
f 8077 8075 7570
f 8075 7569 7570
f 7570 7571 8076
f 8080 8078 8079
f 8079 8081 8082
f 8078 8081 8079
f 8081 8083 8082
f 8081 7548 8083
f 8081 7572 7548
f 8060 8083 7548
f 8060 7550 7573
f 8060 7573 8083
f 8083 7573 8084
f 7552 8061 8085
f 7552 8085 7573
f 7573 8085 8084
f 8061 8062 8085
f 8063 7574 7575
f 8063 7575 8065
f 8065 7575 8086
f 8063 7555 7574
f 8089 8087 8088
f 8088 8087 7576
f 8088 7576 8072
f 8072 7576 7567
f 8077 8076 8090
f 8076 7571 7577
f 8076 7577 8090
f 8090 7577 8091
f 8091 7577 8092
f 7577 7578 8092
f 8078 8080 8092
f 8078 8092 7579
f 7579 8092 7578
f 8081 8078 7579
f 7580 8081 7579
f 8081 7580 7572
f 8086 7575 8093
f 8093 7575 7581
f 8087 7583 7582
f 8087 8089 7583
f 8089 8094 7583
f 8087 7582 7576
f 8093 7581 8095
f 8095 7581 7584
f 8094 8096 7583
f 8096 7585 7583
f 8095 7584 7586
f 8097 8095 7586
f 8098 7586 7587
f 8098 8099 7586
f 8099 8097 7586
f 7589 8099 8098
f 7589 7588 8099
f 7588 8100 8099
f 8100 7588 8101
f 7588 7590 8101
f 8101 7590 8102
f 7590 7591 8102
f 8102 7591 8103
f 7591 7592 8103
f 8103 7592 8104
f 7592 7593 8104
f 8104 7593 8105
f 7593 7594 8105
f 8105 7594 8106
f 7594 7595 8106
f 8106 7595 8107
f 7595 7596 8107
f 8107 7596 8108
f 7596 7597 8108
f 7597 8109 8108
f 7598 8109 7597
f 7600 8110 8111
f 7599 8110 7600
f 8110 7599 7585
f 8096 8110 7585
f 8098 7587 7601
f 8098 7601 7589
f 8109 7598 7602
f 8112 8109 7602
f 7602 8113 8112
f 7603 8113 7602
f 8116 8114 8115
f 8115 8117 8118
f 8114 8117 8115
f 8118 8119 8120
f 8117 8119 8118
f 8120 8119 8121
f 8124 8122 8123
f 8123 8122 7607
f 8123 7607 8111
f 8111 7607 7600
f 8113 7603 7608
f 8125 8113 7608
f 7608 8126 8125
f 7609 8126 7608
f 7611 8127 7612
f 8127 8128 8129
f 8127 7611 8128
f 7611 7613 8128
f 8128 7613 8130
f 7613 7614 8130
f 8114 8116 8130
f 8114 8130 7615
f 7615 8130 7614
f 7615 7616 8131
f 7615 8131 8114
f 8114 8131 8117
f 8117 8131 8119
f 8119 8131 8132
f 8121 8133 8134
f 8121 8119 8133
f 8119 8132 8133
f 8134 8135 8136
f 8133 8135 8134
f 8136 8137 8138
f 8135 8137 8136
f 8138 8139 8140
f 8137 8139 8138
f 8140 8141 8142
f 8139 8141 8140
f 8142 8141 8143
f 7629 8144 8145
f 7628 8144 7629
f 8122 8124 8144
f 8122 8144 7630
f 7630 8144 7628
f 8122 7630 7607
f 8126 7609 7631
f 8146 8126 7631
f 8146 7631 8147
f 7631 7632 8147
f 7632 8148 8147
f 7634 8148 7632
f 7654 8149 7655
f 7656 8149 7654
f 8150 8149 7656
f 7657 8150 7656
f 8151 8150 7657
f 8151 8152 8153
f 8151 7657 8152
f 7657 7658 8152
f 7612 8127 8154
f 7612 8154 7658
f 7658 8154 8152
f 8127 8129 8154
f 8131 7616 7659
f 8132 8131 7659
f 7660 8132 7659
f 8133 8132 7660
f 7661 8133 7660
f 8135 8133 7661
f 7662 8135 7661
f 8137 8135 7662
f 7663 8137 7662
f 8139 8137 7663
f 7664 8139 7663
f 8141 8139 7664
f 7665 8141 7664
f 8143 8141 7665
f 8143 7665 8155
f 8155 7665 7666
f 8155 7666 8156
f 7666 7667 8156
f 8156 7667 8157
f 7667 7668 8157
f 8157 7668 8158
f 7668 7669 8158
f 8158 7669 8159
f 7669 7670 8159
f 8159 7670 8160
f 7670 7671 8160
f 8162 7672 8161
f 8162 8160 7672
f 8160 7671 7672
f 7673 8161 7672
f 8163 8161 7673
f 7674 8163 7673
f 8164 8163 7674
f 7675 8164 7674
f 8165 8164 7675
f 7676 8165 7675
f 8166 8165 7676
f 7676 7678 8166
f 7682 8167 7683
f 8167 8168 8169
f 8167 7682 8168
f 7682 7684 8168
f 8168 7684 7629
f 8145 8168 7629
f 8148 7634 7685
f 8170 8148 7685
f 8170 7685 8171
f 7685 7686 8171
f 8171 7686 8172
f 7686 7687 8172
f 8172 7687 8173
f 7687 7688 8173
f 8173 7688 8174
f 7688 7689 8174
f 8174 7689 8175
f 7689 7690 8175
f 8175 7690 8176
f 7690 7691 8176
f 8176 7691 8177
f 7691 7692 8177
f 8177 7692 8178
f 7692 7693 8178
f 8178 7693 8179
f 7693 7694 8179
f 8179 7694 8180
f 7694 7695 8180
f 8180 7695 8181
f 7695 7696 8181
f 8181 7696 8182
f 7696 7697 8182
f 8182 7697 8183
f 7697 7698 8183
f 8183 7698 8184
f 7698 7699 8184
f 8184 7699 8185
f 7699 7700 8185
f 8185 7700 8186
f 7700 7701 8186
f 8186 7701 8187
f 7701 7702 8187
f 8187 7702 8188
f 7702 7703 8188
f 8188 7703 8189
f 7703 7704 8189
f 8189 7704 8190
f 7704 7705 8190
f 8190 7705 8191
f 7705 7706 8191
f 8191 7706 8192
f 7706 7707 8192
f 8192 7707 8193
f 7707 7708 8193
f 8193 7708 8194
f 7708 7709 8194
f 7655 8149 8195
f 7655 8195 7709
f 7709 8195 8194
f 8149 8150 8196
f 8195 8149 8196
f 8150 8151 8197
f 8196 8150 8197
f 8151 8153 8197
f 8200 8199 8198
f 8199 8202 8201
f 8198 8199 8201
f 8202 8162 8161
f 8202 8161 8201
f 8201 8161 8203
f 8161 8163 8203
f 8163 8204 8203
f 8163 8164 8204
f 8164 8205 8204
f 8164 8165 8205
f 8165 8206 8205
f 8165 8166 8206
f 8166 8207 8206
f 8166 7711 8207
f 7678 7711 8166
f 7715 8208 7716
f 8208 8209 8210
f 8208 7715 8209
f 7715 7717 8209
f 7683 8167 8211
f 7683 8211 7717
f 7717 8211 8209
f 8167 8169 8211
f 8214 8213 8212
f 8213 8216 8215
f 8212 8213 8215
f 8216 8200 8198
f 8216 8198 8215
f 8215 8198 8217
f 8198 8201 8217
f 8201 8218 8217
f 8201 8203 8218
f 8203 8219 8218
f 8203 8204 8219
f 8204 8220 8219
f 7720 8205 7719
f 7720 8220 8205
f 8220 8204 8205
f 8206 7719 8205
f 7722 7719 8206
f 8207 7722 8206
f 7724 7722 8207
f 7724 8207 7711
f 7726 7725 8221
f 7725 7728 8221
f 7733 8222 7734
f 8222 8223 8224
f 8222 7733 8223
f 7733 7735 8223
f 7716 8208 8225
f 7716 8225 7735
f 7735 8225 8223
f 8208 8210 8225
f 8227 8214 8212
f 8226 8227 8212
f 8212 8215 8226
f 8215 8228 8226
f 8215 8217 8228
f 8217 8229 8228
f 8217 8218 8229
f 8218 8230 8229
f 8218 8219 8230
f 8219 8231 8230
f 8219 8220 8231
f 8220 8232 8231
f 8220 7737 8232
f 7720 7737 8220
f 8233 7726 8221
f 7740 7726 8233
f 8221 7742 8233
f 7728 7742 8221
f 7749 8234 7750
f 8234 8235 8236
f 8234 7749 8235
f 7749 7751 8235
f 7734 8222 8237
f 7734 8237 7751
f 7751 8237 8235
f 8222 8224 8237
f 8227 8226 8238
f 8226 8228 8239
f 8238 8226 8239
f 8241 8239 8228
f 8241 8228 8240
f 8240 8228 8229
f 8229 8230 8240
f 8230 8242 8240
f 8230 8231 8242
f 8231 8243 8242
f 8231 8232 8243
f 8232 8244 8243
f 7752 8232 7737
f 7752 8245 8232
f 8245 8244 8232
f 7753 8245 7752
f 8246 8245 7753
f 7754 8246 7753
f 8247 8246 7754
f 7740 8247 7754
f 7740 8233 8247
f 8233 8248 8247
f 7755 8233 7742
f 7755 8249 8233
f 8249 8248 8233
f 7755 7757 8249
f 7762 8250 7763
f 7764 8250 7762
f 8251 8250 7764
f 8251 8252 8253
f 8251 7764 8252
f 7764 7765 8252
f 7750 8234 8254
f 7750 8254 7765
f 7765 8254 8252
f 8234 8236 8254
f 8241 8240 8255
f 8240 8242 8256
f 8255 8240 8256
f 8242 8243 8257
f 8256 8242 8257
f 8243 8244 8258
f 8257 8243 8258
f 8244 8245 8259
f 8258 8244 8259
f 8245 8246 8260
f 8259 8245 8260
f 8246 8247 8261
f 8260 8246 8261
f 8247 8248 8262
f 8261 8247 8262
f 8248 8249 8263
f 8262 8248 8263
f 8249 8264 8263
f 8249 7757 8264
f 7757 7767 8264
f 7773 8265 7774
f 8265 8266 8267
f 8265 7773 8266
f 7773 7775 8266
f 7763 8250 8268
f 7763 8268 7775
f 7775 8268 8266
f 8250 8251 8269
f 8268 8250 8269
f 8251 8253 8269
f 8264 7767 7776
f 8270 8264 7776
f 8272 7777 8271
f 8272 8270 7777
f 8270 7776 7777
f 7778 8271 7777
f 8273 8271 7778
f 7779 8273 7778
f 8274 8273 7779
f 8274 8275 8276
f 8274 7779 8275
f 7779 7780 8275
f 8275 7780 8277
f 7780 7781 8277
f 7774 8265 8278
f 7774 8278 7781
f 7781 8278 8277
f 8265 8267 8278
f 8272 8271 8279
f 8271 8273 8280
f 8279 8271 8280
f 8273 8274 8281
f 8280 8273 8281
f 8274 8276 8281
f 7782 7783 8282
f 7784 7782 8282
f 8283 7784 8282
f 7784 8283 7785
f 7789 7790 8284
f 7791 7789 8284
f 8285 7791 8284
f 7792 7791 8285
f 8286 7792 8285
f 7792 8286 7794
f 7797 7798 8287
f 7799 7797 8287
f 8288 7799 8287
f 7800 7799 8288
f 8289 7800 8288
f 7801 7800 8289
f 8290 7801 8289
f 7802 7801 8290
f 8291 7802 8290
f 7803 7802 8291
f 8292 7803 8291
f 7804 7803 8292
f 8293 7804 8292
f 7805 7804 8293
f 8294 7805 8293
f 7806 7805 8294
f 8295 7806 8294
f 7807 7806 8295
f 8296 7807 8295
f 7807 8296 7809
f 7810 7811 8297
f 7810 8297 7813
f 8298 8282 7783
f 8298 7783 8299
f 8299 7783 7814
f 8282 8300 8283
f 8298 8300 8282
f 8283 8300 8301
f 8283 8301 7785
f 7785 8301 7816
f 7820 7821 8302
f 7822 7820 8302
f 8303 7822 8302
f 8303 8305 8304
f 8303 8304 7822
f 7822 8304 7823
f 8304 8306 7823
f 7823 8306 7824
f 7790 8307 8284
f 7790 7824 8307
f 7824 8306 8307
f 8284 8308 8285
f 8307 8308 8284
f 8285 8309 8286
f 8308 8309 8285
f 8286 7825 7794
f 8286 8309 7825
f 8309 8310 7825
f 8310 8311 7825
f 7825 8311 7826
f 8311 8312 7826
f 7826 8312 7827
f 7798 8313 8287
f 7798 7827 8313
f 7827 8312 8313
f 8287 8314 8288
f 8313 8314 8287
f 8288 8315 8289
f 8314 8315 8288
f 8289 8316 8290
f 8315 8316 8289
f 8290 8317 8291
f 8316 8317 8290
f 8291 8318 8292
f 8317 8318 8291
f 8292 8319 8293
f 8318 8319 8292
f 8293 8320 8294
f 8319 8320 8293
f 8294 8321 8295
f 8320 8321 8294
f 8295 8322 8296
f 8321 8322 8295
f 8296 7828 7809
f 8296 8322 7828
f 8322 8323 7828
f 8323 8324 7828
f 7828 8324 7829
f 7829 8324 8325
f 7831 7829 8325
f 7832 7833 8326
f 7834 7832 8326
f 8327 7834 8326
f 8327 8329 8328
f 7834 8327 8328
f 7834 8328 8297
f 7834 8297 7811
f 8297 7835 7813
f 8297 8328 7835
f 8328 8330 7835
f 8330 8331 7835
f 7835 8331 7836
f 8333 8332 7837
f 8333 7837 8331
f 8331 7837 7836
f 7838 7837 8332
f 8334 7838 8332
f 7838 8334 7840
f 8299 7814 8335
f 8335 7814 7841
f 7842 8337 8336
f 7842 7816 8337
f 7816 8301 8337
f 7842 8336 7843
f 7846 7847 8338
f 7848 7846 8338
f 8339 7848 8338
f 8339 8341 8340
f 8339 8340 7848
f 7848 8340 7849
f 7821 8342 8302
f 7821 7849 8342
f 7849 8340 8342
f 8302 8343 8303
f 8342 8343 8302
f 8303 8343 8305
f 8325 7850 7831
f 8344 7850 8325
f 7833 8345 8326
f 7833 7850 8345
f 7850 8344 8345
f 8326 8346 8327
f 8345 8346 8326
f 8327 8346 8329
f 8333 8347 8332
f 8332 8348 8334
f 8347 8348 8332
f 8334 7851 7840
f 8334 8348 7851
f 8348 8349 7851
f 8349 8350 7851
f 7851 8350 7852
f 8350 8351 7852
f 7852 8351 7853
f 8351 8352 7853
f 7853 8352 7854
f 8352 8353 7854
f 7854 8353 7855
f 8353 8354 7855
f 7855 8354 7856
f 8354 8355 7856
f 7856 8355 7857
f 8357 8356 7858
f 8357 7858 8355
f 8355 7858 7857
f 7859 7858 8356
f 8358 7859 8356
f 7860 7859 8358
f 8359 7860 8358
f 7861 7860 8359
f 8360 7861 8359
f 7862 7861 8360
f 8361 7862 8360
f 7863 7862 8361
f 8362 7863 8361
f 7864 7863 8362
f 8363 7864 8362
f 7865 7864 8363
f 8364 7865 8363
f 7866 7865 8364
f 8365 7866 8364
f 7867 7866 8365
f 8366 7867 8365
f 7868 7867 8366
f 8367 7868 8366
f 7869 7868 8367
f 8368 7869 8367
f 7870 7869 8368
f 8369 7870 8368
f 7870 8369 7872
f 8335 7841 8370
f 8370 7841 7877
f 8372 8336 8337
f 8371 8336 8372
f 8336 8371 7878
f 7843 8336 7878
f 7881 7882 8373
f 7883 7881 8373
f 8374 7883 8373
f 8374 8376 8375
f 7883 8374 8375
f 7883 8375 8338
f 7883 8338 7847
f 8338 8377 8339
f 8375 8377 8338
f 8339 8377 8341
f 8357 8378 8356
f 8356 8379 8358
f 8378 8379 8356
f 8358 8380 8359
f 8379 8380 8358
f 8359 8381 8360
f 8380 8381 8359
f 8360 8382 8361
f 8381 8382 8360
f 8361 8383 8362
f 8382 8383 8361
f 8362 8384 8363
f 8383 8384 8362
f 8363 8385 8364
f 8384 8385 8363
f 8364 8386 8365
f 8385 8386 8364
f 8365 8387 8366
f 8386 8387 8365
f 8366 8388 8367
f 8387 8388 8366
f 8367 8389 8368
f 8388 8389 8367
f 8368 8390 8369
f 8389 8390 8368
f 8369 7884 7872
f 8369 8390 7884
f 8390 8391 7884
f 8391 8392 7884
f 7884 8392 7885
f 8392 8393 7885
f 7885 8393 7886
f 8393 8394 7886
f 7886 8394 7887
f 8396 8395 7888
f 8396 7888 8394
f 8394 7888 7887
f 7889 7888 8395
f 8397 7889 8395
f 7890 7889 8397
f 8398 7890 8397
f 7891 7890 8398
f 8399 7891 8398
f 7891 8399 7893
f 8370 7877 8400
f 8400 7877 7895
f 8402 8371 8372
f 8401 8371 8402
f 8371 8401 7896
f 7878 8371 7896
f 7900 7901 8403
f 7902 7900 8403
f 8404 7902 8403
f 8404 8406 8405
f 7902 8404 8405
f 7902 8405 8373
f 7902 8373 7882
f 8373 8407 8374
f 8405 8407 8373
f 8374 8407 8376
f 8396 8408 8395
f 8395 8409 8397
f 8408 8409 8395
f 8397 8410 8398
f 8409 8410 8397
f 8398 8411 8399
f 8410 8411 8398
f 8413 8412 7903
f 8411 8413 7903
f 8411 7903 7893
f 8411 7893 8399
f 7904 7903 8412
f 8414 7904 8412
f 7905 7904 8414
f 8415 7905 8414
f 7905 8415 7907
f 8418 8417 8416
f 8417 8419 8416
f 8400 7895 8420
f 8420 7895 7909
f 8401 7912 7911
f 8401 8402 7912
f 8402 8421 7912
f 8401 7911 7896
f 7915 7916 8422
f 7917 7915 8422
f 8423 7917 8422
f 7901 7917 8423
f 7901 8423 8403
f 8403 8423 8424
f 8425 8424 8426
f 8425 8404 8424
f 8404 8403 8424
f 8404 8425 8406
f 8413 8427 8412
f 8429 8412 8427
f 8429 8428 8412
f 8428 8414 8412
f 8414 8428 8415
f 8415 8428 8430
f 7918 7907 8415
f 7918 8415 8431
f 8431 8415 8430
f 7918 8431 7920
f 7922 7923 8432
f 8432 8434 8433
f 8432 8433 7922
f 7922 8433 7924
f 8416 8433 8418
f 8416 7925 8433
f 7925 7924 8433
f 8419 7925 8416
f 8419 8435 7925
f 8435 7926 7925
f 8435 8436 7926
f 7926 8436 7928
f 8436 8437 7928
f 7928 8437 7930
f 7930 8437 8438
f 7931 7930 8438
f 8420 7909 8439
f 8439 7909 7932
f 8442 8440 8441
f 8441 8440 7933
f 8441 7933 8421
f 8421 7933 7912
f 7935 7936 8443
f 7916 7935 8443
f 7916 8443 8422
f 8422 8443 8444
f 8422 8444 8423
f 8423 8444 8445
f 8446 8445 8447
f 8446 8424 8445
f 8424 8423 8445
f 8424 8446 8426
f 8429 8448 8428
f 8450 8428 8448
f 8450 8449 8428
f 8449 8430 8428
f 8430 8449 8431
f 8431 8449 8451
f 7937 7920 8431
f 7937 8431 8452
f 8452 8431 8451
f 7937 8452 7939
f 8455 8454 8453
f 7944 8453 8454
f 7944 8454 7943
f 7943 8454 8456
f 8456 8457 7943
f 7943 8457 7945
f 8457 8458 7945
f 7945 8458 7946
f 8458 8459 7946
f 7946 8459 7947
f 8459 8460 7947
f 7947 8460 7948
f 8460 8461 7948
f 7948 8461 7949
f 8461 8462 7949
f 7949 8462 7950
f 7923 8463 8432
f 7923 7950 8463
f 7950 8462 8463
f 8432 8463 8434
f 8438 7951 7931
f 8464 7951 8438
f 8464 8465 7951
f 7951 8465 7953
f 7953 8465 8466
f 7954 7953 8466
f 8439 7932 7955
f 8467 8439 7955
f 8440 8442 8467
f 8440 8467 7956
f 7956 8467 7955
f 8440 7956 7933
f 8468 8443 7936
f 7958 8468 7936
f 8443 8468 8444
f 8444 8468 8469
f 8470 8469 8471
f 8470 8445 8469
f 8445 8444 8469
f 8445 8470 8447
f 8473 8449 8450
f 8472 8449 8473
f 8449 8472 8451
f 8451 8472 8474
f 8451 8474 8452
f 8452 8474 8475
f 7959 7939 8452
f 7959 8452 8476
f 8476 8452 8475
f 7960 7959 8476
f 8477 7960 8476
f 7960 8477 7962
f 8480 8479 8478
f 8453 7966 7967
f 8455 8453 7967
f 8455 7967 8478
f 8455 8478 8479
f 8453 7944 7966
f 8466 8481 7954
f 8481 7968 7954
f 8468 7958 7970
f 7970 7971 8482
f 7970 8482 8468
f 8468 8482 8469
f 8471 8483 8484
f 8471 8469 8483
f 8469 8482 8483
f 8484 8483 8485
f 8473 8486 8472
f 8488 8472 8486
f 8488 8487 8472
f 8487 8474 8472
f 8474 8487 8475
f 8475 8487 8489
f 8475 8489 8476
f 8476 8489 8490
f 8476 8490 8477
f 8477 8490 8491
f 7972 7962 8477
f 7972 8477 8492
f 8492 8477 8491
f 7972 8492 7974
f 8478 7976 7977
f 8478 7977 8480
f 8480 7977 8493
f 8478 7967 7976
f 8481 7979 7968
f 8494 7979 8481
f 7979 8494 8495
f 7980 7979 8495
f 8482 7971 7983
f 7983 7984 8496
f 7983 8496 8482
f 8482 8496 8483
f 8485 8496 8497
f 8483 8496 8485
f 8488 8498 8487
f 8487 8499 8489
f 8498 8499 8487
f 8501 8489 8499
f 8501 8500 8489
f 8500 8490 8489
f 8490 8500 8491
f 8491 8500 8502
f 8491 8502 8492
f 8492 8502 8503
f 7985 7974 8492
f 7985 8492 8504
f 8504 8492 8503
f 7985 8504 7987
f 8507 8506 8505
f 8506 7989 8505
f 8506 8493 7989
f 8493 7977 7989
f 8495 8508 7980
f 8508 7990 7980
f 8509 8496 7984
f 7992 8509 7984
f 8497 8510 8511
f 8497 8496 8510
f 8496 8509 8510
f 8511 8510 8512
f 8501 8513 8500
f 8500 8514 8502
f 8513 8514 8500
f 8502 8515 8503
f 8514 8515 8502
f 8503 8516 8504
f 8515 8516 8503
f 8504 7993 7987
f 8504 8516 7993
f 8516 8517 7993
f 8505 8517 8507
f 8505 7994 8517
f 7994 7993 8517
f 8505 7989 7994
f 8508 8518 7990
f 8518 7995 7990
f 8509 7992 7997
f 7997 7998 8519
f 7997 8519 8509
f 8509 8519 8510
f 8512 8519 8520
f 8510 8519 8512
f 8518 8521 7995
f 8521 7999 7995
f 8519 7998 8000
f 8000 8520 8519
f 8000 8001 8520
f 8001 8522 8520
f 8523 8521 8524
f 8523 8002 8521
f 8002 7999 8521
f 8524 8525 8523
f 8522 8001 8003
f 8526 8522 8003
f 8526 8003 8527
f 8003 8004 8527
f 8528 8004 8006
f 8528 8529 8004
f 8529 8527 8004
f 8008 8529 8528
f 8008 8007 8529
f 8007 8530 8529
f 8007 8531 8530
f 8010 8531 8007
f 8532 8002 8523
f 8011 8002 8532
f 8525 8533 8532
f 8523 8525 8532
f 8013 8535 8534
f 8012 8013 8534
f 8534 8536 8012
f 8012 8536 8014
f 8006 8537 8528
f 8006 8014 8537
f 8014 8536 8537
f 8528 8015 8008
f 8528 8537 8015
f 8537 8538 8015
f 8538 8010 8015
f 8531 8010 8538
f 8539 8011 8532
f 8539 8540 8011
f 8540 8016 8011
f 8532 8533 8539
f 8019 8542 8541
f 8018 8019 8541
f 8541 8543 8018
f 8018 8543 8020
f 8543 8013 8020
f 8535 8013 8543
f 8546 8544 8545
f 8545 8544 8547
f 8540 8548 8016
f 8548 8021 8016
f 8023 8024 8549
f 8549 8551 8550
f 8549 8550 8023
f 8023 8550 8025
f 8550 8019 8025
f 8542 8019 8550
f 8546 8552 8544
f 8547 8544 8552
f 8554 8555 8553
f 8554 8556 8557
f 8553 8556 8554
f 8557 8556 8558
f 8548 8559 8021
f 8559 8027 8021
f 8560 8549 8024
f 8560 8024 8561
f 8561 8024 8028
f 8549 8560 8551
f 8555 8562 8553
f 8564 8553 8562
f 8564 8563 8553
f 8563 8556 8553
f 8558 8565 8566
f 8558 8556 8565
f 8556 8563 8565
f 8031 8566 8565
f 8031 8030 8566
f 8030 8567 8566
f 8030 8568 8567
f 8032 8568 8030
f 8559 8569 8027
f 8569 8034 8027
f 8572 8571 8570
f 8571 8574 8573
f 8570 8571 8573
f 8574 8575 8573
f 8036 8577 8576
f 8035 8036 8576
f 8576 8028 8035
f 8561 8028 8576
f 8579 8563 8564
f 8578 8563 8579
f 8039 8038 8565
f 8039 8565 8578
f 8578 8565 8563
f 8565 8038 8031
f 8568 8032 8040
f 8580 8568 8040
f 8580 8040 8581
f 8040 8041 8581
f 8041 8582 8581
f 8042 8582 8041
f 8044 8583 8584
f 8043 8583 8044
f 8583 8043 8034
f 8569 8583 8034
f 8587 8586 8585
f 8570 8046 8047
f 8572 8570 8047
f 8572 8047 8585
f 8572 8585 8586
f 8573 8046 8570
f 8048 8046 8573
f 8575 8048 8573
f 8575 8588 8048
f 8588 8049 8048
f 8588 8589 8049
f 8049 8589 8051
f 8051 8589 8590
f 8052 8051 8590
f 8577 8036 8591
f 8591 8036 8053
f 8594 8592 8593
f 8578 8056 8055
f 8579 8056 8578
f 8579 8592 8056
f 8579 8593 8592
f 8578 8055 8039
f 8582 8042 8057
f 8595 8582 8057
f 8596 8057 8059
f 8596 8597 8057
f 8597 8595 8057
f 8597 8596 8598
f 8601 8599 8600
f 8600 8599 8602
f 8584 8603 8044
f 8603 8062 8044
f 8585 8064 8065
f 8585 8065 8587
f 8587 8065 8604
f 8585 8047 8064
f 8590 8066 8052
f 8605 8066 8590
f 8605 8606 8066
f 8066 8606 8067
f 8608 8607 8068
f 8608 8068 8606
f 8606 8068 8067
f 8069 8068 8607
f 8609 8069 8607
f 8070 8069 8609
f 8610 8070 8609
f 8071 8070 8610
f 8611 8071 8610
f 8611 8053 8071
f 8611 8612 8053
f 8612 8591 8053
f 8614 8592 8594
f 8613 8592 8614
f 8592 8613 8072
f 8056 8592 8072
f 8596 8059 8073
f 8598 8596 8073
f 8598 8073 8615
f 8615 8073 8074
f 8599 8601 8615
f 8599 8615 8075
f 8075 8615 8074
f 8075 8077 8616
f 8599 8075 8616
f 8599 8616 8617
f 8599 8617 8602
f 8617 8616 8618
f 8079 8619 8080
f 8082 8619 8079
f 8620 8619 8082
f 8620 8621 8622
f 8620 8082 8621
f 8082 8083 8621
f 8621 8083 8623
f 8083 8084 8623
f 8623 8084 8624
f 8084 8085 8624
f 8624 8085 8062
f 8603 8624 8062
f 8604 8065 8625
f 8625 8065 8086
f 8608 8626 8607
f 8607 8627 8609
f 8626 8627 8607
f 8609 8628 8610
f 8627 8628 8609
f 8610 8629 8611
f 8628 8629 8610
f 8611 8629 8612
f 8613 8089 8088
f 8613 8614 8089
f 8614 8630 8089
f 8613 8088 8072
f 8616 8077 8090
f 8618 8616 8090
f 8618 8090 8631
f 8631 8090 8091
f 8631 8091 8632
f 8091 8092 8632
f 8080 8619 8633
f 8080 8633 8092
f 8092 8633 8632
f 8619 8620 8634
f 8633 8619 8634
f 8620 8622 8634
f 8625 8086 8635
f 8635 8086 8093
f 8630 8636 8089
f 8636 8094 8089
f 8635 8093 8637
f 8637 8093 8095
f 8640 8638 8639
f 8639 8641 8642
f 8638 8641 8639
f 8642 8643 8644
f 8641 8643 8642
f 8644 8645 8646
f 8643 8645 8644
f 8646 8647 8648
f 8645 8647 8646
f 8648 8647 8649
f 8652 8650 8651
f 8651 8650 8096
f 8651 8096 8636
f 8636 8096 8094
f 8637 8095 8097
f 8653 8637 8097
f 8653 8097 8654
f 8097 8099 8654
f 8654 8099 8655
f 8099 8100 8655
f 8655 8100 8656
f 8100 8101 8656
f 8656 8101 8657
f 8101 8102 8657
f 8657 8102 8658
f 8102 8103 8658
f 8638 8640 8658
f 8638 8658 8104
f 8104 8658 8103
f 8641 8638 8104
f 8105 8641 8104
f 8643 8641 8105
f 8106 8643 8105
f 8645 8643 8106
f 8107 8645 8106
f 8647 8645 8107
f 8108 8647 8107
f 8108 8649 8647
f 8108 8109 8649
f 8109 8659 8649
f 8650 8111 8110
f 8650 8652 8111
f 8652 8660 8111
f 8650 8110 8096
f 8659 8109 8112
f 8661 8659 8112
f 8112 8662 8661
f 8113 8662 8112
f 8116 8663 8664
f 8115 8663 8116
f 8663 8115 8665
f 8115 8118 8665
f 8667 8120 8666
f 8667 8665 8120
f 8665 8118 8120
f 8120 8121 8666
f 8124 8668 8669
f 8123 8668 8124
f 8668 8123 8111
f 8660 8668 8111
f 8662 8113 8125
f 8670 8662 8125
f 8125 8671 8670
f 8126 8671 8125
f 8128 8672 8129
f 8130 8672 8128
f 8673 8672 8130
f 8673 8130 8116
f 8673 8116 8674
f 8674 8116 8664
f 8667 8666 8675
f 8677 8134 8676
f 8675 8134 8677
f 8675 8121 8134
f 8675 8666 8121
f 8136 8676 8134
f 8678 8676 8136
f 8138 8678 8136
f 8679 8678 8138
f 8140 8679 8138
f 8680 8679 8140
f 8142 8680 8140
f 8681 8680 8142
f 8142 8143 8681
f 8145 8682 8683
f 8144 8682 8145
f 8682 8144 8124
f 8669 8682 8124
f 8671 8126 8146
f 8684 8671 8146
f 8684 8146 8685
f 8146 8147 8685
f 8686 8147 8148
f 8686 8687 8147
f 8687 8685 8147
f 8687 8688 8689
f 8686 8688 8687
f 8689 8688 8690
f 8153 8691 8692
f 8152 8691 8153
f 8691 8152 8693
f 8152 8154 8693
f 8129 8672 8694
f 8129 8694 8154
f 8154 8694 8693
f 8672 8673 8695
f 8694 8672 8695
f 8673 8674 8695
f 8677 8676 8696
f 8676 8678 8697
f 8696 8676 8697
f 8678 8679 8698
f 8697 8678 8698
f 8679 8680 8699
f 8698 8679 8699
f 8680 8681 8700
f 8699 8680 8700
f 8702 8155 8701
f 8700 8155 8702
f 8700 8143 8155
f 8700 8681 8143
f 8156 8701 8155
f 8703 8701 8156
f 8157 8703 8156
f 8704 8703 8157
f 8158 8704 8157
f 8705 8704 8158
f 8159 8705 8158
f 8706 8705 8159
f 8160 8706 8159
f 8707 8706 8160
f 8160 8162 8707
f 8169 8708 8709
f 8168 8708 8169
f 8708 8168 8145
f 8683 8708 8145
f 8686 8148 8170
f 8688 8686 8170
f 8171 8688 8170
f 8690 8688 8171
f 8690 8171 8710
f 8710 8171 8172
f 8710 8172 8711
f 8172 8173 8711
f 8711 8173 8712
f 8173 8174 8712
f 8712 8174 8713
f 8174 8175 8713
f 8713 8175 8714
f 8175 8176 8714
f 8714 8176 8715
f 8176 8177 8715
f 8715 8177 8716
f 8177 8178 8716
f 8716 8178 8717
f 8178 8179 8717
f 8717 8179 8718
f 8179 8180 8718
f 8718 8180 8719
f 8180 8181 8719
f 8719 8181 8720
f 8181 8182 8720
f 8720 8182 8721
f 8182 8183 8721
f 8721 8183 8722
f 8183 8184 8722
f 8722 8184 8723
f 8184 8185 8723
f 8723 8185 8724
f 8185 8186 8724
f 8724 8186 8725
f 8186 8187 8725
f 8725 8187 8726
f 8187 8188 8726
f 8726 8188 8727
f 8188 8189 8727
f 8727 8189 8728
f 8189 8190 8728
f 8728 8190 8729
f 8190 8191 8729
f 8729 8191 8730
f 8191 8192 8730
f 8730 8192 8731
f 8192 8193 8731
f 8731 8193 8732
f 8193 8194 8732
f 8732 8194 8733
f 8194 8195 8733
f 8733 8195 8734
f 8195 8196 8734
f 8734 8196 8735
f 8196 8197 8735
f 8735 8197 8153
f 8692 8735 8153
f 8738 8737 8736
f 8737 8702 8701
f 8737 8701 8736
f 8736 8701 8739
f 8701 8703 8739
f 8703 8740 8739
f 8703 8704 8740
f 8704 8741 8740
f 8704 8705 8741
f 8705 8742 8741
f 8200 8706 8199
f 8200 8742 8706
f 8742 8705 8706
f 8707 8199 8706
f 8202 8199 8707
f 8707 8162 8202
f 8210 8743 8744
f 8209 8743 8210
f 8743 8209 8745
f 8209 8211 8745
f 8745 8211 8169
f 8709 8745 8169
f 8748 8747 8746
f 8747 8738 8736
f 8747 8736 8746
f 8746 8736 8749
f 8736 8739 8749
f 8739 8750 8749
f 8739 8740 8750
f 8740 8751 8750
f 8214 8741 8213
f 8214 8751 8741
f 8751 8740 8741
f 8742 8213 8741
f 8216 8213 8742
f 8742 8200 8216
f 8224 8752 8753
f 8223 8752 8224
f 8752 8223 8754
f 8223 8225 8754
f 8754 8225 8210
f 8744 8754 8210
f 8756 8748 8746
f 8755 8756 8746
f 8746 8749 8755
f 8749 8757 8755
f 8749 8750 8757
f 8750 8758 8757
f 8750 8751 8758
f 8751 8759 8758
f 8751 8227 8759
f 8214 8227 8751
f 8236 8760 8761
f 8235 8760 8236
f 8760 8235 8762
f 8235 8237 8762
f 8762 8237 8224
f 8753 8762 8224
f 8756 8755 8763
f 8755 8757 8764
f 8763 8755 8764
f 8766 8764 8757
f 8766 8757 8765
f 8765 8757 8758
f 8758 8759 8765
f 8759 8767 8765
f 8238 8759 8227
f 8238 8768 8759
f 8768 8767 8759
f 8239 8768 8238
f 8769 8768 8239
f 8239 8241 8769
f 8253 8770 8771
f 8252 8770 8253
f 8770 8252 8772
f 8252 8254 8772
f 8772 8254 8236
f 8761 8772 8236
f 8766 8765 8773
f 8765 8767 8774
f 8773 8765 8774
f 8767 8768 8775
f 8774 8767 8775
f 8768 8769 8776
f 8775 8768 8776
f 8769 8241 8255
f 8769 8255 8776
f 8776 8255 8777
f 8777 8255 8778
f 8255 8256 8778
f 8780 8257 8779
f 8780 8778 8257
f 8778 8256 8257
f 8258 8779 8257
f 8781 8779 8258
f 8259 8781 8258
f 8782 8781 8259
f 8260 8782 8259
f 8783 8782 8260
f 8261 8783 8260
f 8784 8783 8261
f 8262 8784 8261
f 8785 8784 8262
f 8785 8786 8787
f 8785 8262 8786
f 8262 8263 8786
f 8263 8788 8786
f 8264 8788 8263
f 8267 8789 8790
f 8266 8789 8267
f 8789 8266 8791
f 8266 8268 8791
f 8791 8268 8792
f 8268 8269 8792
f 8792 8269 8253
f 8771 8792 8253
f 8780 8779 8793
f 8779 8781 8794
f 8793 8779 8794
f 8781 8782 8795
f 8794 8781 8795
f 8782 8783 8796
f 8795 8782 8796
f 8783 8784 8797
f 8796 8783 8797
f 8784 8785 8798
f 8797 8784 8798
f 8785 8787 8798
f 8788 8264 8270
f 8799 8788 8270
f 8270 8800 8799
f 8272 8800 8270
f 8275 8801 8276
f 8801 8802 8803
f 8801 8275 8802
f 8275 8277 8802
f 8802 8277 8804
f 8277 8278 8804
f 8804 8278 8267
f 8790 8804 8267
f 8800 8272 8279
f 8805 8800 8279
f 8805 8279 8806
f 8279 8280 8806
f 8806 8280 8807
f 8280 8281 8807
f 8276 8801 8808
f 8276 8808 8281
f 8281 8808 8807
f 8801 8803 8808
f 8298 8299 8809
f 8300 8298 8809
f 8810 8300 8809
f 8300 8810 8301
f 8304 8305 8811
f 8306 8304 8811
f 8812 8306 8811
f 8307 8306 8812
f 8813 8307 8812
f 8308 8307 8813
f 8814 8308 8813
f 8309 8308 8814
f 8815 8309 8814
f 8310 8309 8815
f 8816 8310 8815
f 8311 8310 8816
f 8817 8311 8816
f 8312 8311 8817
f 8818 8312 8817
f 8313 8312 8818
f 8819 8313 8818
f 8314 8313 8819
f 8820 8314 8819
f 8820 8822 8821
f 8820 8821 8314
f 8314 8821 8315
f 8821 8823 8315
f 8315 8823 8316
f 8823 8824 8316
f 8316 8824 8317
f 8824 8825 8317
f 8317 8825 8318
f 8825 8826 8318
f 8318 8826 8319
f 8826 8827 8319
f 8319 8827 8320
f 8827 8828 8320
f 8320 8828 8321
f 8830 8829 8322
f 8830 8322 8828
f 8828 8322 8321
f 8323 8322 8829
f 8831 8323 8829
f 8324 8323 8831
f 8832 8324 8831
f 8324 8832 8325
f 8329 8834 8833
f 8328 8329 8833
f 8833 8835 8328
f 8328 8835 8330
f 8837 8836 8331
f 8837 8331 8835
f 8835 8331 8330
f 8331 8836 8333
f 8838 8809 8299
f 8838 8299 8839
f 8839 8299 8335
f 8809 8840 8810
f 8838 8840 8809
f 8810 8840 8841
f 8810 8841 8301
f 8301 8841 8337
f 8340 8341 8842
f 8342 8340 8842
f 8843 8342 8842
f 8843 8845 8844
f 8843 8844 8342
f 8342 8844 8343
f 8305 8846 8811
f 8305 8343 8846
f 8343 8844 8846
f 8811 8847 8812
f 8846 8847 8811
f 8812 8848 8813
f 8847 8848 8812
f 8813 8849 8814
f 8848 8849 8813
f 8814 8850 8815
f 8849 8850 8814
f 8815 8851 8816
f 8850 8851 8815
f 8816 8852 8817
f 8851 8852 8816
f 8817 8853 8818
f 8852 8853 8817
f 8818 8854 8819
f 8853 8854 8818
f 8819 8855 8820
f 8854 8855 8819
f 8820 8855 8822
f 8830 8856 8829
f 8829 8857 8831
f 8856 8857 8829
f 8831 8858 8832
f 8857 8858 8831
f 8860 8859 8344
f 8858 8860 8344
f 8858 8344 8325
f 8858 8325 8832
f 8345 8344 8859
f 8861 8345 8859
f 8861 8863 8862
f 8861 8862 8345
f 8345 8862 8346
f 8862 8329 8346
f 8834 8329 8862
f 8837 8864 8836
f 8836 8347 8333
f 8836 8864 8347
f 8864 8865 8347
f 8865 8866 8347
f 8347 8866 8348
f 8866 8867 8348
f 8348 8867 8349
f 8869 8868 8350
f 8869 8350 8867
f 8867 8350 8349
f 8351 8350 8868
f 8870 8351 8868
f 8352 8351 8870
f 8871 8352 8870
f 8353 8352 8871
f 8872 8353 8871
f 8354 8353 8872
f 8873 8354 8872
f 8355 8354 8873
f 8874 8355 8873
f 8355 8874 8357
f 8839 8335 8875
f 8875 8335 8370
f 8841 8876 8337
f 8876 8372 8337
f 8375 8376 8877
f 8377 8375 8877
f 8878 8377 8877
f 8878 8880 8879
f 8377 8878 8879
f 8377 8879 8842
f 8377 8842 8341
f 8842 8881 8843
f 8879 8881 8842
f 8843 8881 8845
f 8860 8882 8859
f 8859 8883 8861
f 8882 8883 8859
f 8861 8883 8863
f 8869 8884 8868
f 8868 8885 8870
f 8884 8885 8868
f 8870 8886 8871
f 8885 8886 8870
f 8871 8887 8872
f 8886 8887 8871
f 8872 8888 8873
f 8887 8888 8872
f 8873 8889 8874
f 8888 8889 8873
f 8874 8378 8357
f 8874 8889 8378
f 8889 8890 8378
f 8890 8891 8378
f 8378 8891 8379
f 8891 8892 8379
f 8379 8892 8380
f 8892 8893 8380
f 8380 8893 8381
f 8893 8894 8381
f 8381 8894 8382
f 8894 8895 8382
f 8382 8895 8383
f 8895 8896 8383
f 8383 8896 8384
f 8896 8897 8384
f 8384 8897 8385
f 8897 8898 8385
f 8385 8898 8386
f 8898 8899 8386
f 8386 8899 8387
f 8899 8900 8387
f 8387 8900 8388
f 8900 8901 8388
f 8388 8901 8389
f 8903 8902 8390
f 8903 8390 8901
f 8901 8390 8389
f 8391 8390 8902
f 8904 8391 8902
f 8392 8391 8904
f 8905 8392 8904
f 8393 8392 8905
f 8906 8393 8905
f 8394 8393 8906
f 8907 8394 8906
f 8394 8907 8396
f 8875 8370 8908
f 8908 8370 8400
f 8876 8909 8372
f 8909 8402 8372
f 8405 8406 8910
f 8407 8405 8910
f 8911 8407 8910
f 8376 8407 8911
f 8376 8911 8877
f 8877 8911 8912
f 8913 8912 8914
f 8913 8878 8912
f 8878 8877 8912
f 8878 8913 8880
f 8903 8915 8902
f 8902 8916 8904
f 8915 8916 8902
f 8904 8917 8905
f 8916 8917 8904
f 8905 8918 8906
f 8917 8918 8905
f 8906 8919 8907
f 8918 8919 8906
f 8907 8408 8396
f 8907 8919 8408
f 8919 8920 8408
f 8922 8921 8409
f 8922 8409 8920
f 8920 8409 8408
f 8410 8409 8921
f 8923 8410 8921
f 8411 8410 8923
f 8924 8411 8923
f 8411 8924 8413
f 8418 8926 8925
f 8417 8418 8925
f 8927 8419 8417
f 8927 8417 8928
f 8928 8417 8925
f 8928 8930 8929
f 8927 8928 8929
f 8930 8931 8929
f 8908 8400 8932
f 8932 8400 8420
f 8935 8933 8934
f 8934 8933 8421
f 8934 8421 8909
f 8909 8421 8402
f 8425 8426 8936
f 8406 8425 8936
f 8406 8936 8910
f 8910 8936 8937
f 8938 8937 8939
f 8938 8911 8937
f 8911 8910 8937
f 8911 8940 8912
f 8938 8940 8911
f 8912 8940 8914
f 8922 8941 8921
f 8943 8921 8941
f 8943 8942 8921
f 8942 8923 8921
f 8923 8942 8924
f 8924 8942 8944
f 8427 8413 8924
f 8427 8924 8945
f 8945 8924 8944
f 8427 8945 8429
f 8434 8947 8946
f 8433 8434 8946
f 8946 8418 8433
f 8926 8418 8946
f 8927 8435 8419
f 8929 8435 8927
f 8436 8435 8929
f 8931 8436 8929
f 8931 8948 8436
f 8948 8437 8436
f 8437 8948 8949
f 8438 8437 8949
f 8950 8951 8932
f 8950 8932 8439
f 8439 8932 8420
f 8933 8442 8441
f 8935 8442 8933
f 8935 8950 8442
f 8935 8951 8950
f 8933 8441 8421
f 8446 8447 8952
f 8426 8446 8952
f 8426 8952 8936
f 8936 8952 8953
f 8936 8953 8937
f 8937 8953 8954
f 8939 8954 8955
f 8937 8954 8939
f 8957 8942 8943
f 8956 8942 8957
f 8942 8956 8944
f 8944 8956 8958
f 8944 8958 8945
f 8945 8958 8959
f 8448 8429 8945
f 8448 8945 8960
f 8960 8945 8959
f 8448 8960 8450
f 8963 8962 8961
f 8455 8961 8962
f 8455 8962 8454
f 8454 8962 8964
f 8964 8965 8454
f 8454 8965 8456
f 8965 8966 8456
f 8456 8966 8457
f 8966 8967 8457
f 8457 8967 8458
f 8967 8968 8458
f 8458 8968 8459
f 8968 8969 8459
f 8459 8969 8460
f 8969 8970 8460
f 8460 8970 8461
f 8970 8971 8461
f 8461 8971 8462
f 8971 8972 8462
f 8462 8972 8463
f 8972 8434 8463
f 8947 8434 8972
f 8949 8464 8438
f 8973 8464 8949
f 8975 8974 8465
f 8975 8465 8973
f 8973 8465 8464
f 8465 8974 8466
f 8950 8439 8467
f 8950 8467 8442
f 8470 8471 8976
f 8447 8470 8976
f 8447 8976 8952
f 8952 8976 8977
f 8952 8977 8953
f 8953 8977 8978
f 8979 8978 8980
f 8979 8954 8978
f 8954 8953 8978
f 8954 8979 8955
f 8982 8956 8957
f 8981 8956 8982
f 8956 8981 8958
f 8958 8981 8983
f 8958 8983 8959
f 8959 8983 8984
f 8959 8984 8960
f 8960 8984 8985
f 8960 8985 8473
f 8450 8960 8473
f 8961 8479 8480
f 8961 8480 8963
f 8963 8480 8986
f 8961 8455 8479
f 8975 8987 8974
f 8974 8987 8988
f 8974 8988 8466
f 8466 8988 8481
f 8976 8471 8484
f 8484 8485 8989
f 8484 8989 8976
f 8976 8989 8977
f 8977 8989 8978
f 8978 8989 8990
f 8980 8990 8991
f 8978 8990 8980
f 8982 8992 8981
f 8981 8993 8983
f 8992 8993 8981
f 8995 8983 8993
f 8995 8994 8983
f 8994 8984 8983
f 8984 8994 8985
f 8985 8994 8996
f 8486 8473 8985
f 8486 8985 8997
f 8997 8985 8996
f 8486 8997 8488
f 8986 8480 8998
f 8998 8480 8493
f 8988 8494 8481
f 8999 8494 8988
f 8494 8999 9000
f 8495 8494 9000
f 9001 8989 8485
f 8497 9001 8485
f 8989 9001 8990
f 8990 9001 9002
f 8991 9003 9004
f 8991 8990 9003
f 8990 9002 9003
f 9004 9003 9005
f 8995 9006 8994
f 8994 9007 8996
f 9006 9007 8994
f 8996 9008 8997
f 9007 9008 8996
f 9010 9009 8498
f 9008 9010 8498
f 9008 8498 8488
f 9008 8488 8997
f 8499 8498 9009
f 9011 8499 9009
f 8499 9011 8501
f 8507 9013 9012
f 8506 8507 9012
f 9012 8493 8506
f 8998 8493 9012
f 9000 9014 8495
f 9014 8508 8495
f 9001 8497 8511
f 8511 8512 9015
f 8511 9015 9001
f 9001 9015 9002
f 9002 9015 9003
f 9003 9015 9016
f 9005 9017 9018
f 9005 9003 9017
f 9003 9016 9017
f 9018 9017 9019
f 9021 9009 9010
f 9020 9009 9021
f 9009 9020 9011
f 9011 9020 9022
f 8513 8501 9011
f 8513 9011 9023
f 9023 9011 9022
f 8514 8513 9023
f 9024 8514 9023
f 8515 8514 9024
f 9025 8515 9024
f 9025 9027 9026
f 9025 9026 8515
f 8515 9026 8516
f 9026 9028 8516
f 8516 9028 8517
f 9028 8507 8517
f 9013 8507 9028
f 9014 9029 8508
f 9029 8518 8508
f 9030 9015 8512
f 8520 9030 8512
f 9031 9030 9032
f 9031 9016 9030
f 9016 9015 9030
f 9016 9033 9017
f 9031 9033 9016
f 9017 9033 9019
f 9021 9034 9020
f 9020 9035 9022
f 9034 9035 9020
f 9037 9022 9035
f 9037 9036 9022
f 9036 9023 9022
f 9038 9036 9039
f 9038 9024 9036
f 9024 9023 9036
f 9024 9040 9025
f 9038 9040 9024
f 9025 9040 9027
f 9029 9041 8518
f 9041 8521 8518
f 9042 9030 8520
f 8522 9042 8520
f 9032 9042 9043
f 9030 9042 9032
f 9046 9044 9045
f 9045 9044 9047
f 9037 9048 9036
f 9036 9048 9039
f 9041 8524 8521
f 9049 8524 9041
f 8524 9049 9050
f 8525 8524 9050
f 9042 8522 8526
f 9043 9042 8526
f 9043 8526 9051
f 9051 8526 8527
f 9051 8527 9052
f 8527 8529 9052
f 9046 9054 9044
f 9055 9052 9053
f 9052 8530 9053
f 9052 8529 8530
f 9044 9054 9047
f 9053 8530 8531
f 9057 9058 9056
f 9057 9056 9059
f 9050 9060 8525
f 9060 8533 8525
f 8535 9062 9061
f 8534 8535 9061
f 9061 9063 8534
f 8534 9063 8536
f 9063 9064 8536
f 8536 9064 8537
f 9053 9064 9055
f 9053 8538 9064
f 8538 8537 9064
f 9058 9065 9056
f 9053 8531 8538
f 9056 9065 9059
f 8540 9066 9067
f 8539 9066 8540
f 9066 8539 8533
f 9060 9066 8533
f 8541 8542 9068
f 9068 9070 9069
f 9068 9069 8541
f 8541 9069 8543
f 9069 8535 8543
f 9062 8535 9069
f 9073 9071 9072
f 9072 9074 9075
f 9071 9074 9072
f 8546 9075 9074
f 8546 8545 9075
f 8545 9076 9075
f 8545 9077 9076
f 8547 9077 8545
f 9067 9078 8540
f 9078 8548 8540
f 8551 9080 9079
f 8550 8551 9079
f 8542 9081 9068
f 8542 8550 9081
f 8550 9079 9081
f 9068 9081 9070
f 9073 9082 9071
f 9084 9071 9082
f 9084 9083 9071
f 9083 9074 9071
f 8552 8546 9074
f 8552 9074 9085
f 9085 9074 9083
f 8554 9086 9085
f 8554 9085 8555
f 9086 9077 9085
f 8552 9085 8547
f 9077 8547 9085
f 9086 8554 9087
f 8554 8557 9087
f 8557 9088 9087
f 8558 9088 8557
f 9078 9089 8548
f 9089 8559 8548
f 8561 9091 9090
f 8560 8561 9090
f 9090 8551 8560
f 9080 8551 9090
f 9084 9092 9083
f 9094 9083 9092
f 9094 9093 9083
f 9093 9085 9083
f 8562 8555 9085
f 8562 9085 9095
f 9095 9085 9093
f 8562 9095 8564
f 9088 8558 8566
f 9096 9088 8566
f 9096 8566 9097
f 8566 8567 9097
f 8567 9098 9097
f 8568 9098 8567
f 9089 9099 8559
f 9099 8569 8559
f 8572 9101 9100
f 8571 8572 9100
f 9100 9102 8571
f 8571 9102 8574
f 9103 8575 8574
f 9103 8574 9104
f 9104 8574 9102
f 9104 9105 9103
f 8577 9107 9106
f 8576 8577 9106
f 9106 8561 8576
f 9091 8561 9106
f 9109 9093 9094
f 9108 9093 9109
f 9093 9108 9095
f 9095 9108 9110
f 9095 9110 8579
f 8564 9095 8579
f 9098 8568 8580
f 9111 9098 8580
f 9111 8580 9112
f 8580 8581 9112
f 8581 9113 9112
f 8582 9113 8581
f 8584 9114 9115
f 8583 9114 8584
f 9114 8583 8569
f 9099 9114 8569
f 8587 9117 9116
f 8586 8587 9116
f 9116 8572 8586
f 9101 8572 9116
f 9103 8588 8575
f 9105 8588 9103
f 9105 9118 8588
f 9118 8589 8588
f 8589 9118 9119
f 8590 8589 9119
f 9107 8577 9120
f 9120 8577 8591
f 9122 9108 9109
f 9121 9108 9122
f 8594 8593 9110
f 8594 9110 9121
f 9121 9110 9108
f 9110 8593 8579
f 9113 8582 8595
f 9123 9113 8595
f 9123 8595 9124
f 8595 8597 9124
f 9125 8597 8598
f 9125 9126 8597
f 9126 9124 8597
f 8601 9126 9125
f 8601 8600 9126
f 8600 9127 9126
f 8600 9128 9127
f 8602 9128 8600
f 9131 9129 9130
f 9130 9129 8603
f 9130 8603 9115
f 9115 8603 8584
f 9117 8587 9132
f 9132 8587 8604
f 8605 9134 9133
f 8605 8590 9134
f 8590 9119 9134
f 8606 8605 9133
f 9135 8606 9133
f 8606 9135 8608
f 9120 8591 9136
f 9136 8591 8612
f 9139 9137 9138
f 9138 9121 9122
f 9138 9137 9121
f 9137 9140 9121
f 9121 9140 8614
f 8594 9121 8614
f 9125 8598 8615
f 9125 8615 8601
f 9128 8602 8617
f 9141 9128 8617
f 9142 8617 8618
f 9142 9143 8617
f 9143 9141 8617
f 9143 9142 9144
f 8622 9145 9146
f 8621 9145 8622
f 9145 8621 9147
f 8621 8623 9147
f 9129 9131 9147
f 9129 9147 8624
f 8624 9147 8623
f 9129 8624 8603
f 9132 8604 9148
f 9148 8604 8625
f 9150 9133 9134
f 9149 9133 9150
f 9133 9149 9135
f 9135 9149 9151
f 8626 8608 9135
f 8626 9135 9152
f 9152 9135 9151
f 8627 8626 9152
f 9153 8627 9152
f 8628 8627 9153
f 9154 8628 9153
f 8629 8628 9154
f 9155 8629 9154
f 9155 8612 8629
f 9155 9156 8612
f 9156 9136 8612
f 9158 9137 9139
f 9157 9137 9158
f 9137 9157 9140
f 9140 9157 9159
f 9140 9159 8630
f 8614 9140 8630
f 9142 8618 8631
f 9144 9142 8631
f 9144 8631 9160
f 9160 8631 8632
f 9160 8632 9161
f 8632 8633 9161
f 9161 8633 9162
f 8633 8634 9162
f 9162 8634 8622
f 9146 9162 8622
f 9148 8625 9163
f 9163 8625 8635
f 9165 9149 9150
f 9164 9149 9165
f 9149 9164 9151
f 9151 9164 9166
f 9151 9166 9152
f 9152 9166 9167
f 9152 9167 9153
f 9153 9167 9168
f 9153 9168 9154
f 9154 9168 9169
f 9154 9169 9155
f 9155 9169 9170
f 9156 9170 9171
f 9155 9170 9156
f 9158 9172 9157
f 9174 9157 9172
f 9174 9173 9157
f 9173 9159 9157
f 9159 9173 8636
f 8630 9159 8636
f 9163 8635 9175
f 9175 8635 8637
f 9178 9176 9177
f 9177 9164 9165
f 9177 9176 9164
f 9176 9179 9164
f 8640 8639 9166
f 8640 9166 9179
f 9179 9166 9164
f 9167 9166 8639
f 8642 9167 8639
f 9168 9167 8642
f 8644 9168 8642
f 9169 9168 8644
f 8646 9169 8644
f 9170 9169 8646
f 8648 9170 8646
f 8648 9171 9170
f 8648 8649 9171
f 8649 9180 9171
f 9183 9181 9182
f 9173 8652 8651
f 9174 8652 9173
f 9174 9181 8652
f 9174 9182 9181
f 9173 8651 8636
f 9175 8637 8653
f 9184 9175 8653
f 9184 8653 9185
f 8653 8654 9185
f 9185 8654 9186
f 8654 8655 9186
f 9186 8655 9187
f 8655 8656 9187
f 9176 9178 9187
f 9176 9187 8657
f 8657 9187 8656
f 9179 9176 8657
f 8658 9179 8657
f 9179 8658 8640
f 9180 8649 9188
f 9188 8649 8659
f 9190 9181 9183
f 9189 9181 9190
f 9181 9189 8660
f 8652 9181 8660
f 9188 8659 8661
f 9191 9188 8661
f 8661 9192 9191
f 8662 9192 8661
f 8664 9193 9194
f 8663 9193 8664
f 9193 8663 9195
f 8663 8665 9195
f 9196 8665 8667
f 9196 9197 8665
f 9197 9195 8665
f 9197 9196 9198
f 9201 9199 9200
f 9200 9202 9203
f 9199 9202 9200
f 9203 9202 9204
f 9207 9205 9206
f 9189 8669 8668
f 9190 8669 9189
f 9190 9205 8669
f 9190 9206 9205
f 9189 8668 8660
f 9192 8662 8670
f 9208 9192 8670
f 9209 8670 8671
f 9209 9210 8670
f 9210 9208 8670
f 9210 9209 9211
f 9194 9212 8664
f 9212 8674 8664
f 8675 9213 9215
f 8675 9215 8667
f 9214 9196 9215
f 9196 8667 9215
f 9214 9198 9196
f 9213 8675 8677
f 9201 9216 9199
f 9199 9217 9202
f 9216 9217 9199
f 9202 9217 9204
f 9220 9218 9219
f 9205 8683 8682
f 9207 8683 9205
f 9207 9218 8683
f 9207 9219 9218
f 9205 8682 8669
f 9209 8671 8684
f 9211 9209 8684
f 9211 8684 9221
f 9221 8684 8685
f 9221 8685 9222
f 8685 8687 9222
f 9222 8687 9223
f 8687 8689 9223
f 9224 8689 8690
f 9224 9225 8689
f 9225 9223 8689
f 9225 9226 9227
f 9224 9226 9225
f 9227 9228 9229
f 9226 9228 9227
f 9229 9228 9230
f 9233 9231 9232
f 9232 9234 9235
f 9231 9234 9232
f 9235 9236 9237
f 9234 9236 9235
f 9237 9238 9239
f 9236 9238 9237
f 9239 9238 9240
f 9243 9241 9242
f 9242 9244 9245
f 9241 9244 9242
f 9245 9244 9246
f 8692 9247 9248
f 8691 9247 8692
f 9250 8693 9249
f 9250 9247 8693
f 9247 8691 8693
f 9249 9251 9252
f 9249 8693 9251
f 8693 8694 9251
f 9254 8695 9253
f 9254 9251 8695
f 9251 8694 8695
f 9253 8695 8674
f 9253 8674 9255
f 9255 8674 9212
f 9257 9215 9213
f 9256 9257 9213
f 8696 9213 8677
f 8696 9258 9213
f 9258 9256 9213
f 8697 9258 8696
f 9259 9258 8697
f 8698 9259 8697
f 9260 9259 8698
f 8699 9260 8698
f 9261 9260 8699
f 8700 9261 8699
f 9262 9261 8700
f 8700 8702 9262
f 9265 9263 9264
f 9218 8709 8708
f 9220 8709 9218
f 9220 9263 8709
f 9220 9264 9263
f 9218 8708 8683
f 9224 8690 8710
f 9226 9224 8710
f 8711 9226 8710
f 9228 9226 8711
f 8712 9228 8711
f 9230 9228 8712
f 9230 8712 9266
f 9266 8712 8713
f 9266 8713 9267
f 8713 8714 9267
f 9231 9233 9267
f 9231 9267 8715
f 8715 9267 8714
f 9234 9231 8715
f 8716 9234 8715
f 9236 9234 8716
f 8717 9236 8716
f 9238 9236 8717
f 8718 9238 8717
f 9240 9238 8718
f 9240 8718 9268
f 9268 8718 8719
f 9268 8719 9269
f 8719 8720 9269
f 9269 8720 9270
f 8720 8721 9270
f 9270 8721 9271
f 8721 8722 9271
f 9271 8722 9272
f 8722 8723 9272
f 9272 8723 9273
f 8723 8724 9273
f 9273 8724 9274
f 8724 8725 9274
f 9274 8725 9275
f 8725 8726 9275
f 9275 8726 9276
f 8726 8727 9276
f 9276 8727 9277
f 8727 8728 9277
f 9277 8728 9278
f 8728 8729 9278
f 9278 8729 9279
f 8729 8730 9279
f 9279 8730 9280
f 8730 8731 9280
f 9280 8731 9281
f 8731 8732 9281
f 9241 9243 9281
f 9241 9281 8733
f 8733 9281 8732
f 9244 9241 8733
f 8734 9244 8733
f 9246 9244 8734
f 9246 8734 9282
f 9282 8734 8735
f 9282 8735 8692
f 9248 9282 8692
f 9250 9249 9283
f 9249 9252 9283
f 9254 9253 9284
f 9253 9255 9284
f 9286 9257 9256
f 9285 9286 9256
f 9256 9258 9285
f 9258 9287 9285
f 9258 9259 9287
f 9259 9288 9287
f 9259 9260 9288
f 9260 9289 9288
f 9260 9261 9289
f 9261 9290 9289
f 8738 9262 8737
f 8738 9290 9262
f 9290 9261 9262
f 9262 8702 8737
f 9293 9291 9292
f 8744 9292 9291
f 8744 8743 9292
f 8743 9294 9292
f 9263 9265 9294
f 9263 9294 8745
f 8745 9294 8743
f 9263 8745 8709
f 9297 9296 9295
f 9296 9286 9285
f 9296 9285 9295
f 9295 9285 9298
f 9285 9287 9298
f 9287 9299 9298
f 9287 9288 9299
f 9288 9300 9299
f 9288 9289 9300
f 9289 9301 9300
f 8748 9290 8747
f 8748 9301 9290
f 9301 9289 9290
f 9290 8738 8747
f 8753 9302 9303
f 8752 9302 8753
f 9291 9293 9302
f 9291 9302 8754
f 8754 9302 8752
f 9291 8754 8744
f 9305 9297 9295
f 9304 9305 9295
f 9295 9298 9304
f 9298 9306 9304
f 9298 9299 9306
f 9299 9307 9306
f 9299 9300 9307
f 9300 9308 9307
f 9300 9301 9308
f 9301 9309 9308
f 9301 8756 9309
f 8748 8756 9301
f 9312 9310 9311
f 8761 9311 9310
f 8761 8760 9311
f 8760 9313 9311
f 9313 8760 9314
f 8760 8762 9314
f 9314 8762 8753
f 9303 9314 8753
f 9305 9304 9315
f 9304 9306 9316
f 9315 9304 9316
f 9306 9307 9317
f 9316 9306 9317
f 9307 9308 9318
f 9317 9307 9318
f 9308 9309 9319
f 9318 9308 9319
f 9321 8763 9320
f 9319 8763 9321
f 9319 8756 8763
f 9319 9309 8756
f 8764 9320 8763
f 9322 9320 8764
f 8764 8766 9322
f 9325 9323 9324
f 8771 9324 9323
f 8771 8770 9324
f 8770 9326 9324
f 9310 9312 9326
f 9310 9326 8772
f 8772 9326 8770
f 9310 8772 8761
f 9321 9320 9327
f 9320 9322 9328
f 9327 9320 9328
f 9322 8766 8773
f 9322 8773 9328
f 9328 8773 9329
f 9329 8773 9330
f 8773 8774 9330
f 9330 8774 9331
f 8774 8775 9331
f 9331 8775 9332
f 8775 8776 9332
f 9332 8776 9333
f 8776 8777 9333
f 9333 8777 9334
f 8777 8778 9334
f 9335 8778 8780
f 9335 9336 8778
f 9336 9334 8778
f 9336 9337 9338
f 9335 9337 9336
f 9338 9339 9340
f 9337 9339 9338
f 9340 9341 9342
f 9339 9341 9340
f 9342 9343 9344
f 9341 9343 9342
f 9344 9343 9345
f 8787 9346 9347
f 8786 9346 8787
f 8786 9348 9346
f 8788 9348 8786
f 8790 9349 9350
f 8789 9349 8790
f 9349 8789 9351
f 8789 8791 9351
f 9323 9325 9351
f 9323 9351 8792
f 8792 9351 8791
f 9323 8792 8771
f 9335 8780 8793
f 9337 9335 8793
f 8794 9337 8793
f 9339 9337 8794
f 8795 9339 8794
f 9341 9339 8795
f 8796 9341 8795
f 9343 9341 8796
f 8797 9343 8796
f 9345 9343 8797
f 9345 8797 9352
f 9352 8797 8798
f 9352 8798 8787
f 9347 9352 8787
f 9348 8788 8799
f 9353 9348 8799
f 8799 9354 9353
f 8800 9354 8799
f 9357 9355 9356
f 8803 9356 9355
f 8803 8802 9356
f 8802 9358 9356
f 9358 8802 9359
f 8802 8804 9359
f 9359 8804 8790
f 9350 9359 8790
f 9354 8800 8805
f 9360 9354 8805
f 9360 8805 9361
f 8805 8806 9361
f 9361 8806 9362
f 8806 8807 9362
f 9355 9357 9362
f 9355 9362 8808
f 8808 9362 8807
f 9355 8808 8803
f 8821 8822 9363
f 8823 8821 9363
f 9364 8823 9363
f 8824 8823 9364
f 9365 8824 9364
f 8825 8824 9365
f 9366 8825 9365
f 8826 8825 9366
f 9367 8826 9366
f 8827 8826 9367
f 9368 8827 9367
f 8828 8827 9368
f 9369 8828 9368
f 8828 9369 8830
f 8833 8834 9370
f 8835 8833 9370
f 9371 8835 9370
f 8835 9371 8837
f 8838 8839 9372
f 8840 8838 9372
f 9373 8840 9372
f 8840 9373 8841
f 8844 8845 9374
f 8846 8844 9374
f 9375 8846 9374
f 8847 8846 9375
f 9376 8847 9375
f 8848 8847 9376
f 9377 8848 9376
f 9377 9379 9378
f 9377 9378 8848
f 8848 9378 8849
f 9378 9380 8849
f 8849 9380 8850
f 9382 9381 8851
f 9382 8851 9380
f 9380 8851 8850
f 8852 8851 9381
f 9383 8852 9381
f 9383 9385 9384
f 9383 9384 8852
f 8852 9384 8853
f 9384 9386 8853
f 8853 9386 8854
f 9386 9387 8854
f 8854 9387 8855
f 8822 9388 9363
f 8822 8855 9388
f 8855 9387 9388
f 9363 9389 9364
f 9388 9389 9363
f 9364 9390 9365
f 9389 9390 9364
f 9365 9391 9366
f 9390 9391 9365
f 9366 9392 9367
f 9391 9392 9366
f 9367 9393 9368
f 9392 9393 9367
f 9368 9394 9369
f 9393 9394 9368
f 9369 8856 8830
f 9369 9394 8856
f 9394 9395 8856
f 9395 9396 8856
f 8856 9396 8857
f 9398 9397 8858
f 9398 8858 9396
f 9396 8858 8857
f 8858 9397 8860
f 8862 8863 9399
f 9399 9401 9400
f 8862 9399 9400
f 8862 9400 9370
f 8862 9370 8834
f 9370 9402 9371
f 9400 9402 9370
f 9371 8864 8837
f 9371 9402 8864
f 9402 9403 8864
f 9405 9404 8865
f 9405 8865 9403
f 9403 8865 8864
f 8866 8865 9404
f 9406 8866 9404
f 8867 8866 9406
f 9407 8867 9406
f 8867 9407 8869
f 9408 9372 8839
f 8875 9408 8839
f 9372 9408 9373
f 9373 9408 9409
f 9373 9409 8876
f 8841 9373 8876
f 8879 8880 9410
f 8881 8879 9410
f 9411 8881 9410
f 9411 9413 9412
f 8881 9411 9412
f 8881 9412 9374
f 8881 9374 8845
f 9374 9414 9375
f 9412 9414 9374
f 9375 9415 9376
f 9414 9415 9375
f 9376 9416 9377
f 9415 9416 9376
f 9377 9416 9379
f 9382 9417 9381
f 9381 9418 9383
f 9417 9418 9381
f 9383 9418 9385
f 9398 9419 9397
f 9397 8882 8860
f 9397 9419 8882
f 9419 9420 8882
f 9420 9421 8882
f 8882 9421 8883
f 8863 9422 9399
f 8863 8883 9422
f 8883 9421 9422
f 9399 9422 9401
f 9405 9423 9404
f 9404 9424 9406
f 9423 9424 9404
f 9406 9425 9407
f 9424 9425 9406
f 9407 8884 8869
f 9407 9425 8884
f 9425 9426 8884
f 9426 9427 8884
f 8884 9427 8885
f 9427 9428 8885
f 8885 9428 8886
f 9428 9429 8886
f 8886 9429 8887
f 9429 9430 8887
f 8887 9430 8888
f 9430 9431 8888
f 8888 9431 8889
f 9431 9432 8889
f 8889 9432 8890
f 9432 9433 8890
f 8890 9433 8891
f 9433 9434 8891
f 8891 9434 8892
f 9436 9435 8893
f 9436 8893 9434
f 9434 8893 8892
f 8894 8893 9435
f 9437 8894 9435
f 8895 8894 9437
f 9438 8895 9437
f 8896 8895 9438
f 9439 8896 9438
f 8897 8896 9439
f 9440 8897 9439
f 8898 8897 9440
f 9441 8898 9440
f 8899 8898 9441
f 9442 8899 9441
f 8900 8899 9442
f 9443 8900 9442
f 8901 8900 9443
f 9444 8901 9443
f 8901 9444 8903
f 9445 9408 8875
f 9445 8875 9446
f 9446 8875 8908
f 9448 9408 9445
f 9448 9447 9408
f 9447 9409 9408
f 9409 9447 8909
f 8876 9409 8909
f 8913 8914 9449
f 9449 9451 9450
f 8913 9449 9450
f 8913 9450 9410
f 8913 9410 8880
f 9410 9452 9411
f 9450 9452 9410
f 9411 9452 9413
f 9436 9453 9435
f 9435 9454 9437
f 9453 9454 9435
f 9437 9455 9438
f 9454 9455 9437
f 9438 9456 9439
f 9455 9456 9438
f 9439 9457 9440
f 9456 9457 9439
f 9440 9458 9441
f 9457 9458 9440
f 9441 9459 9442
f 9458 9459 9441
f 9442 9460 9443
f 9459 9460 9442
f 9443 9461 9444
f 9460 9461 9443
f 9444 8915 8903
f 9444 9461 8915
f 9461 9462 8915
f 9462 9463 8915
f 8915 9463 8916
f 9465 9464 8917
f 9465 8917 9463
f 9463 8917 8916
f 8918 8917 9464
f 9466 8918 9464
f 8919 8918 9466
f 9467 8919 9466
f 8920 8919 9467
f 9468 8920 9467
f 8920 9468 8922
f 8926 9470 9469
f 8925 8926 9469
f 9469 9471 8925
f 8925 9471 8928
f 9471 9472 8928
f 8928 9472 8930
f 8930 9472 9473
f 8931 8930 9473
f 9474 9475 9446
f 9474 9446 8932
f 8932 9446 8908
f 9447 8935 8934
f 9448 8935 9447
f 9448 9474 8935
f 9448 9475 9474
f 9447 8934 8909
f 8938 8939 9476
f 8940 8938 9476
f 9477 8940 9476
f 8914 8940 9477
f 8914 9477 9449
f 9449 9477 9478
f 9451 9478 9479
f 9449 9478 9451
f 9465 9480 9464
f 9464 9481 9466
f 9480 9481 9464
f 9483 9466 9481
f 9483 9482 9466
f 9482 9467 9466
f 9467 9482 9468
f 9468 9482 9484
f 8941 8922 9468
f 8941 9468 9485
f 9485 9468 9484
f 8941 9485 8943
f 8946 8947 9486
f 9486 8926 8946
f 9486 9487 8926
f 9487 9470 8926
f 9473 8948 8931
f 9488 8948 9473
f 8948 9488 9489
f 8949 8948 9489
f 9474 8932 8951
f 9474 8951 8935
f 9490 9476 8939
f 8955 9490 8939
f 9491 9490 9492
f 9491 9477 9490
f 9477 9476 9490
f 9477 9493 9478
f 9491 9493 9477
f 9478 9493 9479
f 9496 9494 9495
f 9495 9482 9483
f 9495 9494 9482
f 9494 9497 9482
f 9482 9497 9484
f 9484 9497 9498
f 9484 9498 9485
f 9485 9498 9499
f 9485 9499 8957
f 8943 9485 8957
f 8962 8963 9500
f 9500 9502 9501
f 9500 9501 8962
f 8962 9501 8964
f 9501 9503 8964
f 8964 9503 8965
f 9503 9504 8965
f 8965 9504 8966
f 9504 9505 8966
f 8966 9505 8967
f 9505 9506 8967
f 8967 9506 8968
f 9506 9507 8968
f 8968 9507 8969
f 9509 9508 8970
f 9509 8970 9507
f 9507 8970 8969
f 9508 9511 9510
f 9508 9510 8970
f 8970 9510 8971
f 9510 9512 8971
f 8971 9512 8972
f 8947 9513 9486
f 8947 8972 9513
f 8972 9512 9513
f 9486 9513 9487
f 9489 8973 8949
f 9514 8973 9489
f 8973 9514 9515
f 8975 8973 9515
f 8979 8980 9516
f 8955 8979 9516
f 8955 9516 9490
f 9490 9516 9517
f 9492 9517 9518
f 9490 9517 9492
f 9521 9519 9520
f 9520 9494 9496
f 9520 9519 9494
f 9519 9522 9494
f 9494 9522 9497
f 9497 9522 9523
f 9497 9523 9498
f 9498 9523 9524
f 9498 9524 9499
f 9499 9524 9525
f 9499 9525 8982
f 8957 9499 8982
f 9526 9500 8963
f 9526 8963 9527
f 9527 8963 8986
f 9500 9526 9502
f 9509 9528 9508
f 9508 9528 9511
f 8987 9530 9529
f 8987 8975 9530
f 8975 9515 9530
f 8987 9529 8988
f 9531 9516 8980
f 8991 9531 8980
f 9516 9531 9517
f 9517 9531 9532
f 9518 9533 9534
f 9518 9517 9533
f 9517 9532 9533
f 9534 9533 9535
f 9521 9536 9519
f 9519 9537 9522
f 9536 9537 9519
f 9522 9538 9523
f 9537 9538 9522
f 9523 9539 9524
f 9538 9539 9523
f 9541 9524 9539
f 9541 9540 9524
f 9540 9525 9524
f 8992 8982 9525
f 8992 9525 9542
f 9542 9525 9540
f 8993 8992 9542
f 9543 8993 9542
f 8993 9543 8995
f 9527 8986 9544
f 9544 8986 8998
f 9530 9545 9529
f 9529 8999 8988
f 9529 9545 8999
f 9545 9546 8999
f 8999 9546 9547
f 9000 8999 9547
f 9531 8991 9004
f 9004 9005 9548
f 9004 9548 9531
f 9531 9548 9532
f 9532 9548 9533
f 9533 9548 9549
f 9535 9549 9550
f 9533 9549 9535
f 9541 9551 9540
f 9540 9552 9542
f 9551 9552 9540
f 9542 9553 9543
f 9552 9553 9542
f 9555 9554 9006
f 9553 9555 9006
f 9553 9006 8995
f 9553 8995 9543
f 9007 9006 9554
f 9556 9007 9554
f 9008 9007 9556
f 9557 9008 9556
f 9008 9557 9010
f 9012 9013 9558
f 9558 8998 9012
f 9558 9559 8998
f 9559 9544 8998
f 9547 9560 9000
f 9560 9014 9000
f 9548 9005 9018
f 9018 9019 9561
f 9018 9561 9548
f 9548 9561 9549
f 9550 9562 9563
f 9550 9549 9562
f 9549 9561 9562
f 9563 9562 9564
f 9555 9565 9554
f 9554 9566 9556
f 9565 9566 9554
f 9568 9556 9566
f 9568 9567 9556
f 9567 9557 9556
f 9557 9567 9021
f 9010 9557 9021
f 9026 9027 9569
f 9028 9026 9569
f 9570 9028 9569
f 9570 9572 9571
f 9028 9570 9571
f 9028 9571 9558
f 9028 9558 9013
f 9559 9558 9571
f 9574 9575 9573
f 9574 9573 9576
f 9560 9577 9014
f 9577 9029 9014
f 9031 9032 9578
f 9033 9031 9578
f 9579 9033 9578
f 9019 9033 9579
f 9019 9579 9561
f 9561 9579 9580
f 9561 9580 9562
f 9562 9580 9581
f 9564 9581 9582
f 9562 9581 9564
f 9568 9583 9567
f 9585 9584 9034
f 9583 9585 9034
f 9583 9034 9021
f 9583 9021 9567
f 9035 9034 9584
f 9586 9035 9584
f 9035 9586 9037
f 9038 9039 9587
f 9040 9038 9587
f 9588 9040 9587
f 9027 9040 9588
f 9027 9588 9569
f 9569 9588 9589
f 9569 9589 9570
f 9570 9589 9590
f 9572 9590 9591
f 9570 9590 9572
f 9575 9592 9573
f 9573 9592 9576
f 9593 9577 9594
f 9593 9041 9577
f 9041 9029 9577
f 9594 9595 9593
f 9596 9578 9032
f 9043 9596 9032
f 9578 9596 9579
f 9579 9596 9597
f 9046 9045 9580
f 9046 9580 9597
f 9597 9580 9579
f 9045 9047 9598
f 9045 9598 9580
f 9580 9598 9581
f 9582 9598 9599
f 9581 9598 9582
f 9601 9584 9585
f 9600 9584 9601
f 9584 9600 9586
f 9586 9600 9602
f 9048 9037 9586
f 9048 9586 9603
f 9603 9586 9602
f 9039 9048 9603
f 9039 9603 9587
f 9587 9603 9604
f 9587 9604 9588
f 9588 9604 9605
f 9588 9605 9589
f 9589 9605 9606
f 9589 9606 9590
f 9590 9606 9607
f 9591 9607 9608
f 9590 9607 9591
f 9593 9049 9041
f 9049 9593 9595
f 9049 9595 9050
f 9050 9595 9609
f 9596 9043 9051
f 9597 9596 9051
f 9052 9597 9051
f 9055 9611 9597
f 9055 9597 9052
f 9611 9610 9597
f 9046 9597 9054
f 9610 9054 9597
f 9054 9610 9598
f 9054 9598 9047
f 9610 9612 9598
f 9057 9598 9058
f 9612 9058 9598
f 9057 9599 9598
f 9057 9059 9599
f 9059 9613 9599
f 9601 9614 9600
f 9616 9600 9614
f 9616 9615 9600
f 9615 9602 9600
f 9602 9615 9603
f 9603 9615 9617
f 9603 9617 9604
f 9604 9617 9618
f 9604 9618 9605
f 9605 9618 9619
f 9605 9619 9606
f 9606 9619 9620
f 9606 9620 9607
f 9607 9620 9621
f 9608 9621 9622
f 9607 9621 9608
f 9609 9623 9050
f 9623 9060 9050
f 9061 9062 9624
f 9624 9626 9625
f 9624 9625 9061
f 9061 9625 9063
f 9625 9627 9063
f 9063 9627 9064
f 9627 9055 9064
f 9611 9055 9627
f 9612 9065 9058
f 9628 9065 9612
f 9628 9059 9065
f 9613 9059 9628
f 9631 9629 9630
f 9630 9615 9616
f 9630 9629 9615
f 9629 9632 9615
f 9615 9632 9617
f 9617 9632 9633
f 9617 9633 9618
f 9618 9633 9634
f 9618 9634 9619
f 9619 9634 9635
f 9619 9635 9620
f 9620 9635 9636
f 9620 9636 9621
f 9621 9636 9637
f 9622 9637 9638
f 9621 9637 9622
f 9067 9639 9640
f 9066 9639 9067
f 9639 9066 9060
f 9623 9639 9060
f 9069 9070 9641
f 9641 9643 9642
f 9069 9641 9642
f 9069 9642 9624
f 9069 9624 9062
f 9624 9642 9626
f 9631 9644 9629
f 9629 9645 9632
f 9644 9645 9629
f 9647 9632 9645
f 9647 9646 9632
f 9646 9633 9632
f 9633 9646 9634
f 9634 9646 9648
f 9073 9072 9635
f 9073 9635 9648
f 9648 9635 9634
f 9636 9635 9072
f 9075 9636 9072
f 9637 9636 9075
f 9076 9637 9075
f 9076 9077 9649
f 9637 9076 9649
f 9637 9649 9650
f 9637 9650 9638
f 9650 9649 9651
f 9640 9652 9067
f 9652 9078 9067
f 9079 9080 9653
f 9653 9655 9654
f 9653 9654 9079
f 9079 9654 9081
f 9070 9656 9641
f 9070 9081 9656
f 9081 9654 9656
f 9641 9656 9643
f 9647 9657 9646
f 9646 9658 9648
f 9657 9658 9646
f 9660 9659 9082
f 9658 9660 9082
f 9658 9082 9073
f 9658 9073 9648
f 9082 9659 9084
f 9649 9077 9086
f 9651 9649 9086
f 9651 9086 9661
f 9661 9086 9087
f 9662 9087 9088
f 9662 9663 9087
f 9663 9661 9087
f 9663 9662 9664
f 9652 9665 9078
f 9665 9089 9078
f 9668 9667 9666
f 9667 9669 9666
f 9091 9671 9670
f 9090 9091 9670
f 9080 9672 9653
f 9080 9090 9672
f 9090 9670 9672
f 9653 9672 9655
f 9675 9673 9674
f 9674 9659 9660
f 9674 9673 9659
f 9673 9676 9659
f 9092 9084 9659
f 9092 9659 9677
f 9677 9659 9676
f 9092 9677 9094
f 9662 9088 9096
f 9664 9662 9096
f 9664 9096 9678
f 9678 9096 9097
f 9679 9097 9098
f 9679 9680 9097
f 9680 9678 9097
f 9680 9679 9681
f 9665 9682 9089
f 9682 9099 9089
f 9685 9684 9683
f 9666 9100 9101
f 9668 9666 9101
f 9668 9101 9683
f 9668 9683 9684
f 9669 9100 9666
f 9669 9686 9100
f 9686 9102 9100
f 9688 9687 9104
f 9688 9104 9686
f 9686 9104 9102
f 9104 9687 9105
f 9107 9690 9689
f 9106 9107 9689
f 9689 9091 9106
f 9671 9091 9689
f 9692 9673 9675
f 9691 9673 9692
f 9673 9691 9676
f 9676 9691 9693
f 9676 9693 9677
f 9677 9693 9694
f 9677 9694 9109
f 9094 9677 9109
f 9679 9098 9111
f 9681 9679 9111
f 9681 9111 9695
f 9695 9111 9112
f 9696 9112 9113
f 9696 9697 9112
f 9697 9695 9112
f 9697 9698 9699
f 9696 9698 9697
f 9699 9698 9700
f 9703 9701 9702
f 9115 9702 9701
f 9115 9114 9702
f 9114 9704 9702
f 9704 9114 9099
f 9682 9704 9099
f 9683 9116 9117
f 9683 9117 9685
f 9685 9117 9705
f 9683 9101 9116
f 9688 9706 9687
f 9708 9707 9118
f 9706 9708 9118
f 9706 9118 9105
f 9706 9105 9687
f 9118 9707 9119
f 9690 9107 9709
f 9709 9107 9120
f 9711 9691 9692
f 9710 9691 9711
f 9691 9710 9693
f 9693 9710 9712
f 9693 9712 9694
f 9694 9712 9713
f 9694 9713 9122
f 9109 9694 9122
f 9696 9113 9123
f 9698 9696 9123
f 9124 9698 9123
f 9700 9698 9124
f 9700 9124 9714
f 9714 9124 9126
f 9714 9126 9715
f 9126 9127 9715
f 9127 9716 9715
f 9128 9716 9127
f 9719 9717 9718
f 9701 9131 9130
f 9703 9131 9701
f 9703 9717 9131
f 9703 9718 9717
f 9701 9130 9115
f 9705 9117 9720
f 9720 9117 9132
f 9722 9707 9708
f 9721 9707 9722
f 9707 9721 9134
f 9119 9707 9134
f 9709 9120 9723
f 9723 9120 9136
f 9725 9710 9711
f 9724 9710 9725
f 9710 9724 9712
f 9712 9724 9726
f 9139 9138 9713
f 9139 9713 9726
f 9726 9713 9712
f 9713 9138 9122
f 9716 9128 9141
f 9727 9716 9141
f 9727 9141 9728
f 9141 9143 9728
f 9729 9143 9144
f 9729 9730 9143
f 9730 9728 9143
f 9730 9729 9731
f 9145 9732 9146
f 9732 9719 9733
f 9732 9147 9719
f 9732 9145 9147
f 9147 9717 9719
f 9717 9147 9131
f 9720 9132 9734
f 9734 9132 9148
f 9736 9721 9722
f 9735 9721 9736
f 9721 9735 9150
f 9134 9721 9150
f 9723 9136 9737
f 9737 9136 9156
f 9725 9738 9724
f 9740 9724 9738
f 9740 9739 9724
f 9739 9726 9724
f 9726 9739 9158
f 9139 9726 9158
f 9729 9144 9160
f 9731 9729 9160
f 9731 9160 9741
f 9741 9160 9161
f 9741 9161 9742
f 9161 9162 9742
f 9146 9732 9743
f 9146 9743 9162
f 9162 9743 9742
f 9732 9733 9743
f 9734 9148 9744
f 9744 9148 9163
f 9746 9735 9736
f 9745 9735 9746
f 9735 9745 9165
f 9150 9735 9165
f 9737 9156 9747
f 9747 9156 9171
f 9749 9739 9740
f 9748 9739 9749
f 9172 9158 9739
f 9172 9739 9750
f 9750 9739 9748
f 9172 9750 9174
f 9744 9163 9751
f 9751 9163 9175
f 9754 9752 9753
f 9745 9178 9177
f 9746 9178 9745
f 9746 9752 9178
f 9746 9753 9752
f 9745 9177 9165
f 9747 9171 9755
f 9755 9171 9180
f 9757 9748 9749
f 9756 9748 9757
f 9183 9182 9750
f 9183 9750 9756
f 9756 9750 9748
f 9750 9182 9174
f 9751 9175 9184
f 9758 9751 9184
f 9758 9184 9759
f 9184 9185 9759
f 9759 9185 9760
f 9185 9186 9760
f 9752 9754 9760
f 9752 9760 9187
f 9187 9760 9186
f 9752 9187 9178
f 9755 9180 9761
f 9761 9180 9188
f 9764 9762 9763
f 9763 9762 9765
f 9768 9766 9767
f 9767 9756 9757
f 9767 9766 9756
f 9766 9769 9756
f 9756 9769 9190
f 9183 9756 9190
f 9761 9188 9191
f 9770 9761 9191
f 9771 9191 9192
f 9771 9772 9191
f 9772 9770 9191
f 9772 9771 9773
f 9776 9774 9775
f 9775 9774 9777
f 9193 9778 9194
f 9778 9779 9780
f 9778 9193 9779
f 9193 9195 9779
f 9779 9195 9781
f 9195 9197 9781
f 9782 9197 9198
f 9782 9783 9197
f 9783 9781 9197
f 9783 9784 9785
f 9782 9784 9783
f 9785 9786 9787
f 9784 9786 9785
f 9787 9788 9789
f 9786 9788 9787
f 9789 9788 9790
f 9793 9791 9792
f 9792 9794 9795
f 9791 9794 9792
f 9795 9796 9797
f 9794 9796 9795
f 9797 9798 9799
f 9796 9798 9797
f 9799 9800 9801
f 9798 9800 9799
f 9801 9802 9803
f 9800 9802 9801
f 9201 9803 9802
f 9201 9200 9803
f 9200 9804 9803
f 9804 9200 9805
f 9200 9203 9805
f 9806 9203 9204
f 9806 9807 9203
f 9807 9805 9203
f 9807 9808 9809
f 9806 9808 9807
f 9809 9808 9811
f 9764 9810 9762
f 9762 9810 9765
f 9814 9812 9813
f 9813 9766 9768
f 9813 9812 9766
f 9812 9815 9766
f 9207 9206 9769
f 9207 9769 9815
f 9815 9769 9766
f 9769 9206 9190
f 9771 9192 9208
f 9773 9771 9208
f 9773 9208 9816
f 9816 9208 9210
f 9817 9210 9211
f 9817 9818 9210
f 9818 9816 9210
f 9818 9819 9820
f 9817 9819 9818
f 9820 9821 9822
f 9819 9821 9820
f 9822 9821 9823
f 9776 9824 9774
f 9774 9824 9777
f 9825 9194 9778
f 9212 9194 9825
f 9780 9827 9826
f 9780 9826 9778
f 9778 9826 9825
f 9215 9826 9827
f 9215 9827 9214
f 9214 9827 9828
f 9198 9829 9782
f 9198 9214 9829
f 9214 9828 9829
f 9782 9830 9784
f 9829 9830 9782
f 9784 9831 9786
f 9830 9831 9784
f 9786 9832 9788
f 9831 9832 9786
f 9788 9832 9790
f 9834 9791 9793
f 9833 9791 9834
f 9791 9833 9794
f 9794 9833 9835
f 9794 9835 9796
f 9796 9835 9836
f 9796 9836 9798
f 9798 9836 9837
f 9798 9837 9800
f 9800 9837 9838
f 9800 9838 9802
f 9802 9838 9839
f 9216 9201 9802
f 9216 9802 9840
f 9840 9802 9839
f 9217 9216 9840
f 9841 9217 9840
f 9204 9217 9841
f 9204 9841 9806
f 9806 9841 9842
f 9843 9842 9844
f 9843 9808 9842
f 9808 9806 9842
f 9808 9843 9811
f 9847 9845 9846
f 9846 9812 9814
f 9846 9845 9812
f 9845 9848 9812
f 9220 9219 9815
f 9220 9815 9848
f 9848 9815 9812
f 9815 9219 9207
f 9817 9211 9221
f 9819 9817 9221
f 9222 9819 9221
f 9821 9819 9222
f 9223 9821 9222
f 9823 9821 9223
f 9823 9223 9849
f 9849 9223 9225
f 9849 9225 9850
f 9225 9227 9850
f 9850 9227 9851
f 9227 9229 9851
f 9852 9229 9230
f 9852 9853 9229
f 9853 9851 9229
f 9853 9854 9855
f 9852 9854 9853
f 9233 9855 9854
f 9233 9232 9855
f 9232 9856 9855
f 9856 9232 9857
f 9232 9235 9857
f 9857 9235 9858
f 9235 9237 9858
f 9858 9237 9859
f 9237 9239 9859
f 9860 9239 9240
f 9860 9861 9239
f 9861 9859 9239
f 9861 9862 9863
f 9860 9862 9861
f 9863 9864 9865
f 9862 9864 9863
f 9865 9866 9867
f 9864 9866 9865
f 9867 9868 9869
f 9866 9868 9867
f 9869 9870 9871
f 9868 9870 9869
f 9871 9872 9873
f 9870 9872 9871
f 9873 9874 9875
f 9872 9874 9873
f 9875 9876 9877
f 9874 9876 9875
f 9877 9878 9879
f 9876 9878 9877
f 9879 9880 9881
f 9878 9880 9879
f 9881 9882 9883
f 9880 9882 9881
f 9883 9884 9885
f 9882 9884 9883
f 9885 9886 9887
f 9884 9886 9885
f 9243 9887 9886
f 9243 9242 9887
f 9242 9888 9887
f 9888 9242 9889
f 9242 9245 9889
f 9890 9245 9246
f 9890 9891 9245
f 9891 9889 9245
f 9893 9891 9890
f 9892 9248 9247
f 9247 9250 9892
f 9251 9894 9252
f 9251 9254 9894
f 9895 9212 9825
f 9255 9212 9895
f 9825 9826 9895
f 9826 9896 9895
f 9826 9257 9896
f 9215 9257 9826
f 9834 9897 9833
f 9899 9833 9897
f 9899 9898 9833
f 9898 9835 9833
f 9835 9898 9836
f 9836 9898 9900
f 9836 9900 9837
f 9837 9900 9901
f 9837 9901 9838
f 9838 9901 9902
f 9903 9902 9904
f 9903 9839 9902
f 9839 9838 9902
f 9839 9905 9840
f 9903 9905 9839
f 9907 9840 9905
f 9907 9906 9840
f 9906 9841 9840
f 9841 9906 9842
f 9842 9906 9908
f 9844 9908 9909
f 9842 9908 9844
f 9912 9910 9911
f 9911 9845 9847
f 9911 9910 9845
f 9910 9913 9845
f 9265 9264 9848
f 9265 9848 9913
f 9913 9848 9845
f 9848 9264 9220
f 9852 9230 9266
f 9854 9852 9266
f 9267 9854 9266
f 9854 9267 9233
f 9860 9240 9268
f 9862 9860 9268
f 9269 9862 9268
f 9864 9862 9269
f 9270 9864 9269
f 9866 9864 9270
f 9271 9866 9270
f 9868 9866 9271
f 9272 9868 9271
f 9870 9868 9272
f 9273 9870 9272
f 9872 9870 9273
f 9274 9872 9273
f 9874 9872 9274
f 9275 9874 9274
f 9876 9874 9275
f 9276 9876 9275
f 9878 9876 9276
f 9277 9878 9276
f 9880 9878 9277
f 9278 9880 9277
f 9882 9880 9278
f 9279 9882 9278
f 9884 9882 9279
f 9280 9884 9279
f 9886 9884 9280
f 9281 9886 9280
f 9886 9281 9243
f 9890 9246 9282
f 9248 9892 9914
f 9248 9914 9282
f 9893 9890 9914
f 9890 9282 9914
f 9916 9283 9915
f 9914 9283 9916
f 9914 9250 9283
f 9914 9892 9250
f 9252 9915 9283
f 9252 9894 9915
f 9894 9917 9915
f 9284 9894 9254
f 9284 9918 9894
f 9918 9917 9894
f 9255 9918 9284
f 9255 9895 9918
f 9895 9919 9918
f 9895 9896 9919
f 9896 9920 9919
f 9896 9286 9920
f 9257 9286 9896
f 9899 9921 9898
f 9898 9922 9900
f 9921 9922 9898
f 9900 9923 9901
f 9922 9923 9900
f 9901 9924 9902
f 9923 9924 9901
f 9902 9924 9904
f 9907 9925 9906
f 9906 9926 9908
f 9925 9926 9906
f 9908 9926 9909
f 9929 9927 9928
f 9910 9293 9292
f 9912 9293 9910
f 9912 9927 9293
f 9912 9928 9927
f 9913 9910 9292
f 9294 9913 9292
f 9913 9294 9265
f 9916 9915 9930
f 9915 9917 9931
f 9930 9915 9931
f 9933 9931 9917
f 9933 9917 9932
f 9932 9917 9918
f 9918 9919 9932
f 9919 9934 9932
f 9297 9920 9296
f 9297 9934 9920
f 9934 9919 9920
f 9920 9286 9296
f 9937 9935 9936
f 9936 9938 9939
f 9935 9938 9936
f 9927 9303 9302
f 9929 9303 9927
f 9929 9938 9303
f 9929 9939 9938
f 9927 9302 9293
f 9933 9932 9940
f 9942 9940 9932
f 9942 9932 9941
f 9941 9932 9934
f 9934 9305 9941
f 9297 9305 9934
f 9945 9943 9944
f 9312 9944 9943
f 9312 9311 9944
f 9311 9946 9944
f 9935 9937 9946
f 9935 9946 9313
f 9313 9946 9311
f 9938 9935 9313
f 9314 9938 9313
f 9938 9314 9303
f 9942 9941 9947
f 9941 9305 9315
f 9941 9315 9947
f 9947 9315 9948
f 9948 9315 9949
f 9315 9316 9949
f 9949 9316 9950
f 9316 9317 9950
f 9952 9318 9951
f 9952 9950 9318
f 9950 9317 9318
f 9319 9951 9318
f 9953 9951 9319
f 9319 9321 9953
f 9956 9954 9955
f 9955 9957 9958
f 9954 9957 9955
f 9325 9958 9957
f 9325 9324 9958
f 9324 9959 9958
f 9943 9945 9959
f 9943 9959 9326
f 9326 9959 9324
f 9943 9326 9312
f 9952 9951 9960
f 9951 9953 9961
f 9960 9951 9961
f 9953 9321 9327
f 9953 9327 9961
f 9961 9327 9962
f 9962 9327 9963
f 9327 9328 9963
f 9963 9328 9964
f 9328 9329 9964
f 9964 9329 9965
f 9329 9330 9965
f 9965 9330 9966
f 9330 9331 9966
f 9966 9331 9967
f 9331 9332 9967
f 9967 9332 9968
f 9332 9333 9968
f 9968 9333 9969
f 9333 9334 9969
f 9969 9334 9970
f 9334 9336 9970
f 9970 9336 9971
f 9336 9338 9971
f 9971 9338 9972
f 9338 9340 9972
f 9972 9340 9973
f 9340 9342 9973
f 9973 9342 9974
f 9342 9344 9974
f 9975 9344 9345
f 9975 9976 9344
f 9976 9974 9344
f 9347 9976 9975
f 9347 9346 9976
f 9346 9977 9976
f 9346 9978 9977
f 9348 9978 9346
f 9981 9979 9980
f 9980 9982 9983
f 9979 9982 9980
f 9954 9350 9349
f 9956 9350 9954
f 9956 9982 9350
f 9956 9983 9982
f 9957 9954 9349
f 9351 9957 9349
f 9957 9351 9325
f 9975 9345 9352
f 9975 9352 9347
f 9978 9348 9353
f 9984 9978 9353
f 9353 9985 9984
f 9354 9985 9353
f 9988 9986 9987
f 9357 9987 9986
f 9357 9356 9987
f 9356 9989 9987
f 9979 9981 9989
f 9979 9989 9358
f 9358 9989 9356
f 9982 9979 9358
f 9359 9982 9358
f 9982 9359 9350
f 9985 9354 9360
f 9990 9985 9360
f 9990 9360 9991
f 9360 9361 9991
f 9986 9988 9991
f 9986 9991 9362
f 9362 9991 9361
f 9986 9362 9357
f 9378 9379 9992
f 9380 9378 9992
f 9993 9380 9992
f 9380 9993 9382
f 9384 9385 9994
f 9386 9384 9994
f 9995 9386 9994
f 9387 9386 9995
f 9996 9387 9995
f 9388 9387 9996
f 9997 9388 9996
f 9389 9388 9997
f 9998 9389 9997
f 9390 9389 9998
f 9999 9390 9998
f 9391 9390 9999
f 10000 9391 9999
f 9392 9391 10000
f 10001 9392 10000
f 9393 9392 10001
f 10002 9393 10001
f 9394 9393 10002
f 10003 9394 10002
f 9395 9394 10003
f 10004 9395 10003
f 9396 9395 10004
f 10005 9396 10004
f 9396 10005 9398
f 9401 10007 10006
f 9400 9401 10006
f 10009 10008 9402
f 10009 9402 10006
f 10006 9402 9400
f 9403 9402 10008
f 10010 9403 10008
f 9403 10010 9405
f 9412 9413 10011
f 9414 9412 10011
f 10012 9414 10011
f 9415 9414 10012
f 10013 9415 10012
f 10013 10015 10014
f 10013 10014 9415
f 9415 10014 9416
f 9379 10016 9992
f 9379 9416 10016
f 9416 10014 10016
f 9992 10017 9993
f 10016 10017 9992
f 9993 9417 9382
f 9993 10017 9417
f 10017 10018 9417
f 10018 10019 9417
f 9417 10019 9418
f 9385 10020 9994
f 9385 9418 10020
f 9418 10019 10020
f 9994 10021 9995
f 10020 10021 9994
f 9995 10022 9996
f 10021 10022 9995
f 9996 10023 9997
f 10022 10023 9996
f 9997 10024 9998
f 10023 10024 9997
f 9998 10025 9999
f 10024 10025 9998
f 9999 10026 10000
f 10025 10026 9999
f 10000 10027 10001
f 10026 10027 10000
f 10001 10028 10002
f 10027 10028 10001
f 10002 10029 10003
f 10028 10029 10002
f 10003 10030 10004
f 10029 10030 10003
f 10004 10031 10005
f 10030 10031 10004
f 10033 10032 9419
f 10031 10033 9419
f 10031 9419 9398
f 10031 9398 10005
f 9420 9419 10032
f 10034 9420 10032
f 9421 9420 10034
f 10035 9421 10034
f 10035 10037 10036
f 10035 10036 9421
f 9421 10036 9422
f 10036 9401 9422
f 10007 9401 10036
f 10009 10038 10008
f 10008 10039 10010
f 10038 10039 10008
f 10010 9423 9405
f 10010 10039 9423
f 10039 10040 9423
f 10040 10041 9423
f 9423 10041 9424
f 10043 10042 9425
f 10043 9425 10041
f 10041 9425 9424
f 9426 9425 10042
f 10044 9426 10042
f 9427 9426 10044
f 10045 9427 10044
f 9428 9427 10045
f 10046 9428 10045
f 9429 9428 10046
f 10047 9429 10046
f 9430 9429 10047
f 10048 9430 10047
f 9431 9430 10048
f 10049 9431 10048
f 9432 9431 10049
f 10050 9432 10049
f 9433 9432 10050
f 10051 9433 10050
f 9434 9433 10051
f 10052 9434 10051
f 9434 10052 9436
f 9445 9446 10053
f 9445 10053 9448
f 9450 9451 10054
f 9452 9450 10054
f 10055 9452 10054
f 10055 10057 10056
f 9452 10055 10056
f 9452 10056 10011
f 9452 10011 9413
f 10011 10058 10012
f 10056 10058 10011
f 10012 10059 10013
f 10058 10059 10012
f 10013 10059 10015
f 10033 10060 10032
f 10032 10061 10034
f 10060 10061 10032
f 10034 10062 10035
f 10061 10062 10034
f 10035 10062 10037
f 10043 10063 10042
f 10042 10064 10044
f 10063 10064 10042
f 10044 10065 10045
f 10064 10065 10044
f 10045 10066 10046
f 10065 10066 10045
f 10046 10067 10047
f 10066 10067 10046
f 10047 10068 10048
f 10067 10068 10047
f 10048 10069 10049
f 10068 10069 10048
f 10049 10070 10050
f 10069 10070 10049
f 10050 10071 10051
f 10070 10071 10050
f 10051 10072 10052
f 10071 10072 10051
f 10052 9453 9436
f 10052 10072 9453
f 10072 10073 9453
f 10073 10074 9453
f 9453 10074 9454
f 10074 10075 9454
f 9454 10075 9455
f 10075 10076 9455
f 9455 10076 9456
f 10076 10077 9456
f 9456 10077 9457
f 10079 10078 9458
f 10079 9458 10077
f 10077 9458 9457
f 9459 9458 10078
f 10080 9459 10078
f 9460 9459 10080
f 10081 9460 10080
f 9461 9460 10081
f 10082 9461 10081
f 9462 9461 10082
f 10083 9462 10082
f 9463 9462 10083
f 10084 9463 10083
f 9463 10084 9465
f 9469 9470 10085
f 10085 10087 10086
f 10085 10086 9469
f 9469 10086 9471
f 10086 10088 9471
f 9471 10088 9472
f 9472 10088 10089
f 9473 9472 10089
f 10053 9446 9475
f 10053 9475 9448
f 10090 10054 9451
f 9479 10090 9451
f 10091 10090 10092
f 10091 10055 10090
f 10055 10054 10090
f 10055 10091 10057
f 10079 10093 10078
f 10078 10094 10080
f 10093 10094 10078
f 10080 10095 10081
f 10094 10095 10080
f 10097 10081 10095
f 10097 10096 10081
f 10096 10082 10081
f 10082 10096 10083
f 10083 10096 10098
f 10083 10098 10084
f 10084 10098 10099
f 9480 9465 10084
f 9480 10084 10100
f 10100 10084 10099
f 9481 9480 10100
f 10101 9481 10100
f 9481 10101 9483
f 10102 10085 9470
f 10102 9470 10103
f 10103 9470 9487
f 10085 10102 10087
f 10089 9488 9473
f 10104 9488 10089
f 9488 10104 10105
f 9489 9488 10105
f 9491 9492 10106
f 9493 9491 10106
f 10107 9493 10106
f 9479 9493 10107
f 9479 10107 10090
f 10090 10107 10108
f 10092 10109 10110
f 10092 10090 10109
f 10090 10108 10109
f 10110 10109 10111
f 10114 10112 10113
f 10113 10096 10097
f 10113 10112 10096
f 10112 10115 10096
f 10096 10115 10098
f 10098 10115 10116
f 10098 10116 10099
f 10099 10116 10117
f 10099 10117 10100
f 10100 10117 10118
f 9496 9495 10101
f 9496 10101 10118
f 10118 10101 10100
f 10101 9495 9483
f 10121 10120 10119
f 9502 10119 10120
f 9502 10120 9501
f 9501 10120 10122
f 10122 10123 9501
f 9501 10123 9503
f 10123 10124 9503
f 9503 10124 9504
f 10126 10125 9505
f 10126 9505 10124
f 10124 9505 9504
f 9506 9505 10125
f 10127 9506 10125
f 9507 9506 10127
f 10128 9507 10127
f 9507 10128 9509
f 9510 9511 10129
f 10129 10131 10130
f 10129 10130 9510
f 9510 10130 9512
f 10133 10132 9513
f 10133 9513 10130
f 10130 9513 9512
f 10132 9487 9513
f 10132 10134 9487
f 10134 10103 9487
f 9514 10136 10135
f 9514 9489 10136
f 9489 10105 10136
f 9514 10135 9515
f 10137 10106 9492
f 9518 10137 9492
f 10138 10137 10139
f 10138 10107 10137
f 10107 10106 10137
f 10107 10140 10108
f 10138 10140 10107
f 10108 10141 10109
f 10140 10141 10108
f 10109 10141 10111
f 10144 10142 10143
f 10143 10112 10114
f 10143 10142 10112
f 10142 10145 10112
f 10112 10145 10115
f 10115 10145 10146
f 10115 10146 10116
f 10116 10146 10147
f 10116 10147 10117
f 10117 10147 10148
f 9521 9520 10118
f 9521 10118 10148
f 10148 10118 10117
f 10118 9520 9496
f 10119 9526 9527
f 10119 9527 10121
f 10121 9527 10149
f 10119 9502 9526
f 10126 10150 10125
f 10125 10151 10127
f 10150 10151 10125
f 10127 10152 10128
f 10151 10152 10127
f 10154 10153 9528
f 10152 10154 9528
f 10152 9528 9509
f 10152 9509 10128
f 10153 10156 10155
f 9528 10153 10155
f 9528 10155 10129
f 9528 10129 9511
f 10129 10155 10131
f 10133 10157 10132
f 10132 10157 10134
f 10136 10158 10135
f 10135 10158 10159
f 10135 10159 9515
f 9515 10159 9530
f 10137 9518 9534
f 9534 9535 10160
f 10137 9534 10160
f 10137 10160 10161
f 10137 10161 10139
f 10161 10160 10162
f 10144 10163 10142
f 10142 10164 10145
f 10163 10164 10142
f 10145 10165 10146
f 10164 10165 10145
f 10146 10166 10147
f 10165 10166 10146
f 10147 10167 10148
f 10166 10167 10147
f 10148 9536 9521
f 10148 10167 9536
f 10167 10168 9536
f 10170 10169 9537
f 10170 9537 10168
f 10168 9537 9536
f 9538 9537 10169
f 10171 9538 10169
f 9539 9538 10171
f 10172 9539 10171
f 9539 10172 9541
f 10149 9527 10173
f 10173 9527 9544
f 10154 10174 10153
f 10153 10174 10156
f 10159 9545 9530
f 10175 9545 10159
f 10175 10176 9545
f 9545 10176 9546
f 9546 10176 10177
f 9547 9546 10177
f 10178 10160 9535
f 9550 10178 9535
f 10162 10179 10180
f 10162 10160 10179
f 10160 10178 10179
f 10180 10179 10181
f 10170 10182 10169
f 10169 10183 10171
f 10182 10183 10169
f 10171 10184 10172
f 10183 10184 10171
f 10186 10185 9551
f 10184 10186 9551
f 10184 9551 9541
f 10184 9541 10172
f 9552 9551 10185
f 10187 9552 10185
f 9553 9552 10187
f 10188 9553 10187
f 9553 10188 9555
f 10191 10190 10189
f 10190 9559 10189
f 10190 10173 9559
f 10173 9544 9559
f 10177 10192 9547
f 10192 9560 9547
f 10178 9550 9563
f 9563 9564 10193
f 9563 10193 10178
f 10178 10193 10179
f 10181 10193 10194
f 10179 10193 10181
f 10186 10195 10185
f 10185 10196 10187
f 10195 10196 10185
f 10198 10187 10196
f 10198 10197 10187
f 10197 10188 10187
f 9565 9555 10188
f 9565 10188 10199
f 10199 10188 10197
f 9566 9565 10199
f 10200 9566 10199
f 9566 10200 9568
f 10189 9571 9572
f 10189 9572 10191
f 10191 9572 10201
f 9571 10189 9559
f 9575 9574 10202
f 9574 9576 10202
f 10203 10192 10204
f 10203 9577 10192
f 9577 9560 10192
f 10204 10205 10203
f 10206 10193 9564
f 10206 9564 10207
f 10207 9564 9582
f 10193 10206 10194
f 10198 10208 10197
f 10210 10197 10208
f 10210 10209 10197
f 10209 10199 10197
f 10199 10209 10200
f 10200 10209 10211
f 9583 9568 10200
f 9583 10200 10212
f 10212 10200 10211
f 9583 10212 9585
f 10201 9572 10213
f 10213 9572 9591
f 10202 9592 9575
f 10202 9576 9592
f 10203 9594 9577
f 9594 10203 10205
f 9594 10205 9595
f 9595 10205 10214
f 10207 9582 10215
f 10215 9582 9599
f 10210 10216 10209
f 10218 10209 10216
f 10218 10217 10209
f 10217 10211 10209
f 10211 10217 10212
f 10212 10217 10219
f 10212 10219 9601
f 9585 10212 9601
f 10213 9591 10220
f 10220 9591 9608
f 10214 10221 9595
f 10221 9609 9595
f 9610 9611 10222
f 9610 10222 9612
f 10215 9599 10223
f 10223 9599 9613
f 10218 10224 10217
f 10226 10217 10224
f 10226 10225 10217
f 10225 10219 10217
f 9614 9601 10219
f 9614 10219 10227
f 10227 10219 10225
f 9614 10227 9616
f 10220 9608 10228
f 10228 9608 9622
f 10221 10229 9609
f 10229 9623 9609
f 9626 10231 10230
f 9625 9626 10230
f 10230 10232 9625
f 9625 10232 9627
f 9611 10233 10222
f 9611 9627 10233
f 9627 10232 10233
f 10222 9628 9612
f 10222 10233 9628
f 10233 10234 9628
f 10234 9613 9628
f 10223 9613 10234
f 10237 10235 10236
f 10236 10238 10239
f 10235 10238 10236
f 10239 10225 10226
f 10239 10238 10225
f 10238 10240 10225
f 9631 9630 10227
f 9631 10227 10240
f 10240 10227 10225
f 10227 9630 9616
f 10241 10242 10228
f 10241 10228 9638
f 9638 10228 9622
f 10242 10241 10243
f 9639 10244 9640
f 10244 9639 9623
f 10244 9623 10245
f 10245 9623 10229
f 9643 10247 10246
f 9642 9643 10246
f 10246 9626 9642
f 10231 9626 10246
f 10237 10248 10235
f 10250 10235 10248
f 10250 10249 10235
f 10249 10238 10235
f 10238 10249 10240
f 10240 10249 10251
f 9644 9631 10240
f 9644 10240 10252
f 10252 10240 10251
f 9645 9644 10252
f 10253 9645 10252
f 9645 10253 9647
f 10241 9638 9650
f 9650 9651 10254
f 10241 9650 10254
f 10241 10254 10255
f 10241 10255 10243
f 10255 10254 10256
f 10257 9640 10244
f 10257 10258 9640
f 10258 9652 9640
f 10244 10245 10257
f 9654 9655 10259
f 10259 10261 10260
f 10259 10260 9654
f 9654 10260 9656
f 10260 9643 9656
f 10247 9643 10260
f 10250 10262 10249
f 10249 10263 10251
f 10262 10263 10249
f 10265 10251 10263
f 10265 10264 10251
f 10264 10252 10251
f 10252 10264 10253
f 10253 10264 10266
f 9657 9647 10253
f 9657 10253 10267
f 10267 10253 10266
f 9658 9657 10267
f 10268 9658 10267
f 9658 10268 9660
f 10254 9651 9661
f 10256 10254 9661
f 10256 9661 10269
f 10269 9661 9663
f 9663 10270 10269
f 9664 10270 9663
f 10258 10271 9652
f 10271 9665 9652
f 10274 10273 10272
f 9668 10272 10273
f 9668 10273 9667
f 9667 10273 10275
f 9667 10275 10276
f 9669 9667 10276
f 9670 9671 10277
f 10277 10279 10278
f 10277 10278 9670
f 9670 10278 9672
f 9655 10280 10259
f 9655 9672 10280
f 9672 10278 10280
f 10259 10280 10261
f 10265 10281 10264
f 10283 10264 10281
f 10283 10282 10264
f 10282 10266 10264
f 10266 10282 10267
f 10267 10282 10284
f 9675 9674 10268
f 9675 10268 10284
f 10284 10268 10267
f 10268 9674 9660
f 10270 9664 9678
f 10285 10270 9678
f 10285 9678 10286
f 9678 9680 10286
f 10287 9680 9681
f 10287 10288 9680
f 10288 10286 9680
f 10288 10287 10289
f 10292 10290 10291
f 10291 10290 10293
f 10271 10294 9665
f 10294 9682 9665
f 10272 9684 9685
f 10272 9685 10274
f 10274 9685 10295
f 10272 9668 9684
f 10276 9686 9669
f 10296 9686 10276
f 9686 10296 10297
f 9688 9686 10297
f 9689 9690 10298
f 10298 10300 10299
f 9689 10298 10299
f 9689 10299 10277
f 9689 10277 9671
f 10277 10299 10279
f 10283 10301 10282
f 10303 10282 10301
f 10303 10302 10282
f 10302 10284 10282
f 10284 10302 9692
f 9675 10284 9692
f 10287 9681 9695
f 10289 10287 9695
f 10289 9695 10304
f 10304 9695 9697
f 10290 10292 10304
f 10290 10304 9699
f 9699 10304 9697
f 9699 9700 10305
f 10290 9699 10305
f 10290 10305 10306
f 10290 10306 10293
f 10306 10305 10307
f 9703 10308 10309
f 9702 10308 9703
f 10308 9702 10310
f 9702 9704 10310
f 10310 9704 9682
f 10294 10310 9682
f 10295 9685 10311
f 10311 9685 9705
f 10297 9706 9688
f 10312 9706 10297
f 9706 10312 10313
f 9708 9706 10313
f 10314 10298 9690
f 9709 10314 9690
f 10300 10314 10315
f 10298 10314 10300
f 10317 10302 10303
f 10316 10302 10317
f 10302 10316 9711
f 9692 10302 9711
f 10305 9700 9714
f 10307 10305 9714
f 10307 9714 10318
f 10318 9714 9715
f 10319 9715 9716
f 10319 10320 9715
f 10320 10318 9715
f 10320 10321 10322
f 10319 10321 10320
f 10322 10321 10323
f 9719 10324 10325
f 9718 10324 9719
f 10324 9718 9703
f 10309 10324 9703
f 10311 9705 10326
f 10326 9705 9720
f 10313 10327 9708
f 10327 9722 9708
f 10328 10314 9709
f 10328 9709 10329
f 10329 9709 9723
f 10314 10328 10315
f 10331 10316 10317
f 10330 10316 10331
f 10316 10330 9725
f 9711 10316 9725
f 10319 9716 9727
f 10321 10319 9727
f 9728 10321 9727
f 10323 10321 9728
f 10323 9728 10332
f 10332 9728 9730
f 10333 9730 9731
f 10333 10334 9730
f 10334 10332 9730
f 10334 10333 10335
f 10338 10336 10337
f 10337 10336 9733
f 10337 9733 10325
f 10325 9733 9719
f 10326 9720 10339
f 10339 9720 9734
f 10327 10340 9722
f 10340 9736 9722
f 10329 9723 10341
f 10341 9723 9737
f 10344 10342 10343
f 10343 10330 10331
f 10343 10342 10330
f 10342 10345 10330
f 9738 9725 10330
f 9738 10330 10346
f 10346 10330 10345
f 9738 10346 9740
f 10333 9731 9741
f 10335 10333 9741
f 10335 9741 10347
f 10347 9741 9742
f 10336 10338 10347
f 10336 10347 9743
f 9743 10347 9742
f 10336 9743 9733
f 10339 9734 10348
f 10348 9734 9744
f 10351 10349 10350
f 10350 10349 9746
f 10350 9746 10340
f 10340 9746 9736
f 10341 9737 10352
f 10352 9737 9747
f 10355 10353 10354
f 10354 10342 10344
f 10354 10353 10342
f 10353 10356 10342
f 10342 10356 10345
f 10345 10356 10357
f 10345 10357 10346
f 10346 10357 10358
f 10346 10358 9749
f 9740 10346 9749
f 10348 9744 10359
f 10359 9744 9751
f 10349 9754 9753
f 10349 10351 9754
f 10351 10360 9754
f 10349 9753 9746
f 10361 10362 10352
f 10361 10352 9755
f 9755 10352 9747
f 10362 10361 10363
f 10366 10364 10365
f 10365 10367 10368
f 10364 10367 10365
f 10368 10369 10370
f 10367 10369 10368
f 10370 10371 10372
f 10369 10371 10370
f 10372 10373 10374
f 10371 10373 10372
f 10374 10375 10376
f 10373 10375 10374
f 10376 10375 10377
f 10379 10353 10355
f 10378 10353 10379
f 10353 10378 10356
f 10356 10378 10380
f 10356 10380 10357
f 10357 10380 10381
f 10357 10381 10358
f 10358 10381 10382
f 10358 10382 9757
f 9749 10358 9757
f 10359 9751 9758
f 10383 10359 9758
f 10383 9758 10384
f 9758 9759 10384
f 10384 9759 10385
f 9759 9760 10385
f 10385 9760 9754
f 10360 10385 9754
f 10386 10361 9755
f 9761 10386 9755
f 10363 10387 10388
f 10363 10361 10387
f 10361 10386 10387
f 10388 10387 10389
f 10392 10390 10391
f 9764 10391 10390
f 9764 9763 10391
f 9763 10393 10391
f 10394 9763 9765
f 10394 10395 9763
f 10395 10393 9763
f 10395 10364 10366
f 10395 10394 10364
f 10394 10396 10364
f 10397 10396 10398
f 10397 10367 10396
f 10367 10364 10396
f 10400 10367 10397
f 10400 10399 10367
f 10399 10369 10367
f 10369 10399 10371
f 10371 10399 10401
f 10371 10401 10373
f 10373 10401 10402
f 10373 10402 10375
f 10375 10402 10403
f 10377 10403 10404
f 10375 10403 10377
f 10406 10378 10379
f 10405 10378 10406
f 10378 10405 10380
f 10380 10405 10407
f 10380 10407 10381
f 10381 10407 10408
f 9768 9767 10382
f 9768 10382 10408
f 10408 10382 10381
f 10382 9767 9757
f 10386 9761 9770
f 10387 10386 9770
f 9772 10387 9770
f 9772 9773 10409
f 10387 9772 10409
f 10387 10409 10410
f 10387 10410 10389
f 10410 10411 10412
f 10409 10411 10410
f 10412 10413 10414
f 10411 10413 10412
f 10414 10413 10415
f 9775 10416 9776
f 9775 9777 10416
f 9780 10417 10418
f 9779 10417 9780
f 10417 9779 10419
f 9779 9781 10419
f 10419 9781 10420
f 9781 9783 10420
f 10420 9783 10421
f 9783 9785 10421
f 10421 9785 10422
f 9785 9787 10422
f 10422 9787 10423
f 9787 9789 10423
f 10424 9789 9790
f 10424 10425 9789
f 10425 10423 9789
f 10425 10426 10427
f 10424 10426 10425
f 10427 10428 10429
f 10426 10428 10427
f 9793 10429 10428
f 9793 9792 10429
f 9792 10430 10429
f 10430 9792 10431
f 9792 9795 10431
f 10431 9795 10432
f 9795 9797 10432
f 10432 9797 10433
f 9797 9799 10433
f 10433 9799 10434
f 9799 9801 10434
f 10434 9801 10435
f 9801 9803 10435
f 10435 9803 10436
f 9803 9804 10436
f 10436 9804 10437
f 9804 9805 10437
f 10437 9805 10438
f 9805 9807 10438
f 10390 10392 10438
f 10390 10438 9809
f 9809 10438 9807
f 9810 9764 10390
f 9810 10390 10439
f 9809 9811 10390
f 9811 10439 10390
f 9765 9810 10439
f 9765 10439 10394
f 10394 10439 10440
f 10394 10440 10396
f 10396 10440 10441
f 10398 10441 10442
f 10396 10441 10398
f 10400 10443 10399
f 10399 10444 10401
f 10443 10444 10399
f 10401 10445 10402
f 10444 10445 10401
f 10402 10446 10403
f 10445 10446 10402
f 10403 10446 10404
f 10449 10447 10448
f 10448 10405 10406
f 10448 10447 10405
f 10447 10450 10405
f 10405 10450 10407
f 10407 10450 10451
f 9814 9813 10408
f 9814 10408 10451
f 10451 10408 10407
f 10408 9813 9768
f 10409 9773 9816
f 10411 10409 9816
f 9818 10411 9816
f 10413 10411 9818
f 9820 10413 9818
f 10415 10413 9820
f 10415 9820 10452
f 10452 9820 9822
f 10453 9822 9823
f 10453 10454 9822
f 10454 10452 9822
f 10454 10455 10456
f 10453 10455 10454
f 10456 10457 10458
f 10455 10457 10456
f 10458 10457 10459
f 10462 10460 10461
f 10461 10463 10464
f 10460 10463 10461
f 10464 10465 10466
f 10463 10465 10464
f 10466 10467 10468
f 10465 10467 10466
f 10468 10467 10469
f 10416 9824 9776
f 10416 9777 9824
f 10418 9827 9780
f 10470 9827 10418
f 10470 10471 9827
f 9827 10471 9828
f 10471 10472 9828
f 9828 10472 9829
f 10474 10473 9830
f 10474 9830 10472
f 10472 9830 9829
f 9831 9830 10473
f 10475 9831 10473
f 9832 9831 10475
f 10476 9832 10475
f 9790 9832 10476
f 9790 10476 10424
f 10424 10476 10477
f 10424 10477 10426
f 10426 10477 10478
f 10426 10478 10428
f 10428 10478 10479
f 10428 10479 9834
f 9793 10428 9834
f 9843 9844 10480
f 10480 10482 10481
f 9843 10480 10481
f 9843 10481 10439
f 9843 10439 9811
f 10439 10483 10440
f 10481 10483 10439
f 10440 10484 10441
f 10483 10484 10440
f 10441 10484 10442
f 10487 10485 10486
f 10486 10447 10449
f 10486 10485 10447
f 10485 10488 10447
f 10447 10488 10450
f 10450 10488 10489
f 9847 9846 10451
f 9847 10451 10489
f 10489 10451 10450
f 10451 9846 9814
f 10453 9823 9849
f 10455 10453 9849
f 9850 10455 9849
f 10457 10455 9850
f 9851 10457 9850
f 10459 10457 9851
f 10459 9851 10490
f 10490 9851 9853
f 10490 9853 10491
f 9853 9855 10491
f 10491 9855 10492
f 9855 9856 10492
f 10492 9856 10493
f 9856 9857 10493
f 10493 9857 10494
f 9857 9858 10494
f 10494 9858 10495
f 9858 9859 10495
f 10460 10462 10495
f 10460 10495 9861
f 9861 10495 9859
f 10463 10460 9861
f 9863 10463 9861
f 10465 10463 9863
f 9865 10465 9863
f 10467 10465 9865
f 9867 10467 9865
f 10469 10467 9867
f 10469 9867 10496
f 10496 9867 9869
f 10496 9869 10497
f 9869 9871 10497
f 10497 9871 10498
f 9871 9873 10498
f 10498 9873 10499
f 9873 9875 10499
f 10499 9875 10500
f 9875 9877 10500
f 10500 9877 10501
f 9877 9879 10501
f 10501 9879 10502
f 9879 9881 10502
f 10502 9881 10503
f 9881 9883 10503
f 10503 9883 10504
f 9883 9885 10504
f 10504 9885 10505
f 9885 9887 10505
f 10505 9887 10506
f 9887 9888 10506
f 10506 9888 10507
f 9888 9889 10507
f 10507 9889 10508
f 9889 9891 10508
f 10509 9891 9893
f 10509 10510 9891
f 10510 10508 9891
f 10510 10509 10511
f 10474 10512 10473
f 10473 10513 10475
f 10512 10513 10473
f 10515 10475 10513
f 10515 10514 10475
f 10514 10476 10475
f 10476 10514 10477
f 10477 10514 10516
f 10477 10516 10478
f 10478 10516 10517
f 10478 10517 10479
f 10479 10517 10518
f 9897 9834 10479
f 9897 10479 10519
f 10519 10479 10518
f 9897 10519 9899
f 9903 9904 10520
f 9905 9903 10520
f 10521 9905 10520
f 9905 10521 9907
f 10522 10480 9844
f 9909 10522 9844
f 10482 10522 10523
f 10480 10522 10482
f 10526 10524 10525
f 10525 10527 10528
f 10524 10527 10525
f 10528 10485 10487
f 10528 10527 10485
f 10527 10529 10485
f 10485 10529 10488
f 10488 10529 10530
f 9912 9911 10489
f 9912 10489 10530
f 10530 10489 10488
f 10489 9911 9847
f 10509 9893 9914
f 9914 10511 10509
f 9914 9916 10511
f 9916 10531 10511
f 10515 10532 10514
f 10514 10533 10516
f 10532 10533 10514
f 10516 10534 10517
f 10533 10534 10516
f 10517 10535 10518
f 10534 10535 10517
f 10518 10536 10519
f 10535 10536 10518
f 10538 10537 9921
f 10536 10538 9921
f 10536 9921 9899
f 10536 9899 10519
f 9922 9921 10537
f 10539 9922 10537
f 9923 9922 10539
f 10540 9923 10539
f 9924 9923 10540
f 10541 9924 10540
f 9904 9924 10541
f 9904 10541 10520
f 10520 10541 10542
f 10520 10542 10521
f 10521 10542 10543
f 9925 9907 10521
f 9925 10521 10544
f 10544 10521 10543
f 9926 9925 10544
f 10545 9926 10544
f 9909 9926 10545
f 9909 10545 10522
f 10522 10545 10546
f 10523 10546 10547
f 10522 10546 10523
f 10550 10548 10549
f 10549 10524 10526
f 10549 10548 10524
f 10548 10551 10524
f 10524 10551 10527
f 10527 10551 10552
f 10527 10552 10529
f 10529 10552 10553
f 9929 9928 10530
f 9929 10530 10553
f 10553 10530 10529
f 10530 9928 9912
f 9930 10554 10555
f 9930 10555 9916
f 9916 10555 10531
f 9931 10554 9930
f 10556 10554 9931
f 9931 9933 10556
f 10538 10557 10537
f 10537 10558 10539
f 10557 10558 10537
f 10560 10539 10558
f 10560 10559 10539
f 10559 10540 10539
f 10540 10559 10541
f 10541 10559 10561
f 10541 10561 10542
f 10542 10561 10562
f 10542 10562 10543
f 10543 10562 10563
f 10543 10563 10544
f 10544 10563 10564
f 10544 10564 10545
f 10545 10564 10565
f 10545 10565 10546
f 10546 10565 10566
f 10547 10566 10567
f 10546 10566 10547
f 10570 10568 10569
f 10569 10571 10572
f 10568 10571 10569
f 10572 10548 10550
f 10572 10571 10548
f 10571 10573 10548
f 10548 10573 10551
f 10551 10573 10574
f 9937 9936 10552
f 9937 10552 10574
f 10574 10552 10551
f 10553 10552 9936
f 9939 10553 9936
f 10553 9939 9929
f 10555 10554 10575
f 10554 10556 10576
f 10575 10554 10576
f 10556 9933 9940
f 10556 9940 10576
f 10576 9940 10577
f 9940 10578 10577
f 9942 10578 9940
f 10580 10559 10560
f 10579 10559 10580
f 10559 10579 10561
f 10561 10579 10581
f 10561 10581 10562
f 10562 10581 10582
f 10562 10582 10563
f 10563 10582 10583
f 10563 10583 10564
f 10564 10583 10584
f 10564 10584 10565
f 10565 10584 10585
f 10565 10585 10566
f 10566 10585 10586
f 10567 10587 10588
f 10567 10566 10587
f 10566 10586 10587
f 10588 10587 10589
f 10592 10590 10591
f 10591 10593 10594
f 10590 10593 10591
f 10594 10568 10570
f 10594 10593 10568
f 10593 10595 10568
f 10568 10595 10571
f 10571 10595 10596
f 9945 9944 10573
f 9945 10573 10596
f 10596 10573 10571
f 10574 10573 9944
f 9946 10574 9944
f 10574 9946 9937
f 10578 9942 9947
f 10597 10578 9947
f 10597 9947 10598
f 9947 9948 10598
f 10598 9948 10599
f 9948 9949 10599
f 10599 9949 10600
f 9949 9950 10600
f 10601 9950 9952
f 10601 10602 9950
f 10602 10600 9950
f 10602 10603 10604
f 10601 10603 10602
f 10604 10605 10606
f 10603 10605 10604
f 10606 10607 10608
f 10605 10607 10606
f 10608 10609 10610
f 10607 10609 10608
f 10610 10611 10612
f 10609 10611 10610
f 10612 10613 10614
f 10611 10613 10612
f 10614 10615 10616
f 10613 10615 10614
f 10616 10617 10618
f 10615 10617 10616
f 10618 10579 10580
f 10618 10617 10579
f 10617 10619 10579
f 10579 10619 10581
f 10581 10619 10620
f 10581 10620 10582
f 10582 10620 10621
f 10582 10621 10583
f 10583 10621 10622
f 10583 10622 10584
f 10584 10622 10623
f 10584 10623 10585
f 10585 10623 10624
f 10585 10624 10586
f 10586 10624 10625
f 10586 10625 10587
f 10587 10625 10626
f 10589 10626 10627
f 10587 10626 10589
f 10630 10628 10629
f 10629 10590 10592
f 10629 10628 10590
f 10628 10631 10590
f 9956 9955 10593
f 9956 10593 10631
f 10631 10593 10590
f 10595 10593 9955
f 9958 10595 9955
f 10596 10595 9958
f 9959 10596 9958
f 10596 9959 9945
f 10601 9952 9960
f 10603 10601 9960
f 9961 10603 9960
f 10605 10603 9961
f 9962 10605 9961
f 10607 10605 9962
f 9963 10607 9962
f 10609 10607 9963
f 9964 10609 9963
f 10611 10609 9964
f 9965 10611 9964
f 10613 10611 9965
f 9966 10613 9965
f 10615 10613 9966
f 9967 10615 9966
f 10617 10615 9967
f 9968 10617 9967
f 10619 10617 9968
f 9969 10619 9968
f 10620 10619 9969
f 9970 10620 9969
f 10621 10620 9970
f 9971 10621 9970
f 10622 10621 9971
f 9972 10622 9971
f 10623 10622 9972
f 9973 10623 9972
f 10624 10623 9973
f 9974 10624 9973
f 10625 10624 9974
f 9976 10625 9974
f 10626 10625 9976
f 9977 10626 9976
f 9977 9978 10632
f 10626 9977 10632
f 10626 10632 10633
f 10626 10633 10627
f 10633 10632 10634
f 10637 10635 10636
f 10636 10638 10639
f 10635 10638 10636
f 10639 10640 10641
f 10638 10640 10639
f 10628 9981 9980
f 10630 9981 10628
f 10630 10640 9981
f 10630 10641 10640
f 10631 10628 9980
f 9983 10631 9980
f 10631 9983 9956
f 10632 9978 9984
f 9984 9985 10642
f 10632 9984 10642
f 10632 10642 10643
f 10632 10643 10634
f 10643 10635 10637
f 10643 10642 10635
f 10642 10644 10635
f 9988 9987 10638
f 9988 10638 10644
f 10644 10638 10635
f 10640 10638 9987
f 9989 10640 9987
f 10640 9989 9981
f 10642 9985 9990
f 10644 10642 9990
f 9991 10644 9990
f 10644 9991 9988
f 10006 10007 10645
f 10006 10645 10009
f 10014 10015 10646
f 10016 10014 10646
f 10647 10016 10646
f 10017 10016 10647
f 10648 10017 10647
f 10018 10017 10648
f 10649 10018 10648
f 10019 10018 10649
f 10650 10019 10649
f 10020 10019 10650
f 10651 10020 10650
f 10021 10020 10651
f 10652 10021 10651
f 10022 10021 10652
f 10653 10022 10652
f 10023 10022 10653
f 10654 10023 10653
f 10654 10656 10655
f 10654 10655 10023
f 10023 10655 10024
f 10658 10657 10025
f 10658 10025 10655
f 10655 10025 10024
f 10026 10025 10657
f 10659 10026 10657
f 10027 10026 10659
f 10660 10027 10659
f 10028 10027 10660
f 10661 10028 10660
f 10029 10028 10661
f 10662 10029 10661
f 10030 10029 10662
f 10663 10030 10662
f 10031 10030 10663
f 10664 10031 10663
f 10031 10664 10033
f 10036 10037 10665
f 10665 10667 10666
f 10036 10665 10666
f 10036 10666 10645
f 10036 10645 10007
f 10669 10668 10038
f 10666 10669 10038
f 10666 10038 10009
f 10666 10009 10645
f 10039 10038 10668
f 10670 10039 10668
f 10040 10039 10670
f 10671 10040 10670
f 10041 10040 10671
f 10672 10041 10671
f 10041 10672 10043
f 10056 10057 10673
f 10058 10056 10673
f 10674 10058 10673
f 10059 10058 10674
f 10675 10059 10674
f 10015 10059 10675
f 10015 10675 10646
f 10646 10675 10676
f 10646 10676 10647
f 10647 10676 10677
f 10678 10677 10679
f 10678 10648 10677
f 10648 10647 10677
f 10648 10680 10649
f 10678 10680 10648
f 10649 10681 10650
f 10680 10681 10649
f 10650 10682 10651
f 10681 10682 10650
f 10651 10683 10652
f 10682 10683 10651
f 10652 10684 10653
f 10683 10684 10652
f 10653 10685 10654
f 10684 10685 10653
f 10654 10685 10656
f 10658 10686 10657
f 10657 10687 10659
f 10686 10687 10657
f 10659 10688 10660
f 10687 10688 10659
f 10660 10689 10661
f 10688 10689 10660
f 10661 10690 10662
f 10689 10690 10661
f 10662 10691 10663
f 10690 10691 10662
f 10663 10692 10664
f 10691 10692 10663
f 10664 10060 10033
f 10664 10692 10060
f 10692 10693 10060
f 10693 10694 10060
f 10060 10694 10061
f 10696 10695 10062
f 10696 10062 10694
f 10694 10062 10061
f 10695 10698 10697
f 10062 10695 10697
f 10062 10697 10665
f 10062 10665 10037
f 10665 10697 10667
f 10669 10699 10668
f 10668 10700 10670
f 10699 10700 10668
f 10670 10701 10671
f 10700 10701 10670
f 10671 10702 10672
f 10701 10702 10671
f 10672 10063 10043
f 10672 10702 10063
f 10702 10703 10063
f 10703 10704 10063
f 10063 10704 10064
f 10704 10705 10064
f 10064 10705 10065
f 10705 10706 10065
f 10065 10706 10066
f 10708 10707 10067
f 10708 10067 10706
f 10706 10067 10066
f 10068 10067 10707
f 10709 10068 10707
f 10069 10068 10709
f 10710 10069 10709
f 10070 10069 10710
f 10711 10070 10710
f 10071 10070 10711
f 10712 10071 10711
f 10072 10071 10712
f 10713 10072 10712
f 10073 10072 10713
f 10714 10073 10713
f 10074 10073 10714
f 10715 10074 10714
f 10075 10074 10715
f 10716 10075 10715
f 10076 10075 10716
f 10717 10076 10716
f 10077 10076 10717
f 10718 10077 10717
f 10077 10718 10079
f 10086 10087 10719
f 10088 10086 10719
f 10720 10088 10719
f 10088 10720 10089
f 10091 10092 10721
f 10057 10091 10721
f 10057 10721 10673
f 10673 10721 10722
f 10673 10722 10674
f 10674 10722 10723
f 10724 10723 10725
f 10724 10675 10723
f 10675 10674 10723
f 10675 10726 10676
f 10724 10726 10675
f 10676 10727 10677
f 10726 10727 10676
f 10677 10727 10679
f 10696 10728 10695
f 10695 10728 10698
f 10708 10729 10707
f 10707 10730 10709
f 10729 10730 10707
f 10709 10731 10710
f 10730 10731 10709
f 10710 10732 10711
f 10731 10732 10710
f 10711 10733 10712
f 10732 10733 10711
f 10712 10734 10713
f 10733 10734 10712
f 10736 10713 10734
f 10736 10735 10713
f 10735 10714 10713
f 10714 10735 10715
f 10715 10735 10737
f 10715 10737 10716
f 10716 10737 10738
f 10716 10738 10717
f 10717 10738 10739
f 10717 10739 10718
f 10718 10739 10740
f 10093 10079 10718
f 10093 10718 10741
f 10741 10718 10740
f 10094 10093 10741
f 10742 10094 10741
f 10095 10094 10742
f 10743 10095 10742
f 10095 10743 10097
f 10102 10103 10744
f 10744 10746 10745
f 10102 10744 10745
f 10102 10745 10719
f 10102 10719 10087
f 10719 10747 10720
f 10745 10747 10719
f 10720 10104 10089
f 10720 10747 10104
f 10747 10748 10104
f 10104 10748 10749
f 10105 10104 10749
f 10721 10092 10110
f 10110 10111 10750
f 10110 10750 10721
f 10721 10750 10722
f 10751 10750 10752
f 10751 10723 10750
f 10723 10722 10750
f 10723 10751 10725
f 10755 10753 10754
f 10754 10756 10757
f 10753 10756 10754
f 10757 10735 10736
f 10757 10756 10735
f 10756 10758 10735
f 10735 10758 10737
f 10737 10758 10759
f 10737 10759 10738
f 10738 10759 10760
f 10738 10760 10739
f 10739 10760 10761
f 10739 10761 10740
f 10740 10761 10762
f 10740 10762 10741
f 10741 10762 10763
f 10741 10763 10742
f 10742 10763 10764
f 10114 10113 10743
f 10114 10743 10764
f 10764 10743 10742
f 10743 10113 10097
f 10121 10766 10765
f 10120 10121 10765
f 10765 10767 10120
f 10120 10767 10122
f 10767 10768 10122
f 10122 10768 10123
f 10770 10769 10124
f 10770 10124 10768
f 10768 10124 10123
f 10124 10769 10126
f 10130 10131 10771
f 10130 10771 10133
f 10772 10744 10103
f 10772 10103 10773
f 10773 10103 10134
f 10744 10772 10746
f 10749 10774 10105
f 10774 10136 10105
f 10138 10139 10775
f 10140 10138 10775
f 10776 10140 10775
f 10141 10140 10776
f 10777 10141 10776
f 10111 10141 10777
f 10111 10777 10750
f 10750 10777 10778
f 10752 10779 10780
f 10752 10750 10779
f 10750 10778 10779
f 10780 10779 10781
f 10783 10753 10755
f 10782 10753 10783
f 10753 10782 10756
f 10756 10782 10784
f 10756 10784 10758
f 10758 10784 10785
f 10758 10785 10759
f 10759 10785 10786
f 10759 10786 10760
f 10760 10786 10787
f 10760 10787 10761
f 10761 10787 10788
f 10761 10788 10762
f 10762 10788 10789
f 10762 10789 10763
f 10763 10789 10790
f 10144 10143 10764
f 10144 10764 10790
f 10790 10764 10763
f 10764 10143 10114
f 10766 10121 10791
f 10791 10121 10149
f 10770 10792 10769
f 10769 10150 10126
f 10769 10792 10150
f 10792 10793 10150
f 10793 10794 10150
f 10150 10794 10151
f 10796 10795 10152
f 10796 10152 10794
f 10794 10152 10151
f 10152 10795 10154
f 10156 10798 10797
f 10155 10156 10797
f 10131 10799 10771
f 10131 10155 10799
f 10155 10797 10799
f 10771 10157 10133
f 10771 10799 10157
f 10799 10800 10157
f 10800 10134 10157
f 10773 10134 10800
f 10774 10158 10136
f 10801 10158 10774
f 10158 10801 10802
f 10159 10158 10802
f 10775 10139 10161
f 10161 10162 10803
f 10161 10803 10775
f 10775 10803 10776
f 10776 10803 10777
f 10777 10803 10804
f 10805 10804 10806
f 10805 10778 10804
f 10778 10777 10804
f 10778 10807 10779
f 10805 10807 10778
f 10779 10807 10781
f 10783 10808 10782
f 10782 10809 10784
f 10808 10809 10782
f 10784 10810 10785
f 10809 10810 10784
f 10785 10811 10786
f 10810 10811 10785
f 10786 10812 10787
f 10811 10812 10786
f 10787 10813 10788
f 10812 10813 10787
f 10788 10814 10789
f 10813 10814 10788
f 10789 10815 10790
f 10814 10815 10789
f 10817 10816 10163
f 10815 10817 10163
f 10815 10163 10144
f 10815 10144 10790
f 10164 10163 10816
f 10818 10164 10816
f 10165 10164 10818
f 10819 10165 10818
f 10166 10165 10819
f 10820 10166 10819
f 10167 10166 10820
f 10821 10167 10820
f 10168 10167 10821
f 10822 10168 10821
f 10168 10822 10170
f 10791 10149 10823
f 10823 10149 10173
f 10825 10795 10796
f 10824 10795 10825
f 10154 10795 10824
f 10154 10824 10826
f 10154 10826 10174
f 10827 10826 10824
f 10826 10156 10174
f 10798 10156 10826
f 10175 10829 10828
f 10175 10159 10829
f 10159 10802 10829
f 10828 10831 10830
f 10828 10830 10175
f 10175 10830 10176
f 10176 10830 10832
f 10177 10176 10832
f 10803 10162 10180
f 10180 10181 10833
f 10180 10833 10803
f 10803 10833 10804
f 10806 10833 10834
f 10804 10833 10806
f 10817 10835 10816
f 10816 10836 10818
f 10835 10836 10816
f 10818 10837 10819
f 10836 10837 10818
f 10819 10838 10820
f 10837 10838 10819
f 10820 10839 10821
f 10838 10839 10820
f 10841 10821 10839
f 10841 10840 10821
f 10840 10822 10821
f 10182 10170 10822
f 10182 10822 10842
f 10842 10822 10840
f 10183 10182 10842
f 10843 10183 10842
f 10184 10183 10843
f 10844 10184 10843
f 10184 10844 10186
f 10191 10846 10845
f 10190 10191 10845
f 10845 10173 10190
f 10823 10173 10845
f 10825 10847 10824
f 10824 10847 10827
f 10829 10848 10828
f 10828 10848 10831
f 10849 10832 10850
f 10849 10192 10832
f 10192 10177 10832
f 10850 10851 10849
f 10852 10833 10181
f 10194 10852 10181
f 10834 10852 10853
f 10833 10852 10834
f 10841 10854 10840
f 10856 10840 10854
f 10856 10855 10840
f 10855 10842 10840
f 10842 10855 10843
f 10843 10855 10857
f 10843 10857 10844
f 10844 10857 10858
f 10195 10186 10844
f 10195 10844 10859
f 10859 10844 10858
f 10196 10195 10859
f 10860 10196 10859
f 10196 10860 10198
f 10846 10191 10861
f 10861 10191 10201
f 10849 10204 10192
f 10204 10849 10851
f 10204 10851 10205
f 10205 10851 10862
f 10206 10207 10863
f 10863 10865 10864
f 10206 10863 10864
f 10206 10864 10852
f 10206 10852 10194
f 10852 10864 10853
f 10856 10866 10855
f 10855 10867 10857
f 10866 10867 10855
f 10869 10857 10867
f 10869 10868 10857
f 10868 10858 10857
f 10858 10868 10859
f 10859 10868 10870
f 10859 10870 10860
f 10860 10870 10871
f 10208 10198 10860
f 10208 10860 10872
f 10872 10860 10871
f 10208 10872 10210
f 10861 10201 10873
f 10873 10201 10213
f 10862 10874 10205
f 10874 10214 10205
f 10875 10863 10207
f 10215 10875 10207
f 10865 10875 10876
f 10863 10875 10865
f 10869 10877 10868
f 10868 10878 10870
f 10877 10878 10868
f 10880 10870 10878
f 10880 10879 10870
f 10879 10871 10870
f 10871 10879 10872
f 10872 10879 10881
f 10216 10210 10872
f 10216 10872 10882
f 10882 10872 10881
f 10216 10882 10218
f 10883 10884 10873
f 10883 10873 10220
f 10220 10873 10213
f 10884 10883 10885
f 10874 10886 10214
f 10886 10221 10214
f 10887 10875 10215
f 10887 10215 10888
f 10888 10215 10223
f 10875 10887 10876
f 10890 10879 10880
f 10889 10879 10890
f 10879 10889 10881
f 10881 10889 10891
f 10881 10891 10882
f 10882 10891 10892
f 10224 10218 10882
f 10224 10882 10893
f 10893 10882 10892
f 10224 10893 10226
f 10894 10883 10220
f 10228 10894 10220
f 10885 10894 10895
f 10883 10894 10885
f 10886 10896 10221
f 10896 10229 10221
f 10230 10231 10897
f 10897 10899 10898
f 10897 10898 10230
f 10230 10898 10232
f 10898 10900 10232
f 10232 10900 10233
f 10900 10901 10233
f 10233 10901 10234
f 10901 10223 10234
f 10888 10223 10901
f 10904 10902 10903
f 10903 10905 10906
f 10902 10905 10903
f 10906 10889 10890
f 10906 10905 10889
f 10905 10907 10889
f 10889 10907 10891
f 10891 10907 10908
f 10237 10236 10892
f 10237 10892 10908
f 10908 10892 10891
f 10893 10892 10236
f 10239 10893 10236
f 10893 10239 10226
f 10894 10228 10242
f 10242 10895 10894
f 10242 10243 10895
f 10243 10909 10895
f 10896 10910 10229
f 10910 10245 10229
f 10246 10247 10911
f 10911 10913 10912
f 10246 10911 10912
f 10246 10912 10897
f 10246 10897 10231
f 10897 10912 10899
f 10915 10902 10904
f 10914 10902 10915
f 10902 10914 10905
f 10905 10914 10916
f 10905 10916 10907
f 10907 10916 10917
f 10907 10917 10908
f 10908 10917 10918
f 10248 10237 10908
f 10248 10908 10919
f 10919 10908 10918
f 10248 10919 10250
f 10909 10243 10255
f 10920 10909 10255
f 10255 10921 10920
f 10256 10921 10255
f 10924 10922 10923
f 10923 10922 10925
f 10258 10926 10927
f 10257 10926 10258
f 10926 10257 10245
f 10910 10926 10245
f 10260 10261 10928
f 10928 10930 10929
f 10260 10928 10929
f 10260 10929 10911
f 10260 10911 10247
f 10911 10929 10913
f 10915 10931 10914
f 10914 10932 10916
f 10931 10932 10914
f 10916 10933 10917
f 10932 10933 10916
f 10935 10917 10933
f 10935 10934 10917
f 10934 10918 10917
f 10918 10934 10919
f 10919 10934 10936
f 10262 10250 10919
f 10262 10919 10937
f 10937 10919 10936
f 10263 10262 10937
f 10938 10263 10937
f 10263 10938 10265
f 10921 10256 10269
f 10939 10921 10269
f 10940 10269 10270
f 10940 10941 10269
f 10941 10939 10269
f 10941 10942 10943
f 10940 10942 10941
f 10943 10942 10944
f 10947 10945 10946
f 10946 10948 10949
f 10945 10948 10946
f 10949 10948 10951
f 10924 10950 10922
f 10922 10950 10925
f 10954 10952 10953
f 10953 10955 10956
f 10952 10955 10953
f 10956 10955 10271
f 10956 10271 10927
f 10927 10271 10258
f 10274 10958 10957
f 10273 10274 10957
f 10957 10959 10273
f 10273 10959 10275
f 10275 10959 10960
f 10276 10275 10960
f 10278 10279 10961
f 10280 10278 10961
f 10962 10280 10961
f 10962 10964 10963
f 10280 10962 10963
f 10280 10963 10928
f 10280 10928 10261
f 10928 10963 10930
f 10935 10965 10934
f 10967 10934 10965
f 10967 10966 10934
f 10966 10936 10934
f 10936 10966 10937
f 10937 10966 10968
f 10937 10968 10938
f 10938 10968 10969
f 10281 10265 10938
f 10281 10938 10970
f 10970 10938 10969
f 10281 10970 10283
f 10940 10270 10285
f 10942 10940 10285
f 10286 10942 10285
f 10944 10942 10286
f 10944 10286 10971
f 10971 10286 10288
f 10947 10972 10945
f 10947 10288 10972
f 10947 10971 10288
f 10289 10972 10288
f 10292 10291 10948
f 10292 10948 10972
f 10972 10948 10945
f 10291 10293 10973
f 10948 10291 10973
f 10948 10973 10974
f 10948 10974 10951
f 10974 10975 10976
f 10973 10975 10974
f 10976 10975 10977
f 10979 10952 10954
f 10978 10952 10979
f 10952 10978 10955
f 10955 10978 10980
f 10955 10980 10294
f 10271 10955 10294
f 10958 10274 10981
f 10981 10274 10295
f 10960 10296 10276
f 10982 10296 10960
f 10296 10982 10983
f 10297 10296 10983
f 10299 10300 10984
f 10279 10299 10984
f 10279 10984 10961
f 10961 10984 10985
f 10986 10985 10987
f 10986 10962 10985
f 10962 10961 10985
f 10962 10986 10964
f 10967 10988 10966
f 10990 10966 10988
f 10990 10989 10966
f 10989 10968 10966
f 10968 10989 10969
f 10969 10989 10991
f 10969 10991 10970
f 10970 10991 10992
f 10301 10283 10970
f 10301 10970 10993
f 10993 10970 10992
f 10301 10993 10303
f 10972 10289 10304
f 10972 10304 10292
f 10973 10293 10306
f 10306 10307 10994
f 10306 10994 10973
f 10973 10994 10975
f 10977 10995 10996
f 10977 10975 10995
f 10975 10994 10995
f 10996 10995 10997
f 10978 10309 10308
f 10978 10979 10309
f 10979 10998 10309
f 10980 10978 10308
f 10310 10980 10308
f 10980 10310 10294
f 10981 10295 10999
f 10999 10295 10311
f 10312 11001 11000
f 10312 10297 11001
f 10297 10983 11001
f 10312 11000 10313
f 11002 10984 10300
f 10315 11002 10300
f 11003 11002 11004
f 11003 10985 11002
f 10985 10984 11002
f 10985 11003 10987
f 11006 10989 10990
f 11005 10989 11006
f 10989 11005 10991
f 10991 11005 11007
f 10991 11007 10992
f 10992 11007 11008
f 10992 11008 10993
f 10993 11008 11009
f 10993 11009 10317
f 10303 10993 10317
f 10994 10307 10318
f 10995 10994 10318
f 10320 10995 10318
f 10997 10995 10320
f 10997 10320 11010
f 11010 10320 10322
f 11011 10322 10323
f 11011 11012 10322
f 11012 11010 10322
f 11012 11011 11013
f 10325 11014 11015
f 10324 11014 10325
f 11014 10324 10309
f 10998 11014 10309
f 10999 10311 11016
f 11016 10311 10326
f 11018 11000 11001
f 11017 11000 11018
f 11000 11017 10327
f 10313 11000 10327
f 10328 10329 11019
f 10315 10328 11019
f 10315 11019 11002
f 11002 11019 11020
f 11004 11020 11021
f 11002 11020 11004
f 11023 11005 11006
f 11022 11005 11023
f 11005 11022 11007
f 11007 11022 11024
f 11007 11024 11008
f 11008 11024 11025
f 11008 11025 11009
f 11009 11025 11026
f 11009 11026 10331
f 10317 11009 10331
f 11011 10323 10332
f 11013 11011 10332
f 11013 10332 11027
f 11027 10332 10334
f 11028 10334 10335
f 11028 11029 10334
f 11029 11027 10334
f 10338 11029 11028
f 10338 10337 11029
f 10337 11030 11029
f 11030 10337 10325
f 11015 11030 10325
f 11016 10326 11031
f 11031 10326 10339
f 11033 11017 11018
f 11032 11017 11033
f 11017 11032 10340
f 10327 11017 10340
f 11034 11019 10329
f 10341 11034 10329
f 11019 11034 11020
f 11020 11034 11035
f 11021 11035 11036
f 11020 11035 11021
f 11039 11037 11038
f 11038 11022 11023
f 11038 11037 11022
f 11037 11040 11022
f 11022 11040 11024
f 11024 11040 11041
f 11024 11041 11025
f 11025 11041 11042
f 10344 10343 11026
f 10344 11026 11042
f 11042 11026 11025
f 11026 10343 10331
f 11028 10335 10347
f 11028 10347 10338
f 11031 10339 11043
f 11043 10339 10348
f 11032 10351 10350
f 11032 11033 10351
f 11033 11044 10351
f 11032 10350 10340
f 11045 11034 10341
f 10352 11045 10341
f 11034 11045 11035
f 11035 11045 11046
f 11036 11046 11047
f 11035 11046 11036
f 11050 11048 11049
f 11049 11051 11052
f 11048 11051 11049
f 11052 11053 11054
f 11051 11053 11052
f 11054 11055 11056
f 11053 11055 11054
f 11056 11057 11058
f 11055 11057 11056
f 11058 11059 11060
f 11057 11059 11058
f 11060 11061 11062
f 11059 11061 11060
f 11062 11063 11064
f 11061 11063 11062
f 11064 11065 11066
f 11063 11065 11064
f 11066 11037 11039
f 11066 11065 11037
f 11065 11067 11037
f 11037 11067 11040
f 11040 11067 11068
f 11040 11068 11041
f 11041 11068 11069
f 10355 10354 11042
f 10355 11042 11069
f 11069 11042 11041
f 11042 10354 10344
f 11043 10348 11070
f 11070 10348 10359
f 11073 11071 11072
f 11072 11071 10360
f 11072 10360 11044
f 11044 10360 10351
f 11045 10352 10362
f 10362 10363 11074
f 10362 11074 11045
f 11045 11074 11046
f 11047 11075 11076
f 11047 11046 11075
f 11046 11074 11075
f 11076 11077 11078
f 11075 11077 11076
f 11078 11077 11079
f 11082 11080 11081
f 11081 11083 11084
f 11080 11083 11081
f 10366 11084 11083
f 10366 10365 11084
f 10365 11085 11084
f 11085 10365 11086
f 10365 10368 11086
f 11048 11050 11086
f 11048 11086 10370
f 10370 11086 10368
f 11051 11048 10370
f 10372 11051 10370
f 11053 11051 10372
f 10374 11053 10372
f 11055 11053 10374
f 10376 11055 10374
f 10376 10377 11087
f 10376 11087 11055
f 11055 11087 11057
f 11057 11087 11059
f 11059 11087 11088
f 11089 11088 11090
f 11089 11061 11088
f 11061 11059 11088
f 11092 11061 11089
f 11092 11091 11061
f 11091 11063 11061
f 11063 11091 11065
f 11065 11091 11093
f 11065 11093 11067
f 11067 11093 11094
f 11067 11094 11068
f 11068 11094 11095
f 11068 11095 11069
f 11069 11095 11096
f 11069 11096 10379
f 10355 11069 10379
f 11070 10359 10383
f 11097 11070 10383
f 11097 10383 11098
f 10383 10384 11098
f 11071 11073 11098
f 11071 11098 10385
f 10385 11098 10384
f 11071 10385 10360
f 11074 10363 10388
f 10388 10389 11099
f 10388 11099 11074
f 11074 11099 11075
f 11075 11099 11077
f 11077 11099 11100
f 11079 11101 11102
f 11079 11077 11101
f 11077 11100 11101
f 11102 11101 11103
f 11106 11104 11105
f 11105 11104 11107
f 11110 11108 11109
f 11109 11111 11112
f 11108 11111 11109
f 11112 11113 11114
f 11111 11113 11112
f 11114 11115 11116
f 11113 11115 11114
f 11116 11117 11118
f 11115 11117 11116
f 11118 11119 11120
f 11117 11119 11118
f 11120 11121 11122
f 11119 11121 11120
f 11122 11123 11124
f 11121 11123 11122
f 10392 11124 11123
f 10392 10391 11124
f 10391 11125 11124
f 11080 11082 11125
f 11080 11125 10393
f 10393 11125 10391
f 11083 11080 10393
f 10395 11083 10393
f 11083 10395 10366
f 10397 10398 11126
f 10397 11126 10400
f 11127 11087 10377
f 10404 11127 10377
f 11087 11127 11088
f 11088 11127 11128
f 11090 11129 11130
f 11090 11088 11129
f 11088 11128 11129
f 11130 11091 11092
f 11130 11129 11091
f 11129 11131 11091
f 11091 11131 11093
f 11093 11131 11132
f 11093 11132 11094
f 11094 11132 11133
f 11094 11133 11095
f 11095 11133 11134
f 11095 11134 11096
f 11096 11134 11135
f 11096 11135 10406
f 10379 11096 10406
f 11099 10389 10410
f 11100 11099 10410
f 10412 11100 10410
f 11101 11100 10412
f 10414 11101 10412
f 10414 10415 11136
f 11101 10414 11136
f 11101 11136 11137
f 11101 11137 11103
f 11137 11104 11106
f 11137 11136 11104
f 11136 11138 11104
f 11107 11139 11140
f 11107 11104 11139
f 11104 11138 11139
f 11140 11141 11142
f 11139 11141 11140
f 11142 11141 11143
f 11146 11144 11145
f 11145 11144 11147
f 11150 11148 11149
f 11149 11148 11151
f 10418 11152 11153
f 10417 11152 10418
f 11152 10417 11154
f 10417 10419 11154
f 11154 10419 11155
f 10419 10420 11155
f 11155 10420 11156
f 10420 10421 11156
f 11156 10421 11157
f 10421 10422 11157
f 11157 10422 11158
f 10422 10423 11158
f 11158 10423 11159
f 10423 10425 11159
f 11159 10425 11160
f 10425 10427 11160
f 11160 10427 11161
f 10427 10429 11161
f 11161 10429 11162
f 10429 10430 11162
f 11108 11110 11162
f 11108 11162 10431
f 10431 11162 10430
f 11111 11108 10431
f 10432 11111 10431
f 11113 11111 10432
f 10433 11113 10432
f 11115 11113 10433
f 10434 11115 10433
f 11117 11115 10434
f 10435 11117 10434
f 11119 11117 10435
f 10436 11119 10435
f 11121 11119 10436
f 10437 11121 10436
f 11123 11121 10437
f 10438 11123 10437
f 11123 10438 10392
f 11163 11126 10398
f 10442 11163 10398
f 10443 10400 11126
f 10443 11126 11164
f 11164 11126 11163
f 10444 10443 11164
f 11165 10444 11164
f 10445 10444 11165
f 11166 10445 11165
f 10446 10445 11166
f 11167 10446 11166
f 10404 10446 11167
f 10404 11167 11127
f 11127 11167 11168
f 11127 11168 11128
f 11128 11168 11169
f 11128 11169 11129
f 11129 11169 11170
f 11129 11170 11131
f 11131 11170 11171
f 11131 11171 11132
f 11132 11171 11172
f 11132 11172 11133
f 11133 11172 11173
f 11133 11173 11134
f 11134 11173 11174
f 10449 10448 11135
f 10449 11135 11174
f 11174 11135 11134
f 11135 10448 10406
f 11136 10415 10452
f 11138 11136 10452
f 10454 11138 10452
f 11139 11138 10454
f 10456 11139 10454
f 11141 11139 10456
f 10458 11141 10456
f 10458 10459 11175
f 11141 10458 11175
f 11141 11175 11176
f 11141 11176 11143
f 11176 11177 11178
f 11175 11177 11176
f 11178 11179 11180
f 11177 11179 11178
f 11180 11181 11182
f 11179 11181 11180
f 11182 11183 11184
f 11181 11183 11182
f 11184 11185 11186
f 11183 11185 11184
f 11144 10462 10461
f 11146 10462 11144
f 11146 11185 10462
f 11146 11186 11185
f 11147 11144 10461
f 11147 10461 11187
f 11187 10461 10464
f 11148 11150 11187
f 11148 11187 10466
f 10466 11187 10464
f 11151 11148 10466
f 11151 10466 11188
f 11188 10466 10468
f 11189 10468 10469
f 11189 11190 10468
f 11190 11188 10468
f 11190 11191 11192
f 11189 11191 11190
f 11192 11193 11194
f 11191 11193 11192
f 11194 11195 11196
f 11193 11195 11194
f 11196 11197 11198
f 11195 11197 11196
f 11198 11199 11200
f 11197 11199 11198
f 11200 11201 11202
f 11199 11201 11200
f 11202 11203 11204
f 11201 11203 11202
f 11204 11205 11206
f 11203 11205 11204
f 11206 11207 11208
f 11205 11207 11206
f 11208 11209 11210
f 11207 11209 11208
f 11210 11211 11212
f 11209 11211 11210
f 11212 11211 11213
f 11153 10470 10418
f 11214 10470 11153
f 11214 11215 10470
f 10470 11215 10471
f 11217 11216 10472
f 11217 10472 11215
f 11215 10472 10471
f 10472 11216 10474
f 10481 10482 11218
f 10483 10481 11218
f 11219 10483 11218
f 10484 10483 11219
f 11220 10484 11219
f 11220 11222 11221
f 10484 11220 11221
f 10484 11221 11163
f 10484 11163 10442
f 11163 11223 11164
f 11221 11223 11163
f 11164 11224 11165
f 11223 11224 11164
f 11165 11225 11166
f 11224 11225 11165
f 11227 11166 11225
f 11227 11226 11166
f 11226 11167 11166
f 11167 11226 11168
f 11168 11226 11228
f 11168 11228 11169
f 11169 11228 11229
f 11169 11229 11170
f 11170 11229 11230
f 11170 11230 11171
f 11171 11230 11231
f 11171 11231 11172
f 11172 11231 11232
f 11172 11232 11173
f 11173 11232 11233
f 10487 10486 11174
f 10487 11174 11233
f 11233 11174 11173
f 11174 10486 10449
f 11175 10459 10490
f 11177 11175 10490
f 10491 11177 10490
f 11179 11177 10491
f 10492 11179 10491
f 11181 11179 10492
f 10493 11181 10492
f 11183 11181 10493
f 10494 11183 10493
f 11185 11183 10494
f 10495 11185 10494
f 11185 10495 10462
f 11189 10469 10496
f 11191 11189 10496
f 10497 11191 10496
f 11193 11191 10497
f 10498 11193 10497
f 11195 11193 10498
f 10499 11195 10498
f 11197 11195 10499
f 10500 11197 10499
f 11199 11197 10500
f 10501 11199 10500
f 11201 11199 10501
f 10502 11201 10501
f 11203 11201 10502
f 10503 11203 10502
f 11205 11203 10503
f 10504 11205 10503
f 11207 11205 10504
f 10505 11207 10504
f 11209 11207 10505
f 10506 11209 10505
f 11211 11209 10506
f 10507 11211 10506
f 11213 11211 10507
f 11213 10507 11234
f 11234 10507 10508
f 11236 10510 11235
f 11236 11234 10510
f 11234 10508 10510
f 10510 10511 11235
f 11217 11237 11216
f 11239 11238 10512
f 11237 11239 10512
f 11237 10512 10474
f 11237 10474 11216
f 10513 10512 11238
f 11240 10513 11238
f 10513 11240 10515
f 11241 11218 10482
f 10523 11241 10482
f 11242 11241 11243
f 11242 11219 11241
f 11219 11218 11241
f 11219 11244 11220
f 11242 11244 11219
f 11220 11244 11222
f 11246 11226 11227
f 11245 11226 11246
f 11226 11245 11228
f 11228 11245 11247
f 11228 11247 11229
f 11229 11247 11248
f 11229 11248 11230
f 11230 11248 11249
f 11230 11249 11231
f 11231 11249 11250
f 10526 10525 11232
f 10526 11232 11250
f 11250 11232 11231
f 11233 11232 10525
f 10528 11233 10525
f 11233 10528 10487
f 11236 11235 11251
f 11235 11252 11251
f 11235 10511 11252
f 10511 10531 11252
f 11239 11253 11238
f 11255 11238 11253
f 11255 11254 11238
f 11254 11240 11238
f 10532 10515 11240
f 10532 11240 11256
f 11256 11240 11254
f 10533 10532 11256
f 11257 10533 11256
f 10534 10533 11257
f 11258 10534 11257
f 10535 10534 11258
f 11259 10535 11258
f 10536 10535 11259
f 11260 10536 11259
f 10536 11260 10538
f 11261 11241 10523
f 10547 11261 10523
f 11243 11261 11262
f 11241 11261 11243
f 11265 11263 11264
f 11264 11245 11246
f 11264 11263 11245
f 11263 11266 11245
f 11245 11266 11247
f 11247 11266 11267
f 11247 11267 11248
f 11248 11267 11268
f 11248 11268 11249
f 11249 11268 11269
f 10550 10549 11250
f 10550 11250 11269
f 11269 11250 11249
f 11250 10549 10526
f 11252 10531 11270
f 11270 10531 10555
f 11255 11271 11254
f 11273 11254 11271
f 11273 11272 11254
f 11272 11256 11254
f 11256 11272 11257
f 11257 11272 11274
f 11257 11274 11258
f 11258 11274 11275
f 11258 11275 11259
f 11259 11275 11276
f 11259 11276 11260
f 11260 11276 11277
f 10557 10538 11260
f 10557 11260 11278
f 11278 11260 11277
f 10558 10557 11278
f 11279 10558 11278
f 10558 11279 10560
f 11280 11261 10547
f 10567 11280 10547
f 11262 11280 11281
f 11261 11280 11262
f 11284 11282 11283
f 11283 11285 11286
f 11282 11285 11283
f 11286 11263 11265
f 11286 11285 11263
f 11285 11287 11263
f 11263 11287 11266
f 11266 11287 11288
f 11266 11288 11267
f 11267 11288 11289
f 10570 10569 11268
f 10570 11268 11289
f 11289 11268 11267
f 11269 11268 10569
f 10572 11269 10569
f 11269 10572 10550
f 11270 10555 10575
f 11290 11270 10575
f 11290 10575 11291
f 10575 10576 11291
f 11291 10576 11292
f 10576 10577 11292
f 11293 10577 10578
f 11293 11294 10577
f 11294 11292 10577
f 11294 11293 11295
f 11298 11296 11297
f 11297 11299 11300
f 11296 11299 11297
f 11300 11301 11302
f 11299 11301 11300
f 11302 11303 11304
f 11301 11303 11302
f 11304 11272 11273
f 11304 11303 11272
f 11303 11305 11272
f 11272 11305 11274
f 11274 11305 11306
f 11274 11306 11275
f 11275 11306 11307
f 11275 11307 11276
f 11276 11307 11308
f 11276 11308 11277
f 11277 11308 11309
f 11277 11309 11278
f 11278 11309 11310
f 11278 11310 11279
f 11279 11310 11311
f 11279 11311 10580
f 10560 11279 10580
f 11280 10567 10588
f 10588 11281 11280
f 10588 10589 11281
f 10589 11312 11281
f 11315 11313 11314
f 11314 11282 11284
f 11314 11313 11282
f 11313 11316 11282
f 11282 11316 11285
f 11285 11316 11317
f 11285 11317 11287
f 11287 11317 11318
f 10592 10591 11288
f 10592 11288 11318
f 11318 11288 11287
f 11289 11288 10591
f 10594 11289 10591
f 11289 10594 10570
f 11293 10578 10597
f 11295 11293 10597
f 11295 10597 11319
f 11319 10597 10598
f 11296 11298 11319
f 11296 11319 10599
f 10599 11319 10598
f 11299 11296 10599
f 10600 11299 10599
f 11301 11299 10600
f 10602 11301 10600
f 11303 11301 10602
f 10604 11303 10602
f 11305 11303 10604
f 10606 11305 10604
f 11306 11305 10606
f 10608 11306 10606
f 11307 11306 10608
f 10610 11307 10608
f 11308 11307 10610
f 10612 11308 10610
f 11309 11308 10612
f 10614 11309 10612
f 11310 11309 10614
f 10616 11310 10614
f 11311 11310 10616
f 10618 11311 10616
f 11311 10618 10580
f 11320 11321 11312
f 11320 11312 10627
f 10627 11312 10589
f 11321 11322 11323
f 11320 11322 11321
f 11323 11313 11315
f 11323 11322 11313
f 11322 11324 11313
f 11313 11324 11316
f 11316 11324 11325
f 11316 11325 11317
f 11317 11325 11326
f 10630 10629 11318
f 10630 11318 11326
f 11326 11318 11317
f 11318 10629 10592
f 11320 10627 10633
f 10633 10634 11327
f 10633 11327 11320
f 11320 11327 11322
f 10637 10636 11324
f 10637 11324 11327
f 11327 11324 11322
f 11325 11324 10636
f 10639 11325 10636
f 11326 11325 10639
f 10641 11326 10639
f 11326 10641 10630
f 11327 10634 10643
f 11327 10643 10637
f 10655 10656 11328
f 10655 11328 10658
f 10666 10667 11329
f 10666 11329 10669
f 10678 10679 11330
f 10680 10678 11330
f 11331 10680 11330
f 10681 10680 11331
f 11332 10681 11331
f 10682 10681 11332
f 11333 10682 11332
f 10683 10682 11333
f 11334 10683 11333
f 10684 10683 11334
f 11335 10684 11334
f 10685 10684 11335
f 11336 10685 11335
f 10656 10685 11336
f 10656 11336 11328
f 11328 11336 11337
f 10686 10658 11328
f 10686 11328 11338
f 11338 11328 11337
f 10687 10686 11338
f 11339 10687 11338
f 10688 10687 11339
f 11340 10688 11339
f 10689 10688 11340
f 11341 10689 11340
f 10690 10689 11341
f 11342 10690 11341
f 10691 10690 11342
f 11343 10691 11342
f 10692 10691 11343
f 11344 10692 11343
f 10693 10692 11344
f 11345 10693 11344
f 10694 10693 11345
f 11346 10694 11345
f 10694 11346 10696
f 10697 10698 11347
f 11347 11349 11348
f 10697 11347 11348
f 10697 11348 11329
f 10697 11329 10667
f 11329 10699 10669
f 11329 11348 10699
f 11348 11350 10699
f 11352 11351 10700
f 11352 10700 11350
f 11350 10700 10699
f 10701 10700 11351
f 11353 10701 11351
f 10702 10701 11353
f 11354 10702 11353
f 10703 10702 11354
f 11355 10703 11354
f 10704 10703 11355
f 11356 10704 11355
f 10705 10704 11356
f 11357 10705 11356
f 10706 10705 11357
f 11358 10706 11357
f 10706 11358 10708
f 10724 10725 11359
f 10726 10724 11359
f 11360 10726 11359
f 10727 10726 11360
f 11361 10727 11360
f 10679 10727 11361
f 10679 11361 11330
f 11330 11361 11362
f 11363 11362 11364
f 11363 11331 11362
f 11331 11330 11362
f 11331 11365 11332
f 11363 11365 11331
f 11332 11366 11333
f 11365 11366 11332
f 11333 11367 11334
f 11366 11367 11333
f 11334 11368 11335
f 11367 11368 11334
f 11335 11369 11336
f 11368 11369 11335
f 11336 11370 11337
f 11369 11370 11336
f 11337 11371 11338
f 11370 11371 11337
f 11338 11372 11339
f 11371 11372 11338
f 11339 11373 11340
f 11372 11373 11339
f 11340 11374 11341
f 11373 11374 11340
f 11341 11375 11342
f 11374 11375 11341
f 11342 11376 11343
f 11375 11376 11342
f 11343 11377 11344
f 11376 11377 11343
f 11344 11378 11345
f 11377 11378 11344
f 11345 11379 11346
f 11378 11379 11345
f 11381 11380 10728
f 11379 11381 10728
f 11379 10728 10696
f 11379 10696 11346
f 11380 11383 11382
f 10728 11380 11382
f 10728 11382 11347
f 10728 11347 10698
f 11347 11382 11349
f 11352 11384 11351
f 11351 11385 11353
f 11384 11385 11351
f 11353 11386 11354
f 11385 11386 11353
f 11354 11387 11355
f 11386 11387 11354
f 11389 11355 11387
f 11389 11388 11355
f 11388 11356 11355
f 11356 11388 11357
f 11357 11388 11390
f 11357 11390 11358
f 11358 11390 11391
f 10729 10708 11358
f 10729 11358 11392
f 11392 11358 11391
f 10730 10729 11392
f 11393 10730 11392
f 10731 10730 11393
f 11394 10731 11393
f 10732 10731 11394
f 11395 10732 11394
f 10733 10732 11395
f 11396 10733 11395
f 10734 10733 11396
f 11397 10734 11396
f 10734 11397 10736
f 10745 10746 11398
f 11398 11400 11399
f 11398 11399 10745
f 10745 11399 10747
f 11402 11401 10748
f 11402 10748 11399
f 11399 10748 10747
f 10748 11401 10749
f 10751 10752 11403
f 10725 10751 11403
f 10725 11403 11359
f 11359 11403 11404
f 11359 11404 11360
f 11360 11404 11405
f 11406 11405 11407
f 11406 11361 11405
f 11361 11360 11405
f 11361 11408 11362
f 11406 11408 11361
f 11362 11408 11364
f 11381 11409 11380
f 11380 11409 11383
f 11411 11388 11389
f 11410 11388 11411
f 11388 11410 11390
f 11390 11410 11412
f 11390 11412 11391
f 11391 11412 11413
f 11391 11413 11392
f 11392 11413 11414
f 11392 11414 11393
f 11393 11414 11415
f 11393 11415 11394
f 11394 11415 11416
f 11394 11416 11395
f 11395 11416 11417
f 10755 10754 11396
f 10755 11396 11417
f 11417 11396 11395
f 11397 11396 10754
f 10757 11397 10754
f 11397 10757 10736
f 10765 10766 11418
f 11418 11420 11419
f 11418 11419 10765
f 10765 11419 10767
f 11422 11421 10768
f 11422 10768 11419
f 11419 10768 10767
f 10768 11421 10770
f 10772 10773 11423
f 11423 11425 11424
f 10772 11423 11424
f 10772 11424 11398
f 10772 11398 10746
f 11398 11424 11400
f 11402 11426 11401
f 11401 11426 11427
f 11401 11427 10749
f 10749 11427 10774
f 11403 10752 10780
f 10780 10781 11428
f 10780 11428 11403
f 11403 11428 11404
f 11404 11428 11405
f 11405 11428 11429
f 11407 11429 11430
f 11405 11429 11407
f 11411 11431 11410
f 11410 11432 11412
f 11431 11432 11410
f 11412 11433 11413
f 11432 11433 11412
f 11413 11434 11414
f 11433 11434 11413
f 11436 11414 11434
f 11436 11435 11414
f 11435 11415 11414
f 11415 11435 11416
f 11416 11435 11437
f 11416 11437 11417
f 11417 11437 11438
f 11417 11438 10783
f 10755 11417 10783
f 11439 11418 10766
f 11439 10766 11440
f 11440 10766 10791
f 11418 11439 11420
f 11422 11441 11421
f 11421 10792 10770
f 11421 11441 10792
f 11441 11442 10792
f 11444 11443 10793
f 11444 10793 11442
f 11442 10793 10792
f 10794 10793 11443
f 11445 10794 11443
f 10794 11445 10796
f 10797 10798 11446
f 10799 10797 11446
f 11447 10799 11446
f 10800 10799 11447
f 11448 10800 11447
f 11448 11450 11449
f 10800 11448 11449
f 10800 11449 11423
f 10800 11423 10773
f 11423 11449 11425
f 11427 10801 10774
f 11451 10801 11427
f 10801 11451 11452
f 10802 10801 11452
f 10805 10806 11453
f 10807 10805 11453
f 11454 10807 11453
f 10781 10807 11454
f 10781 11454 11428
f 11428 11454 11455
f 11428 11455 11429
f 11429 11455 11456
f 11430 11457 11458
f 11430 11429 11457
f 11429 11456 11457
f 11458 11457 11459
f 11461 11435 11436
f 11460 11435 11461
f 11462 11460 11463
f 11462 11437 11460
f 11437 11435 11460
f 11437 11464 11438
f 11462 11464 11437
f 11466 11465 10808
f 11464 11466 10808
f 11464 10808 10783
f 11464 10783 11438
f 10809 10808 11465
f 11467 10809 11465
f 10810 10809 11467
f 11468 10810 11467
f 10811 10810 11468
f 11469 10811 11468
f 10812 10811 11469
f 11470 10812 11469
f 10813 10812 11470
f 11471 10813 11470
f 10814 10813 11471
f 11472 10814 11471
f 10815 10814 11472
f 11473 10815 11472
f 10815 11473 10817
f 11440 10791 11474
f 11474 10791 10823
f 11444 11475 11443
f 11477 11443 11475
f 11477 11476 11443
f 11476 11445 11443
f 11445 11476 10825
f 10796 11445 10825
f 10826 10827 11478
f 10798 10826 11478
f 10798 11478 11446
f 11446 11478 11479
f 11480 11479 11481
f 11480 11447 11479
f 11447 11446 11479
f 11483 11447 11480
f 11483 11482 11447
f 11482 11448 11447
f 11450 11482 11484
f 11448 11482 11450
f 11452 11485 10802
f 11485 10829 10802
f 10830 10831 11486
f 10830 11486 10832
f 11487 11453 10806
f 10834 11487 10806
f 11453 11487 11454
f 11454 11487 11488
f 11489 11488 11490
f 11489 11455 11488
f 11455 11454 11488
f 11455 11491 11456
f 11489 11491 11455
f 11456 11492 11457
f 11491 11492 11456
f 11457 11492 11459
f 11461 11493 11460
f 11460 11493 11463
f 11466 11494 11465
f 11465 11495 11467
f 11494 11495 11465
f 11467 11496 11468
f 11495 11496 11467
f 11468 11497 11469
f 11496 11497 11468
f 11469 11498 11470
f 11497 11498 11469
f 11470 11499 11471
f 11498 11499 11470
f 11471 11500 11472
f 11499 11500 11471
f 11502 11472 11500
f 11502 11501 11472
f 11501 11473 11472
f 10835 10817 11473
f 10835 11473 11503
f 11503 11473 11501
f 10836 10835 11503
f 11504 10836 11503
f 10837 10836 11504
f 11505 10837 11504
f 10838 10837 11505
f 11506 10838 11505
f 10839 10838 11506
f 11507 10839 11506
f 10839 11507 10841
f 10845 10846 11508
f 11508 10823 10845
f 11508 11509 10823
f 11509 11474 10823
f 11511 11476 11477
f 11510 11476 11511
f 10847 10825 11476
f 10847 11476 11512
f 11512 11476 11510
f 11512 11514 11513
f 10847 11512 11513
f 10847 11513 11478
f 10847 11478 10827
f 11516 11478 11513
f 11516 11515 11478
f 11515 11479 11478
f 11481 11515 11517
f 11479 11515 11481
f 11483 11518 11482
f 11482 11518 11484
f 10848 11520 11519
f 10848 10829 11520
f 10829 11485 11520
f 11519 11522 11521
f 10848 11519 11521
f 10848 11521 11486
f 10848 11486 10831
f 11524 11523 10850
f 11521 11524 10850
f 11521 10850 10832
f 11521 10832 11486
f 10850 11523 10851
f 11525 11487 10834
f 10853 11525 10834
f 11526 11525 11527
f 11526 11488 11525
f 11488 11487 11525
f 11488 11526 11490
f 11502 11528 11501
f 11501 11529 11503
f 11528 11529 11501
f 11531 11503 11529
f 11531 11530 11503
f 11530 11504 11503
f 11504 11530 11505
f 11505 11530 11532
f 11505 11532 11506
f 11506 11532 11533
f 11506 11533 11507
f 11507 11533 11534
f 10854 10841 11507
f 10854 11507 11535
f 11535 11507 11534
f 10854 11535 10856
f 11536 11508 10846
f 10861 11536 10846
f 11509 11536 11537
f 11508 11536 11509
f 11539 11510 11511
f 11538 11510 11539
f 11540 11538 11541
f 11540 11512 11538
f 11512 11510 11538
f 11512 11540 11514
f 11543 11515 11516
f 11542 11515 11543
f 11517 11542 11544
f 11515 11542 11517
f 11520 11545 11519
f 11519 11545 11522
f 11524 11546 11523
f 11523 11546 11547
f 11523 11547 10851
f 10851 11547 10862
f 10864 10865 11548
f 10853 10864 11548
f 10853 11548 11525
f 11525 11548 11549
f 11527 11549 11550
f 11525 11549 11527
f 11531 11551 11530
f 11530 11552 11532
f 11551 11552 11530
f 11532 11553 11533
f 11552 11553 11532
f 11555 11533 11553
f 11555 11554 11533
f 11554 11534 11533
f 11534 11554 11535
f 11535 11554 11556
f 10866 10856 11535
f 10866 11535 11557
f 11557 11535 11556
f 10867 10866 11557
f 11558 10867 11557
f 10867 11558 10869
f 11559 11536 10861
f 10873 11559 10861
f 11537 11559 11560
f 11536 11559 11537
f 11539 11561 11538
f 11541 11538 11561
f 11563 11564 11562
f 11563 11565 11566
f 11562 11565 11563
f 11566 11565 11568
f 11543 11567 11542
f 11542 11567 11544
f 11547 11569 10862
f 11569 10874 10862
f 11570 11548 10865
f 10876 11570 10865
f 11571 11570 11572
f 11571 11549 11570
f 11549 11548 11570
f 11549 11571 11550
f 11555 11573 11554
f 11575 11554 11573
f 11575 11574 11554
f 11574 11556 11554
f 11556 11574 11557
f 11557 11574 11576
f 11557 11576 11558
f 11558 11576 11577
f 10877 10869 11558
f 10877 11558 11578
f 11578 11558 11577
f 10878 10877 11578
f 11579 10878 11578
f 10878 11579 10880
f 11559 10873 10884
f 10884 11560 11559
f 10884 10885 11560
f 10885 11580 11560
f 11564 11581 11562
f 11562 11582 11565
f 11581 11582 11562
f 11565 11582 11568
f 11569 11583 10874
f 11583 10886 10874
f 10888 11585 11584
f 10887 10888 11584
f 10876 11586 11570
f 10876 10887 11586
f 10887 11584 11586
f 11570 11586 11572
f 11575 11587 11574
f 11589 11574 11587
f 11589 11588 11574
f 11588 11576 11574
f 11576 11588 11577
f 11577 11588 11590
f 11577 11590 11578
f 11578 11590 11591
f 11578 11591 11579
f 11579 11591 11592
f 11579 11592 10890
f 10880 11579 10890
f 11580 10885 11593
f 11593 10885 10895
f 11583 11594 10886
f 11594 10896 10886
f 10898 10899 11595
f 10900 10898 11595
f 11596 10900 11595
f 11596 11598 11597
f 11596 11597 10900
f 10900 11597 10901
f 11597 10888 10901
f 11585 10888 11597
f 11601 11599 11600
f 11600 11602 11603
f 11599 11602 11600
f 11603 11588 11589
f 11603 11602 11588
f 11602 11604 11588
f 11588 11604 11590
f 11590 11604 11605
f 10904 10903 11591
f 10904 11591 11605
f 11605 11591 11590
f 11592 11591 10903
f 10906 11592 10903
f 11592 10906 10890
f 11606 11607 11593
f 11606 11593 10909
f 10909 11593 10895
f 11607 11606 11608
f 11611 11609 11610
f 11610 11609 10910
f 11610 10910 11594
f 11594 10910 10896
f 10913 11613 11612
f 10912 10913 11612
f 10899 11614 11595
f 10899 10912 11614
f 10912 11612 11614
f 11595 11615 11596
f 11614 11615 11595
f 11596 11615 11598
f 11617 11599 11601
f 11616 11599 11617
f 11599 11616 11602
f 11602 11616 11618
f 11602 11618 11604
f 11604 11618 11619
f 11604 11619 11605
f 11605 11619 11620
f 11605 11620 10915
f 10904 11605 10915
f 11606 10909 10920
f 10920 10921 11621
f 11606 10920 11621
f 11606 11621 11622
f 11606 11622 11608
f 11622 11623 11624
f 11621 11623 11622
f 11624 11625 11626
f 11623 11625 11624
f 11626 11627 11628
f 11625 11627 11626
f 11628 11629 11630
f 11627 11629 11628
f 11630 11631 11632
f 11629 11631 11630
f 10924 11632 11631
f 10924 10923 11632
f 10923 11633 11632
f 11634 10923 10925
f 11634 11635 10923
f 11635 11633 10923
f 11635 11636 11637
f 11634 11636 11635
f 11637 11638 11639
f 11636 11638 11637
f 11639 11638 11640
f 11643 11641 11642
f 11642 11641 11644
f 11609 10927 10926
f 11609 11611 10927
f 11611 11645 10927
f 11609 10926 10910
f 11648 11647 11646
f 11647 11649 11646
f 10929 10930 11650
f 11650 10913 10929
f 11650 11651 10913
f 11651 11613 10913
f 11617 11652 11616
f 11616 11653 11618
f 11652 11653 11616
f 11618 11654 11619
f 11653 11654 11618
f 11656 11619 11654
f 11656 11655 11619
f 11655 11620 11619
f 10931 10915 11620
f 10931 11620 11657
f 11657 11620 11655
f 10932 10931 11657
f 11658 10932 11657
f 10933 10932 11658
f 11659 10933 11658
f 10933 11659 10935
f 11621 10921 10939
f 11623 11621 10939
f 10941 11623 10939
f 11625 11623 10941
f 10943 11625 10941
f 10943 10944 11660
f 10943 11660 11625
f 11625 11660 11627
f 10947 10946 11629
f 10947 11629 11660
f 11660 11629 11627
f 11631 11629 10946
f 10949 11631 10946
f 10950 10924 11631
f 10950 11631 11661
f 10949 10951 11631
f 10951 11661 11631
f 10925 10950 11661
f 10925 11661 11634
f 11634 11661 11662
f 11634 11662 11636
f 11636 11662 11663
f 11636 11663 11638
f 11638 11663 11664
f 11640 11664 11665
f 11638 11664 11640
f 11641 10954 10953
f 11641 11643 10954
f 11643 11666 10954
f 11644 11641 10953
f 11644 10953 11667
f 11667 10953 10956
f 11667 10956 10927
f 11645 11667 10927
f 10958 11669 11668
f 10957 10958 11668
f 11646 11668 11648
f 11646 10959 11668
f 10959 10957 11668
f 10959 11646 11649
f 10959 11649 10960
f 10960 11649 11670
f 10963 10964 11671
f 11671 11673 11672
f 10963 11671 11672
f 10963 11672 11650
f 10963 11650 10930
f 11650 11672 11651
f 11656 11674 11655
f 11676 11655 11674
f 11676 11675 11655
f 11675 11657 11655
f 11657 11675 11658
f 11658 11675 11677
f 11658 11677 11659
f 11659 11677 11678
f 10965 10935 11659
f 10965 11659 11679
f 11679 11659 11678
f 10965 11679 10967
f 11660 10944 10971
f 11660 10971 10947
f 11661 10951 10974
f 11662 11661 10974
f 10976 11662 10974
f 10976 10977 11680
f 10976 11680 11662
f 11662 11680 11663
f 11663 11680 11664
f 11664 11680 11681
f 11665 11681 11682
f 11664 11681 11665
f 11666 11683 10954
f 11683 10979 10954
f 11669 10958 11684
f 11684 10958 10981
f 11670 10982 10960
f 11685 10982 11670
f 10982 11685 11686
f 10983 10982 11686
f 10986 10987 11687
f 10964 10986 11687
f 10964 11687 11671
f 11671 11687 11688
f 11673 11688 11689
f 11671 11688 11673
f 11676 11690 11675
f 11692 11675 11690
f 11692 11691 11675
f 11691 11677 11675
f 11677 11691 11678
f 11678 11691 11693
f 11678 11693 11679
f 11679 11693 11694
f 10988 10967 11679
f 10988 11679 11695
f 11695 11679 11694
f 10988 11695 10990
f 11680 10977 10996
f 10996 10997 11696
f 10996 11696 11680
f 11680 11696 11681
f 11682 11697 11698
f 11682 11681 11697
f 11681 11696 11697
f 11698 11697 11699
f 11702 11700 11701
f 11701 11700 10998
f 11701 10998 11683
f 11683 10998 10979
f 11684 10981 11703
f 11703 10981 10999
f 11686 11704 10983
f 11704 11001 10983
f 11003 11004 11705
f 10987 11003 11705
f 10987 11705 11687
f 11687 11705 11706
f 11707 11706 11708
f 11707 11688 11706
f 11688 11687 11706
f 11688 11707 11689
f 11711 11709 11710
f 11710 11691 11692
f 11710 11709 11691
f 11709 11712 11691
f 11691 11712 11693
f 11693 11712 11713
f 11693 11713 11694
f 11694 11713 11714
f 11694 11714 11695
f 11695 11714 11715
f 11695 11715 11006
f 10990 11695 11006
f 11696 10997 11010
f 11697 11696 11010
f 11012 11697 11010
f 11012 11013 11716
f 11697 11012 11716
f 11697 11716 11717
f 11697 11717 11699
f 11717 11718 11719
f 11716 11718 11717
f 11719 11720 11721
f 11718 11720 11719
f 11700 11015 11014
f 11702 11015 11700
f 11702 11720 11015
f 11702 11721 11720
f 11700 11014 10998
f 11703 10999 11722
f 11722 10999 11016
f 11704 11723 11001
f 11723 11018 11001
f 11724 11705 11004
f 11021 11724 11004
f 11705 11724 11706
f 11706 11724 11725
f 11708 11725 11726
f 11706 11725 11708
f 11729 11727 11728
f 11728 11709 11711
f 11728 11727 11709
f 11727 11730 11709
f 11709 11730 11712
f 11712 11730 11731
f 11712 11731 11713
f 11713 11731 11732
f 11713 11732 11714
f 11714 11732 11733
f 11714 11733 11715
f 11715 11733 11734
f 11715 11734 11023
f 11006 11715 11023
f 11716 11013 11027
f 11718 11716 11027
f 11029 11718 11027
f 11720 11718 11029
f 11030 11720 11029
f 11720 11030 11015
f 11722 11016 11735
f 11735 11016 11031
f 11723 11736 11018
f 11736 11033 11018
f 11737 11724 11021
f 11036 11737 11021
f 11724 11737 11725
f 11725 11737 11738
f 11726 11739 11740
f 11726 11725 11739
f 11725 11738 11739
f 11740 11739 11741
f 11744 11742 11743
f 11743 11745 11746
f 11742 11745 11743
f 11746 11747 11748
f 11745 11747 11746
f 11748 11749 11750
f 11747 11749 11748
f 11750 11751 11752
f 11749 11751 11750
f 11752 11727 11729
f 11752 11751 11727
f 11751 11753 11727
f 11727 11753 11730
f 11730 11753 11754
f 11730 11754 11731
f 11731 11754 11755
f 11731 11755 11732
f 11732 11755 11756
f 11732 11756 11733
f 11733 11756 11757
f 11039 11038 11734
f 11039 11734 11757
f 11757 11734 11733
f 11734 11038 11023
f 11735 11031 11758
f 11758 11031 11043
f 11761 11759 11760
f 11760 11759 11044
f 11760 11044 11736
f 11736 11044 11033
f 11762 11737 11036
f 11047 11762 11036
f 11737 11762 11738
f 11738 11762 11763
f 11738 11763 11739
f 11739 11763 11764
f 11741 11764 11765
f 11739 11764 11741
f 11768 11766 11767
f 11767 11769 11770
f 11766 11769 11767
f 11770 11771 11772
f 11769 11771 11770
f 11772 11773 11774
f 11771 11773 11772
f 11774 11775 11776
f 11773 11775 11774
f 11776 11777 11778
f 11775 11777 11776
f 11778 11742 11744
f 11778 11777 11742
f 11777 11779 11742
f 11050 11049 11745
f 11050 11745 11779
f 11779 11745 11742
f 11747 11745 11049
f 11052 11747 11049
f 11749 11747 11052
f 11054 11749 11052
f 11751 11749 11054
f 11056 11751 11054
f 11753 11751 11056
f 11058 11753 11056
f 11754 11753 11058
f 11060 11754 11058
f 11755 11754 11060
f 11062 11755 11060
f 11756 11755 11062
f 11064 11756 11062
f 11757 11756 11064
f 11066 11757 11064
f 11757 11066 11039
f 11758 11043 11780
f 11780 11043 11070
f 11783 11781 11782
f 11759 11073 11072
f 11761 11073 11759
f 11761 11781 11073
f 11761 11782 11781
f 11759 11072 11044
f 11762 11047 11076
f 11763 11762 11076
f 11078 11763 11076
f 11078 11079 11784
f 11078 11784 11763
f 11763 11784 11764
f 11765 11785 11786
f 11765 11764 11785
f 11764 11784 11785
f 11786 11787 11788
f 11785 11787 11786
f 11788 11787 11789
f 11792 11790 11791
f 11791 11790 11793
f 11796 11794 11795
f 11795 11797 11798
f 11794 11797 11795
f 11798 11799 11800
f 11797 11799 11798
f 11800 11801 11802
f 11799 11801 11800
f 11802 11803 11804
f 11801 11803 11802
f 11804 11805 11806
f 11803 11805 11804
f 11806 11766 11768
f 11806 11805 11766
f 11805 11807 11766
f 11766 11807 11769
f 11769 11807 11808
f 11769 11808 11771
f 11771 11808 11809
f 11082 11081 11773
f 11082 11773 11809
f 11809 11773 11771
f 11775 11773 11081
f 11084 11775 11081
f 11777 11775 11084
f 11085 11777 11084
f 11779 11777 11085
f 11086 11779 11085
f 11779 11086 11050
f 11089 11090 11810
f 11089 11810 11092
f 11780 11070 11097
f 11811 11780 11097
f 11781 11783 11811
f 11781 11811 11098
f 11098 11811 11097
f 11781 11098 11073
f 11784 11079 11102
f 11102 11103 11812
f 11102 11812 11784
f 11784 11812 11785
f 11106 11105 11787
f 11106 11787 11812
f 11812 11787 11785
f 11105 11107 11813
f 11787 11105 11813
f 11787 11813 11814
f 11787 11814 11789
f 11814 11790 11792
f 11814 11813 11790
f 11813 11815 11790
f 11793 11816 11817
f 11793 11790 11816
f 11790 11815 11816
f 11817 11816 11818
f 11821 11819 11820
f 11820 11819 11822
f 11825 11823 11824
f 11824 11823 11826
f 11829 11827 11828
f 11828 11827 11830
f 11833 11831 11832
f 11832 11834 11835
f 11831 11834 11832
f 11835 11836 11837
f 11834 11836 11835
f 11837 11838 11839
f 11836 11838 11837
f 11839 11840 11841
f 11838 11840 11839
f 11841 11842 11843
f 11840 11842 11841
f 11843 11844 11845
f 11842 11844 11843
f 11794 11110 11109
f 11796 11110 11794
f 11796 11844 11110
f 11796 11845 11844
f 11797 11794 11109
f 11112 11797 11109
f 11799 11797 11112
f 11114 11799 11112
f 11801 11799 11114
f 11116 11801 11114
f 11803 11801 11116
f 11118 11803 11116
f 11805 11803 11118
f 11120 11805 11118
f 11807 11805 11120
f 11122 11807 11120
f 11808 11807 11122
f 11124 11808 11122
f 11809 11808 11124
f 11125 11809 11124
f 11809 11125 11082
f 11810 11090 11130
f 11810 11130 11092
f 11812 11103 11137
f 11812 11137 11106
f 11813 11107 11140
f 11815 11813 11140
f 11142 11815 11140
f 11142 11143 11846
f 11142 11846 11815
f 11815 11846 11816
f 11818 11847 11848
f 11818 11816 11847
f 11816 11846 11847
f 11848 11849 11850
f 11847 11849 11848
f 11850 11851 11852
f 11849 11851 11850
f 11852 11853 11854
f 11851 11853 11852
f 11854 11819 11821
f 11854 11853 11819
f 11853 11855 11819
f 11822 11145 11856
f 11822 11855 11145
f 11822 11819 11855
f 11855 11146 11145
f 11825 11857 11823
f 11825 11145 11857
f 11825 11856 11145
f 11147 11857 11145
f 11826 11149 11858
f 11826 11857 11149
f 11826 11823 11857
f 11857 11150 11149
f 11859 11149 11151
f 11859 11860 11149
f 11860 11858 11149
f 11860 11861 11862
f 11859 11861 11860
f 11862 11863 11864
f 11861 11863 11862
f 11864 11865 11866
f 11863 11865 11864
f 11866 11867 11868
f 11865 11867 11866
f 11868 11869 11870
f 11867 11869 11868
f 11870 11871 11872
f 11869 11871 11870
f 11872 11827 11829
f 11872 11871 11827
f 11871 11873 11827
f 11830 11874 11875
f 11830 11827 11874
f 11827 11873 11874
f 11875 11876 11877
f 11874 11876 11875
f 11877 11878 11879
f 11876 11878 11877
f 11879 11880 11881
f 11878 11880 11879
f 11881 11882 11883
f 11880 11882 11881
f 11883 11882 11884
f 11153 11885 11886
f 11152 11885 11153
f 11885 11152 11887
f 11152 11154 11887
f 11887 11154 11888
f 11154 11155 11888
f 11831 11833 11888
f 11831 11888 11156
f 11156 11888 11155
f 11834 11831 11156
f 11157 11834 11156
f 11836 11834 11157
f 11158 11836 11157
f 11838 11836 11158
f 11159 11838 11158
f 11840 11838 11159
f 11160 11840 11159
f 11842 11840 11160
f 11161 11842 11160
f 11844 11842 11161
f 11162 11844 11161
f 11844 11162 11110
f 11846 11143 11176
f 11847 11846 11176
f 11178 11847 11176
f 11849 11847 11178
f 11180 11849 11178
f 11851 11849 11180
f 11182 11851 11180
f 11853 11851 11182
f 11184 11853 11182
f 11855 11853 11184
f 11186 11855 11184
f 11855 11186 11146
f 11857 11147 11187
f 11857 11187 11150
f 11859 11151 11188
f 11861 11859 11188
f 11190 11861 11188
f 11863 11861 11190
f 11192 11863 11190
f 11865 11863 11192
f 11194 11865 11192
f 11867 11865 11194
f 11196 11867 11194
f 11869 11867 11196
f 11198 11869 11196
f 11871 11869 11198
f 11200 11871 11198
f 11873 11871 11200
f 11202 11873 11200
f 11874 11873 11202
f 11204 11874 11202
f 11876 11874 11204
f 11206 11876 11204
f 11878 11876 11206
f 11208 11878 11206
f 11880 11878 11208
f 11210 11880 11208
f 11882 11880 11210
f 11212 11882 11210
f 11212 11213 11889
f 11882 11212 11889
f 11882 11889 11890
f 11882 11890 11884
f 11890 11889 11891
f 11886 11214 11153
f 11892 11214 11886
f 11894 11893 11215
f 11894 11215 11892
f 11892 11215 11214
f 11215 11893 11217
f 11221 11222 11895
f 11223 11221 11895
f 11896 11223 11895
f 11224 11223 11896
f 11897 11224 11896
f 11225 11224 11897
f 11898 11225 11897
f 11225 11898 11227
f 11889 11213 11234
f 11234 11891 11889
f 11234 11236 11891
f 11236 11899 11891
f 11901 11893 11894
f 11900 11893 11901
f 11237 11217 11893
f 11237 11893 11902
f 11902 11893 11900
f 11237 11902 11239
f 11242 11243 11903
f 11244 11242 11903
f 11904 11244 11903
f 11222 11244 11904
f 11222 11904 11895
f 11895 11904 11905
f 11895 11905 11896
f 11896 11905 11906
f 11896 11906 11897
f 11897 11906 11907
f 11897 11907 11898
f 11898 11907 11908
f 11898 11908 11246
f 11227 11898 11246
f 11899 11236 11251
f 11909 11899 11251
f 11251 11910 11909
f 11252 11910 11251
f 11901 11911 11900
f 11913 11900 11911
f 11913 11912 11900
f 11912 11902 11900
f 11253 11239 11902
f 11253 11902 11914
f 11914 11902 11912
f 11253 11914 11255
f 11915 11903 11243
f 11262 11915 11243
f 11903 11915 11904
f 11904 11915 11916
f 11904 11916 11905
f 11905 11916 11917
f 11905 11917 11906
f 11906 11917 11918
f 11906 11918 11907
f 11907 11918 11919
f 11265 11264 11908
f 11265 11908 11919
f 11919 11908 11907
f 11908 11264 11246
f 11920 11921 11910
f 11920 11910 11270
f 11270 11910 11252
f 11921 11920 11922
f 11925 11923 11924
f 11924 11926 11927
f 11923 11926 11924
f 11927 11926 11928
f 11931 11929 11930
f 11930 11912 11913
f 11930 11929 11912
f 11929 11932 11912
f 11912 11932 11914
f 11914 11932 11933
f 11271 11255 11914
f 11271 11914 11934
f 11934 11914 11933
f 11271 11934 11273
f 11935 11915 11262
f 11281 11935 11262
f 11915 11935 11916
f 11916 11935 11936
f 11916 11936 11917
f 11917 11936 11937
f 11284 11283 11918
f 11284 11918 11937
f 11937 11918 11917
f 11919 11918 11283
f 11286 11919 11283
f 11919 11286 11265
f 11920 11270 11290
f 11922 11920 11290
f 11922 11290 11938
f 11938 11290 11291
f 11923 11925 11938
f 11923 11938 11292
f 11292 11938 11291
f 11926 11923 11292
f 11294 11926 11292
f 11294 11295 11939
f 11926 11294 11939
f 11926 11939 11940
f 11926 11940 11928
f 11929 11298 11297
f 11931 11298 11929
f 11931 11939 11298
f 11931 11940 11939
f 11932 11929 11297
f 11300 11932 11297
f 11933 11932 11300
f 11302 11933 11300
f 11934 11933 11302
f 11304 11934 11302
f 11934 11304 11273
f 11941 11935 11281
f 11312 11941 11281
f 11935 11941 11936
f 11936 11941 11942
f 11315 11314 11937
f 11315 11937 11942
f 11942 11937 11936
f 11937 11314 11284
f 11939 11295 11319
f 11939 11319 11298
f 11941 11312 11321
f 11942 11941 11321
f 11323 11942 11321
f 11942 11323 11315
f 11348 11349 11943
f 11350 11348 11943
f 11944 11350 11943
f 11350 11944 11352
f 11363 11364 11945
f 11365 11363 11945
f 11946 11365 11945
f 11366 11365 11946
f 11947 11366 11946
f 11367 11366 11947
f 11948 11367 11947
f 11368 11367 11948
f 11949 11368 11948
f 11369 11368 11949
f 11950 11369 11949
f 11370 11369 11950
f 11951 11370 11950
f 11371 11370 11951
f 11952 11371 11951
f 11372 11371 11952
f 11953 11372 11952
f 11373 11372 11953
f 11954 11373 11953
f 11374 11373 11954
f 11955 11374 11954
f 11375 11374 11955
f 11956 11375 11955
f 11376 11375 11956
f 11957 11376 11956
f 11377 11376 11957
f 11958 11377 11957
f 11378 11377 11958
f 11959 11378 11958
f 11379 11378 11959
f 11960 11379 11959
f 11379 11960 11381
f 11382 11383 11961
f 11349 11382 11961
f 11349 11961 11943
f 11943 11961 11962
f 11943 11962 11944
f 11944 11962 11963
f 11384 11352 11944
f 11384 11944 11964
f 11964 11944 11963
f 11385 11384 11964
f 11965 11385 11964
f 11386 11385 11965
f 11966 11386 11965
f 11387 11386 11966
f 11967 11387 11966
f 11387 11967 11389
f 11399 11400 11968
f 11399 11968 11402
f 11406 11407 11969
f 11408 11406 11969
f 11970 11408 11969
f 11364 11408 11970
f 11364 11970 11945
f 11945 11970 11971
f 11945 11971 11946
f 11946 11971 11972
f 11946 11972 11947
f 11947 11972 11973
f 11947 11973 11948
f 11948 11973 11974
f 11948 11974 11949
f 11949 11974 11975
f 11949 11975 11950
f 11950 11975 11976
f 11950 11976 11951
f 11951 11976 11977
f 11978 11977 11979
f 11978 11952 11977
f 11952 11951 11977
f 11952 11980 11953
f 11978 11980 11952
f 11953 11981 11954
f 11980 11981 11953
f 11983 11954 11981
f 11983 11982 11954
f 11982 11955 11954
f 11955 11982 11956
f 11956 11982 11984
f 11956 11984 11957
f 11957 11984 11985
f 11957 11985 11958
f 11958 11985 11986
f 11958 11986 11959
f 11959 11986 11987
f 11988 11987 11989
f 11988 11960 11987
f 11960 11959 11987
f 11991 11990 11409
f 11988 11991 11409
f 11988 11409 11381
f 11988 11381 11960
f 11383 11409 11990
f 11383 11990 11961
f 11961 11990 11992
f 11961 11992 11962
f 11962 11992 11993
f 11962 11993 11963
f 11963 11993 11994
f 11963 11994 11964
f 11964 11994 11995
f 11964 11995 11965
f 11965 11995 11996
f 11965 11996 11966
f 11966 11996 11997
f 11966 11997 11967
f 11967 11997 11998
f 11967 11998 11411
f 11389 11967 11411
f 11419 11420 11999
f 11419 11999 11422
f 11425 12001 12000
f 11424 11425 12000
f 11400 12002 11968
f 11400 11424 12002
f 11424 12000 12002
f 12004 12003 11426
f 12002 12004 11426
f 12002 11426 11402
f 12002 11402 11968
f 11426 12003 11427
f 12005 11969 11407
f 11430 12005 11407
f 11969 12005 11970
f 11970 12005 12006
f 11970 12006 11971
f 11971 12006 12007
f 11971 12007 11972
f 11972 12007 12008
f 11972 12008 11973
f 11973 12008 12009
f 12010 12009 12011
f 12010 11974 12009
f 11974 11973 12009
f 11974 12012 11975
f 12010 12012 11974
f 11975 12013 11976
f 12012 12013 11975
f 11976 12014 11977
f 12013 12014 11976
f 11977 12014 11979
f 11983 12015 11982
f 11982 12016 11984
f 12015 12016 11982
f 11984 12017 11985
f 12016 12017 11984
f 11985 12018 11986
f 12017 12018 11985
f 11986 12019 11987
f 12018 12019 11986
f 11987 12019 11989
f 11991 12020 11990
f 11990 12021 11992
f 12020 12021 11990
f 11992 12022 11993
f 12021 12022 11992
f 12024 11993 12022
f 12024 12023 11993
f 12023 11994 11993
f 11994 12023 11995
f 11995 12023 12025
f 11995 12025 11996
f 11996 12025 12026
f 11996 12026 11997
f 11997 12026 12027
f 11997 12027 11998
f 11998 12027 12028
f 11431 11411 11998
f 11431 11998 12029
f 12029 11998 12028
f 11432 11431 12029
f 12030 11432 12029
f 11433 11432 12030
f 12031 11433 12030
f 11434 11433 12031
f 12032 11434 12031
f 11434 12032 11436
f 11439 11440 12033
f 12033 12035 12034
f 11439 12033 12034
f 11439 12034 11999
f 11439 11999 11420
f 12037 12036 11441
f 12034 12037 11441
f 12034 11441 11422
f 12034 11422 11999
f 11442 11441 12036
f 12038 11442 12036
f 11442 12038 11444
f 11449 11450 12039
f 12039 11425 11449
f 12039 12040 11425
f 12040 12001 11425
f 12004 12041 12003
f 12043 12042 11451
f 12041 12043 11451
f 12041 11451 11427
f 12041 11427 12003
f 11451 12042 11452
f 12005 11430 11458
f 11458 11459 12044
f 11458 12044 12005
f 12005 12044 12006
f 12006 12044 12007
f 12007 12044 12045
f 12007 12045 12008
f 12008 12045 12046
f 12008 12046 12009
f 12009 12046 12047
f 12011 12047 12048
f 12009 12047 12011
f 12050 12023 12024
f 12049 12023 12050
f 12023 12049 12025
f 12025 12049 12051
f 12025 12051 12026
f 12026 12051 12052
f 12026 12052 12027
f 12027 12052 12053
f 12027 12053 12028
f 12028 12053 12054
f 12028 12054 12029
f 12029 12054 12055
f 12029 12055 12030
f 12030 12055 12056
f 12030 12056 12031
f 12031 12056 12057
f 12031 12057 12032
f 12032 12057 12058
f 12032 12058 11461
f 11436 12032 11461
f 11462 11463 12059
f 11464 11462 12059
f 12060 11464 12059
f 11464 12060 11466
f 12061 12033 11440
f 11474 12061 11440
f 12035 12061 12062
f 12033 12061 12035
f 12064 12036 12037
f 12063 12036 12064
f 12036 12063 12038
f 12038 12063 12065
f 11475 11444 12038
f 11475 12038 12066
f 12066 12038 12065
f 11475 12066 11477
f 11480 11481 12067
f 11480 12067 11483
f 12068 12039 11450
f 12068 11450 12069
f 12069 11450 11484
f 12039 12068 12040
f 12043 12070 12042
f 12042 12070 12071
f 12042 12071 11452
f 11452 12071 11485
f 11489 11490 12072
f 11491 11489 12072
f 12073 11491 12072
f 11492 11491 12073
f 12074 11492 12073
f 12074 12076 12075
f 11492 12074 12075
f 11492 12075 12044
f 11492 12044 11459
f 12044 12077 12045
f 12075 12077 12044
f 12045 12078 12046
f 12077 12078 12045
f 12046 12079 12047
f 12078 12079 12046
f 12047 12079 12048
f 12050 12080 12049
f 12049 12081 12051
f 12080 12081 12049
f 12051 12082 12052
f 12081 12082 12051
f 12052 12083 12053
f 12082 12083 12052
f 12085 12053 12083
f 12085 12084 12053
f 12084 12054 12053
f 12054 12084 12055
f 12055 12084 12086
f 12055 12086 12056
f 12056 12086 12087
f 12088 12087 12089
f 12088 12057 12087
f 12057 12056 12087
f 12091 12057 12088
f 12091 12090 12057
f 12090 12058 12057
f 11493 11461 12058
f 11493 12058 12092
f 12092 12058 12090
f 11463 11493 12092
f 11463 12092 12059
f 12059 12092 12093
f 12059 12093 12060
f 12060 12093 12094
f 11494 11466 12060
f 11494 12060 12095
f 12095 12060 12094
f 11495 11494 12095
f 12096 11495 12095
f 11496 11495 12096
f 12097 11496 12096
f 11497 11496 12097
f 12098 11497 12097
f 11498 11497 12098
f 12099 11498 12098
f 11499 11498 12099
f 12100 11499 12099
f 11500 11499 12100
f 12101 11500 12100
f 11500 12101 11502
f 12102 12061 11474
f 12102 11474 12103
f 12103 11474 11509
f 12061 12102 12062
f 12064 12104 12063
f 12106 12063 12104
f 12106 12105 12063
f 12105 12065 12063
f 12065 12105 12066
f 12066 12105 12107
f 12066 12107 11511
f 11477 12066 11511
f 11513 11514 12108
f 11513 12108 11516
f 12109 12067 11481
f 11517 12109 11481
f 11518 11483 12067
f 11518 12067 12110
f 12110 12067 12109
f 12110 11484 11518
f 12110 12111 11484
f 12111 12069 11484
f 12071 12112 11485
f 12112 11520 11485
f 11521 11522 12113
f 11521 12113 11524
f 11526 11527 12114
f 11490 11526 12114
f 11490 12114 12072
f 12072 12114 12115
f 12116 12115 12117
f 12116 12073 12115
f 12073 12072 12115
f 12073 12118 12074
f 12116 12118 12073
f 12074 12118 12076
f 12085 12119 12084
f 12121 12084 12119
f 12121 12120 12084
f 12120 12086 12084
f 12122 12120 12123
f 12122 12087 12120
f 12087 12086 12120
f 12087 12122 12089
f 12125 12090 12091
f 12124 12090 12125
f 12126 12124 12127
f 12126 12092 12124
f 12092 12090 12124
f 12092 12128 12093
f 12126 12128 12092
f 12093 12129 12094
f 12128 12129 12093
f 12094 12130 12095
f 12129 12130 12094
f 12132 12095 12130
f 12132 12131 12095
f 12131 12096 12095
f 12096 12131 12097
f 12097 12131 12133
f 12097 12133 12098
f 12098 12133 12134
f 12098 12134 12099
f 12099 12134 12135
f 12099 12135 12100
f 12100 12135 12136
f 12100 12136 12101
f 12101 12136 12137
f 11528 11502 12101
f 11528 12101 12138
f 12138 12101 12137
f 11529 11528 12138
f 12139 11529 12138
f 11529 12139 11531
f 12103 11509 12140
f 12140 11509 11537
f 12142 12105 12106
f 12141 12105 12142
f 12143 12141 12144
f 12143 12107 12141
f 12107 12105 12141
f 12107 12143 12145
f 12107 12145 11511
f 11511 12145 11539
f 11540 11541 12146
f 11514 11540 12146
f 11514 12146 12108
f 12108 12146 12147
f 12108 12147 11543
f 11516 12108 11543
f 12148 12109 11517
f 11544 12148 11517
f 12109 12148 12110
f 12110 12148 12149
f 12111 12149 12150
f 12110 12149 12111
f 11545 12152 12151
f 11545 11520 12152
f 11520 12112 12152
f 11522 11545 12151
f 11522 12151 12113
f 12113 12151 12153
f 11546 11524 12113
f 11546 12113 12154
f 12154 12113 12153
f 11546 12154 11547
f 12155 12114 11527
f 11550 12155 11527
f 12114 12155 12115
f 12115 12155 12156
f 12117 12157 12158
f 12117 12115 12157
f 12115 12156 12157
f 12158 12159 12160
f 12157 12159 12158
f 12160 12159 12161
f 12164 12162 12163
f 12163 12165 12166
f 12162 12165 12163
f 12166 12167 12168
f 12165 12167 12166
f 12168 12167 12170
f 12121 12169 12120
f 12120 12169 12123
f 12125 12171 12124
f 12124 12171 12127
f 12132 12172 12131
f 12131 12173 12133
f 12172 12173 12131
f 12133 12174 12134
f 12173 12174 12133
f 12134 12175 12135
f 12174 12175 12134
f 12177 12135 12175
f 12177 12176 12135
f 12176 12136 12135
f 12136 12176 12137
f 12137 12176 12178
f 12137 12178 12138
f 12138 12178 12179
f 12138 12179 12139
f 12139 12179 12180
f 11551 11531 12139
f 11551 12139 12181
f 12181 12139 12180
f 11552 11551 12181
f 12182 11552 12181
f 11553 11552 12182
f 12183 11553 12182
f 11553 12183 11555
f 12184 12185 12140
f 12184 12140 11560
f 11560 12140 11537
f 12185 12184 12186
f 12142 12187 12141
f 12141 12187 12144
f 11561 12189 12188
f 11561 11539 12189
f 11539 12145 12189
f 11564 11563 12146
f 11564 12146 12188
f 11541 11561 12146
f 11561 12188 12146
f 12147 12146 11563
f 11566 12147 11563
f 11567 11543 12147
f 11567 12147 12190
f 11566 11568 12147
f 11568 12190 12147
f 11544 11567 12190
f 11544 12190 12148
f 12148 12190 12191
f 12192 12191 12193
f 12192 12149 12191
f 12149 12148 12191
f 12149 12192 12150
f 12195 12151 12152
f 12194 12151 12195
f 12151 12194 12153
f 12153 12194 12196
f 12153 12196 12154
f 12154 12196 12197
f 12154 12197 11569
f 11547 12154 11569
f 11571 11572 12198
f 12198 12200 12199
f 11571 12198 12199
f 11571 12199 12155
f 11571 12155 11550
f 12155 12201 12156
f 12199 12201 12155
f 12156 12202 12157
f 12201 12202 12156
f 12157 12203 12159
f 12202 12203 12157
f 12159 12203 12161
f 12164 12204 12162
f 12162 12205 12165
f 12204 12205 12162
f 12165 12206 12167
f 12205 12206 12165
f 12167 12206 12170
f 12177 12207 12176
f 12176 12208 12178
f 12207 12208 12176
f 12210 12178 12208
f 12210 12209 12178
f 12209 12179 12178
f 12179 12209 12180
f 12180 12209 12211
f 12180 12211 12181
f 12181 12211 12212
f 12181 12212 12182
f 12182 12212 12213
f 12182 12213 12183
f 12183 12213 12214
f 11573 11555 12183
f 11573 12183 12215
f 12215 12183 12214
f 11573 12215 11575
f 12216 12184 11560
f 11580 12216 11560
f 12186 12216 12217
f 12184 12216 12186
f 12220 12218 12219
f 12219 12218 12221
f 12189 12222 12188
f 12224 12223 11581
f 12222 12224 11581
f 12222 11581 11564
f 12222 11564 12188
f 11582 11581 12223
f 12225 11582 12223
f 11568 11582 12225
f 11568 12225 12190
f 12190 12225 12226
f 12227 12226 12228
f 12227 12191 12226
f 12191 12190 12226
f 12191 12227 12193
f 12231 12229 12230
f 12230 12229 12232
f 12195 12233 12194
f 12194 12234 12196
f 12233 12234 12194
f 12236 12196 12234
f 12236 12235 12196
f 12235 12197 12196
f 12197 12235 11583
f 11569 12197 11583
f 11584 11585 12237
f 12237 12239 12238
f 12237 12238 11584
f 11584 12238 11586
f 11572 12240 12198
f 11572 11586 12240
f 11586 12238 12240
f 12198 12240 12200
f 12242 12209 12210
f 12241 12209 12242
f 12209 12241 12211
f 12211 12241 12243
f 12211 12243 12212
f 12212 12243 12244
f 12212 12244 12213
f 12213 12244 12245
f 12213 12245 12214
f 12214 12245 12246
f 12214 12246 12215
f 12215 12246 12247
f 11587 11575 12215
f 11587 12215 12248
f 12248 12215 12247
f 11587 12248 11589
f 12249 12216 11580
f 11593 12249 11580
f 12217 12249 12250
f 12216 12249 12217
f 12220 12251 12218
f 12218 12251 12221
f 12254 12252 12253
f 12253 12223 12224
f 12253 12252 12223
f 12252 12255 12223
f 12223 12255 12225
f 12225 12255 12256
f 12225 12256 12226
f 12226 12256 12257
f 12228 12258 12259
f 12228 12226 12258
f 12226 12257 12258
f 12259 12258 12260
f 12262 12229 12231
f 12261 12229 12262
f 12232 12261 12263
f 12229 12261 12232
f 12266 12264 12265
f 12265 12235 12236
f 12265 12264 12235
f 12264 12267 12235
f 12235 12267 11594
f 11583 12235 11594
f 11597 11598 12268
f 12268 12270 12269
f 11597 12268 12269
f 11597 12269 12237
f 11597 12237 11585
f 12237 12269 12239
f 12273 12271 12272
f 12272 12241 12242
f 12272 12271 12241
f 12271 12274 12241
f 12241 12274 12243
f 12243 12274 12275
f 12243 12275 12244
f 12244 12275 12276
f 12244 12276 12245
f 12245 12276 12277
f 12245 12277 12246
f 12246 12277 12278
f 11601 11600 12247
f 11601 12247 12278
f 12278 12247 12246
f 12248 12247 11600
f 11603 12248 11600
f 12248 11603 11589
f 12249 11593 11607
f 11607 11608 12279
f 12249 11607 12279
f 12249 12279 12280
f 12249 12280 12250
f 12280 12281 12282
f 12279 12281 12280
f 12282 12283 12284
f 12281 12283 12282
f 12284 12285 12286
f 12283 12285 12284
f 12286 12252 12254
f 12286 12285 12252
f 12285 12287 12252
f 12252 12287 12255
f 12255 12287 12288
f 12255 12288 12256
f 12256 12288 12289
f 12256 12289 12257
f 12257 12289 12290
f 12257 12290 12258
f 12258 12290 12291
f 12260 12292 12293
f 12260 12258 12292
f 12258 12291 12292
f 12293 12261 12262
f 12293 12292 12261
f 12292 12294 12261
f 12263 12294 12295
f 12261 12294 12263
f 12298 12296 12297
f 12297 12264 12266
f 12297 12296 12264
f 12296 12299 12264
f 11611 11610 12267
f 11611 12267 12299
f 12299 12267 12264
f 12267 11610 11594
f 11612 11613 12300
f 11614 11612 12300
f 12301 11614 12300
f 12301 12303 12302
f 12301 12302 11614
f 11614 12302 11615
f 11598 12304 12268
f 11598 11615 12304
f 11615 12302 12304
f 12268 12304 12270
f 12306 12271 12273
f 12305 12271 12306
f 12271 12305 12274
f 12274 12305 12307
f 12274 12307 12275
f 12275 12307 12308
f 12275 12308 12276
f 12276 12308 12309
f 12276 12309 12277
f 12277 12309 12310
f 12277 12310 12278
f 12278 12310 12311
f 12278 12311 11617
f 11601 12278 11617
f 12279 11608 11622
f 12281 12279 11622
f 11624 12281 11622
f 12283 12281 11624
f 11626 12283 11624
f 12285 12283 11626
f 11628 12285 11626
f 12287 12285 11628
f 11630 12287 11628
f 12288 12287 11630
f 11632 12288 11630
f 12289 12288 11632
f 11633 12289 11632
f 12290 12289 11633
f 11635 12290 11633
f 12291 12290 11635
f 11637 12291 11635
f 12292 12291 11637
f 11639 12292 11637
f 11639 11640 12312
f 11639 12312 12292
f 12292 12312 12294
f 12295 12312 12313
f 12294 12312 12295
f 12296 11643 11642
f 12296 12298 11643
f 12298 12314 11643
f 11642 11644 12315
f 11642 12315 12296
f 12296 12315 12299
f 12299 12315 11645
f 11611 12299 11645
f 12318 12317 12316
f 11648 12316 12317
f 11648 12317 11647
f 11647 12317 12319
f 11647 12319 12320
f 11649 11647 12320
f 12321 12300 11613
f 11651 12321 11613
f 12322 12321 12323
f 12322 12301 12321
f 12301 12300 12321
f 12301 12322 12303
f 12306 12324 12305
f 12305 12325 12307
f 12324 12325 12305
f 12307 12326 12308
f 12325 12326 12307
f 12328 12308 12326
f 12328 12327 12308
f 12327 12309 12308
f 12309 12327 12310
f 12310 12327 12329
f 12310 12329 12311
f 12311 12329 12330
f 11652 11617 12311
f 11652 12311 12331
f 12331 12311 12330
f 11653 11652 12331
f 12332 11653 12331
f 11654 11653 12332
f 12333 11654 12332
f 11654 12333 11656
f 12334 12312 11640
f 12334 11640 12335
f 12335 11640 11665
f 12312 12334 12313
f 12338 12336 12337
f 12337 12336 11666
f 12337 11666 12314
f 12314 11666 11643
f 12315 11644 11667
f 12315 11667 11645
f 12316 11668 11669
f 12316 11669 12318
f 12318 11669 12339
f 12316 11648 11668
f 12320 12340 11649
f 12340 11670 11649
f 11672 11673 12341
f 12341 12343 12342
f 11672 12341 12342
f 11672 12342 12321
f 11672 12321 11651
f 12321 12342 12323
f 12328 12344 12327
f 12346 12327 12344
f 12346 12345 12327
f 12345 12329 12327
f 12329 12345 12330
f 12330 12345 12347
f 12330 12347 12331
f 12331 12347 12348
f 12331 12348 12332
f 12332 12348 12349
f 12332 12349 12333
f 12333 12349 12350
f 11674 11656 12333
f 11674 12333 12351
f 12351 12333 12350
f 11674 12351 11676
f 12352 12353 12335
f 12352 12335 11682
f 11682 12335 11665
f 12353 12352 12354
f 12356 12336 12338
f 12355 12336 12356
f 12336 12355 11683
f 11666 12336 11683
f 12339 11669 12357
f 12357 11669 11684
f 11685 12359 12358
f 11685 11670 12359
f 11670 12340 12359
f 11685 12358 11686
f 12360 12341 11673
f 11689 12360 11673
f 12343 12360 12361
f 12341 12360 12343
f 12363 12345 12346
f 12362 12345 12363
f 12345 12362 12347
f 12347 12362 12364
f 12347 12364 12348
f 12348 12364 12365
f 12348 12365 12349
f 12349 12365 12366
f 12349 12366 12350
f 12350 12366 12367
f 12350 12367 12351
f 12351 12367 12368
f 11690 11676 12351
f 11690 12351 12369
f 12369 12351 12368
f 11690 12369 11692
f 12352 11682 11698
f 11698 12354 12352
f 11698 11699 12354
f 11699 12370 12354
f 12373 12371 12372
f 12355 11702 11701
f 12356 11702 12355
f 12356 12371 11702
f 12356 12372 12371
f 12355 11701 11683
f 12357 11684 12374
f 12374 11684 11703
f 12376 12358 12359
f 12375 12358 12376
f 12358 12375 11704
f 11686 12358 11704
f 11707 11708 12377
f 11689 11707 12377
f 11689 12377 12360
f 12360 12377 12378
f 12361 12378 12379
f 12360 12378 12361
f 12382 12380 12381
f 12381 12362 12363
f 12381 12380 12362
f 12380 12383 12362
f 12362 12383 12364
f 12364 12383 12384
f 12364 12384 12365
f 12365 12384 12385
f 12365 12385 12366
f 12366 12385 12386
f 12366 12386 12367
f 12367 12386 12387
f 12367 12387 12368
f 12368 12387 12388
f 11711 11710 12369
f 11711 12369 12388
f 12388 12369 12368
f 12369 11710 11692
f 12370 11699 11717
f 12389 12370 11717
f 12389 11717 12390
f 11717 11719 12390
f 12371 12373 12390
f 12371 12390 11721
f 11721 12390 11719
f 12371 11721 11702
f 12374 11703 12391
f 12391 11703 11722
f 12393 12375 12376
f 12392 12375 12393
f 12375 12392 11723
f 11704 12375 11723
f 12394 12377 11708
f 11726 12394 11708
f 12377 12394 12378
f 12378 12394 12395
f 12379 12395 12396
f 12378 12395 12379
f 12399 12397 12398
f 12398 12400 12401
f 12397 12400 12398
f 12401 12402 12403
f 12400 12402 12401
f 12403 12404 12405
f 12402 12404 12403
f 12405 12380 12382
f 12405 12404 12380
f 12404 12406 12380
f 12380 12406 12383
f 12383 12406 12407
f 12383 12407 12384
f 12384 12407 12408
f 12384 12408 12385
f 12385 12408 12409
f 12385 12409 12386
f 12386 12409 12410
f 12386 12410 12387
f 12387 12410 12411
f 11729 11728 12388
f 11729 12388 12411
f 12411 12388 12387
f 12388 11728 11711
f 12391 11722 12412
f 12412 11722 11735
f 12414 12392 12393
f 12413 12392 12414
f 12392 12413 11736
f 11723 12392 11736
f 12394 11726 11740
f 11740 11741 12415
f 11740 12415 12394
f 12394 12415 12395
f 12396 12416 12417
f 12396 12395 12416
f 12395 12415 12416
f 12417 12418 12419
f 12416 12418 12417
f 12419 12418 12420
f 12423 12421 12422
f 12422 12424 12425
f 12421 12424 12422
f 12425 12426 12427
f 12424 12426 12425
f 12427 12428 12429
f 12426 12428 12427
f 12429 12397 12399
f 12429 12428 12397
f 12428 12430 12397
f 12397 12430 12400
f 12400 12430 12431
f 12400 12431 12402
f 12402 12431 12432
f 12402 12432 12404
f 12404 12432 12433
f 12404 12433 12406
f 12406 12433 12434
f 11744 11743 12407
f 11744 12407 12434
f 12434 12407 12406
f 12408 12407 11743
f 11746 12408 11743
f 12409 12408 11746
f 11748 12409 11746
f 12410 12409 11748
f 11750 12410 11748
f 12411 12410 11750
f 11752 12411 11750
f 12411 11752 11729
f 12412 11735 12435
f 12435 11735 11758
f 12413 11761 11760
f 12413 12414 11761
f 12414 12436 11761
f 12413 11760 11736
f 12437 12415 11741
f 11765 12437 11741
f 12415 12437 12416
f 12416 12437 12438
f 12416 12438 12418
f 12418 12438 12439
f 12420 12440 12441
f 12420 12418 12440
f 12418 12439 12440
f 12441 12442 12443
f 12440 12442 12441
f 12443 12442 12444
f 12447 12445 12446
f 12446 12448 12449
f 12445 12448 12446
f 12449 12448 12450
f 12453 12451 12452
f 12452 12454 12455
f 12451 12454 12452
f 12455 12456 12457
f 12454 12456 12455
f 12457 12458 12459
f 12456 12458 12457
f 12459 12421 12423
f 12459 12458 12421
f 12458 12460 12421
f 12421 12460 12424
f 12424 12460 12461
f 12424 12461 12426
f 12426 12461 12462
f 11768 11767 12428
f 11768 12428 12462
f 12462 12428 12426
f 12430 12428 11767
f 11770 12430 11767
f 12431 12430 11770
f 11772 12431 11770
f 12432 12431 11772
f 11774 12432 11772
f 12433 12432 11774
f 11776 12433 11774
f 12434 12433 11776
f 11778 12434 11776
f 12434 11778 11744
f 12463 12464 12435
f 12463 12435 11780
f 11780 12435 11758
f 11783 12464 12463
f 11783 11782 12464
f 11782 12465 12464
f 12465 11782 11761
f 12436 12465 11761
f 12437 11765 11786
f 12438 12437 11786
f 11788 12438 11786
f 11788 11789 12466
f 11788 12466 12438
f 12438 12466 12439
f 11792 11791 12440
f 11792 12440 12466
f 12466 12440 12439
f 11791 11793 12467
f 11791 12467 12440
f 12440 12467 12442
f 12444 12468 12469
f 12444 12442 12468
f 12442 12467 12468
f 12469 12470 12471
f 12468 12470 12469
f 12471 12470 12472
f 12475 12473 12474
f 12474 12473 12476
f 12479 12477 12478
f 12478 12445 12447
f 12478 12477 12445
f 12477 12480 12445
f 12445 12480 12448
f 12448 12480 12481
f 12450 12482 12483
f 12450 12448 12482
f 12448 12481 12482
f 12483 12484 12485
f 12482 12484 12483
f 12485 12486 12487
f 12484 12486 12485
f 12487 12486 12488
f 12491 12489 12490
f 12490 12489 12492
f 12495 12493 12494
f 12494 12496 12497
f 12493 12496 12494
f 12497 12498 12499
f 12496 12498 12497
f 12499 12500 12501
f 12498 12500 12499
f 12501 12502 12503
f 12500 12502 12501
f 12503 12504 12505
f 12502 12504 12503
f 12505 12451 12453
f 12505 12504 12451
f 12504 12506 12451
f 11796 11795 12454
f 11796 12454 12506
f 12506 12454 12451
f 12456 12454 11795
f 11798 12456 11795
f 12458 12456 11798
f 11800 12458 11798
f 12460 12458 11800
f 11802 12460 11800
f 12461 12460 11802
f 11804 12461 11802
f 12462 12461 11804
f 11806 12462 11804
f 12462 11806 11768
f 12463 11780 11811
f 12463 11811 11783
f 12466 11789 11814
f 12466 11814 11792
f 12467 11793 11817
f 11817 11818 12507
f 11817 12507 12467
f 12467 12507 12468
f 12468 12507 12470
f 12470 12507 12508
f 12472 12509 12510
f 12472 12470 12509
f 12470 12508 12509
f 12510 12511 12512
f 12509 12511 12510
f 12473 11821 11820
f 12475 11821 12473
f 12475 12511 11821
f 12475 12512 12511
f 11820 11822 12513
f 12473 11820 12513
f 12473 12513 12514
f 12473 12514 12476
f 11825 12514 12513
f 11825 11824 12514
f 11824 12515 12514
f 12516 11824 11826
f 12516 12517 11824
f 12517 12515 11824
f 12517 12518 12519
f 12516 12518 12517
f 12519 12520 12521
f 12518 12520 12519
f 12521 12522 12523
f 12520 12522 12521
f 12523 12524 12525
f 12522 12524 12523
f 12525 12526 12527
f 12524 12526 12525
f 12527 12528 12529
f 12526 12528 12527
f 12529 12530 12531
f 12528 12530 12529
f 11829 12531 12530
f 11829 11828 12531
f 11828 12532 12531
f 12479 12533 12477
f 12479 11828 12533
f 12479 12532 11828
f 11830 12533 11828
f 12477 12533 12480
f 12480 12533 12534
f 12480 12534 12481
f 12481 12534 12535
f 12481 12535 12482
f 12482 12535 12536
f 12482 12536 12484
f 12484 12536 12537
f 12484 12537 12486
f 12486 12537 12538
f 12488 12539 12540
f 12488 12486 12539
f 12486 12538 12539
f 12540 12539 12541
f 12544 12542 12543
f 12543 12489 12491
f 12543 12542 12489
f 12542 12545 12489
f 12492 12546 12547
f 12492 12489 12546
f 12489 12545 12546
f 12547 12548 12549
f 12546 12548 12547
f 12549 12550 12551
f 12548 12550 12549
f 12551 12552 12553
f 12550 12552 12551
f 12493 11833 11832
f 12495 11833 12493
f 12495 12552 11833
f 12495 12553 12552
f 12496 12493 11832
f 11835 12496 11832
f 12498 12496 11835
f 11837 12498 11835
f 12500 12498 11837
f 11839 12500 11837
f 12502 12500 11839
f 11841 12502 11839
f 12504 12502 11841
f 11843 12504 11841
f 12506 12504 11843
f 11845 12506 11843
f 12506 11845 11796
f 12507 11818 11848
f 12508 12507 11848
f 11850 12508 11848
f 12509 12508 11850
f 11852 12509 11850
f 12511 12509 11852
f 11854 12511 11852
f 12511 11854 11821
f 12513 11822 11856
f 12513 11856 11825
f 12516 11826 11858
f 12518 12516 11858
f 11860 12518 11858
f 12520 12518 11860
f 11862 12520 11860
f 12522 12520 11862
f 11864 12522 11862
f 12524 12522 11864
f 11866 12524 11864
f 12526 12524 11866
f 11868 12526 11866
f 12528 12526 11868
f 11870 12528 11868
f 12530 12528 11870
f 11872 12530 11870
f 12530 11872 11829
f 12533 11830 11875
f 12534 12533 11875
f 11877 12534 11875
f 12535 12534 11877
f 11879 12535 11877
f 12536 12535 11879
f 11881 12536 11879
f 12537 12536 11881
f 11883 12537 11881
f 11883 11884 12554
f 11883 12554 12537
f 12537 12554 12538
f 12538 12554 12539
f 12539 12554 12555
f 12541 12555 12556
f 12539 12555 12541
f 12544 12557 12542
f 12542 12558 12545
f 12557 12558 12542
f 12560 12545 12558
f 12560 12559 12545
f 12559 12546 12545
f 11886 11885 12548
f 11886 12548 12559
f 12559 12548 12546
f 12550 12548 11885
f 11887 12550 11885
f 12552 12550 11887
f 11888 12552 11887
f 12552 11888 11833
f 12554 11884 11890
f 11890 11891 12561
f 11890 12561 12554
f 12554 12561 12555
f 12556 12561 12562
f 12555 12561 12556
f 12560 12563 12559
f 12565 12564 11892
f 12563 12565 11892
f 12563 11892 11886
f 12563 11886 12559
f 11892 12564 11894
f 12566 12561 11891
f 11899 12566 11891
f 12562 12566 12567
f 12561 12566 12562
f 12569 12564 12565
f 12568 12564 12569
f 12564 12568 11901
f 11894 12564 11901
f 12566 11899 11909
f 11909 11910 12570
f 12566 11909 12570
f 12566 12570 12571
f 12566 12571 12567
f 12571 12572 12573
f 12570 12572 12571
f 12573 12574 12575
f 12572 12574 12573
f 12575 12576 12577
f 12574 12576 12575
f 12577 12568 12569
f 12577 12576 12568
f 12576 12578 12568
f 11911 11901 12568
f 11911 12568 12579
f 12579 12568 12578
f 11911 12579 11913
f 12570 11910 11921
f 11921 11922 12580
f 11921 12580 12570
f 12570 12580 12572
f 11925 11924 12574
f 11925 12574 12580
f 12580 12574 12572
f 12576 12574 11924
f 11927 12576 11924
f 11927 11928 12581
f 11927 12581 12576
f 12576 12581 12578
f 11931 11930 12579
f 11931 12579 12581
f 12581 12579 12578
f 12579 11930 11913
f 12580 11922 11938
f 12580 11938 11925
f 12581 11928 11940
f 12581 11940 11931
f 11978 11979 12582
f 11980 11978 12582
f 12583 11980 12582
f 11981 11980 12583
f 12584 11981 12583
f 11981 12584 11983
f 11988 11989 12585
f 11988 12585 11991
f 12000 12001 12586
f 12002 12000 12586
f 12587 12002 12586
f 12002 12587 12004
f 12010 12011 12588
f 12012 12010 12588
f 12589 12012 12588
f 12013 12012 12589
f 12590 12013 12589
f 12014 12013 12590
f 12591 12014 12590
f 11979 12014 12591
f 11979 12591 12582
f 12582 12591 12592
f 12582 12592 12583
f 12583 12592 12593
f 12583 12593 12584
f 12584 12593 12594
f 12015 11983 12584
f 12015 12584 12595
f 12595 12584 12594
f 12016 12015 12595
f 12596 12016 12595
f 12017 12016 12596
f 12597 12017 12596
f 12018 12017 12597
f 12598 12018 12597
f 12019 12018 12598
f 12599 12019 12598
f 11989 12019 12599
f 11989 12599 12585
f 12585 12599 12600
f 12020 11991 12585
f 12020 12585 12601
f 12601 12585 12600
f 12021 12020 12601
f 12602 12021 12601
f 12022 12021 12602
f 12603 12022 12602
f 12022 12603 12024
f 12034 12035 12604
f 12034 12604 12037
f 12605 12586 12001
f 12605 12001 12606
f 12606 12001 12040
f 12586 12607 12587
f 12605 12607 12586
f 12609 12608 12041
f 12607 12609 12041
f 12607 12041 12004
f 12607 12004 12587
f 12041 12608 12043
f 12610 12588 12011
f 12048 12610 12011
f 12588 12610 12589
f 12589 12610 12611
f 12589 12611 12590
f 12590 12611 12612
f 12590 12612 12591
f 12591 12612 12613
f 12591 12613 12592
f 12592 12613 12614
f 12592 12614 12593
f 12593 12614 12615
f 12616 12615 12617
f 12616 12594 12615
f 12594 12593 12615
f 12619 12594 12616
f 12619 12618 12594
f 12618 12595 12594
f 12595 12618 12596
f 12596 12618 12620
f 12596 12620 12597
f 12597 12620 12621
f 12597 12621 12598
f 12598 12621 12622
f 12598 12622 12599
f 12599 12622 12623
f 12599 12623 12600
f 12600 12623 12624
f 12600 12624 12601
f 12601 12624 12625
f 12601 12625 12602
f 12602 12625 12626
f 12602 12626 12603
f 12603 12626 12627
f 12603 12627 12050
f 12024 12603 12050
f 12628 12604 12035
f 12628 12035 12629
f 12629 12035 12062
f 12604 12628 12630
f 12604 12630 12037
f 12037 12630 12064
f 12068 12069 12631
f 12631 12040 12068
f 12631 12632 12040
f 12632 12606 12040
f 12609 12633 12608
f 12635 12634 12070
f 12633 12635 12070
f 12633 12070 12043
f 12633 12043 12608
f 12070 12634 12071
f 12075 12076 12636
f 12077 12075 12636
f 12637 12077 12636
f 12078 12077 12637
f 12638 12078 12637
f 12079 12078 12638
f 12639 12079 12638
f 12048 12079 12639
f 12048 12639 12610
f 12610 12639 12640
f 12610 12640 12611
f 12611 12640 12641
f 12611 12641 12612
f 12612 12641 12642
f 12612 12642 12613
f 12613 12642 12643
f 12613 12643 12614
f 12614 12643 12644
f 12645 12644 12646
f 12645 12615 12644
f 12615 12614 12644
f 12615 12645 12617
f 12619 12647 12618
f 12618 12648 12620
f 12647 12648 12618
f 12620 12649 12621
f 12648 12649 12620
f 12621 12650 12622
f 12649 12650 12621
f 12622 12651 12623
f 12650 12651 12622
f 12623 12652 12624
f 12651 12652 12623
f 12624 12653 12625
f 12652 12653 12624
f 12625 12654 12626
f 12653 12654 12625
f 12626 12655 12627
f 12654 12655 12626
f 12657 12656 12080
f 12655 12657 12080
f 12655 12080 12050
f 12655 12050 12627
f 12081 12080 12656
f 12658 12081 12656
f 12082 12081 12658
f 12659 12082 12658
f 12083 12082 12659
f 12660 12083 12659
f 12083 12660 12085
f 12088 12089 12661
f 12088 12661 12091
f 12102 12103 12662
f 12662 12062 12102
f 12662 12663 12062
f 12663 12629 12062
f 12104 12665 12664
f 12104 12064 12665
f 12064 12630 12665
f 12104 12664 12106
f 12666 12631 12069
f 12111 12666 12069
f 12632 12666 12667
f 12631 12666 12632
f 12669 12634 12635
f 12668 12634 12669
f 12634 12668 12112
f 12071 12634 12112
f 12116 12117 12670
f 12118 12116 12670
f 12671 12118 12670
f 12076 12118 12671
f 12076 12671 12636
f 12636 12671 12672
f 12673 12672 12674
f 12673 12637 12672
f 12637 12636 12672
f 12637 12675 12638
f 12673 12675 12637
f 12638 12676 12639
f 12675 12676 12638
f 12678 12639 12676
f 12678 12677 12639
f 12677 12640 12639
f 12679 12677 12680
f 12679 12641 12677
f 12641 12640 12677
f 12641 12681 12642
f 12679 12681 12641
f 12642 12682 12643
f 12681 12682 12642
f 12643 12683 12644
f 12682 12683 12643
f 12644 12683 12646
f 12657 12684 12656
f 12656 12685 12658
f 12684 12685 12656
f 12687 12658 12685
f 12687 12686 12658
f 12686 12659 12658
f 12659 12686 12660
f 12660 12686 12688
f 12119 12085 12660
f 12119 12660 12689
f 12689 12660 12688
f 12119 12689 12121
f 12122 12123 12690
f 12089 12122 12690
f 12089 12690 12661
f 12661 12690 12691
f 12661 12691 12125
f 12091 12661 12125
f 12126 12127 12692
f 12128 12126 12692
f 12693 12128 12692
f 12129 12128 12693
f 12694 12129 12693
f 12130 12129 12694
f 12695 12130 12694
f 12130 12695 12132
f 12696 12662 12103
f 12140 12696 12103
f 12663 12696 12697
f 12662 12696 12663
f 12699 12664 12665
f 12698 12664 12699
f 12664 12698 12142
f 12106 12664 12142
f 12143 12144 12700
f 12143 12700 12145
f 12701 12666 12111
f 12701 12111 12702
f 12702 12111 12150
f 12666 12701 12667
f 12704 12668 12669
f 12703 12668 12704
f 12668 12703 12152
f 12112 12668 12152
f 12670 12117 12158
f 12671 12670 12158
f 12160 12671 12158
f 12160 12161 12705
f 12160 12705 12671
f 12671 12705 12672
f 12674 12706 12707
f 12674 12672 12706
f 12672 12705 12706
f 12707 12708 12709
f 12706 12708 12707
f 12709 12710 12711
f 12708 12710 12709
f 12711 12710 12713
f 12678 12712 12677
f 12677 12712 12680
f 12716 12714 12715
f 12715 12717 12718
f 12714 12717 12715
f 12686 12164 12163
f 12687 12164 12686
f 12687 12717 12164
f 12687 12718 12717
f 12688 12686 12163
f 12166 12688 12163
f 12689 12688 12166
f 12168 12689 12166
f 12169 12121 12689
f 12169 12689 12719
f 12168 12170 12689
f 12170 12719 12689
f 12123 12169 12719
f 12123 12719 12690
f 12690 12719 12720
f 12721 12720 12722
f 12721 12691 12720
f 12691 12690 12720
f 12724 12723 12171
f 12721 12724 12171
f 12721 12171 12125
f 12721 12125 12691
f 12127 12171 12723
f 12127 12723 12692
f 12692 12723 12725
f 12692 12725 12693
f 12693 12725 12726
f 12693 12726 12694
f 12694 12726 12727
f 12694 12727 12695
f 12695 12727 12728
f 12172 12132 12695
f 12172 12695 12729
f 12729 12695 12728
f 12173 12172 12729
f 12730 12173 12729
f 12174 12173 12730
f 12731 12174 12730
f 12175 12174 12731
f 12732 12175 12731
f 12175 12732 12177
f 12696 12140 12185
f 12185 12697 12696
f 12185 12186 12697
f 12186 12733 12697
f 12735 12698 12699
f 12734 12698 12735
f 12187 12142 12698
f 12187 12698 12736
f 12736 12698 12734
f 12144 12187 12736
f 12144 12736 12700
f 12700 12736 12737
f 12700 12737 12189
f 12145 12700 12189
f 12192 12193 12738
f 12738 12150 12192
f 12738 12739 12150
f 12739 12702 12150
f 12704 12740 12703
f 12703 12740 12741
f 12703 12741 12152
f 12152 12741 12195
f 12199 12200 12742
f 12201 12199 12742
f 12743 12201 12742
f 12202 12201 12743
f 12744 12202 12743
f 12744 12746 12745
f 12744 12745 12202
f 12202 12745 12203
f 12161 12747 12705
f 12161 12203 12747
f 12203 12745 12747
f 12705 12748 12706
f 12747 12748 12705
f 12706 12749 12708
f 12748 12749 12706
f 12708 12750 12710
f 12749 12750 12708
f 12710 12750 12713
f 12753 12751 12752
f 12752 12754 12755
f 12751 12754 12752
f 12755 12756 12757
f 12754 12756 12755
f 12757 12714 12716
f 12757 12756 12714
f 12756 12758 12714
f 12714 12758 12717
f 12717 12758 12759
f 12204 12164 12717
f 12204 12717 12760
f 12760 12717 12759
f 12760 12762 12761
f 12760 12761 12204
f 12204 12761 12205
f 12764 12763 12206
f 12764 12206 12761
f 12761 12206 12205
f 12170 12206 12763
f 12170 12763 12719
f 12719 12763 12765
f 12719 12765 12720
f 12720 12765 12766
f 12722 12766 12767
f 12720 12766 12722
f 12769 12723 12724
f 12768 12723 12769
f 12723 12768 12725
f 12725 12768 12770
f 12725 12770 12726
f 12726 12770 12771
f 12726 12771 12727
f 12727 12771 12772
f 12727 12772 12728
f 12728 12772 12773
f 12728 12773 12729
f 12729 12773 12774
f 12729 12774 12730
f 12730 12774 12775
f 12730 12775 12731
f 12731 12775 12776
f 12731 12776 12732
f 12732 12776 12777
f 12207 12177 12732
f 12207 12732 12778
f 12778 12732 12777
f 12208 12207 12778
f 12779 12208 12778
f 12208 12779 12210
f 12780 12781 12733
f 12780 12733 12217
f 12217 12733 12186
f 12734 12220 12219
f 12735 12220 12734
f 12735 12780 12220
f 12735 12781 12780
f 12219 12221 12782
f 12219 12782 12734
f 12734 12782 12736
f 12736 12782 12737
f 12737 12782 12783
f 12222 12189 12737
f 12222 12737 12784
f 12784 12737 12783
f 12222 12784 12224
f 12227 12228 12785
f 12193 12227 12785
f 12193 12785 12738
f 12738 12785 12786
f 12739 12230 12787
f 12739 12786 12230
f 12739 12738 12786
f 12786 12231 12230
f 12230 12788 12787
f 12232 12788 12230
f 12233 12790 12789
f 12233 12195 12790
f 12195 12741 12790
f 12234 12233 12789
f 12791 12234 12789
f 12234 12791 12236
f 12238 12239 12792
f 12792 12794 12793
f 12792 12793 12238
f 12238 12793 12240
f 12200 12795 12742
f 12200 12240 12795
f 12240 12793 12795
f 12742 12796 12743
f 12795 12796 12742
f 12743 12797 12744
f 12796 12797 12743
f 12744 12797 12746
f 12753 12798 12751
f 12751 12799 12754
f 12798 12799 12751
f 12754 12800 12756
f 12799 12800 12754
f 12756 12801 12758
f 12800 12801 12756
f 12758 12802 12759
f 12801 12802 12758
f 12759 12803 12760
f 12802 12803 12759
f 12760 12803 12762
f 12764 12804 12763
f 12763 12805 12765
f 12804 12805 12763
f 12765 12806 12766
f 12805 12806 12765
f 12766 12806 12767
f 12769 12807 12768
f 12768 12808 12770
f 12807 12808 12768
f 12770 12809 12771
f 12808 12809 12770
f 12811 12771 12809
f 12811 12810 12771
f 12810 12772 12771
f 12772 12810 12773
f 12773 12810 12812
f 12773 12812 12774
f 12774 12812 12813
f 12774 12813 12775
f 12775 12813 12814
f 12775 12814 12776
f 12776 12814 12815
f 12776 12815 12777
f 12777 12815 12816
f 12777 12816 12778
f 12778 12816 12817
f 12778 12817 12779
f 12779 12817 12818
f 12779 12818 12242
f 12210 12779 12242
f 12819 12780 12217
f 12250 12819 12217
f 12251 12220 12780
f 12251 12780 12820
f 12820 12780 12819
f 12221 12251 12820
f 12221 12820 12782
f 12782 12820 12821
f 12782 12821 12783
f 12783 12821 12822
f 12254 12253 12784
f 12254 12784 12822
f 12822 12784 12783
f 12784 12253 12224
f 12785 12228 12259
f 12259 12260 12823
f 12259 12823 12785
f 12785 12823 12786
f 12786 12823 12262
f 12231 12786 12262
f 12788 12232 12824
f 12824 12232 12263
f 12827 12825 12826
f 12826 12789 12790
f 12826 12825 12789
f 12825 12828 12789
f 12266 12265 12791
f 12266 12791 12828
f 12828 12791 12789
f 12791 12265 12236
f 12269 12270 12829
f 12829 12831 12830
f 12269 12829 12830
f 12269 12830 12792
f 12269 12792 12239
f 12792 12830 12794
f 12834 12832 12833
f 12833 12832 12835
f 12838 12836 12837
f 12837 12839 12840
f 12836 12839 12837
f 12840 12810 12811
f 12840 12839 12810
f 12839 12841 12810
f 12810 12841 12812
f 12812 12841 12842
f 12812 12842 12813
f 12813 12842 12843
f 12813 12843 12814
f 12814 12843 12844
f 12814 12844 12815
f 12815 12844 12845
f 12815 12845 12816
f 12816 12845 12846
f 12816 12846 12817
f 12817 12846 12847
f 12273 12272 12818
f 12273 12818 12847
f 12847 12818 12817
f 12818 12272 12242
f 12819 12250 12280
f 12820 12819 12280
f 12282 12820 12280
f 12821 12820 12282
f 12284 12821 12282
f 12822 12821 12284
f 12286 12822 12284
f 12822 12286 12254
f 12823 12260 12293
f 12823 12293 12262
f 12824 12263 12848
f 12848 12263 12295
f 12850 12825 12827
f 12849 12825 12850
f 12298 12297 12828
f 12298 12828 12849
f 12849 12828 12825
f 12828 12297 12266
f 12302 12303 12851
f 12304 12302 12851
f 12852 12304 12851
f 12852 12854 12853
f 12304 12852 12853
f 12304 12853 12829
f 12304 12829 12270
f 12829 12853 12831
f 12856 12832 12834
f 12855 12832 12856
f 12835 12857 12858
f 12835 12832 12857
f 12832 12855 12857
f 12858 12857 12860
f 12838 12859 12836
f 12862 12836 12859
f 12862 12861 12836
f 12861 12839 12836
f 12839 12861 12841
f 12841 12861 12863
f 12841 12863 12842
f 12842 12863 12864
f 12842 12864 12843
f 12843 12864 12865
f 12843 12865 12844
f 12844 12865 12866
f 12844 12866 12845
f 12845 12866 12867
f 12845 12867 12846
f 12846 12867 12868
f 12846 12868 12847
f 12847 12868 12869
f 12847 12869 12306
f 12273 12847 12306
f 12848 12295 12870
f 12870 12295 12313
f 12872 12849 12850
f 12871 12849 12872
f 12849 12871 12314
f 12298 12849 12314
f 12318 12874 12873
f 12317 12318 12873
f 12876 12875 12319
f 12876 12319 12873
f 12873 12319 12317
f 12319 12875 12320
f 12322 12323 12877
f 12303 12322 12877
f 12303 12877 12851
f 12851 12877 12878
f 12879 12878 12880
f 12879 12852 12878
f 12852 12851 12878
f 12852 12879 12854
f 12856 12881 12855
f 12855 12882 12857
f 12881 12882 12855
f 12857 12882 12860
f 12862 12883 12861
f 12861 12884 12863
f 12883 12884 12861
f 12863 12885 12864
f 12884 12885 12863
f 12887 12864 12885
f 12887 12886 12864
f 12886 12865 12864
f 12865 12886 12866
f 12866 12886 12888
f 12866 12888 12867
f 12867 12888 12889
f 12867 12889 12868
f 12868 12889 12890
f 12868 12890 12869
f 12869 12890 12891
f 12324 12306 12869
f 12324 12869 12892
f 12892 12869 12891
f 12325 12324 12892
f 12893 12325 12892
f 12326 12325 12893
f 12894 12326 12893
f 12326 12894 12328
f 12334 12335 12895
f 12895 12313 12334
f 12895 12896 12313
f 12896 12870 12313
f 12871 12338 12337
f 12871 12872 12338
f 12872 12897 12338
f 12871 12337 12314
f 12874 12318 12898
f 12898 12318 12339
f 12876 12899 12875
f 12875 12899 12900
f 12875 12900 12320
f 12320 12900 12340
f 12342 12343 12901
f 12323 12342 12901
f 12323 12901 12877
f 12877 12901 12902
f 12877 12902 12878
f 12878 12902 12903
f 12880 12903 12904
f 12878 12903 12880
f 12906 12886 12887
f 12905 12886 12906
f 12886 12905 12888
f 12888 12905 12907
f 12888 12907 12889
f 12889 12907 12908
f 12889 12908 12890
f 12890 12908 12909
f 12890 12909 12891
f 12891 12909 12910
f 12891 12910 12892
f 12892 12910 12911
f 12892 12911 12893
f 12893 12911 12912
f 12893 12912 12894
f 12894 12912 12913
f 12344 12328 12894
f 12344 12894 12914
f 12914 12894 12913
f 12344 12914 12346
f 12895 12335 12353
f 12353 12896 12895
f 12353 12354 12896
f 12354 12915 12896
f 12918 12916 12917
f 12917 12916 12356
f 12917 12356 12897
f 12897 12356 12338
f 12898 12339 12919
f 12919 12339 12357
f 12900 12920 12340
f 12920 12359 12340
f 12921 12901 12343
f 12361 12921 12343
f 12901 12921 12902
f 12902 12921 12922
f 12902 12922 12903
f 12903 12922 12923
f 12904 12923 12924
f 12903 12923 12904
f 12926 12905 12906
f 12925 12905 12926
f 12905 12925 12907
f 12907 12925 12927
f 12907 12927 12908
f 12908 12927 12928
f 12908 12928 12909
f 12909 12928 12929
f 12909 12929 12910
f 12910 12929 12930
f 12910 12930 12911
f 12911 12930 12931
f 12911 12931 12912
f 12912 12931 12932
f 12912 12932 12913
f 12913 12932 12933
f 12913 12933 12914
f 12914 12933 12934
f 12914 12934 12363
f 12346 12914 12363
f 12935 12936 12915
f 12935 12915 12370
f 12370 12915 12354
f 12936 12937 12938
f 12935 12937 12936
f 12916 12373 12372
f 12918 12373 12916
f 12918 12937 12373
f 12918 12938 12937
f 12916 12372 12356
f 12919 12357 12939
f 12939 12357 12374
f 12920 12940 12359
f 12940 12376 12359
f 12941 12921 12361
f 12379 12941 12361
f 12921 12941 12922
f 12922 12941 12942
f 12922 12942 12923
f 12923 12942 12943
f 12924 12944 12945
f 12924 12923 12944
f 12923 12943 12944
f 12945 12946 12947
f 12944 12946 12945
f 12947 12946 12948
f 12951 12949 12950
f 12950 12952 12953
f 12949 12952 12950
f 12953 12925 12926
f 12953 12952 12925
f 12952 12954 12925
f 12925 12954 12927
f 12927 12954 12955
f 12927 12955 12928
f 12928 12955 12956
f 12928 12956 12929
f 12929 12956 12957
f 12929 12957 12930
f 12930 12957 12958
f 12930 12958 12931
f 12931 12958 12959
f 12931 12959 12932
f 12932 12959 12960
f 12932 12960 12933
f 12933 12960 12961
f 12382 12381 12934
f 12382 12934 12961
f 12961 12934 12933
f 12934 12381 12363
f 12935 12370 12389
f 12937 12935 12389
f 12390 12937 12389
f 12937 12390 12373
f 12939 12374 12962
f 12962 12374 12391
f 12940 12963 12376
f 12963 12393 12376
f 12964 12941 12379
f 12396 12964 12379
f 12941 12964 12942
f 12942 12964 12965
f 12942 12965 12943
f 12943 12965 12966
f 12943 12966 12944
f 12944 12966 12967
f 12944 12967 12946
f 12946 12967 12968
f 12948 12969 12970
f 12948 12946 12969
f 12946 12968 12969
f 12970 12969 12971
f 12974 12972 12973
f 12973 12972 12975
f 12978 12976 12977
f 12977 12976 12979
f 12982 12980 12981
f 12981 12983 12984
f 12980 12983 12981
f 12984 12985 12986
f 12983 12985 12984
f 12986 12949 12951
f 12986 12985 12949
f 12985 12987 12949
f 12949 12987 12952
f 12952 12987 12988
f 12952 12988 12954
f 12954 12988 12989
f 12954 12989 12955
f 12955 12989 12990
f 12955 12990 12956
f 12956 12990 12991
f 12956 12991 12957
f 12957 12991 12992
f 12399 12398 12958
f 12399 12958 12992
f 12992 12958 12957
f 12959 12958 12398
f 12401 12959 12398
f 12960 12959 12401
f 12403 12960 12401
f 12961 12960 12403
f 12405 12961 12403
f 12961 12405 12382
f 12962 12391 12993
f 12993 12391 12412
f 12963 12994 12393
f 12994 12414 12393
f 12964 12396 12417
f 12965 12964 12417
f 12419 12965 12417
f 12419 12420 12995
f 12419 12995 12965
f 12965 12995 12966
f 12966 12995 12967
f 12967 12995 12996
f 12967 12996 12968
f 12968 12996 12997
f 12968 12997 12969
f 12969 12997 12998
f 12971 12998 12999
f 12969 12998 12971
f 13002 13000 13001
f 13001 13003 13004
f 13000 13003 13001
f 13004 13003 13006
f 12974 13005 12972
f 12972 13005 12975
f 13009 13007 13008
f 13008 12976 12978
f 13008 13007 12976
f 13007 13010 12976
f 12979 13011 13012
f 12979 12976 13011
f 12976 13010 13011
f 13012 13011 13013
f 13016 13014 13015
f 13015 13017 13018
f 13014 13017 13015
f 13018 13019 13020
f 13017 13019 13018
f 13020 13021 13022
f 13019 13021 13020
f 13022 12980 12982
f 13022 13021 12980
f 13021 13023 12980
f 12980 13023 12983
f 12983 13023 13024
f 12983 13024 12985
f 12985 13024 13025
f 12985 13025 12987
f 12987 13025 13026
f 12987 13026 12988
f 12988 13026 13027
f 12423 12422 12989
f 12423 12989 13027
f 13027 12989 12988
f 12990 12989 12422
f 12425 12990 12422
f 12991 12990 12425
f 12427 12991 12425
f 12992 12991 12427
f 12429 12992 12427
f 12992 12429 12399
f 13028 13029 12993
f 13028 12993 12435
f 12435 12993 12412
f 13029 13030 13031
f 13028 13030 13029
f 13031 13030 12436
f 13031 12436 12994
f 12994 12436 12414
f 12995 12420 12441
f 12996 12995 12441
f 12443 12996 12441
f 12443 12444 13032
f 12443 13032 12996
f 12996 13032 12997
f 12997 13032 12998
f 12998 13032 13033
f 12999 13034 13035
f 12999 12998 13034
f 12998 13033 13034
f 13035 13036 13037
f 13034 13036 13035
f 13037 13038 13039
f 13036 13038 13037
f 13039 13040 13041
f 13038 13040 13039
f 13041 13042 13043
f 13040 13042 13041
f 13043 13042 13044
f 13047 13045 13046
f 12447 13046 13045
f 12447 12446 13046
f 12446 13048 13046
f 13048 12446 13049
f 12446 12449 13049
f 13002 13050 13000
f 13002 12449 13050
f 13002 13049 12449
f 12450 13050 12449
f 13000 13050 13003
f 13003 13050 13051
f 13006 13052 13053
f 13006 13003 13052
f 13003 13051 13052
f 13053 13054 13055
f 13052 13054 13053
f 13055 13007 13009
f 13055 13054 13007
f 13054 13056 13007
f 13007 13056 13010
f 13010 13056 13057
f 13010 13057 13011
f 13011 13057 13058
f 13013 13058 13059
f 13011 13058 13013
f 13062 13060 13061
f 13061 13063 13064
f 13060 13063 13061
f 13064 13014 13016
f 13064 13063 13014
f 13063 13065 13014
f 13014 13065 13017
f 13017 13065 13066
f 13017 13066 13019
f 13019 13066 13067
f 13019 13067 13021
f 13021 13067 13068
f 13021 13068 13023
f 13023 13068 13069
f 12453 12452 13024
f 12453 13024 13069
f 13069 13024 13023
f 13025 13024 12452
f 12455 13025 12452
f 13026 13025 12455
f 12457 13026 12455
f 13027 13026 12457
f 12459 13027 12457
f 13027 12459 12423
f 13028 12435 12464
f 13030 13028 12464
f 12465 13030 12464
f 13030 12465 12436
f 13032 12444 12469
f 13033 13032 12469
f 12471 13033 12469
f 12471 12472 13070
f 12471 13070 13033
f 13033 13070 13034
f 13034 13070 13036
f 13036 13070 13071
f 12475 12474 13038
f 12475 13038 13071
f 13071 13038 13036
f 12474 12476 13072
f 12474 13072 13038
f 13038 13072 13040
f 13040 13072 13042
f 13042 13072 13073
f 13044 13074 13075
f 13044 13042 13074
f 13042 13073 13074
f 13075 13076 13077
f 13074 13076 13075
f 13077 13078 13079
f 13076 13078 13077
f 13079 13080 13081
f 13078 13080 13079
f 13081 13082 13083
f 13080 13082 13081
f 13083 13084 13085
f 13082 13084 13083
f 13085 13086 13087
f 13084 13086 13085
f 13087 13088 13089
f 13086 13088 13087
f 13089 13090 13091
f 13088 13090 13089
f 13045 12479 12478
f 13047 12479 13045
f 13047 13090 12479
f 13047 13091 13090
f 13045 12478 12447
f 13050 12450 12483
f 13051 13050 12483
f 12485 13051 12483
f 13052 13051 12485
f 12487 13052 12485
f 12487 12488 13092
f 12487 13092 13052
f 13052 13092 13054
f 13054 13092 13056
f 13056 13092 13093
f 13056 13093 13057
f 13057 13093 13094
f 12491 12490 13058
f 12491 13058 13094
f 13094 13058 13057
f 12490 12492 13095
f 13058 12490 13095
f 13058 13095 13096
f 13058 13096 13059
f 13096 13097 13098
f 13095 13097 13096
f 13098 13099 13100
f 13097 13099 13098
f 13100 13060 13062
f 13100 13099 13060
f 13099 13101 13060
f 12495 12494 13063
f 12495 13063 13101
f 13101 13063 13060
f 13065 13063 12494
f 12497 13065 12494
f 13066 13065 12497
f 12499 13066 12497
f 13067 13066 12499
f 12501 13067 12499
f 13068 13067 12501
f 12503 13068 12501
f 13069 13068 12503
f 12505 13069 12503
f 13069 12505 12453
f 13070 12472 12510
f 13071 13070 12510
f 12512 13071 12510
f 13071 12512 12475
f 13072 12476 12514
f 13073 13072 12514
f 12515 13073 12514
f 13074 13073 12515
f 12517 13074 12515
f 13076 13074 12517
f 12519 13076 12517
f 13078 13076 12519
f 12521 13078 12519
f 13080 13078 12521
f 12523 13080 12521
f 13082 13080 12523
f 12525 13082 12523
f 13084 13082 12525
f 12527 13084 12525
f 13086 13084 12527
f 12529 13086 12527
f 13088 13086 12529
f 12531 13088 12529
f 13090 13088 12531
f 12532 13090 12531
f 13090 12532 12479
f 13092 12488 12540
f 12540 12541 13102
f 12540 13102 13092
f 13092 13102 13093
f 12544 12543 13094
f 12544 13094 13102
f 13102 13094 13093
f 13094 12543 12491
f 13095 12492 12547
f 13097 13095 12547
f 12549 13097 12547
f 13099 13097 12549
f 12551 13099 12549
f 13101 13099 12551
f 12553 13101 12551
f 13101 12553 12495
f 13103 13102 12541
f 12556 13103 12541
f 12557 12544 13102
f 12557 13102 13104
f 13104 13102 13103
f 12558 12557 13104
f 13105 12558 13104
f 12558 13105 12560
f 13106 13103 12556
f 12562 13106 12556
f 13103 13106 13104
f 13104 13106 13107
f 13104 13107 13105
f 13105 13107 13108
f 12563 12560 13105
f 12563 13105 13109
f 13109 13105 13108
f 12563 13109 12565
f 13110 13106 12562
f 12567 13110 12562
f 13106 13110 13107
f 13107 13110 13111
f 13107 13111 13108
f 13108 13111 13112
f 13108 13112 13109
f 13109 13112 13113
f 13109 13113 12569
f 12565 13109 12569
f 13110 12567 12571
f 13111 13110 12571
f 12573 13111 12571
f 13112 13111 12573
f 12575 13112 12573
f 13113 13112 12575
f 12577 13113 12575
f 13113 12577 12569
f 12605 12606 13114
f 12607 12605 13114
f 13115 12607 13114
f 12607 13115 12609
f 12616 12617 13116
f 12616 13116 12619
f 12628 12629 13117
f 12628 13117 12630
f 13118 13114 12606
f 12632 13118 12606
f 13119 13118 13120
f 13119 13115 13118
f 13115 13114 13118
f 13122 13121 12633
f 13119 13122 12633
f 13119 12633 12609
f 13119 12609 13115
f 12633 13121 12635
f 12645 12646 13123
f 12617 12645 13123
f 12617 13123 13116
f 13116 13123 13124
f 12647 12619 13116
f 12647 13116 13125
f 13125 13116 13124
f 12648 12647 13125
f 13126 12648 13125
f 12649 12648 13126
f 13127 12649 13126
f 12650 12649 13127
f 13128 12650 13127
f 12651 12650 13128
f 13129 12651 13128
f 12652 12651 13129
f 13130 12652 13129
f 12653 12652 13130
f 13131 12653 13130
f 12654 12653 13131
f 13132 12654 13131
f 12655 12654 13132
f 13133 12655 13132
f 12655 13133 12657
f 13134 13117 12629
f 12663 13134 12629
f 13117 13134 12665
f 12630 13117 12665
f 13135 13118 12632
f 13135 12632 13136
f 13136 12632 12667
f 13118 13135 13120
f 13138 13121 13122
f 13137 13121 13138
f 13121 13137 12669
f 12635 13121 12669
f 12673 12674 13139
f 12675 12673 13139
f 13140 12675 13139
f 12676 12675 13140
f 13141 12676 13140
f 12676 13141 12678
f 12679 12680 13142
f 12681 12679 13142
f 13143 12681 13142
f 12682 12681 13143
f 13144 12682 13143
f 12683 12682 13144
f 13145 12683 13144
f 12646 12683 13145
f 12646 13145 13123
f 13123 13145 13146
f 13123 13146 13124
f 13124 13146 13147
f 13124 13147 13125
f 13125 13147 13148
f 13125 13148 13126
f 13126 13148 13149
f 13126 13149 13127
f 13127 13149 13150
f 13127 13150 13128
f 13128 13150 13151
f 13128 13151 13129
f 13129 13151 13152
f 13129 13152 13130
f 13130 13152 13153
f 13130 13153 13131
f 13131 13153 13154
f 13131 13154 13132
f 13132 13154 13155
f 13132 13155 13133
f 13133 13155 13156
f 12684 12657 13133
f 12684 13133 13157
f 13157 13133 13156
f 12685 12684 13157
f 13158 12685 13157
f 12685 13158 12687
f 13159 13134 12663
f 12697 13159 12663
f 13134 13159 12699
f 12665 13134 12699
f 12701 12702 13160
f 13160 12667 12701
f 13160 13161 12667
f 13161 13136 12667
f 13138 13162 13137
f 13137 13162 13163
f 13137 13163 12669
f 12669 13163 12704
f 13139 12674 12707
f 13140 13139 12707
f 12709 13140 12707
f 13141 13140 12709
f 12711 13141 12709
f 12712 12678 13141
f 12712 13141 13164
f 12711 12713 13141
f 12713 13164 13141
f 12680 12712 13164
f 12680 13164 13142
f 13142 13164 13165
f 13142 13165 13143
f 13143 13165 13166
f 13143 13166 13144
f 13144 13166 13167
f 13144 13167 13145
f 13145 13167 13168
f 13145 13168 13146
f 13146 13168 13169
f 13146 13169 13147
f 13147 13169 13170
f 13147 13170 13148
f 13148 13170 13171
f 13148 13171 13149
f 13149 13171 13172
f 13149 13172 13150
f 13150 13172 13173
f 13150 13173 13151
f 13151 13173 13174
f 13151 13174 13152
f 13152 13174 13175
f 13152 13175 13153
f 13153 13175 13176
f 13153 13176 13154
f 13154 13176 13177
f 13154 13177 13155
f 13155 13177 13178
f 13155 13178 13156
f 13156 13178 13179
f 12716 12715 13157
f 12716 13157 13179
f 13179 13157 13156
f 13158 13157 12715
f 12718 13158 12715
f 13158 12718 12687
f 12721 12722 13180
f 12721 13180 12724
f 13181 13159 12697
f 12733 13181 12697
f 13159 13181 12735
f 12699 13159 12735
f 13182 13160 12702
f 12739 13182 12702
f 13161 13182 13183
f 13160 13182 13161
f 12740 13185 13184
f 12740 12704 13185
f 12704 13163 13185
f 12740 13184 12741
f 12745 12746 13186
f 12747 12745 13186
f 13187 12747 13186
f 12748 12747 13187
f 13188 12748 13187
f 13188 13190 13189
f 13188 13189 12748
f 12748 13189 12749
f 13189 13191 12749
f 12749 13191 12750
f 12713 13192 13164
f 12713 12750 13192
f 12750 13191 13192
f 13164 13193 13165
f 13192 13193 13164
f 13165 13194 13166
f 13193 13194 13165
f 13166 13195 13167
f 13194 13195 13166
f 13167 13196 13168
f 13195 13196 13167
f 13198 13168 13196
f 13198 13197 13168
f 13197 13169 13168
f 13169 13197 13170
f 13170 13197 13199
f 13170 13199 13171
f 13171 13199 13200
f 13171 13200 13172
f 13172 13200 13201
f 13172 13201 13173
f 13173 13201 13202
f 13173 13202 13174
f 13174 13202 13203
f 13174 13203 13175
f 13175 13203 13204
f 13175 13204 13176
f 13176 13204 13205
f 12753 12752 13177
f 12753 13177 13205
f 13205 13177 13176
f 13178 13177 12752
f 12755 13178 12752
f 13179 13178 12755
f 12757 13179 12755
f 13179 12757 12716
f 12761 12762 13206
f 12761 13206 12764
f 13207 13180 12722
f 12767 13207 12722
f 13180 13207 12769
f 12724 13180 12769
f 13181 12733 12781
f 13181 12781 12735
f 13182 12739 12787
f 12787 13183 13182
f 12787 12788 13183
f 12788 13208 13183
f 13210 13184 13185
f 13209 13184 13210
f 13184 13209 12790
f 12741 13184 12790
f 12793 12794 13211
f 12795 12793 13211
f 13212 12795 13211
f 12796 12795 13212
f 13213 12796 13212
f 12797 12796 13213
f 13214 12797 13213
f 13214 13216 13215
f 12797 13214 13215
f 12797 13215 13186
f 12797 13186 12746
f 13186 13217 13187
f 13215 13217 13186
f 13187 13218 13188
f 13217 13218 13187
f 13188 13218 13190
f 13221 13219 13220
f 13220 13222 13223
f 13219 13222 13220
f 13223 13197 13198
f 13223 13222 13197
f 13222 13224 13197
f 13197 13224 13199
f 13199 13224 13225
f 13199 13225 13200
f 13200 13225 13226
f 13200 13226 13201
f 13201 13226 13227
f 13201 13227 13202
f 13202 13227 13228
f 13202 13228 13203
f 13203 13228 13229
f 13203 13229 13204
f 13204 13229 13230
f 13204 13230 13205
f 13205 13230 13231
f 12798 12753 13205
f 12798 13205 13232
f 13232 13205 13231
f 12799 12798 13232
f 13233 12799 13232
f 12800 12799 13233
f 13234 12800 13233
f 12801 12800 13234
f 13235 12801 13234
f 12802 12801 13235
f 13236 12802 13235
f 12803 12802 13236
f 13237 12803 13236
f 12762 12803 13237
f 12762 13237 13206
f 13206 13237 13238
f 12804 12764 13206
f 12804 13206 13239
f 13239 13206 13238
f 12805 12804 13239
f 13240 12805 13239
f 12806 12805 13240
f 13241 12806 13240
f 12767 12806 13241
f 12767 13241 13207
f 13207 13241 13242
f 12807 12769 13207
f 12807 13207 13243
f 13243 13207 13242
f 12808 12807 13243
f 13244 12808 13243
f 12809 12808 13244
f 13245 12809 13244
f 12809 13245 12811
f 13208 12788 13246
f 13246 12788 12824
f 13249 13247 13248
f 13248 13250 13251
f 13247 13250 13248
f 13209 12827 12826
f 13210 12827 13209
f 13210 13250 12827
f 13210 13251 13250
f 13209 12826 12790
f 12830 12831 13252
f 12794 12830 13252
f 12794 13252 13211
f 13211 13252 13253
f 13211 13253 13212
f 13212 13253 13254
f 13255 13254 13256
f 13255 13213 13254
f 13213 13212 13254
f 13213 13257 13214
f 13255 13257 13213
f 13214 13257 13216
f 13260 13258 13259
f 13259 13261 13262
f 13258 13261 13259
f 13262 13263 13264
f 13261 13263 13262
f 13264 13263 13266
f 13221 13265 13219
f 13219 13267 13222
f 13265 13267 13219
f 13222 13268 13224
f 13267 13268 13222
f 13224 13269 13225
f 13268 13269 13224
f 13225 13270 13226
f 13269 13270 13225
f 13226 13271 13227
f 13270 13271 13226
f 13227 13272 13228
f 13271 13272 13227
f 13228 13273 13229
f 13272 13273 13228
f 13229 13274 13230
f 13273 13274 13229
f 13230 13275 13231
f 13274 13275 13230
f 13231 13276 13232
f 13275 13276 13231
f 13232 13277 13233
f 13276 13277 13232
f 13233 13278 13234
f 13277 13278 13233
f 13234 13279 13235
f 13278 13279 13234
f 13235 13280 13236
f 13279 13280 13235
f 13282 13236 13280
f 13282 13281 13236
f 13281 13237 13236
f 13237 13281 13238
f 13238 13281 13283
f 13238 13283 13239
f 13239 13283 13284
f 13239 13284 13240
f 13240 13284 13285
f 13240 13285 13241
f 13241 13285 13286
f 12834 12833 13242
f 12834 13242 13286
f 13286 13242 13241
f 12833 12835 13287
f 12833 13287 13242
f 13242 13287 13243
f 12838 12837 13244
f 12838 13244 13287
f 13287 13244 13243
f 13245 13244 12837
f 12840 13245 12837
f 13245 12840 12811
f 13246 12824 13288
f 13288 12824 12848
f 13249 13289 13247
f 13291 13247 13289
f 13291 13290 13247
f 13290 13250 13247
f 13250 13290 12850
f 12827 13250 12850
f 12853 12854 13292
f 12831 12853 13292
f 12831 13292 13252
f 13252 13292 13293
f 13252 13293 13253
f 13253 13293 13294
f 13295 13294 13296
f 13295 13254 13294
f 13254 13253 13294
f 13254 13295 13256
f 13299 13297 13298
f 13298 13300 13301
f 13297 13300 13298
f 13301 13300 13303
f 13260 13302 13258
f 13258 13304 13261
f 13302 13304 13258
f 13306 13261 13304
f 13306 13305 13261
f 13305 13263 13261
f 13266 13305 13307
f 13263 13305 13266
f 13310 13308 13309
f 13309 13308 13311
f 13282 13312 13281
f 13314 13281 13312
f 13314 13313 13281
f 13313 13283 13281
f 13283 13313 13284
f 13284 13313 13315
f 13284 13315 13285
f 13285 13315 13316
f 13285 13316 13286
f 13286 13316 13317
f 13286 13317 12856
f 12834 13286 12856
f 13287 12835 12858
f 12859 12838 13287
f 12859 13287 13318
f 12858 12860 13287
f 12860 13318 13287
f 12859 13318 12862
f 13288 12848 13319
f 13319 12848 12870
f 13321 13290 13291
f 13320 13290 13321
f 13290 13320 12872
f 12850 13290 12872
f 12873 12874 13322
f 12873 13322 12876
f 12879 12880 13323
f 12854 12879 13323
f 12854 13323 13292
f 13292 13323 13324
f 13292 13324 13293
f 13293 13324 13325
f 13326 13325 13327
f 13326 13294 13325
f 13294 13293 13325
f 13294 13326 13296
f 13299 13328 13297
f 13297 13329 13300
f 13328 13329 13297
f 13300 13329 13303
f 13306 13330 13305
f 13305 13330 13307
f 13333 13331 13332
f 13332 13308 13310
f 13332 13331 13308
f 13331 13334 13308
f 13311 13334 13335
f 13308 13334 13311
f 13338 13336 13337
f 13337 13313 13314
f 13337 13336 13313
f 13336 13339 13313
f 13313 13339 13315
f 13315 13339 13340
f 13315 13340 13316
f 13316 13340 13341
f 13316 13341 13317
f 13317 13341 13342
f 12881 12856 13317
f 12881 13317 13343
f 13343 13317 13342
f 12882 12881 13343
f 13344 12882 13343
f 12860 12882 13344
f 12860 13344 13318
f 13318 13344 13345
f 12883 12862 13318
f 12883 13318 13346
f 13346 13318 13345
f 12884 12883 13346
f 13347 12884 13346
f 12885 12884 13347
f 13348 12885 13347
f 12885 13348 12887
f 13319 12870 13349
f 13349 12870 12896
f 13351 13320 13321
f 13350 13320 13351
f 13320 13350 12897
f 12872 13320 12897
f 13352 13322 12874
f 13352 12874 13353
f 13353 12874 12898
f 13355 13354 12899
f 13352 13355 12899
f 13352 12899 12876
f 13352 12876 13322
f 12899 13354 12900
f 13356 13323 12880
f 12904 13356 12880
f 13323 13356 13324
f 13324 13356 13357
f 13324 13357 13325
f 13325 13357 13358
f 13327 13359 13360
f 13327 13325 13359
f 13325 13358 13359
f 13360 13361 13362
f 13359 13361 13360
f 13362 13361 13363
f 13365 13331 13333
f 13364 13331 13365
f 13331 13364 13334
f 13334 13364 13366
f 13335 13366 13367
f 13334 13366 13335
f 13338 13368 13336
f 13370 13336 13368
f 13370 13369 13336
f 13369 13339 13336
f 13339 13369 13340
f 13340 13369 13371
f 13340 13371 13341
f 13341 13371 13372
f 13341 13372 13342
f 13342 13372 13373
f 13342 13373 13343
f 13343 13373 13374
f 13343 13374 13344
f 13344 13374 13375
f 13344 13375 13345
f 13345 13375 13376
f 13345 13376 13346
f 13346 13376 13377
f 13346 13377 13347
f 13347 13377 13378
f 13347 13378 13348
f 13348 13378 13379
f 13348 13379 12906
f 12887 13348 12906
f 13380 13381 13349
f 13380 13349 12915
f 12915 13349 12896
f 13381 13382 13383
f 13380 13382 13381
f 13350 12918 12917
f 13351 12918 13350
f 13351 13382 12918
f 13351 13383 13382
f 13350 12917 12897
f 13353 12898 13384
f 13384 12898 12919
f 13355 13385 13354
f 13354 13385 13386
f 13354 13386 12900
f 12900 13386 12920
f 13387 13356 12904
f 12924 13387 12904
f 13356 13387 13357
f 13357 13387 13388
f 13357 13388 13358
f 13358 13388 13389
f 13358 13389 13359
f 13359 13389 13390
f 13359 13390 13361
f 13361 13390 13391
f 13363 13392 13393
f 13363 13361 13392
f 13361 13391 13392
f 13393 13394 13395
f 13392 13394 13393
f 13395 13394 13396
f 13399 13397 13398
f 13398 13397 13400
f 13403 13401 13402
f 13402 13364 13365
f 13402 13401 13364
f 13401 13404 13364
f 13364 13404 13366
f 13366 13404 13405
f 13367 13405 13406
f 13366 13405 13367
f 13408 13369 13370
f 13407 13369 13408
f 13369 13407 13371
f 13371 13407 13409
f 13371 13409 13372
f 13372 13409 13410
f 13372 13410 13373
f 13373 13410 13411
f 13373 13411 13374
f 13374 13411 13412
f 13374 13412 13375
f 13375 13412 13413
f 13375 13413 13376
f 13376 13413 13414
f 13376 13414 13377
f 13377 13414 13415
f 13377 13415 13378
f 13378 13415 13416
f 13378 13416 13379
f 13379 13416 13417
f 13379 13417 12926
f 12906 13379 12926
f 13380 12915 12936
f 13382 13380 12936
f 12938 13382 12936
f 13382 12938 12918
f 13418 13419 13384
f 13418 13384 12939
f 12939 13384 12919
f 13419 13418 13420
f 13386 13421 12920
f 13421 12940 12920
f 13387 12924 12945
f 13388 13387 12945
f 12947 13388 12945
f 12947 12948 13422
f 12947 13422 13388
f 13388 13422 13389
f 13389 13422 13390
f 13390 13422 13423
f 13390 13423 13391
f 13391 13423 13424
f 13391 13424 13392
f 13392 13424 13425
f 13392 13425 13394
f 13394 13425 13426
f 13396 13426 13427
f 13394 13426 13396
f 13430 13428 13429
f 13429 13428 13432
f 13399 13431 13397
f 13397 13431 13400
f 13435 13433 13434
f 13434 13401 13403
f 13434 13433 13401
f 13433 13436 13401
f 13401 13436 13404
f 13404 13436 13437
f 13404 13437 13405
f 13405 13437 13438
f 13406 13438 13439
f 13405 13438 13406
f 13442 13440 13441
f 13441 13407 13408
f 13441 13440 13407
f 13440 13443 13407
f 13407 13443 13409
f 13409 13443 13444
f 13409 13444 13410
f 13410 13444 13445
f 13410 13445 13411
f 13411 13445 13446
f 13411 13446 13412
f 13412 13446 13447
f 13412 13447 13413
f 13413 13447 13448
f 13413 13448 13414
f 13414 13448 13449
f 13414 13449 13415
f 13415 13449 13450
f 12951 12950 13416
f 12951 13416 13450
f 13450 13416 13415
f 13417 13416 12950
f 12953 13417 12950
f 13417 12953 12926
f 13451 13418 12939
f 12962 13451 12939
f 13420 13452 13453
f 13420 13418 13452
f 13418 13451 13452
f 13453 13452 12963
f 13453 12963 13421
f 13421 12963 12940
f 13422 12948 12970
f 12970 12971 13454
f 12970 13454 13422
f 13422 13454 13423
f 13423 13454 13424
f 13424 13454 13455
f 13424 13455 13425
f 13425 13455 13456
f 13425 13456 13426
f 13426 13456 13457
f 13427 13458 13459
f 13427 13426 13458
f 13426 13457 13458
f 13459 13428 13430
f 13459 13458 13428
f 13458 13460 13428
f 13432 13460 13461
f 13428 13460 13432
f 13464 13462 13463
f 13463 13465 13466
f 13462 13465 13463
f 13433 12974 12973
f 13435 12974 13433
f 13435 13465 12974
f 13435 13466 13465
f 12973 12975 13467
f 12973 13467 13433
f 13433 13467 13436
f 13436 13467 13437
f 13437 13467 13468
f 12978 12977 13438
f 12978 13438 13468
f 13468 13438 13437
f 12977 12979 13469
f 13438 12977 13469
f 13438 13469 13470
f 13438 13470 13439
f 13470 13469 13471
f 13474 13472 13473
f 13473 13440 13442
f 13473 13472 13440
f 13472 13475 13440
f 13440 13475 13443
f 13443 13475 13476
f 13443 13476 13444
f 13444 13476 13477
f 13444 13477 13445
f 13445 13477 13478
f 13445 13478 13446
f 13446 13478 13479
f 13446 13479 13447
f 13447 13479 13480
f 12982 12981 13448
f 12982 13448 13480
f 13480 13448 13447
f 13449 13448 12981
f 12984 13449 12981
f 13450 13449 12984
f 12986 13450 12984
f 13450 12986 12951
f 13481 13451 12962
f 12993 13481 12962
f 13451 13481 13452
f 13452 13481 13482
f 13452 13482 12994
f 12963 13452 12994
f 13483 13454 12971
f 12999 13483 12971
f 13454 13483 13455
f 13455 13483 13484
f 13455 13484 13456
f 13456 13484 13485
f 13456 13485 13457
f 13457 13485 13486
f 13457 13486 13458
f 13458 13486 13487
f 13458 13487 13460
f 13460 13487 13488
f 13461 13489 13490
f 13461 13460 13489
f 13460 13488 13489
f 13490 13491 13492
f 13489 13491 13490
f 13492 13493 13494
f 13491 13493 13492
f 13494 13495 13496
f 13493 13495 13494
f 13496 13497 13498
f 13495 13497 13496
f 13498 13499 13500
f 13497 13499 13498
f 13500 13501 13502
f 13499 13501 13500
f 13502 13503 13504
f 13501 13503 13502
f 13504 13505 13506
f 13503 13505 13504
f 13506 13507 13508
f 13505 13507 13506
f 13508 13509 13510
f 13507 13509 13508
f 13462 13002 13001
f 13464 13002 13462
f 13464 13509 13002
f 13464 13510 13509
f 13465 13462 13001
f 13004 13465 13001
f 13005 12974 13465
f 13005 13465 13511
f 13004 13006 13465
f 13006 13511 13465
f 12975 13005 13511
f 12975 13511 13467
f 13467 13511 13512
f 13009 13008 13468
f 13009 13468 13512
f 13512 13468 13467
f 13468 13008 12978
f 13469 12979 13012
f 13012 13013 13513
f 13469 13012 13513
f 13469 13513 13514
f 13469 13514 13471
f 13514 13515 13516
f 13513 13515 13514
f 13516 13472 13474
f 13516 13515 13472
f 13515 13517 13472
f 13472 13517 13475
f 13475 13517 13518
f 13475 13518 13476
f 13476 13518 13519
f 13016 13015 13477
f 13016 13477 13519
f 13519 13477 13476
f 13478 13477 13015
f 13018 13478 13015
f 13479 13478 13018
f 13020 13479 13018
f 13480 13479 13020
f 13022 13480 13020
f 13480 13022 12982
f 13481 12993 13029
f 13482 13481 13029
f 13031 13482 13029
f 13482 13031 12994
f 13483 12999 13035
f 13484 13483 13035
f 13037 13484 13035
f 13485 13484 13037
f 13039 13485 13037
f 13486 13485 13039
f 13041 13486 13039
f 13487 13486 13041
f 13043 13487 13041
f 13043 13044 13520
f 13043 13520 13487
f 13487 13520 13488
f 13488 13520 13489
f 13489 13520 13521
f 13489 13521 13491
f 13491 13521 13522
f 13491 13522 13493
f 13493 13522 13523
f 13493 13523 13495
f 13495 13523 13524
f 13495 13524 13497
f 13497 13524 13525
f 13497 13525 13499
f 13499 13525 13526
f 13499 13526 13501
f 13501 13526 13527
f 13501 13527 13503
f 13503 13527 13528
f 13047 13046 13505
f 13047 13505 13528
f 13528 13505 13503
f 13507 13505 13046
f 13048 13507 13046
f 13509 13507 13048
f 13049 13509 13048
f 13509 13049 13002
f 13511 13006 13053
f 13512 13511 13053
f 13055 13512 13053
f 13512 13055 13009
f 13529 13513 13013
f 13059 13529 13013
f 13513 13529 13515
f 13515 13529 13530
f 13515 13530 13517
f 13517 13530 13531
f 13062 13061 13518
f 13062 13518 13531
f 13531 13518 13517
f 13519 13518 13061
f 13064 13519 13061
f 13519 13064 13016
f 13520 13044 13075
f 13521 13520 13075
f 13077 13521 13075
f 13522 13521 13077
f 13079 13522 13077
f 13523 13522 13079
f 13081 13523 13079
f 13524 13523 13081
f 13083 13524 13081
f 13525 13524 13083
f 13085 13525 13083
f 13526 13525 13085
f 13087 13526 13085
f 13527 13526 13087
f 13089 13527 13087
f 13528 13527 13089
f 13091 13528 13089
f 13528 13091 13047
f 13529 13059 13096
f 13530 13529 13096
f 13098 13530 13096
f 13531 13530 13098
f 13100 13531 13098
f 13531 13100 13062
f 13119 13120 13532
f 13119 13532 13122
f 13135 13136 13533
f 13120 13135 13533
f 13120 13533 13532
f 13532 13533 13534
f 13532 13534 13138
f 13122 13532 13138
f 13535 13533 13136
f 13535 13136 13536
f 13536 13136 13161
f 13538 13533 13535
f 13538 13537 13533
f 13537 13534 13533
f 13162 13138 13534
f 13162 13534 13539
f 13539 13534 13537
f 13162 13539 13163
f 13536 13161 13540
f 13540 13161 13183
f 13538 13541 13537
f 13543 13537 13541
f 13543 13542 13537
f 13542 13539 13537
f 13539 13542 13185
f 13163 13539 13185
f 13189 13190 13544
f 13191 13189 13544
f 13545 13191 13544
f 13192 13191 13545
f 13546 13192 13545
f 13193 13192 13546
f 13547 13193 13546
f 13194 13193 13547
f 13548 13194 13547
f 13195 13194 13548
f 13549 13195 13548
f 13196 13195 13549
f 13550 13196 13549
f 13196 13550 13198
f 13540 13183 13551
f 13551 13183 13208
f 13554 13552 13553
f 13553 13542 13543
f 13553 13552 13542
f 13552 13555 13542
f 13542 13555 13210
f 13185 13542 13210
f 13215 13216 13556
f 13217 13215 13556
f 13557 13217 13556
f 13218 13217 13557
f 13558 13218 13557
f 13190 13218 13558
f 13190 13558 13544
f 13544 13558 13559
f 13544 13559 13545
f 13545 13559 13560
f 13545 13560 13546
f 13546 13560 13561
f 13546 13561 13547
f 13547 13561 13562
f 13547 13562 13548
f 13548 13562 13563
f 13221 13220 13549
f 13221 13549 13563
f 13563 13549 13548
f 13550 13549 13220
f 13223 13550 13220
f 13550 13223 13198
f 13564 13565 13551
f 13564 13551 13246
f 13246 13551 13208
f 13552 13249 13248
f 13554 13249 13552
f 13554 13564 13249
f 13554 13565 13564
f 13555 13552 13248
f 13251 13555 13248
f 13555 13251 13210
f 13255 13256 13566
f 13257 13255 13566
f 13567 13257 13566
f 13216 13257 13567
f 13216 13567 13556
f 13556 13567 13568
f 13556 13568 13557
f 13557 13568 13569
f 13557 13569 13558
f 13558 13569 13570
f 13558 13570 13559
f 13559 13570 13571
f 13559 13571 13560
f 13560 13571 13572
f 13260 13259 13561
f 13260 13561 13572
f 13572 13561 13560
f 13562 13561 13259
f 13262 13562 13259
f 13563 13562 13262
f 13264 13563 13262
f 13265 13221 13563
f 13265 13563 13573
f 13264 13266 13563
f 13266 13573 13563
f 13267 13265 13573
f 13574 13267 13573
f 13268 13267 13574
f 13575 13268 13574
f 13269 13268 13575
f 13576 13269 13575
f 13270 13269 13576
f 13577 13270 13576
f 13271 13270 13577
f 13578 13271 13577
f 13272 13271 13578
f 13579 13272 13578
f 13273 13272 13579
f 13580 13273 13579
f 13274 13273 13580
f 13581 13274 13580
f 13275 13274 13581
f 13582 13275 13581
f 13276 13275 13582
f 13583 13276 13582
f 13277 13276 13583
f 13584 13277 13583
f 13278 13277 13584
f 13585 13278 13584
f 13279 13278 13585
f 13586 13279 13585
f 13280 13279 13586
f 13587 13280 13586
f 13280 13587 13282
f 13588 13564 13246
f 13588 13246 13589
f 13589 13246 13288
f 13591 13590 13289
f 13588 13591 13289
f 13588 13289 13249
f 13588 13249 13564
f 13289 13590 13291
f 13295 13296 13592
f 13256 13295 13592
f 13256 13592 13566
f 13566 13592 13593
f 13566 13593 13567
f 13567 13593 13594
f 13567 13594 13568
f 13568 13594 13595
f 13568 13595 13569
f 13569 13595 13596
f 13569 13596 13570
f 13570 13596 13597
f 13299 13298 13571
f 13299 13571 13597
f 13597 13571 13570
f 13572 13571 13298
f 13301 13572 13298
f 13302 13260 13572
f 13302 13572 13598
f 13301 13303 13572
f 13303 13598 13572
f 13304 13302 13598
f 13599 13304 13598
f 13304 13599 13306
f 13600 13573 13266
f 13307 13600 13266
f 13573 13600 13574
f 13574 13600 13601
f 13574 13601 13575
f 13575 13601 13602
f 13575 13602 13576
f 13576 13602 13603
f 13576 13603 13577
f 13577 13603 13604
f 13577 13604 13578
f 13578 13604 13605
f 13578 13605 13579
f 13579 13605 13606
f 13579 13606 13580
f 13580 13606 13607
f 13580 13607 13581
f 13581 13607 13608
f 13581 13608 13582
f 13582 13608 13609
f 13310 13309 13583
f 13310 13583 13609
f 13609 13583 13582
f 13309 13311 13610
f 13309 13610 13583
f 13583 13610 13584
f 13584 13610 13585
f 13585 13610 13611
f 13585 13611 13586
f 13586 13611 13612
f 13586 13612 13587
f 13587 13612 13613
f 13312 13282 13587
f 13312 13587 13614
f 13614 13587 13613
f 13312 13614 13314
f 13615 13616 13589
f 13615 13589 13319
f 13319 13589 13288
f 13616 13590 13591
f 13616 13615 13590
f 13615 13617 13590
f 13590 13617 13321
f 13291 13590 13321
f 13326 13327 13618
f 13296 13326 13618
f 13296 13618 13592
f 13592 13618 13619
f 13592 13619 13593
f 13593 13619 13620
f 13593 13620 13594
f 13594 13620 13621
f 13594 13621 13595
f 13595 13621 13622
f 13595 13622 13596
f 13596 13622 13623
f 13596 13623 13597
f 13597 13623 13624
f 13328 13299 13597
f 13328 13597 13625
f 13625 13597 13624
f 13329 13328 13625
f 13626 13329 13625
f 13303 13329 13626
f 13303 13626 13598
f 13598 13626 13627
f 13598 13627 13599
f 13599 13627 13628
f 13330 13306 13599
f 13330 13599 13629
f 13629 13599 13628
f 13307 13330 13629
f 13307 13629 13600
f 13600 13629 13630
f 13600 13630 13601
f 13601 13630 13631
f 13601 13631 13602
f 13602 13631 13632
f 13602 13632 13603
f 13603 13632 13633
f 13603 13633 13604
f 13604 13633 13634
f 13604 13634 13605
f 13605 13634 13635
f 13605 13635 13606
f 13606 13635 13636
f 13606 13636 13607
f 13607 13636 13637
f 13607 13637 13608
f 13608 13637 13638
f 13333 13332 13609
f 13333 13609 13638
f 13638 13609 13608
f 13609 13332 13310
f 13639 13610 13311
f 13335 13639 13311
f 13610 13639 13611
f 13611 13639 13640
f 13611 13640 13612
f 13612 13640 13641
f 13612 13641 13613
f 13613 13641 13642
f 13338 13337 13614
f 13338 13614 13642
f 13642 13614 13613
f 13614 13337 13314
f 13643 13615 13319
f 13349 13643 13319
f 13615 13643 13617
f 13617 13643 13644
f 13617 13644 13351
f 13321 13617 13351
f 13352 13353 13645
f 13352 13645 13355
f 13618 13327 13360
f 13619 13618 13360
f 13362 13619 13360
f 13362 13363 13646
f 13362 13646 13619
f 13619 13646 13620
f 13620 13646 13621
f 13621 13646 13647
f 13621 13647 13622
f 13622 13647 13648
f 13622 13648 13623
f 13623 13648 13649
f 13623 13649 13624
f 13624 13649 13650
f 13624 13650 13625
f 13625 13650 13651
f 13625 13651 13626
f 13626 13651 13652
f 13626 13652 13627
f 13627 13652 13653
f 13627 13653 13628
f 13628 13653 13654
f 13628 13654 13629
f 13629 13654 13655
f 13629 13655 13630
f 13630 13655 13656
f 13630 13656 13631
f 13631 13656 13657
f 13631 13657 13632
f 13632 13657 13658
f 13632 13658 13633
f 13633 13658 13659
f 13633 13659 13634
f 13634 13659 13660
f 13634 13660 13635
f 13635 13660 13661
f 13635 13661 13636
f 13636 13661 13662
f 13636 13662 13637
f 13637 13662 13663
f 13637 13663 13638
f 13638 13663 13664
f 13638 13664 13365
f 13333 13638 13365
f 13665 13639 13335
f 13367 13665 13335
f 13639 13665 13640
f 13640 13665 13666
f 13640 13666 13641
f 13641 13666 13667
f 13641 13667 13642
f 13642 13667 13668
f 13368 13338 13642
f 13368 13642 13669
f 13669 13642 13668
f 13368 13669 13370
f 13643 13349 13381
f 13644 13643 13381
f 13383 13644 13381
f 13644 13383 13351
f 13670 13645 13353
f 13384 13670 13353
f 13385 13355 13645
f 13385 13645 13671
f 13671 13645 13670
f 13385 13671 13386
f 13646 13363 13393
f 13647 13646 13393
f 13395 13647 13393
f 13395 13396 13672
f 13395 13672 13647
f 13647 13672 13648
f 13648 13672 13649
f 13649 13672 13673
f 13399 13398 13650
f 13399 13650 13673
f 13673 13650 13649
f 13398 13400 13674
f 13398 13674 13650
f 13650 13674 13651
f 13651 13674 13652
f 13652 13674 13675
f 13652 13675 13653
f 13653 13675 13676
f 13653 13676 13654
f 13654 13676 13677
f 13654 13677 13655
f 13655 13677 13678
f 13655 13678 13656
f 13656 13678 13679
f 13656 13679 13657
f 13657 13679 13680
f 13657 13680 13658
f 13658 13680 13681
f 13658 13681 13659
f 13659 13681 13682
f 13659 13682 13660
f 13660 13682 13683
f 13660 13683 13661
f 13661 13683 13684
f 13661 13684 13662
f 13662 13684 13685
f 13662 13685 13663
f 13663 13685 13686
f 13403 13402 13664
f 13403 13664 13686
f 13686 13664 13663
f 13664 13402 13365
f 13687 13665 13367
f 13406 13687 13367
f 13665 13687 13666
f 13666 13687 13688
f 13666 13688 13667
f 13667 13688 13689
f 13667 13689 13668
f 13668 13689 13690
f 13668 13690 13669
f 13669 13690 13691
f 13669 13691 13408
f 13370 13669 13408
f 13670 13384 13419
f 13419 13420 13692
f 13419 13692 13670
f 13670 13692 13671
f 13671 13692 13421
f 13386 13671 13421
f 13693 13672 13396
f 13427 13693 13396
f 13430 13429 13673
f 13430 13673 13693
f 13693 13673 13672
f 13431 13399 13673
f 13431 13673 13694
f 13429 13432 13673
f 13432 13694 13673
f 13400 13431 13694
f 13400 13694 13674
f 13674 13694 13695
f 13674 13695 13675
f 13675 13695 13696
f 13675 13696 13676
f 13676 13696 13697
f 13676 13697 13677
f 13677 13697 13698
f 13677 13698 13678
f 13678 13698 13699
f 13678 13699 13679
f 13679 13699 13700
f 13679 13700 13680
f 13680 13700 13701
f 13680 13701 13681
f 13681 13701 13702
f 13681 13702 13682
f 13682 13702 13703
f 13682 13703 13683
f 13683 13703 13704
f 13683 13704 13684
f 13684 13704 13705
f 13684 13705 13685
f 13685 13705 13706
f 13435 13434 13686
f 13435 13686 13706
f 13706 13686 13685
f 13686 13434 13403
f 13707 13687 13406
f 13439 13707 13406
f 13687 13707 13688
f 13688 13707 13708
f 13688 13708 13689
f 13689 13708 13709
f 13689 13709 13690
f 13690 13709 13710
f 13442 13441 13691
f 13442 13691 13710
f 13710 13691 13690
f 13691 13441 13408
f 13692 13420 13453
f 13692 13453 13421
f 13693 13427 13459
f 13693 13459 13430
f 13711 13694 13432
f 13461 13711 13432
f 13694 13711 13695
f 13695 13711 13712
f 13695 13712 13696
f 13696 13712 13713
f 13696 13713 13697
f 13697 13713 13714
f 13697 13714 13698
f 13698 13714 13715
f 13698 13715 13699
f 13699 13715 13716
f 13699 13716 13700
f 13700 13716 13717
f 13700 13717 13701
f 13701 13717 13718
f 13701 13718 13702
f 13702 13718 13719
f 13702 13719 13703
f 13703 13719 13720
f 13703 13720 13704
f 13704 13720 13721
f 13464 13463 13705
f 13464 13705 13721
f 13721 13705 13704
f 13706 13705 13463
f 13466 13706 13463
f 13706 13466 13435
f 13707 13439 13470
f 13470 13471 13722
f 13470 13722 13707
f 13707 13722 13708
f 13708 13722 13709
f 13709 13722 13723
f 13474 13473 13710
f 13474 13710 13723
f 13723 13710 13709
f 13710 13473 13442
f 13711 13461 13490
f 13712 13711 13490
f 13492 13712 13490
f 13713 13712 13492
f 13494 13713 13492
f 13714 13713 13494
f 13496 13714 13494
f 13715 13714 13496
f 13498 13715 13496
f 13716 13715 13498
f 13500 13716 13498
f 13717 13716 13500
f 13502 13717 13500
f 13718 13717 13502
f 13504 13718 13502
f 13719 13718 13504
f 13506 13719 13504
f 13720 13719 13506
f 13508 13720 13506
f 13721 13720 13508
f 13510 13721 13508
f 13721 13510 13464
f 13722 13471 13514
f 13723 13722 13514
f 13516 13723 13514
f 13723 13516 13474
f 13535 13536 13724
f 13535 13724 13538
f 13725 13724 13536
f 13540 13725 13536
f 13541 13538 13724
f 13541 13724 13726
f 13726 13724 13725
f 13541 13726 13543
f 13727 13725 13540
f 13551 13727 13540
f 13554 13553 13726
f 13554 13726 13727
f 13727 13726 13725
f 13726 13553 13543
f 13727 13551 13565
f 13727 13565 13554
f 13588 13589 13728
f 13588 13728 13591
f 13728 13589 13616
f 13728 13616 13591