# https://github.com/mikedh/trimesh
v 0.20497382 0.05010468 0.12962186
v 0.20497382 0.05771756 0.12298429
v 0.19681478 0.05010468 0.12298429
v 0.21190464 0.05010468 0.12298429
v 0.19586384 0.04099476 0.12504542
v 0.19586384 0.04538226 0.12298429
v 0.19381118 0.04099476 0.12298429
v 0.20497382 0.04099476 0.13048595
v 0.21408367 0.04099476 0.12814516
v 0.21408367 0.04653662 0.12298429
v 0.22319365 0.04099476 0.12311226
v 0.22319365 0.04113698 0.12298429
v 0.22336435 0.04099476 0.12298429
v 0.08654451 0.03188485 0.12569642
v 0.08654451 0.03509039 0.12298429
v 0.08311391 0.03188485 0.12298429
v 0.09565449 0.03188485 0.12393218
v 0.09565449 0.03293127 0.12298429
v 0.10476446 0.03188485 0.12351537
v 0.10476446 0.03246963 0.12298429
v 0.10554975 0.03188485 0.12298429
v 0.19586384 0.03188485 0.12775713
v 0.19043350 0.03188485 0.12298429
v 0.20497382 0.03188485 0.13073242
v 0.21408367 0.03561455 0.12298429
v 0.21281791 0.03188485 0.12298429
v 0.22319365 0.04007477 0.12298429
v 0.08654451 0.02277488 0.12901646
v 0.07794863 0.02277488 0.12298429
v 0.09565449 0.02277488 0.12779969
v 0.10476446 0.02277488 0.12787324
v 0.11387432 0.02277488 0.12430924
v 0.11387432 0.02466631 0.12298429
v 0.11585385 0.02277488 0.12298429
v 0.17764401 0.02277488 0.12744957
v 0.17764401 0.03025317 0.12298429
v 0.17121887 0.02277488 0.12298429
v 0.18406141 0.02277488 0.12298429
v 0.19586384 0.02277488 0.12972856
v 0.18791389 0.02277488 0.12298429
v 0.20497382 0.02277488 0.13159758
v 0.21377885 0.02277488 0.12298429
v 0.22319365 0.02277488 0.13001245
v 0.22319365 0.03157175 0.12298429
v 0.21514940 0.02277488 0.12298429
v 0.23230362 0.02277488 0.12880784
v 0.23230362 0.03020477 0.12298429
v 0.24023449 0.02277488 0.12298429
v 0.07743454 0.01366490 0.12699580
v 0.07743454 0.02160609 0.12298429
v 0.07341892 0.01366490 0.12298429
v 0.08654451 0.01366490 0.12991017
v 0.09565449 0.01366490 0.12957156
v 0.10476446 0.01366490 0.12902504
v 0.11387432 0.01366490 0.12634891
v 0.11967671 0.01366490 0.12298429
v 0.17764401 0.01366490 0.12715280
v 0.17053878 0.01366490 0.12298429
v 0.18336320 0.01366490 0.12298429
v 0.19586384 0.01366490 0.12963903
v 0.18820775 0.01366490 0.12298429
v 0.20497382 0.01366490 0.13173056
v 0.21383631 0.01366490 0.12298429
v 0.22319365 0.01366490 0.13001734
v 0.21514344 0.01366490 0.12298429
v 0.23230362 0.01366490 0.12951809
v 0.24141359 0.01366490 0.12313157
v 0.24141359 0.01419991 0.12298429
v 0.24159265 0.01366490 0.12298429
v 0.07743454 0.00705260 0.12298429
v 0.08654451 0.00455499 0.12929398
v 0.07852376 0.00455499 0.12298429
v 0.09565449 0.00455499 0.12887990
v 0.10476446 0.00455499 0.12809926
v 0.11387432 0.00455499 0.12427741
v 0.11570889 0.00455499 0.12298429
v 0.17764401 0.00455499 0.12520969
v 0.17432213 0.00455499 0.12298429
v 0.18019044 0.00455499 0.12298429
v 0.19586384 0.00455499 0.12494892
v 0.19363809 0.00455499 0.12298429
v 0.20497382 0.00455499 0.12792915
v 0.21184754 0.00455499 0.12298429
v 0.22319365 0.00455499 0.12903678
v 0.21555483 0.00455499 0.12298429
v 0.23230362 0.00455499 0.12771517
v 0.24141359 0.01332808 0.12298429
v 0.23882830 0.00455499 0.12298429
v 0.08654451 -0.00455493 0.12782145
v 0.08087128 -0.00455493 0.12298429
v 0.09565449 -0.00455493 0.12781233
v 0.10476446 -0.00455493 0.12585145
v 0.11387432 0.00256431 0.12298429
v 0.10871911 -0.00455493 0.12298429
v 0.17764401 0.00210238 0.12298429
v 0.19586384 0.00244588 0.12298429
v 0.20497382 -0.00057143 0.12298429
v 0.22319365 -0.00266933 0.12298429
v 0.23230362 -0.00212723 0.12298429
v 0.08654451 -0.01278698 0.12298429
v 0.09565449 -0.01366490 0.12334555
v 0.09337014 -0.01366490 0.12298429
v 0.10476446 -0.00807399 0.12298429
v 0.09613454 -0.01366490 0.12298429
v 0.21408367 -0.01366490 0.12466937
v 0.21408367 -0.01178002 0.12298429
v 0.21194410 -0.01366490 0.12298429
v 0.21774745 -0.01366490 0.12298429
v 0.09565449 -0.02277488 0.12326241
v 0.09498316 -0.02277488 0.12298429
v 0.09600991 -0.02277488 0.12298429
v 0.21408367 -0.01540560 0.12298429
v 0.09565449 -0.02451724 0.12298429
v 0.09565449 0.06832457 0.11608243
v 0.09565449 0.07060331 0.11387438
v 0.09015918 0.06832457 0.11387438
v 0.09994650 0.06832457 0.11387438
v 0.19586384 0.06832457 0.11753464
v 0.19586384 0.07199436 0.11387438
v 0.19225895 0.06832457 0.11387438
v 0.20497382 0.06832457 0.12168825
v 0.20497382 0.07618910 0.11387438
v 0.21298432 0.06832457 0.11387438
v 0.22319365 0.06832457 0.11842638
v 0.22319365 0.07292217 0.11387438
v 0.21812093 0.06832457 0.11387438
v 0.23169923 0.06832457 0.11387438
v 0.08654451 0.05921465 0.11863852
v 0.08654451 0.06685483 0.11387438
v 0.08082426 0.05921465 0.11387438
v 0.09565449 0.05921465 0.11873919
v 0.10476446 0.05921465 0.11713618
v 0.10476446 0.06474763 0.11387438
v 0.10933143 0.05921465 0.11387438
v 0.17764401 0.05921465 0.11591917
v 0.17764401 0.06146079 0.11387438
v 0.17499804 0.05921465 0.11387438
v 0.18024206 0.05921465 0.11387438
v 0.19586384 0.05921465 0.12187958
v 0.18766749 0.05921465 0.11387438
v 0.20497382 0.05921465 0.12274081
v 0.21382678 0.05921465 0.11387438
v 0.22319365 0.05921465 0.11893600
v 0.21684563 0.05921465 0.11387438
v 0.23230362 0.05921465 0.11559433
v 0.23230362 0.06618279 0.11387438
v 0.24141359 0.05921465 0.11783874
v 0.24141359 0.06727344 0.11387438
v 0.24855030 0.05921465 0.11387438
v 0.08654451 0.05010468 0.11893004
v 0.07949197 0.05010468 0.11387438
v 0.09565449 0.05010468 0.11816573
v 0.10476446 0.05085933 0.11387438
v 0.10421270 0.05010468 0.11387438
v 0.17764401 0.05010468 0.11801952
v 0.17218840 0.05010468 0.11387438
v 0.18257666 0.05010468 0.11387438
v 0.19586384 0.05010468 0.12273985
v 0.18730569 0.05010468 0.11387438
v 0.21408367 0.05010468 0.11858934
v 0.21408367 0.05574107 0.11387438
v 0.22319365 0.05010468 0.12093765
v 0.23230362 0.05010468 0.11864871
v 0.24141359 0.05010468 0.11514974
v 0.24422848 0.05010468 0.11387438
v 0.07743454 0.04099476 0.11602569
v 0.07743454 0.04518759 0.11387438
v 0.07501566 0.04099476 0.11387438
v 0.08654451 0.04099476 0.11626053
v 0.09565449 0.04294801 0.11387438
v 0.09170377 0.04099476 0.11387438
v 0.12298429 0.04099476 0.11493558
v 0.12298429 0.04425347 0.11387438
v 0.11582595 0.04099476 0.11387438
v 0.12507647 0.04099476 0.11387438
v 0.17764401 0.04099476 0.11749804
v 0.17332566 0.04099476 0.11387438
v 0.18234313 0.04099476 0.11387438
v 0.18703473 0.04099476 0.11387438
v 0.23230362 0.04099476 0.12248409
v 0.24141359 0.04099476 0.12046140
v 0.25027847 0.04099476 0.11387438
v 0.07743454 0.03188485 0.11984593
v 0.07172543 0.03188485 0.11387438
v 0.09565449 0.04029769 0.11387438
v 0.10476446 0.03955501 0.11387438
v 0.11387432 0.03188485 0.11858040
v 0.11387432 0.04059017 0.11387438
v 0.12298429 0.03568989 0.11387438
v 0.12199187 0.03188485 0.11387438
v 0.16853404 0.03188485 0.11936903
v 0.16853404 0.03797162 0.11387438
v 0.16134036 0.03188485 0.11387438
v 0.17764401 0.03188485 0.12270784
v 0.18675399 0.03188485 0.11765075
v 0.18675399 0.03615195 0.11387438
v 0.21408367 0.03188485 0.11765373
v 0.22319365 0.03188485 0.12264723
v 0.23230362 0.03188485 0.12222558
v 0.24141359 0.03188485 0.12052858
v 0.25052357 0.03188485 0.11910582
v 0.25052357 0.04054022 0.11387438
v 0.25963354 0.03188485 0.11560160
v 0.25963354 0.03423285 0.11387438
v 0.26181459 0.03188485 0.11387438
v 0.07743454 0.02277488 0.12270039
v 0.06998420 0.02277488 0.11387438
v 0.12298429 0.02277488 0.11990297
v 0.12298429 0.03128284 0.11387438
v 0.13209426 0.02277488 0.12006760
v 0.13209426 0.02990872 0.11387438
v 0.14120424 0.02277488 0.11944240
v 0.14120424 0.02908313 0.11387438
v 0.15031421 0.02277488 0.11842227
v 0.15031421 0.02813846 0.11387438
v 0.15942407 0.02277488 0.12077016
v 0.15942407 0.03085405 0.11387438
v 0.16853404 0.02277488 0.12248915
v 0.18675399 0.02277488 0.12185824
v 0.21408367 0.02277488 0.12251121
v 0.24141359 0.02277488 0.12282252
v 0.25052357 0.02277488 0.12217838
v 0.25963354 0.02277488 0.12097585
v 0.26873338 0.02277488 0.11387438
v 0.02277488 0.01366490 0.11597908
v 0.02277488 0.01857382 0.11387438
v 0.01848024 0.01366490 0.11387438
v 0.03188485 0.01366490 0.11840814
v 0.03188485 0.02071667 0.11387438
v 0.04099482 0.01366490 0.11707109
v 0.04099482 0.01882958 0.11387438
v 0.04771960 0.01366490 0.11387438
v 0.06939232 0.01366490 0.11387438
v 0.12298429 0.01366490 0.12151885
v 0.13209426 0.01366490 0.12157112
v 0.14120424 0.01366490 0.12103260
v 0.15031421 0.01366490 0.12082279
v 0.15942407 0.01366490 0.12131155
v 0.16853404 0.01366490 0.12272859
v 0.18675399 0.01366490 0.12164474
v 0.21408367 0.01366490 0.12256032
v 0.25052357 0.01366490 0.12227660
v 0.25963354 0.01366490 0.12148046
v 0.26874340 0.01366490 0.11776459
v 0.26874340 0.02272773 0.11387438
v 0.27362907 0.01366490 0.11387438
v 0.02277488 0.00832826 0.11387438
v 0.03188485 0.00505131 0.11387438
v 0.04099482 0.00870651 0.11387438
v 0.07743454 0.00455499 0.12220711
v 0.07004136 0.00455499 0.11387438
v 0.12298429 0.00455499 0.11927712
v 0.13209426 0.00455499 0.11989242
v 0.14120424 0.00455499 0.11911154
v 0.15031421 0.00455499 0.11772931
v 0.15942407 0.00455499 0.12054986
v 0.16853404 0.00455499 0.12208742
v 0.18675399 0.00455499 0.11965626
v 0.21408367 0.00455499 0.12254047
v 0.24141359 0.00455499 0.12269479
v 0.25052357 0.00455499 0.12206089
v 0.25963354 0.00455499 0.12066239
v 0.26874340 0.00496918 0.11387438
v 0.26863348 0.00455499 0.11387438
v 0.07743454 -0.00455493 0.11811757
v 0.07332110 -0.00455493 0.11387438
v 0.11387432 -0.00455493 0.11922103
v 0.12298429 -0.00327629 0.11387438
v 0.12155730 -0.00455493 0.11387438
v 0.13209426 -0.00233531 0.11387438
v 0.14120424 -0.00152510 0.11387438
v 0.15031421 -0.00013834 0.11387438
v 0.15942407 -0.00440997 0.11387438
v 0.16853404 -0.00455493 0.11895508
v 0.15973139 -0.00455493 0.11387438
v 0.17764401 -0.00455493 0.11828631
v 0.18675399 -0.00455493 0.11812782
v 0.19586384 -0.00455493 0.12102830
v 0.20497382 -0.00455493 0.11590099
v 0.21408367 -0.00455493 0.11703134
v 0.22319365 -0.00455493 0.12120491
v 0.23230362 -0.00455493 0.12220341
v 0.24141359 -0.00455493 0.12066334
v 0.25052357 -0.00455493 0.11886221
v 0.25963354 -0.00455493 0.11457616
v 0.26061416 -0.00455493 0.11387438
v 0.07743454 -0.01049429 0.11387438
v 0.08654451 -0.01366490 0.12229109
v 0.07906348 -0.01366490 0.11387438
v 0.10476446 -0.01366490 0.11534727
v 0.11387432 -0.01366490 0.11664009
v 0.12298429 -0.01366490 0.11704785
v 0.12298429 -0.00680810 0.11387438
v 0.13015640 -0.01366490 0.11387438
v 0.16853404 -0.01022619 0.11387438
v 0.17764401 -0.00932550 0.11387438
v 0.18675399 -0.01366490 0.11949199
v 0.18065774 -0.01366490 0.11387438
v 0.19586384 -0.01366490 0.12179291
v 0.20497382 -0.01366490 0.12245852
v 0.22319365 -0.01366490 0.12291086
v 0.23230362 -0.01366490 0.12259436
v 0.24141359 -0.01366490 0.12054449
v 0.25052357 -0.01326060 0.11387438
v 0.25033569 -0.01366490 0.11387438
v 0.25963354 -0.00552368 0.11387438
v 0.08654451 -0.02277488 0.12123865
v 0.08015770 -0.02277488 0.11387438
v 0.10476446 -0.02277488 0.11832303
v 0.11387432 -0.02006578 0.11387438
v 0.11232847 -0.02277488 0.11387438
v 0.12298429 -0.02277488 0.11444175
v 0.12030464 -0.02277488 0.11387438
v 0.12372798 -0.02277488 0.11387438
v 0.18675399 -0.02277488 0.11549360
v 0.18508840 -0.02277488 0.11387438
v 0.19586384 -0.02176958 0.11387438
v 0.18891430 -0.02277488 0.11387438
v 0.20497382 -0.02228045 0.11387438
v 0.21408367 -0.02277488 0.11695307
v 0.21030700 -0.02277488 0.11387438
v 0.22319365 -0.02277488 0.12010187
v 0.23230362 -0.02277488 0.11805481
v 0.24141359 -0.02277488 0.11465758
v 0.24291646 -0.02277488 0.11387438
v 0.08654451 -0.03188485 0.12052363
v 0.07966262 -0.03188485 0.11387438
v 0.09565449 -0.03188485 0.12252146
v 0.10476446 -0.03188485 0.12019908
v 0.11289763 -0.03188485 0.11387438
v 0.12298429 -0.02361411 0.11387438
v 0.18675399 -0.02479714 0.11387438
v 0.21408367 -0.02613854 0.11387438
v 0.22319365 -0.02945203 0.11387438
v 0.23230362 -0.03054661 0.11387438
v 0.24141359 -0.02408415 0.11387438
v 0.08654451 -0.04099482 0.12082076
v 0.07905549 -0.04099482 0.11387438
v 0.09565449 -0.04099482 0.12029678
v 0.10476446 -0.04099482 0.11987966
v 0.11256599 -0.04099482 0.11387438
v 0.08654451 -0.05010474 0.11808997
v 0.08223766 -0.05010474 0.11387438
v 0.09565449 -0.05010474 0.11497831
v 0.10476446 -0.04948872 0.11387438
v 0.10023952 -0.05010474 0.11387438
v 0.08654451 -0.05474424 0.11387438
v 0.09565449 -0.05131996 0.11387438
v 0.08654451 0.07743454 0.11051542
v 0.08654451 0.08365446 0.10476440
v 0.08074731 0.07743454 0.10476440
v 0.09565449 0.07743454 0.10822463
v 0.09565449 0.08105820 0.10476440
v 0.10476446 0.07743454 0.10911143
v 0.10476446 0.08199769 0.10476440
v 0.11312646 0.07743454 0.10476440
v 0.19586384 0.07743454 0.11156529
v 0.19586384 0.08424634 0.10476440
v 0.18912160 0.07743454 0.10476440
v 0.20497382 0.07743454 0.11318147
v 0.20497382 0.08584166 0.10476440
v 0.21342337 0.07743454 0.10476440
v 0.22319365 0.07743454 0.10978222
v 0.22319365 0.08241022 0.10476440
v 0.21791077 0.07743454 0.10476440
v 0.23230362 0.07743454 0.11039525
v 0.23230362 0.08304852 0.10476440
v 0.24141359 0.07743454 0.11143804
v 0.24141359 0.08412272 0.10476440
v 0.25052357 0.07743454 0.10900724
v 0.25052357 0.08172035 0.10476440
v 0.25793171 0.07743454 0.10476440
v 0.26874340 0.07743454 0.10488749
v 0.26874340 0.07755810 0.10476440
v 0.26816046 0.07743454 0.10476440
v 0.26907098 0.07743454 0.10476440
v 0.02277488 0.06832457 0.10711110
v 0.02277488 0.07072383 0.10476440
v 0.01856321 0.06832457 0.10476440
v 0.03188485 0.06832457 0.10910124
v 0.03188485 0.07270515 0.10476440
v 0.04099482 0.06832457 0.11005890
v 0.04099482 0.07363898 0.10476440
v 0.04706103 0.06832457 0.10476440
v 0.06832457 0.06832457 0.10524106
v 0.06832457 0.06880480 0.10476440
v 0.06767327 0.06832457 0.10476440
v 0.06915200 0.06832457 0.10476440
v 0.08654451 0.06832457 0.11355418
v 0.07821083 0.06832457 0.10476440
v 0.10476446 0.06832457 0.11319578
v 0.11387432 0.06832457 0.11022246
v 0.11387432 0.07694298 0.10476440
v 0.12148613 0.06832457 0.10476440
v 0.13209426 0.06832457 0.10503137
v 0.13209426 0.06864148 0.10476440
v 0.13120282 0.06832457 0.10476440
v 0.13950038 0.06832457 0.10476440
v 0.15942407 0.06832457 0.10747194
v 0.15942407 0.07113695 0.10476440
v 0.15405226 0.06832457 0.10476440
v 0.16853404 0.06832457 0.11058623
v 0.16853404 0.07448763 0.10476440
v 0.17764401 0.06832457 0.11186677
v 0.17764401 0.07586503 0.10476440
v 0.18547904 0.06832457 0.10476440
v 0.18700480 0.06832457 0.10476440
v 0.21408367 0.06832457 0.11070549
v 0.21408367 0.07407469 0.10476440
v 0.23230362 0.06832457 0.11385012
v 0.24141359 0.06832457 0.11381686
v 0.25052357 0.06832457 0.11293149
v 0.25963354 0.06832457 0.11177075
v 0.25963354 0.07691091 0.10476440
v 0.26874340 0.06832457 0.11222339
v 0.27785337 0.06832457 0.11034018
v 0.27785337 0.07570404 0.10476440
v 0.28696334 0.06832457 0.10690808
v 0.28696334 0.07047081 0.10476440
v 0.28927684 0.06832457 0.10476440
v -0.00455499 0.05921465 0.10662419
v -0.00455499 0.06139672 0.10476440
v -0.00664824 0.05921465 0.10476440
v 0.00455493 0.05921465 0.10876447
v 0.00455493 0.06570774 0.10476440
v 0.01366490 0.05921465 0.10599411
v 0.01366490 0.06174350 0.10476440
v 0.02277488 0.05921465 0.10859758
v 0.03188485 0.05921465 0.11075330
v 0.04099482 0.05921465 0.11137271
v 0.04954588 0.05921465 0.10476440
v 0.05921459 0.05921465 0.10973746
v 0.05921459 0.06483167 0.10476440
v 0.05131882 0.05921465 0.10476440
v 0.06832457 0.05921465 0.11026609
v 0.07743454 0.05921465 0.10667825
v 0.07743454 0.06142539 0.10476440
v 0.11387432 0.05921465 0.11193395
v 0.12298429 0.05921465 0.10812318
v 0.12298429 0.06473988 0.10476440
v 0.13209426 0.05921465 0.10666519
v 0.14120424 0.05921465 0.10866702
v 0.14120424 0.06823999 0.10476440
v 0.15031421 0.05921465 0.10918361
v 0.15031421 0.06614476 0.10476440
v 0.15942407 0.05921465 0.11135864
v 0.16853404 0.05921465 0.11275977
v 0.18675399 0.05921465 0.10976589
v 0.18675399 0.06499314 0.10476440
v 0.21408367 0.05921465 0.11286509
v 0.25052357 0.05921465 0.11376637
v 0.25963354 0.05921465 0.11287737
v 0.26874340 0.05921465 0.11288202
v 0.27785337 0.05921465 0.11214572
v 0.28696334 0.05921465 0.10555750
v 0.28810596 0.05921465 0.10476440
v -0.00455499 0.05584431 0.10476440
v 0.00455493 0.05010468 0.10681736
v 0.00101554 0.05010468 0.10476440
v 0.01366490 0.05010468 0.10897952
v 0.02277488 0.05082560 0.10476440
v 0.02211797 0.05010468 0.10476440
v 0.03188485 0.05159724 0.10476440
v 0.04099482 0.05010468 0.10799438
v 0.03563529 0.05010468 0.10476440
v 0.04579407 0.05010468 0.10476440
v 0.05921459 0.05010468 0.11044431
v 0.05256045 0.05010468 0.10476440
v 0.06832457 0.05010468 0.11022377
v 0.07743454 0.05010468 0.11135769
v 0.10476446 0.05010468 0.11367840
v 0.11387432 0.05010468 0.11206293
v 0.12298429 0.05010468 0.11279398
v 0.13209426 0.05010468 0.10559946
v 0.14120424 0.05288613 0.10476440
v 0.13375592 0.05010468 0.10476440
v 0.15031421 0.05059892 0.10476440
v 0.15942407 0.05010468 0.10950559
v 0.15078461 0.05010468 0.10476440
v 0.16853404 0.05010468 0.11256790
v 0.18675399 0.05010468 0.10926104
v 0.25052357 0.05010468 0.11342651
v 0.25963354 0.05010468 0.11268163
v 0.26874340 0.05010468 0.10832351
v 0.27785337 0.05054742 0.10476440
v 0.27544999 0.05010468 0.10476440
v 0.28696334 0.05815512 0.10476440
v -0.00455499 0.04099476 0.10751814
v -0.00455499 0.04536462 0.10476440
v -0.01212376 0.04099476 0.10476440
v 0.00455493 0.04099476 0.10919684
v 0.01366490 0.04099476 0.11161953
v 0.02277488 0.04099476 0.10958356
v 0.02277488 0.04954511 0.10476440
v 0.02861404 0.04099476 0.10476440
v 0.04099482 0.04576254 0.10476440
v 0.05921459 0.04099476 0.10740924
v 0.05624813 0.04099476 0.10476440
v 0.06832457 0.04099476 0.10994095
v 0.09565449 0.04099476 0.11264509
v 0.10476446 0.04099476 0.11019355
v 0.11387432 0.04099476 0.11361980
v 0.13209426 0.04099476 0.11045378
v 0.13707435 0.04099476 0.10476440
v 0.15942407 0.04434401 0.10476440
v 0.16853404 0.04099476 0.10878712
v 0.16412711 0.04099476 0.10476440
v 0.18675399 0.04099476 0.11000425
v 0.25052357 0.04099476 0.11378747
v 0.25963354 0.04099476 0.11253542
v 0.26874340 0.04099476 0.11204875
v 0.27785337 0.04099476 0.11080974
v 0.27785337 0.04911762 0.10476440
v 0.28696334 0.04099476 0.10529232
v 0.28696334 0.04164010 0.10476440
v 0.28752840 0.04099476 0.10476440
v -0.00455499 0.03188485 0.10575837
v -0.01065493 0.03188485 0.10476440
v 0.00455493 0.03188485 0.10784304
v 0.01366490 0.03188485 0.10847473
v 0.02277488 0.03268409 0.10476440
v 0.02140349 0.03188485 0.10476440
v 0.03188485 0.03188485 0.10667437
v 0.03188485 0.03479534 0.10476440
v 0.02521437 0.03188485 0.10476440
v 0.04099482 0.03188485 0.11102152
v 0.04099482 0.03890085 0.10476440
v 0.05010474 0.03188485 0.10929000
v 0.05010474 0.03690791 0.10476440
v 0.05921459 0.03188485 0.10897082
v 0.06832457 0.03188485 0.10860872
v 0.12298429 0.03188485 0.11331666
v 0.13209426 0.03188485 0.11074102
v 0.14120424 0.03188485 0.10890186
v 0.14120424 0.03639036 0.10476440
v 0.15031421 0.03188485 0.11023349
v 0.15031421 0.03702420 0.10476440
v 0.15942407 0.03188485 0.11285728
v 0.15942407 0.03949070 0.10476440
v 0.26874340 0.03188485 0.11066079
v 0.27785337 0.03188485 0.10559762
v 0.28696334 0.04018426 0.10476440
v 0.27917671 0.03188485 0.10476440
v -0.02277488 0.02277488 0.10970253
v -0.02277488 0.03062695 0.10476440
v -0.02976418 0.02277488 0.10476440
v -0.01366490 0.02277488 0.11149615
v -0.01366490 0.03168201 0.10476440
v -0.00455499 0.02277488 0.11204040
v 0.00455493 0.02277488 0.11230159
v 0.01366490 0.02277488 0.11189455
v 0.02277488 0.02277488 0.11324304
v 0.02277488 0.03165084 0.10476440
v 0.03188485 0.02277488 0.11343771
v 0.04099482 0.02277488 0.11334080
v 0.05010474 0.02277488 0.11285704
v 0.05921459 0.02277488 0.11135375
v 0.06832457 0.02277488 0.10996145
v 0.26874340 0.02277488 0.11387247
v 0.27785337 0.02277488 0.11263597
v 0.28696334 0.02277488 0.10996217
v 0.28696334 0.02916366 0.10476440
v 0.29607332 0.02277488 0.10537732
v 0.29607332 0.02344590 0.10476440
v 0.29673517 0.02277488 0.10476440
v -0.02277488 0.01366490 0.11055535
v -0.03074342 0.01366490 0.10476440
v -0.01366490 0.01366490 0.11197716
v -0.00455499 0.01366490 0.11246467
v 0.00455493 0.01366490 0.11301517
v 0.01366490 0.01366490 0.11317068
v 0.05010474 0.01366490 0.11361718
v 0.05921459 0.01366490 0.11282837
v 0.06832457 0.01366490 0.11181539
v 0.27785337 0.01366490 0.11334872
v 0.28696334 0.01366490 0.11187166
v 0.29607332 0.01366490 0.10855603
v 0.30068278 0.01366490 0.10476440
v -0.02277488 0.00455499 0.10822409
v -0.02684581 0.00455499 0.10476440
v -0.01366490 0.00455499 0.11095899
v -0.00455499 0.00455499 0.11140567
v 0.00455493 0.00455499 0.11187762
v 0.01366490 0.00455499 0.11189771
v 0.02277488 0.00455499 0.11335230
v 0.03188485 0.00455499 0.11378872
v 0.04099482 0.00455499 0.11337095
v 0.05010474 0.00455499 0.11193866
v 0.05921459 0.00455499 0.11113220
v 0.06832457 0.00455499 0.11051112
v 0.26874340 0.00455499 0.11385322
v 0.27785337 0.00455499 0.11255252
v 0.28696334 0.00455499 0.11000764
v 0.29607332 0.00456011 0.10476440
v 0.29607046 0.00455499 0.10476440
v -0.02277488 -0.00028604 0.10476440
v -0.01366490 -0.00413853 0.10476440
v -0.00455499 -0.00455493 0.10577488
v -0.00953889 -0.00455493 0.10476440
v 0.00455493 -0.00455493 0.10762292
v 0.01366490 -0.00455493 0.11018819
v 0.02277488 -0.00455493 0.10725868
v 0.03188485 -0.00455493 0.10675198
v 0.04099482 -0.00455493 0.10964257
v 0.05010474 -0.00455493 0.10747045
v 0.05921459 -0.00455493 0.11203647
v 0.06832457 -0.00455493 0.11122787
v 0.12298429 -0.00455493 0.11291909
v 0.13209426 -0.00455493 0.11046213
v 0.14120424 -0.00455493 0.11041677
v 0.15031421 -0.00455493 0.11187500
v 0.15942407 -0.00455493 0.11380005
v 0.26874340 -0.00455493 0.11164623
v 0.27785337 -0.00455493 0.10798472
v 0.28696334 -0.00331414 0.10476440
v 0.28428292 -0.00455493 0.10476440
v -0.01366490 -0.01366490 0.10545689
v -0.01366490 -0.00955397 0.10476440
v -0.01500905 -0.01366490 0.10476440
v -0.00455499 -0.01366490 0.10934228
v 0.00455493 -0.01366490 0.11109889
v 0.01366490 -0.01366490 0.11231202
v 0.02277488 -0.01366490 0.11139768
v 0.03188485 -0.01134694 0.10476440
v 0.03140908 -0.01366490 0.10476440
v 0.04099482 -0.00974470 0.10476440
v 0.05010474 -0.00773633 0.10476440
v 0.05921459 -0.01366490 0.11240578
v 0.05352187 -0.01366490 0.10476440
v 0.06832457 -0.01366490 0.11076134
v 0.07743454 -0.01366490 0.11125559
v 0.13209426 -0.01366490 0.11305404
v 0.14120424 -0.01092470 0.10476440
v 0.13887978 -0.01366490 0.10476440
v 0.15031421 -0.01230407 0.10476440
v 0.15942407 -0.01345396 0.10476440
v 0.16853404 -0.01366490 0.10918111
v 0.16078961 -0.01366490 0.10476440
v 0.17764401 -0.01366490 0.10599732
v 0.25052357 -0.01366490 0.11383277
v 0.25963354 -0.01366490 0.11264515
v 0.26874340 -0.01366490 0.11157268
v 0.27785337 -0.01366490 0.10963213
v 0.28623664 -0.01366490 0.10476440
v -0.01366490 -0.02277488 0.10553366
v -0.01479644 -0.02277488 0.10476440
v -0.00455499 -0.02277488 0.10522097
v 0.00455493 -0.02277488 0.10659331
v 0.01366490 -0.02277488 0.11043561
v 0.02277488 -0.02200198 0.10476440
v 0.02163416 -0.02277488 0.10476440
v 0.04099482 -0.02277488 0.10793638
v 0.04099482 -0.01914608 0.10476440
v 0.03491342 -0.02277488 0.10476440
v 0.04957169 -0.02277488 0.10476440
v 0.05921459 -0.02277488 0.11385256
v 0.05024165 -0.02277488 0.10476440
v 0.06832457 -0.02277488 0.11195755
v 0.07743454 -0.02277488 0.10541010
v 0.11387432 -0.02277488 0.11306405
v 0.13209426 -0.02277488 0.10505170
v 0.14120424 -0.02277488 0.10546589
v 0.14120424 -0.02142763 0.10476440
v 0.15031421 -0.02277488 0.10918379
v 0.15031421 -0.01654738 0.10476440
v 0.15942407 -0.02277488 0.11161196
v 0.15942407 -0.01408190 0.10476440
v 0.16853404 -0.02277488 0.11173683
v 0.17764401 -0.01606792 0.10476440
v 0.17639017 -0.02277488 0.10476440
v 0.17811155 -0.02277488 0.10476440
v 0.19586384 -0.02277488 0.11270022
v 0.20497382 -0.02277488 0.11200207
v 0.25052357 -0.02277488 0.11280608
v 0.25963354 -0.02277488 0.11097383
v 0.26874340 -0.02277488 0.10763407
v 0.27785337 -0.02156943 0.10476440
v 0.27539062 -0.02277488 0.10476440
v -0.01366490 -0.03188485 0.10786384
v -0.01903045 -0.03188485 0.10476440
v -0.00455499 -0.03188485 0.10865176
v 0.00455493 -0.03188485 0.10875362
v 0.01366490 -0.03188485 0.10812926
v 0.02277488 -0.03188485 0.10929185
v 0.02277488 -0.02393252 0.10476440
v 0.03188485 -0.03188485 0.11155373
v 0.03188485 -0.02354878 0.10476440
v 0.04099482 -0.03188485 0.11212844
v 0.05010474 -0.03188485 0.10767758
v 0.05010474 -0.02336621 0.10476440
v 0.05921459 -0.03188485 0.11144471
v 0.06832457 -0.03188485 0.11247456
v 0.07743454 -0.03188485 0.10757178
v 0.11387432 -0.03188485 0.11323148
v 0.12298429 -0.03188485 0.10827923
v 0.13209426 -0.03188485 0.10759306
v 0.14120424 -0.03188485 0.11056030
v 0.15031421 -0.03188485 0.10914743
v 0.15942407 -0.03188485 0.11182183
v 0.16853404 -0.03188485 0.11023986
v 0.17432463 -0.03188485 0.10476440
v 0.18675399 -0.03188485 0.11190820
v 0.17953825 -0.03188485 0.10476440
v 0.19586384 -0.03188485 0.11135727
v 0.20497382 -0.03188485 0.10731709
v 0.21408367 -0.03188485 0.11084813
v 0.22319365 -0.03188485 0.11253422
v 0.23230362 -0.03188485 0.11374432
v 0.24141359 -0.03188485 0.11320311
v 0.25052357 -0.03188485 0.11286473
v 0.25963354 -0.03188485 0.11186349
v 0.26874340 -0.03188485 0.10935545
v 0.27728629 -0.03188485 0.10476440
v -0.01366490 -0.04099482 0.10836399
v -0.01857704 -0.04099482 0.10476440
v -0.00455499 -0.04099482 0.10822505
v 0.00455493 -0.04099482 0.11060995
v 0.01366490 -0.04099482 0.11068422
v 0.02277488 -0.04099482 0.11120057
v 0.03188485 -0.04099482 0.11202258
v 0.04099482 -0.04099482 0.11227113
v 0.05010474 -0.04099482 0.11024994
v 0.05921459 -0.04099482 0.10843301
v 0.06832457 -0.04099482 0.11130959
v 0.07743454 -0.04099482 0.10782331
v 0.11387432 -0.04099482 0.11319470
v 0.12298429 -0.04099482 0.10637289
v 0.13209426 -0.04099482 0.10977501
v 0.14120424 -0.04099482 0.10957634
v 0.15031421 -0.04099482 0.10718274
v 0.15942407 -0.04099482 0.11064494
v 0.16853404 -0.04099482 0.10639375
v 0.17029130 -0.04099482 0.10476440
v 0.18675399 -0.04099482 0.10554910
v 0.18589354 -0.04099482 0.10476440
v 0.19586384 -0.04099482 0.11016983
v 0.20497382 -0.04099482 0.11183727
v 0.21408367 -0.04099482 0.11253715
v 0.22319365 -0.04099482 0.11286986
v 0.23230362 -0.04099482 0.11301476
v 0.24141359 -0.04099482 0.11283016
v 0.25052357 -0.04099482 0.11259162
v 0.25963354 -0.04099482 0.11190724
v 0.26874340 -0.04099482 0.10915208
v 0.27523708 -0.04099482 0.10476440
v -0.01366490 -0.04737341 0.10476440
v -0.00455499 -0.04908776 0.10476440
v 0.00455493 -0.05010474 0.10977846
v -0.00402236 -0.05010474 0.10476440
v 0.01366490 -0.05010474 0.10969645
v 0.02277488 -0.05010474 0.11016005
v 0.03188485 -0.05010474 0.11003381
v 0.04099482 -0.05010474 0.10920680
v 0.05010474 -0.04879427 0.10476440
v 0.04817456 -0.05010474 0.10476440
v 0.05921459 -0.04472637 0.10476440
v 0.06832457 -0.04951197 0.10476440
v 0.07743454 -0.04437935 0.10476440
v 0.07824379 -0.05010474 0.10476440
v 0.10476446 -0.05010474 0.11354619
v 0.11387432 -0.05010474 0.11091667
v 0.12298429 -0.04505742 0.10476440
v 0.12181979 -0.05010474 0.10476440
v 0.13209426 -0.04911214 0.10476440
v 0.14120424 -0.04670900 0.10476440
v 0.15031421 -0.04365337 0.10476440
v 0.15942407 -0.04841155 0.10476440
v 0.16853404 -0.04312038 0.10476440
v 0.18675399 -0.04202074 0.10476440
v 0.19586384 -0.05010474 0.10613197
v 0.19410431 -0.05010474 0.10476440
v 0.20497382 -0.05010474 0.10855186
v 0.21408367 -0.04923296 0.10476440
v 0.21046019 -0.05010474 0.10476440
v 0.22319365 -0.04912883 0.10476440
v 0.23230362 -0.04979116 0.10476440
v 0.24141359 -0.04976290 0.10476440
v 0.25052357 -0.04934806 0.10476440
v 0.25963354 -0.04850936 0.10476440
v 0.26874340 -0.04548740 0.10476440
v 0.00455493 -0.05647838 0.10476440
v 0.01366490 -0.05671370 0.10476440
v 0.02277488 -0.05669028 0.10476440
v 0.03188485 -0.05576938 0.10476440
v 0.04099482 -0.05465490 0.10476440
v 0.08654451 -0.05921459 0.11078000
v 0.08083302 -0.05921459 0.10476440
v 0.09565449 -0.05921459 0.11061794
v 0.10476446 -0.05921459 0.10881931
v 0.11387432 -0.05790442 0.10476440
v 0.11141759 -0.05921459 0.10476440
v 0.19586384 -0.05148900 0.10476440
v 0.20497382 -0.05396879 0.10476440
v 0.08654451 -0.06669039 0.10476440
v 0.09565449 -0.06649441 0.10476440
v 0.10476446 -0.06368440 0.10476440
v 0.08654451 0.08654451 0.09815639
v 0.08654451 0.08901370 0.09565443
v 0.08409202 0.08654451 0.09565443
v 0.09565449 0.08654451 0.10106152
v 0.09565449 0.09273958 0.09565443
v 0.10476446 0.08654451 0.10025907
v 0.10476446 0.09133297 0.09565443
v 0.11387432 0.08654451 0.09585905
v 0.11387432 0.08675897 0.09565443
v 0.11413276 0.08654451 0.09565443
v 0.19586384 0.08654451 0.09980273
v 0.19586384 0.09067971 0.09565443
v 0.19181371 0.08654451 0.09565443
v 0.20497382 0.08654451 0.10345447
v 0.20497382 0.09432703 0.09565443
v 0.21282113 0.08654451 0.09565443
v -0.01366490 0.07743454 0.10051203
v -0.01366490 0.08244109 0.09565443
v -0.01911443 0.07743454 0.09565443
v -0.00455499 0.07743454 0.10117197
v -0.00455499 0.08337748 0.09565443
v 0.00455493 0.07743454 0.10135263
v 0.00455493 0.08380491 0.09565443
v 0.01366490 0.07743454 0.10072851
v 0.01366490 0.08301312 0.09565443
v 0.02277488 0.07743454 0.10197437
v 0.02277488 0.08416396 0.09565443
v 0.03188485 0.07743454 0.10261875
v 0.03188485 0.08451742 0.09565443
v 0.04099482 0.07743454 0.10273588
v 0.04099482 0.08452636 0.09565443
v 0.05010474 0.07743454 0.10154468
v 0.05010474 0.08336967 0.09565443
v 0.05637050 0.07743454 0.09565443
v 0.07781351 0.07743454 0.09565443
v 0.11387432 0.07743454 0.10447639
v 0.12298429 0.07743454 0.09846830
v 0.12298429 0.08054477 0.09565443
v 0.13209426 0.07743454 0.10124665
v 0.13209426 0.08387488 0.09565443
v 0.14120424 0.07743454 0.10178339
v 0.14120424 0.08384013 0.09565443
v 0.15031421 0.07743454 0.10096508
v 0.15031421 0.08277798 0.09565443
v 0.15942407 0.07743454 0.10204357
v 0.15942407 0.08382583 0.09565443
v 0.16853404 0.07743454 0.10248315
v 0.16853404 0.08406860 0.09565443
v 0.17764401 0.07743454 0.10237604
v 0.17764401 0.08339548 0.09565443
v 0.18412006 0.07743454 0.09565443
v 0.18701530 0.07743454 0.09565443
v 0.21408367 0.07743454 0.10048246
v 0.21408367 0.08220720 0.09565443
v 0.22319365 0.08525640 0.09565443
v 0.23230362 0.08573341 0.09565443
v 0.24141359 0.08609927 0.09565443
v 0.25052357 0.08621347 0.09565443
v 0.25963354 0.07743454 0.10465270
v 0.25963354 0.08624351 0.09565443
v 0.26874340 0.08619303 0.09565443
v 0.27785337 0.07743454 0.10455275
v 0.27785337 0.08617455 0.09565443
v 0.28696334 0.07743454 0.10227370
v 0.28696334 0.08551836 0.09565443
v 0.29607332 0.07743454 0.10337710
v 0.29607332 0.08519930 0.09565443
v 0.30448234 0.07743454 0.09565443
v -0.01366490 0.06832457 0.10212439
v -0.02139127 0.06832457 0.09565443
v -0.00455499 0.06832457 0.10330981
v 0.00455493 0.06832457 0.10415030
v 0.01366490 0.06832457 0.10401666
v 0.05010474 0.06832457 0.10390347
v 0.05921459 0.06832457 0.09727818
v 0.05921459 0.06972224 0.09565443
v 0.06832457 0.07596612 0.09565443
v 0.07743454 0.06832457 0.10110283
v 0.07743454 0.07573390 0.09565443
v 0.12298429 0.06832457 0.10360271
v 0.14120424 0.06832457 0.10475433
v 0.15031421 0.06832457 0.10433364
v 0.18675399 0.06832457 0.10254830
v 0.18675399 0.07451910 0.09565443
v 0.29607332 0.06832457 0.10434294
v 0.30518329 0.06832457 0.10108453
v 0.30518329 0.07523215 0.09565443
v 0.31429327 0.06832457 0.10078669
v 0.31429327 0.07384372 0.09565443
v 0.32048893 0.06832457 0.09565443
v -0.03188485 0.05921465 0.09887546
v -0.03188485 0.06253046 0.09565443
v -0.03591377 0.05921465 0.09565443
v -0.02277488 0.05921465 0.09776390
v -0.02277488 0.06293136 0.09565443
v -0.01366490 0.05921465 0.10028207
v 0.05010474 0.05921465 0.10459095
v 0.29607332 0.05921465 0.10447770
v 0.30518329 0.05921465 0.10215253
v 0.31429327 0.05921465 0.10379535
v 0.32294440 0.05921465 0.09565443
v -0.03188485 0.05010468 0.09668839
v -0.03355426 0.05010468 0.09565443
v -0.02277488 0.05010468 0.10226303
v -0.01366490 0.05010468 0.10471988
v -0.00455499 0.05010468 0.10301948
v 0.02277488 0.05010468 0.10427201
v 0.03188485 0.05010468 0.10328937
v 0.05010474 0.05010468 0.10378963
v 0.14120424 0.05010468 0.10346895
v 0.15031421 0.05010468 0.10466719
v 0.27785337 0.05010468 0.10444665
v 0.28696334 0.05010468 0.10151970
v 0.29607332 0.05010468 0.09727478
v 0.30518329 0.05010468 0.09807104
v 0.31429327 0.05010468 0.10412598
v 0.32279730 0.05010468 0.09565443
v -0.03188485 0.04099476 0.09699184
v -0.03836113 0.04099476 0.09565443
v -0.02277488 0.04099476 0.10015702
v -0.01366490 0.04099476 0.10443234
v 0.03188485 0.04099476 0.09583300
v 0.04099482 0.04108334 0.09565443
v 0.03301924 0.04099476 0.09565443
v 0.05010474 0.04099476 0.09640491
v 0.04637754 0.04099476 0.09565443
v 0.14120424 0.04161704 0.09565443
v 0.14053667 0.04099476 0.09565443
v 0.15031421 0.04146749 0.09565443
v 0.15942407 0.04099476 0.10010314
v 0.15334237 0.04099476 0.09565443
v 0.29607332 0.04099476 0.10433078
v 0.30518329 0.04099476 0.10363603
v 0.31429327 0.04099476 0.10318214
v 0.32183564 0.04099476 0.09565443
v -0.04099476 0.03188485 0.09622800
v -0.04099476 0.03659701 0.09565443
v -0.04160190 0.03188485 0.09565443
v -0.03188485 0.03188485 0.10108227
v -0.02277488 0.03188485 0.10395193
v -0.01366490 0.03188485 0.10457939
v 0.02277488 0.03188485 0.10414666
v 0.04099482 0.04093319 0.09565443
v 0.14120424 0.04060382 0.09565443
v 0.15031421 0.04067367 0.09565443
v 0.28696334 0.03188485 0.10353732
v 0.29607332 0.03202182 0.09565443
v 0.29547548 0.03188485 0.09565443
v 0.30518329 0.03281790 0.09565443
v 0.31429327 0.03264230 0.09565443
v -0.04099476 0.02277488 0.09837562
v -0.04389566 0.02277488 0.09565443
v -0.03188485 0.02277488 0.10357183
v 0.29607332 0.03174394 0.09565443
v 0.30518329 0.02277488 0.10305291
v 0.30518329 0.03044659 0.09565443
v 0.31372571 0.02277488 0.09565443
v 0.32340312 0.02277488 0.09670186
v 0.32340312 0.02425063 0.09565443
v 0.32041156 0.02277488 0.09565443
v 0.33251309 0.02277488 0.09850675
v 0.33251309 0.02907127 0.09565443
v 0.33602607 0.02277488 0.09565443
v -0.04099476 0.01366490 0.09997231
v -0.04548389 0.01366490 0.09565443
v -0.03188485 0.01366490 0.10410619
v 0.30518329 0.01366490 0.10392684
v 0.31429327 0.01366490 0.09991789
v 0.31429327 0.02062833 0.09565443
v 0.32340312 0.01366490 0.09771228
v 0.33251309 0.01459289 0.09565443
v 0.33114350 0.01366490 0.09565443
v -0.04099476 0.00749558 0.09565443
v -0.03188485 0.00455499 0.10093528
v -0.03835678 0.00455499 0.09565443
v 0.29607332 0.00455499 0.10476416
v 0.30518329 0.00455499 0.10265255
v 0.31429327 0.00530422 0.09565443
v 0.31406760 0.00455499 0.09565443
v 0.32340312 0.01137888 0.09565443
v -0.03188485 -0.00317556 0.09565443
v -0.02277488 -0.00455493 0.10017651
v -0.02952063 -0.00455493 0.09565443
v -0.01366490 -0.00455493 0.10433638
v 0.28696334 -0.00455493 0.10424018
v 0.29607332 -0.00455493 0.10097748
v 0.30518329 -0.00358784 0.09565443
v 0.30292451 -0.00455493 0.09565443
v -0.03188485 -0.01366490 0.09958792
v -0.03188485 -0.00648773 0.09565443
v -0.03760022 -0.01366490 0.09565443
v -0.02277488 -0.01366490 0.10260689
v 0.03188485 -0.01366490 0.10419601
v 0.04099482 -0.01356626 0.09565443
v 0.04031640 -0.01366490 0.09565443
v 0.05010474 -0.01366490 0.09844738
v 0.04321671 -0.01366490 0.09565443
v 0.14120424 -0.01366490 0.09846723
v 0.15031421 -0.01366490 0.10247004
v 0.15942407 -0.01366490 0.10433841
v 0.28696334 -0.01366490 0.10465455
v 0.29607332 -0.01366490 0.10289735
v 0.30518329 -0.01366490 0.09988666
v 0.30518329 -0.00735867 0.09565443
v 0.31094921 -0.01366490 0.09565443
v -0.03188485 -0.02185941 0.09565443
v -0.02277488 -0.02277488 0.10166693
v -0.03135592 -0.02277488 0.09565443
v 0.02277488 -0.02277488 0.10377771
v 0.03188485 -0.02277488 0.10395741
v 0.04099482 -0.01377237 0.09565443
v 0.05010474 -0.02277488 0.10471678
v 0.17764401 -0.02277488 0.10333830
v 0.27785337 -0.02277488 0.10443425
v 0.28696334 -0.02277488 0.10219014
v 0.29607332 -0.02277488 0.09792477
v 0.30518329 -0.01932490 0.09565443
v 0.29961979 -0.02277488 0.09565443
v -0.04099476 -0.03188485 0.09771341
v -0.04099476 -0.02935714 0.09565443
v -0.04307258 -0.03188485 0.09565443
v -0.03188485 -0.03188485 0.10113966
v -0.03188485 -0.02325577 0.09565443
v -0.02277488 -0.03188485 0.10370505
v 0.17764401 -0.03188485 0.10083145
v 0.27785337 -0.03188485 0.10472047
v 0.28696334 -0.03188485 0.10392314
v 0.29607332 -0.03188485 0.10293490
v 0.30518329 -0.03188485 0.10079801
v 0.30518329 -0.02528191 0.09565443
v 0.31284142 -0.03188485 0.09565443
v -0.04099476 -0.04099482 0.09907353
v -0.04451215 -0.04099482 0.09565443
v -0.03188485 -0.04099482 0.09992778
v -0.02277488 -0.04099482 0.10278004
v 0.17764401 -0.04074788 0.09565443
v 0.17756033 -0.04099482 0.09565443
v 0.17768550 -0.04099482 0.09565443
v 0.27785337 -0.04099482 0.10448074
v 0.28696334 -0.04099482 0.10348707
v 0.29607332 -0.04099482 0.10224408
v 0.30518329 -0.04099482 0.09980923
v 0.31189489 -0.04099482 0.09565443
v -0.04099476 -0.04515159 0.09565443
v -0.03188485 -0.04961050 0.09565443
v -0.02277488 -0.05010474 0.10155368
v -0.03160125 -0.05010474 0.09565443
v -0.01366490 -0.05010474 0.10371709
v -0.00455499 -0.05010474 0.10456443
v 0.05010474 -0.05010474 0.10442799
v 0.05921459 -0.05010474 0.09900659
v 0.06832457 -0.05010474 0.10405040
v 0.07743454 -0.05010474 0.10134661
v 0.12298429 -0.05010474 0.10348481
v 0.13209426 -0.05010474 0.10437894
v 0.14120424 -0.05010474 0.10337287
v 0.15031421 -0.05010474 0.10239470
v 0.15942407 -0.05010474 0.10415149
v 0.16853404 -0.05010474 0.10144413
v 0.17434251 -0.05010474 0.09565443
v 0.18675399 -0.05010474 0.10186321
v 0.18043876 -0.05010474 0.09565443
v 0.21408367 -0.05010474 0.10409981
v 0.22319365 -0.05010474 0.10220271
v 0.23230362 -0.05010474 0.10428751
v 0.24141359 -0.05010474 0.10431677
v 0.25052357 -0.05010474 0.10392523
v 0.25963354 -0.05010474 0.10346705
v 0.26874340 -0.05010474 0.10268712
v 0.27785337 -0.05010474 0.10145390
v 0.28696334 -0.05010474 0.09774381
v 0.29607332 -0.04957789 0.09565443
v 0.29291499 -0.05010474 0.09565443
v 0.30518329 -0.04684895 0.09565443
v -0.02277488 -0.05750972 0.09565443
v -0.01366490 -0.05921459 0.09709686
v -0.01681590 -0.05921459 0.09565443
v -0.00455499 -0.05921459 0.10233790
v 0.00455493 -0.05921459 0.10296637
v 0.01366490 -0.05921459 0.10011947
v 0.02277488 -0.05921459 0.10060197
v 0.03188485 -0.05921459 0.10198891
v 0.04099482 -0.05921459 0.10230178
v 0.05010474 -0.05921459 0.10175139
v 0.05921459 -0.05568665 0.09565443
v 0.05795097 -0.05921459 0.09565443
v 0.06832457 -0.05669969 0.09565443
v 0.07743454 -0.05846614 0.09565443
v 0.07767826 -0.05921459 0.09565443
v 0.11387432 -0.05921459 0.10340440
v 0.12298429 -0.05822033 0.09565443
v 0.12204629 -0.05921459 0.09565443
v 0.13209426 -0.05921459 0.09703118
v 0.12776852 -0.05921459 0.09565443
v 0.14120424 -0.05896455 0.09565443
v 0.13774812 -0.05921459 0.09565443
v 0.15031421 -0.05774629 0.09565443
v 0.15942407 -0.05911124 0.09565443
v 0.16853404 -0.05591035 0.09565443
v 0.18675399 -0.05588305 0.09565443
v 0.19586384 -0.05879658 0.09565443
v 0.20497382 -0.05920672 0.09565443
v 0.21408367 -0.05861109 0.09565443
v 0.22319365 -0.05580735 0.09565443
v 0.23230362 -0.05725622 0.09565443
v 0.24141359 -0.05763996 0.09565443
v 0.25052357 -0.05779779 0.09565443
v 0.25963354 -0.05768609 0.09565443
v 0.26874340 -0.05709058 0.09565443
v 0.27785337 -0.05591595 0.09565443
v 0.28696334 -0.05223179 0.09565443
v -0.01366490 -0.06633133 0.09565443
v -0.00455499 -0.06832457 0.09730649
v -0.01192868 -0.06832457 0.09565443
v 0.00455493 -0.06669205 0.09565443
v -0.00164485 -0.06832457 0.09565443
v 0.01366490 -0.06235832 0.09565443
v 0.02277488 -0.06323701 0.09565443
v 0.03188485 -0.06565994 0.09565443
v 0.04099482 -0.06606489 0.09565443
v 0.05010474 -0.06567347 0.09565443
v 0.08654451 -0.06832457 0.10144132
v 0.08174926 -0.06832457 0.09565443
v 0.09565449 -0.06832457 0.10374653
v 0.10476446 -0.06832457 0.10114515
v 0.11387432 -0.06726205 0.09565443
v 0.11250824 -0.06832457 0.09565443
v 0.13209426 -0.06068224 0.09565443
v -0.00455499 -0.07020128 0.09565443
v 0.08654451 -0.07253653 0.09565443
v 0.09565449 -0.07731944 0.09565443
v 0.10476446 -0.07367367 0.09565443
v 0.27785337 0.11387438 0.09033817
v 0.27785337 0.11767393 0.08654451
v 0.26989031 0.11387438 0.08654451
v 0.28696334 0.11387438 0.08739620
v 0.28696334 0.11472261 0.08654451
v 0.28957224 0.11387438 0.08654451
v 0.23230362 0.10476440 0.08682555
v 0.23230362 0.10504448 0.08654451
v 0.23194218 0.10476440 0.08654451
v 0.24141359 0.10476440 0.08999258
v 0.24141359 0.10827577 0.08654451
v 0.25052357 0.10476440 0.09201121
v 0.25052357 0.11050838 0.08654451
v 0.25963354 0.10476440 0.09292883
v 0.25963354 0.11179936 0.08654451
v 0.26874340 0.10476440 0.09463978
v 0.26874340 0.11375493 0.08654451
v 0.27785337 0.10476440 0.09509987
v 0.28696334 0.10476440 0.09500021
v 0.29607332 0.10476440 0.09416533
v 0.29607332 0.11341774 0.08654451
v 0.30462503 0.10476440 0.08654451
v 0.09565449 0.09565443 0.09110451
v 0.09565449 0.09951460 0.08654451
v 0.09103090 0.09565443 0.08654451
v 0.10476446 0.09565443 0.08699757
v 0.10476446 0.09604698 0.08654451
v 0.10555804 0.09565443 0.08654451
v 0.22319365 0.09565443 0.09231299
v 0.22319365 0.10195416 0.08654451
v 0.21582854 0.09565443 0.08654451
v 0.23230362 0.09565443 0.09318030
v 0.24141359 0.09565443 0.09360594
v 0.25052357 0.09565443 0.09387201
v 0.25963354 0.09565443 0.09394974
v 0.26874340 0.09565443 0.09463614
v 0.27785337 0.09565443 0.09488314
v 0.28696334 0.09565443 0.09457761
v 0.29607332 0.09565443 0.09327376
v 0.30518329 0.09565443 0.08825201
v 0.30518329 0.09937042 0.08654451
v 0.30723226 0.09565443 0.08654451
v -0.02277488 0.08654451 0.08861732
v -0.02277488 0.08865410 0.08654451
v -0.02542478 0.08654451 0.08654451
v -0.01366490 0.08654451 0.09212923
v -0.01366490 0.09270334 0.08654451
v -0.00455499 0.08654451 0.09201455
v -0.00455499 0.09209722 0.08654451
v 0.00455493 0.08654451 0.08969790
v 0.00455493 0.08938825 0.08654451
v 0.01112324 0.08654451 0.08654451
v 0.05010474 0.08654451 0.08816177
v 0.05010474 0.08814389 0.08654451
v 0.04274118 0.08654451 0.08654451
v 0.05218005 0.08654451 0.08654451
v 0.07743454 0.08654451 0.09085357
v 0.07743454 0.09142637 0.08654451
v 0.07337648 0.08654451 0.08654451
v 0.08654451 0.09028864 0.08654451
v 0.11387432 0.09335250 0.08654451
v 0.12259555 0.08654451 0.08654451
v 0.13209426 0.08654451 0.08949131
v 0.13209426 0.08859348 0.08654451
v 0.12466991 0.08654451 0.08654451
v 0.14120424 0.08654451 0.08969623
v 0.14120424 0.08937359 0.08654451
v 0.14742362 0.08654451 0.08654451
v 0.15942407 0.08654451 0.08792126
v 0.15942407 0.08786106 0.08654451
v 0.15530729 0.08654451 0.08654451
v 0.16231108 0.08654451 0.08654451
v 0.19586384 0.09517074 0.08654451
v 0.18704188 0.08654451 0.08654451
v 0.20497382 0.09553570 0.08654451
v 0.21408272 0.08654451 0.08654451
v 0.22319365 0.08654451 0.09077990
v 0.21411455 0.08654451 0.08654451
v 0.23230362 0.08654451 0.09124136
v 0.24141359 0.08654451 0.08977854
v 0.25052357 0.08654451 0.09029651
v 0.25963354 0.08654451 0.09218401
v 0.26874340 0.08654451 0.09239519
v 0.27785337 0.08654451 0.09358513
v 0.28696334 0.08654451 0.09468269
v 0.29607332 0.08654451 0.08890301
v 0.30518329 0.09178460 0.08654451
v 0.30097425 0.08654451 0.08654451
v -0.02277488 0.07743454 0.09345710
v -0.03139514 0.07743454 0.08654451
v 0.01366490 0.08605462 0.08654451
v 0.02277488 0.08605987 0.08654451
v 0.03188485 0.08630085 0.08654451
v 0.04099482 0.08647901 0.08654451
v 0.05921459 0.07743454 0.09236377
v 0.05921459 0.08355868 0.08654451
v 0.06832457 0.07743454 0.09112126
v 0.06832457 0.08016104 0.08654451
v 0.07743454 0.07743454 0.09495980
v 0.12298429 0.08624429 0.08654451
v 0.15031421 0.08617139 0.08654451
v 0.16853404 0.08592689 0.08654451
v 0.17764401 0.08403409 0.08654451
v 0.18675399 0.07743454 0.09245020
v 0.18675399 0.08429420 0.08654451
v 0.21408367 0.08653724 0.08654451
v 0.30518329 0.07743454 0.09535205
v 0.30518329 0.08635360 0.08654451
v 0.31429327 0.07743454 0.09479493
v 0.31429327 0.08581978 0.08654451
v 0.32340312 0.07743454 0.09413588
v 0.32340312 0.08502877 0.08654451
v 0.33095682 0.07743454 0.08654451
v -0.04099476 0.06832457 0.09131151
v -0.04099476 0.07374066 0.08654451
v -0.04868203 0.06832457 0.08654451
v -0.03188485 0.06832457 0.09064007
v -0.03188485 0.07603389 0.08654451
v -0.02277488 0.06832457 0.09403360
v 0.32340312 0.06832457 0.09544837
v 0.33230126 0.06832457 0.08654451
v -0.05010468 0.05921465 0.08867764
v -0.05010468 0.06478792 0.08654451
v -0.05235964 0.05921465 0.08654451
v -0.04099476 0.05921465 0.09301490
v 0.32340312 0.05921465 0.09548193
v 0.33251309 0.05921465 0.09174818
v 0.33251309 0.06542075 0.08654451
v 0.34162307 0.05921465 0.09011972
v 0.34162307 0.06315559 0.08654451
v 0.34519732 0.05921465 0.08654451
v -0.05010468 0.05010468 0.08825034
v -0.05192095 0.05010468 0.08654451
v -0.04099476 0.05010468 0.09365517
v 0.32340312 0.05010468 0.09463143
v 0.33251309 0.05010468 0.09411472
v 0.34162307 0.05010468 0.09351766
v 0.34859300 0.05010468 0.08654451
v -0.05010468 0.04099476 0.09027094
v -0.05463094 0.04099476 0.08654451
v -0.04099476 0.04099476 0.09544909
v 0.04099482 0.04099476 0.09526169
v 0.14120424 0.04099476 0.09503102
v 0.15031421 0.04099476 0.09436160
v 0.32340312 0.04099476 0.09249306
v 0.33251309 0.04099476 0.09484768
v 0.34162307 0.04099476 0.09417349
v 0.34929740 0.04099476 0.08654451
v -0.05010468 0.03188485 0.09081841
v -0.05494642 0.03188485 0.08654451
v 0.29607332 0.03188485 0.09550017
v 0.30518329 0.03188485 0.09468406
v 0.31429327 0.03188485 0.09524250
v 0.32340312 0.03188485 0.09383506
v 0.33251309 0.03188485 0.09547305
v 0.34162307 0.03188485 0.09461868
v 0.34982884 0.03188485 0.08654451
v -0.05010468 0.02277488 0.09133887
v -0.05508018 0.02277488 0.08654451
v 0.31429327 0.02277488 0.09543508
v 0.34162307 0.02277488 0.09474498
v 0.35006344 0.02277488 0.08654451
v -0.05010468 0.01366490 0.09101462
v -0.05455202 0.01366490 0.08654451
v 0.33251309 0.01366490 0.09555650
v 0.34162307 0.01366490 0.09367782
v 0.34899700 0.01366490 0.08654451
v -0.05010468 0.00716043 0.08654451
v -0.04099476 0.00455499 0.09398353
v -0.04866821 0.00455499 0.08654451
v 0.31429327 0.00455499 0.09555107
v 0.32340312 0.00455499 0.09228414
v 0.33251309 0.00455499 0.09249645
v 0.34162307 0.00455499 0.09266949
v 0.34772801 0.00455499 0.08654451
v -0.04099476 -0.00455493 0.09028095
v -0.04519391 -0.00455493 0.08654451
v -0.03188485 -0.00455493 0.09482801
v 0.30518329 -0.00455493 0.09480822
v 0.31429327 -0.00455493 0.09006780
v 0.32340312 -0.00455493 0.09435767
v 0.33251309 -0.00156367 0.08654451
v 0.33130395 -0.00455493 0.08654451
v 0.34162307 -0.00217921 0.08654451
v -0.05010468 -0.01366490 0.08838004
v -0.05010468 -0.01072031 0.08654451
v -0.05192363 -0.01366490 0.08654451
v -0.04099476 -0.01366490 0.09405315
v 0.04099482 -0.01366490 0.09549111
v 0.31429327 -0.01366490 0.09534657
v 0.32340312 -0.01366490 0.09521943
v 0.33251309 -0.01366490 0.09028536
v 0.33251309 -0.00944757 0.08654451
v 0.33631098 -0.01366490 0.08654451
v -0.05010468 -0.01663750 0.08654451
v -0.04099476 -0.02277488 0.09242284
v -0.04769897 -0.02277488 0.08654451
v -0.03188485 -0.02277488 0.09544307
v 0.30518329 -0.02277488 0.09431851
v 0.31429327 -0.02277488 0.09041536
v 0.32340312 -0.02277488 0.09234279
v 0.33251309 -0.01746571 0.08654451
v 0.32926857 -0.02277488 0.08654451
v -0.05010468 -0.03188485 0.09156150
v -0.05010468 -0.02542275 0.08654451
v -0.05563658 -0.03188485 0.08654451
v 0.31429327 -0.03188485 0.09538096
v 0.32340312 -0.03188485 0.09029675
v 0.32818854 -0.03188485 0.08654451
v -0.05010468 -0.04099482 0.09254003
v -0.05734050 -0.04099482 0.08654451
v 0.17764401 -0.04099482 0.09561819
v 0.31429327 -0.04099482 0.09527755
v 0.32340312 -0.04099482 0.09197658
v 0.33009720 -0.04099482 0.08654451
v -0.05010468 -0.05010474 0.08917427
v -0.05299181 -0.05010474 0.08654451
v -0.04099476 -0.05010474 0.09327304
v -0.03188485 -0.05010474 0.09548795
v 0.17764401 -0.05010474 0.09399486
v 0.29607332 -0.05010474 0.09550780
v 0.30518329 -0.05010474 0.09507126
v 0.31429327 -0.05010474 0.09388757
v 0.32340312 -0.04824746 0.08654451
v 0.32255089 -0.05010474 0.08654451
v -0.05010468 -0.05388093 0.08654451
v -0.04099476 -0.05921459 0.09162748
v -0.04701906 -0.05921459 0.08654451
v -0.03188485 -0.05921459 0.09395123
v -0.02277488 -0.05921459 0.09387755
v 0.05921459 -0.05921459 0.09469020
v 0.06832457 -0.05921459 0.09199303
v 0.07743454 -0.05921459 0.09533709
v 0.12298429 -0.05921459 0.09422493
v 0.14120424 -0.05921459 0.09522402
v 0.15031421 -0.05921459 0.09409869
v 0.15942407 -0.05921459 0.09535825
v 0.16853404 -0.05760831 0.08654451
v 0.16663694 -0.05921459 0.08654451
v 0.17764401 -0.05812961 0.08654451
v 0.18675399 -0.05921459 0.08981735
v 0.18177855 -0.05921459 0.08654451
v 0.19586384 -0.05921459 0.09446305
v 0.20497382 -0.05921459 0.09563428
v 0.21408367 -0.05921459 0.09458864
v 0.22319365 -0.05921459 0.08706099
v 0.23230362 -0.05921459 0.08890140
v 0.24141359 -0.05921459 0.08944952
v 0.25052357 -0.05921459 0.08984029
v 0.25963354 -0.05921459 0.08969736
v 0.26874340 -0.05896157 0.08654451
v 0.26586199 -0.05921459 0.08654451
v 0.27785337 -0.05874389 0.08654451
v 0.28696334 -0.05895793 0.08654451
v 0.29607332 -0.05877352 0.08654451
v 0.30518329 -0.05843264 0.08654451
v 0.31429327 -0.05790341 0.08654451
v -0.04099476 -0.06832457 0.08798182
v -0.04252189 -0.06832457 0.08654451
v -0.03188485 -0.06750160 0.08654451
v -0.03618294 -0.06832457 0.08654451
v -0.02277488 -0.06832457 0.09008473
v -0.02991873 -0.06832457 0.08654451
v -0.01366490 -0.06832457 0.09550154
v 0.00455493 -0.06832457 0.09308505
v 0.01366490 -0.06832457 0.09204763
v 0.02277488 -0.06832457 0.08918262
v 0.03188485 -0.06736368 0.08654451
v 0.02784669 -0.06832457 0.08654451
v 0.04099482 -0.06757164 0.08654451
v 0.05010474 -0.06832457 0.08836764
v 0.04699713 -0.06832457 0.08654451
v 0.05921459 -0.06832457 0.09049487
v 0.06832457 -0.06832457 0.08680332
v 0.07743454 -0.06832457 0.09250140
v 0.11387432 -0.06832457 0.09394735
v 0.12298429 -0.06627369 0.08654451
v 0.12081319 -0.06832457 0.08654451
v 0.13209426 -0.06664354 0.08654451
v 0.14120424 -0.06668895 0.08654451
v 0.15031421 -0.06631851 0.08654451
v 0.15942407 -0.06576550 0.08654451
v 0.18675399 -0.06237626 0.08654451
v 0.19586384 -0.06660742 0.08654451
v 0.20497382 -0.06781566 0.08654451
v 0.21408367 -0.06832457 0.09143192
v 0.20793200 -0.06832457 0.08654451
v 0.22319365 -0.06832457 0.09230870
v 0.23230362 -0.06832457 0.09318620
v 0.24141359 -0.06832457 0.09336370
v 0.25052357 -0.06832457 0.09291452
v 0.25963354 -0.06832457 0.09191799
v 0.26874340 -0.06832457 0.09267366
v 0.26874340 -0.06016719 0.08654451
v 0.27785337 -0.06832457 0.09288168
v 0.27785337 -0.06078172 0.08654451
v 0.28696334 -0.06832457 0.09191906
v 0.28696334 -0.06063777 0.08654451
v 0.29607332 -0.06832457 0.09090775
v 0.29607332 -0.06248963 0.08654451
v 0.30518329 -0.06832457 0.08856571
v 0.30518329 -0.06562322 0.08654451
v 0.30867004 -0.06832457 0.08654451
v -0.04099476 -0.06974471 0.08654451
v -0.02277488 -0.07743454 0.08708024
v -0.02335769 -0.07743454 0.08654451
v -0.01366490 -0.07743454 0.09203881
v -0.00455499 -0.07743454 0.09086454
v 0.00455493 -0.07743454 0.09095031
v 0.01366490 -0.07743454 0.09200412
v 0.02277488 -0.07743454 0.08840352
v 0.02559757 -0.07743454 0.08654451
v 0.05010474 -0.07004434 0.08654451
v 0.05921459 -0.07204401 0.08654451
v 0.06832457 -0.06858313 0.08654451
v 0.07743454 -0.07398164 0.08654451
v 0.08654451 -0.07443833 0.08654451
v 0.09565449 -0.07743454 0.09552044
v 0.08759606 -0.07743454 0.08654451
v 0.10476446 -0.07743454 0.09051931
v 0.11387432 -0.07338488 0.08654451
v 0.10905147 -0.07743454 0.08654451
v 0.21408367 -0.07332265 0.08654451
v 0.22319365 -0.07454920 0.08654451
v 0.23230362 -0.07682461 0.08654451
v 0.24141359 -0.07607436 0.08654451
v 0.25052357 -0.07531232 0.08654451
v 0.25963354 -0.07427639 0.08654451
v 0.26874340 -0.07525420 0.08654451
v 0.27785337 -0.07558328 0.08654451
v 0.28696334 -0.07429528 0.08654451
v 0.29607332 -0.07327133 0.08654451
v 0.30518329 -0.07045192 0.08654451
v -0.02277488 -0.07798451 0.08654451
v -0.01366490 -0.08411795 0.08654451
v -0.00455499 -0.08361250 0.08654451
v 0.00455493 -0.08579344 0.08654451
v 0.01366490 -0.08588141 0.08654451
v 0.02277488 -0.07993710 0.08654451
v 0.09565449 -0.08530068 0.08654451
v 0.10476446 -0.08123779 0.08654451
v 0.26874340 0.12298429 0.07766968
v 0.26874340 0.12321109 0.07743454
v 0.26844394 0.12298429 0.07743454
v 0.27785337 0.12298429 0.08275723
v 0.27785337 0.12822920 0.07743454
v 0.28696334 0.12298429 0.08069569
v 0.28696334 0.12653500 0.07743454
v 0.29607332 0.12298429 0.08196104
v 0.29607332 0.12756091 0.07743454
v 0.30518329 0.12298429 0.08593458
v 0.30518329 0.13174927 0.07743454
v 0.31429327 0.12298429 0.07825190
v 0.31429327 0.12381446 0.07743454
v 0.31508887 0.12298429 0.07743454
v 0.23230362 0.11387438 0.08207405
v 0.23230362 0.11842734 0.07743454
v 0.22752857 0.11387438 0.07743454
v 0.24141359 0.11387438 0.08417970
v 0.24141359 0.12053466 0.07743454
v 0.25052357 0.11387438 0.08530897
v 0.25052357 0.12163419 0.07743454
v 0.25963354 0.11387438 0.08589774
v 0.25963354 0.12225187 0.07743454
v 0.26874340 0.11387438 0.08650613
v 0.29607332 0.11387438 0.08638895
v 0.30518329 0.11387438 0.08628726
v 0.31429327 0.11387438 0.08137256
v 0.31822026 0.11387438 0.07743454
v 0.21408367 0.10476440 0.07817799
v 0.21408367 0.10550332 0.07743454
v 0.21295536 0.10476440 0.07743454
v 0.22319365 0.10476440 0.08615494
v 0.22319365 0.11340082 0.07743454
v 0.30518329 0.10476440 0.08645022
v 0.31429327 0.10476440 0.08561695
v 0.32327640 0.10476440 0.07743454
v -0.03188485 0.09565443 0.07752037
v -0.03188485 0.09574091 0.07743454
v -0.03200495 0.09565443 0.07743454
v -0.02277488 0.09565443 0.08121955
v -0.02277488 0.09941840 0.07743454
v -0.01366490 0.09565443 0.08286679
v -0.01366490 0.10048395 0.07743454
v -0.00455499 0.09565443 0.08098984
v -0.00455499 0.09898692 0.07743454
v 0.00455493 0.09565443 0.08150244
v 0.00455493 0.09968084 0.07743454
v 0.01366490 0.09565443 0.08213270
v 0.01366490 0.10024130 0.07743454
v 0.02277488 0.09565443 0.07820445
v 0.02277488 0.09642684 0.07743454
v 0.02385885 0.09565443 0.07743454
v 0.07743454 0.09565443 0.07876056
v 0.07743454 0.09659958 0.07743454
v 0.07644886 0.09565443 0.07743454
v 0.07926434 0.09565443 0.07743454
v 0.09565449 0.10459584 0.07743454
v 0.08849669 0.09565443 0.07743454
v 0.10476446 0.10155863 0.07743454
v 0.11387432 0.09565443 0.08104557
v 0.11387432 0.09791875 0.07743454
v 0.11880708 0.09565443 0.07743454
v 0.18675399 0.09565443 0.07827359
v 0.18675399 0.09649599 0.07743454
v 0.18590605 0.09565443 0.07743454
v 0.19586384 0.09565443 0.08492881
v 0.19586384 0.10294777 0.07743454
v 0.20497382 0.09565443 0.08594269
v 0.20497382 0.10377252 0.07743454
v 0.21408367 0.09565443 0.08641857
v 0.31429327 0.09565443 0.08623737
v 0.32340312 0.09565443 0.08553571
v 0.32340312 0.10462695 0.07743454
v 0.33183694 0.09565443 0.07743454
v -0.04099476 0.08654451 0.07801211
v -0.04099476 0.08733141 0.07743454
v -0.04166114 0.08654451 0.07743454
v -0.03188485 0.08654451 0.08449227
v 0.01366490 0.08654451 0.08603847
v 0.02277488 0.08654451 0.08530676
v 0.03188485 0.08654451 0.08047283
v 0.03188485 0.08738941 0.07743454
v 0.03316772 0.08654451 0.07743454
v 0.05010474 0.08851409 0.07743454
v 0.04656893 0.08654451 0.07743454
v 0.05921459 0.08654451 0.08094573
v 0.05921459 0.08948624 0.07743454
v 0.06832457 0.08654451 0.07978058
v 0.06832457 0.08893150 0.07743454
v 0.08654451 0.09272712 0.07743454
v 0.12298429 0.08654451 0.08612412
v 0.12298429 0.09411043 0.07743454
v 0.13209426 0.09384996 0.07743454
v 0.14120424 0.09258819 0.07743454
v 0.15031421 0.08654451 0.08566517
v 0.15031421 0.09334981 0.07743454
v 0.15942407 0.09178102 0.07743454
v 0.16632378 0.08654451 0.07743454
v 0.18675399 0.08654451 0.08601499
v 0.17844498 0.08654451 0.07743454
v 0.21408367 0.08654451 0.08654392
v 0.30518329 0.08654451 0.08634442
v 0.31429327 0.08654451 0.08586347
v 0.32340312 0.08654451 0.08492380
v 0.33174455 0.08654451 0.07743454
v -0.05010468 0.07743454 0.08133930
v -0.05010468 0.08160275 0.07743454
v -0.05696452 0.07743454 0.07743454
v -0.04099476 0.07743454 0.08266109
v -0.03188485 0.07743454 0.08605540
v 0.04099482 0.08437753 0.07743454
v 0.16853404 0.08586627 0.07743454
v 0.17764401 0.08327073 0.07743454
v 0.33251309 0.07743454 0.08050901
v 0.33251309 0.08246827 0.07743454
v 0.34162307 0.07743454 0.07793576
v 0.34162307 0.07794392 0.07743454
v 0.34212756 0.07743454 0.07743454
v -0.05921465 0.06832457 0.08229584
v -0.05921465 0.07585436 0.07743454
v -0.06545329 0.06832457 0.07743454
v -0.05010468 0.06832457 0.08591998
v 0.33251309 0.06832457 0.08514023
v 0.34162307 0.06832457 0.08578926
v 0.35013330 0.06832457 0.07743454
v -0.05921465 0.05921465 0.08291519
v -0.06715655 0.05921465 0.07743454
v 0.35073304 0.05921465 0.08292717
v 0.35073304 0.06556410 0.07743454
v 0.35631144 0.05921465 0.07743454
v -0.05921465 0.05010468 0.08331162
v -0.06770277 0.05010468 0.07743454
v 0.35073304 0.05010468 0.08451831
v 0.35828078 0.05010468 0.07743454
v -0.06832457 0.04099476 0.07754564
v -0.06832457 0.04181665 0.07743454
v -0.06843841 0.04099476 0.07743454
v -0.05921465 0.04099476 0.08434439
v 0.35073304 0.04099476 0.08558857
v 0.35938632 0.04099476 0.07743454
v -0.06832457 0.04062819 0.07743454
v -0.05921465 0.03188485 0.08418298
v -0.06721497 0.03188485 0.07743454
v 0.35073304 0.03188485 0.08597231
v 0.35984302 0.03188485 0.08259201
v 0.35984302 0.03878033 0.07743454
v 0.36523938 0.03188485 0.07743454
v -0.05921465 0.02277488 0.08324927
v -0.06522179 0.02277488 0.07743454
v 0.35073304 0.02277488 0.08606577
v 0.35984302 0.02277488 0.08476567
v 0.36756074 0.02277488 0.07743454
v -0.05921465 0.01366490 0.08039129
v -0.06212586 0.01366490 0.07743454
v 0.35073304 0.01366490 0.08474797
v 0.35984302 0.01366490 0.08311576
v 0.36591542 0.01366490 0.07743454
v -0.05921465 0.00955367 0.07743454
v -0.05010468 0.00455499 0.08509248
v -0.05716705 0.00455499 0.07743454
v 0.35073304 0.00455499 0.08235782
v 0.35984302 0.00510836 0.07743454
v 0.35906374 0.00455499 0.07743454
v -0.05010468 -0.00455493 0.08243686
v -0.05530244 -0.00455493 0.07743454
v 0.33251309 -0.00455493 0.08548087
v 0.34162307 -0.00455493 0.08485878
v 0.35073304 -0.00153202 0.07743454
v 0.34931064 -0.00455493 0.07743454
v -0.05921465 -0.01366490 0.08091557
v -0.05921465 -0.00853044 0.07743454
v -0.06287003 -0.01366490 0.07743454
v 0.34162307 -0.01366490 0.08577371
v 0.35048485 -0.01366490 0.07743454
v -0.05921465 -0.02277488 0.07884991
v -0.06086153 -0.02277488 0.07743454
v -0.05010468 -0.02277488 0.08494043
v 0.33251309 -0.02277488 0.08330894
v 0.34162307 -0.02277488 0.08469301
v 0.34889162 -0.02277488 0.07743454
v -0.05921465 -0.03188485 0.08413321
v -0.06756210 -0.03188485 0.07743454
v 0.33251309 -0.03188485 0.08545846
v 0.34162307 -0.03188485 0.08576643
v 0.34993541 -0.03188485 0.07743454
v -0.06832457 -0.04099482 0.08050287
v -0.06832457 -0.03445834 0.07743454
v -0.07143140 -0.04099482 0.07743454
v -0.05921465 -0.04099482 0.08531249
v 0.33251309 -0.04099482 0.08558828
v 0.34162307 -0.04099482 0.08471584
v 0.34888566 -0.04099482 0.07743454
v -0.06832457 -0.04910600 0.07743454
v -0.05921465 -0.05010474 0.08431572
v -0.06811965 -0.05010474 0.07743454
v 0.32340312 -0.05010474 0.08607078
v 0.33251309 -0.05010474 0.08146888
v 0.34162307 -0.05010474 0.07833028
v 0.34252369 -0.05010474 0.07743454
v -0.05921465 -0.05921459 0.07968146
v -0.06159014 -0.05921459 0.07743454
v -0.05010468 -0.05921459 0.08461452
v 0.16853404 -0.05921459 0.07752240
v 0.17764401 -0.05921459 0.08605784
v 0.26874340 -0.05921459 0.08645099
v 0.27785337 -0.05921459 0.08619261
v 0.28696334 -0.05921459 0.08618927
v 0.29607332 -0.05921459 0.08556384
v 0.30518329 -0.05921459 0.08484948
v 0.31429327 -0.05921459 0.08485860
v 0.32340312 -0.05921459 0.08563602
v 0.33251309 -0.05616349 0.07743454
v 0.33206630 -0.05921459 0.07743454
v 0.34162307 -0.05101097 0.07743454
v -0.05921465 -0.06539059 0.07743454
v -0.05010468 -0.06832457 0.08381009
v -0.05857790 -0.06832457 0.07743454
v -0.03188485 -0.06832457 0.08608377
v 0.03188485 -0.06832457 0.08619773
v 0.04099482 -0.06832457 0.08550793
v 0.12298429 -0.06832457 0.08484256
v 0.13209426 -0.06832457 0.08365107
v 0.14120424 -0.06832457 0.08302575
v 0.15031421 -0.06832457 0.08223104
v 0.15942407 -0.06715173 0.07743454
v 0.15652943 -0.06832457 0.07743454
v 0.16853404 -0.05926096 0.07743454
v 0.17764401 -0.06832457 0.08040059
v 0.17463589 -0.06832457 0.07743454
v 0.18675399 -0.06832457 0.08346725
v 0.19586384 -0.06832457 0.08522373
v 0.20497382 -0.06832457 0.08611035
v 0.31429327 -0.06832457 0.08640325
v 0.32340312 -0.06832457 0.08580714
v 0.33250189 -0.06832457 0.07743454
v -0.05010468 -0.07596403 0.07743454
v -0.04099476 -0.07743454 0.07969147
v -0.04504436 -0.07743454 0.07743454
v -0.03188485 -0.07743454 0.08226138
v 0.03188485 -0.07743454 0.08508271
v 0.04099482 -0.07743454 0.08158773
v 0.05010474 -0.07378709 0.07743454
v 0.04590559 -0.07743454 0.07743454
v 0.05921459 -0.07593381 0.07743454
v 0.06832457 -0.07619953 0.07743454
v 0.07743454 -0.07669061 0.07743454
v 0.08654451 -0.07626748 0.07743454
v 0.08697671 -0.07743454 0.07743454
v 0.11387432 -0.07743454 0.07880354
v 0.12298429 -0.07625175 0.07743454
v 0.11761427 -0.07743454 0.07743454
v 0.13209426 -0.07331729 0.07743454
v 0.14120424 -0.07241118 0.07743454
v 0.15031421 -0.07253683 0.07743454
v 0.17764401 -0.07131660 0.07743454
v 0.18675399 -0.07437807 0.07743454
v 0.19586384 -0.07609606 0.07743454
v 0.20497382 -0.07700396 0.07743454
v 0.21408367 -0.07743454 0.08479983
v 0.20607328 -0.07743454 0.07743454
v 0.22319365 -0.07743454 0.08618331
v 0.23230362 -0.07743454 0.08650446
v 0.24141359 -0.07743454 0.08638889
v 0.25052357 -0.07743454 0.08612531
v 0.25963354 -0.07743454 0.08574474
v 0.26874340 -0.07743454 0.08616632
v 0.27785337 -0.07743454 0.08634996
v 0.28696334 -0.07743454 0.08623761
v 0.29607332 -0.07743454 0.08610541
v 0.30518329 -0.07743454 0.08566290
v 0.31429327 -0.07743454 0.08397549
v 0.32340312 -0.07729131 0.07743454
v 0.32281220 -0.07743454 0.07743454
v -0.04099476 -0.07973087 0.07743454
v -0.03188485 -0.08578807 0.07743454
v -0.02277488 -0.08654451 0.08185971
v -0.03104484 -0.08654451 0.07743454
v -0.01366490 -0.08654451 0.08411098
v -0.00455499 -0.08654451 0.08507556
v 0.00455493 -0.08654451 0.08631873
v 0.01366490 -0.08654451 0.08628356
v 0.02277488 -0.08654451 0.08376116
v 0.03188485 -0.08637953 0.07743454
v 0.03156984 -0.08654451 0.07743454
v 0.04099482 -0.08182281 0.07743454
v 0.09565449 -0.08654451 0.08436477
v 0.09011728 -0.08654451 0.07743454
v 0.10476446 -0.08654451 0.07768488
v 0.11387432 -0.07858044 0.07743454
v 0.10501689 -0.08654451 0.07743454
v 0.21408367 -0.08472437 0.07743454
v 0.22319365 -0.08615541 0.07743454
v 0.23230362 -0.08654451 0.08205193
v 0.22734201 -0.08654451 0.07743454
v 0.24141359 -0.08654326 0.07743454
v 0.24138021 -0.08654451 0.07743454
v 0.25052357 -0.08616149 0.07743454
v 0.25963354 -0.08572674 0.07743454
v 0.26874340 -0.08634692 0.07743454
v 0.27785337 -0.08654451 0.08177918
v 0.27117300 -0.08654451 0.07743454
v 0.28696334 -0.08654451 0.08303344
v 0.29607332 -0.08650583 0.07743454
v 0.29571640 -0.08654451 0.07743454
v 0.30518329 -0.08561850 0.07743454
v 0.31429327 -0.08391035 0.07743454
v -0.02277488 -0.09111679 0.07743454
v -0.01366490 -0.09281015 0.07743454
v -0.00455499 -0.09385723 0.07743454
v 0.00455493 -0.09441698 0.07743454
v 0.01366490 -0.09454840 0.07743454
v 0.02277488 -0.09223300 0.07743454
v 0.09565449 -0.09222895 0.07743454
v 0.10476446 -0.08678246 0.07743454
v 0.23230362 -0.09114009 0.07743454
v 0.27785337 -0.09088427 0.07743454
v 0.28696334 -0.09214705 0.07743454
v 0.28696334 0.13209426 0.07514852
v 0.28696334 0.13951224 0.06832457
v 0.27856123 0.13209426 0.06832457
v 0.29607332 0.13209426 0.07540739
v 0.29607332 0.13973224 0.06832457
v 0.30518329 0.13209426 0.07701486
v 0.30518329 0.14034772 0.06832457
v 0.31429327 0.13209426 0.07584924
v 0.31429327 0.13989204 0.06832457
v 0.32177889 0.13209426 0.06832457
v 0.25963354 0.12298429 0.07097012
v 0.25963354 0.12510198 0.06832457
v 0.25616479 0.12298429 0.06832457
v 0.26874340 0.12969226 0.06832457
v 0.27785337 0.13168395 0.06832457
v 0.32340312 0.12298429 0.07334608
v 0.32340312 0.12804437 0.06832457
v 0.32841349 0.12298429 0.06832457
v 0.22319365 0.11387438 0.07076436
v 0.22319365 0.11623281 0.06832457
v 0.22011101 0.11387438 0.06832457
v 0.23230362 0.12243873 0.06832457
v 0.24141359 0.12258327 0.06832457
v 0.25052357 0.12278819 0.06832457
v 0.32340312 0.11387438 0.07525867
v 0.33073771 0.11387438 0.06832457
v -0.00455499 0.10476440 0.06877136
v -0.00455499 0.10518086 0.06832457
v -0.00631261 0.10476440 0.06832457
v 0.00455493 0.10476440 0.06895810
v 0.00455493 0.10534579 0.06832457
v 0.00873357 0.10476440 0.06832457
v 0.09565449 0.10476440 0.07715994
v 0.09565449 0.11024147 0.06832457
v 0.09039170 0.10476440 0.06832457
v 0.10476446 0.10476440 0.06951839
v 0.10476446 0.10549742 0.06832457
v 0.10704714 0.10476440 0.06832457
v 0.20497382 0.10476440 0.06985909
v 0.20497382 0.10579026 0.06832457
v 0.19681704 0.10476440 0.06832457
v 0.21408367 0.11328351 0.06832457
v 0.32340312 0.10476440 0.07741308
v 0.33251309 0.10476440 0.07655859
v 0.33251309 0.11315942 0.06832457
v 0.34080946 0.10476440 0.06832457
v -0.04099476 0.09565443 0.07503527
v -0.04099476 0.10229415 0.06832457
v -0.04995728 0.09565443 0.06832457
v -0.03188485 0.10346669 0.06832457
v -0.02277488 0.10405016 0.06832457
v -0.01366490 0.10404617 0.06832457
v 0.01366490 0.10463935 0.06832457
v 0.02277488 0.10358053 0.06832457
v 0.03188485 0.09565443 0.07468909
v 0.03188485 0.10135323 0.06832457
v 0.03926486 0.09565443 0.06832457
v 0.06832457 0.09565443 0.07017112
v 0.06832457 0.09736210 0.06832457
v 0.06482875 0.09565443 0.06832457
v 0.07743454 0.09967703 0.06832457
v 0.08654451 0.09565443 0.07211840
v 0.08654451 0.09843397 0.06832457
v 0.11387432 0.10307717 0.06832457
v 0.12298429 0.09565443 0.07562464
v 0.12298429 0.10182571 0.06832457
v 0.13209426 0.09565443 0.07451797
v 0.13209426 0.10018474 0.06832457
v 0.14070809 0.09565443 0.06832457
v 0.15031421 0.09565443 0.07175022
v 0.15031421 0.09825563 0.06832457
v 0.14204204 0.09565443 0.06832457
v 0.15424585 0.09565443 0.06832457
v 0.17764401 0.09565443 0.07359940
v 0.17764401 0.10099876 0.06832457
v 0.17210388 0.09565443 0.06832457
v 0.18675399 0.10442084 0.06832457
v 0.19586384 0.10475618 0.06832457
v 0.33251309 0.09565443 0.07736385
v 0.34162307 0.09565443 0.07703054
v 0.34162307 0.10438895 0.06832457
v 0.35033584 0.09565443 0.06832457
v -0.05921465 0.08654451 0.07087862
v -0.05921465 0.08910906 0.06832457
v -0.06238753 0.08654451 0.06832457
v -0.05010468 0.08654451 0.07250130
v -0.05010468 0.09525901 0.06832457
v 0.04099482 0.08654451 0.07453322
v 0.04099482 0.09301853 0.06832457
v 0.05010474 0.08654451 0.07130754
v 0.04895574 0.08654451 0.06832457
v 0.05921459 0.09382677 0.06832457
v 0.05081809 0.08654451 0.06832457
v 0.14120424 0.09548593 0.06832457
v 0.15942407 0.09292692 0.06832457
v 0.16644251 0.08654451 0.06832457
v 0.17764401 0.08654451 0.07567471
v 0.16952324 0.08654451 0.06832457
v 0.33251309 0.08654451 0.07734019
v 0.34162307 0.08654451 0.07682467
v 0.35013545 0.08654451 0.06832457
v -0.06832457 0.07743454 0.07320935
v -0.06832457 0.08304048 0.06832457
v -0.07383817 0.07743454 0.06832457
v -0.05921465 0.07743454 0.07670337
v 0.05010474 0.08277059 0.06832457
v 0.16853404 0.08541256 0.06832457
v 0.34955859 0.07743454 0.06832457
v -0.07743454 0.06832457 0.06981969
v -0.07743454 0.07021570 0.06832457
v -0.07892144 0.06832457 0.06832457
v -0.06832457 0.06832457 0.07591629
v 0.04099482 0.06832457 0.06905580
v 0.04099482 0.07107228 0.06832457
v 0.03585440 0.06832457 0.06832457
v 0.04383475 0.06832457 0.06832457
v 0.35073304 0.06832457 0.07597208
v 0.35073304 0.07617152 0.06832457
v 0.35963809 0.06832457 0.06832457
v -0.07743454 0.05921465 0.07058918
v -0.07974404 0.05921465 0.06832457
v -0.06832457 0.05921465 0.07682925
v 0.04099482 0.06629306 0.06832457
v 0.35984302 0.05921465 0.07461631
v 0.35984302 0.06799954 0.06832457
v 0.36694431 0.05921465 0.06832457
v -0.07743454 0.05010468 0.07186103
v -0.08116090 0.05010468 0.06832457
v -0.06832457 0.05010468 0.07712084
v 0.35984302 0.05010468 0.07657498
v 0.36895299 0.05010468 0.07188636
v 0.36895299 0.05474591 0.06832457
v 0.37252223 0.05010468 0.06832457
v -0.07743454 0.04099476 0.07397133
v -0.08402449 0.04099476 0.06832457
v 0.35984302 0.04099476 0.07726181
v 0.36895299 0.04099476 0.07548726
v 0.37613320 0.04099476 0.06832457
v -0.07743454 0.03188485 0.07056129
v -0.07972330 0.03188485 0.06832457
v -0.06832457 0.03188485 0.07667923
v 0.36895299 0.03188485 0.07662463
v 0.37734425 0.03188485 0.06832457
v -0.07743454 0.02873725 0.06832457
v -0.06832457 0.02277488 0.07425648
v -0.07468516 0.02277488 0.06832457
v 0.36895299 0.02277488 0.07670504
v 0.37755382 0.02277488 0.06832457
v -0.06832457 0.01547635 0.06832457
v -0.06716460 0.01366490 0.06832457
v 0.36895299 0.01366490 0.07613438
v 0.37689352 0.01366490 0.06832457
v -0.05921465 0.00455499 0.07220399
v -0.06210107 0.00455499 0.06832457
v 0.35984302 0.00455499 0.07730609
v 0.36895299 0.00455499 0.07562387
v 0.37633240 0.00455499 0.06832457
v -0.05921465 -0.00455493 0.07334483
v -0.06463838 -0.00455493 0.06832457
v 0.35073304 -0.00455493 0.07645571
v 0.35984302 -0.00455493 0.07153791
v 0.36895299 -0.00414592 0.06832457
v 0.36655724 -0.00455493 0.06832457
v -0.06832457 -0.01366490 0.07318324
v -0.06832457 -0.00705761 0.06832457
v -0.07441282 -0.01366490 0.06832457
v 0.35073304 -0.01366490 0.07740653
v 0.35984302 -0.00905985 0.06832457
v 0.35979044 -0.01366490 0.06832457
v -0.06832457 -0.02277488 0.07233626
v -0.07408571 -0.02277488 0.06832457
v 0.35073304 -0.02277488 0.07212752
v 0.35480130 -0.02277488 0.06832457
v -0.06832457 -0.03188485 0.07687694
v -0.07722974 -0.03188485 0.06832457
v 0.35073304 -0.03188485 0.07616776
v 0.35878670 -0.03188485 0.06832457
v -0.07743454 -0.04099482 0.07385963
v -0.07743454 -0.03228897 0.06832457
v -0.08303344 -0.04099482 0.06832457
v 0.35073304 -0.04099482 0.07451892
v 0.35700262 -0.04099482 0.06832457
v -0.07743454 -0.05010474 0.07232112
v -0.08146727 -0.05010474 0.06832457
v -0.06832457 -0.05010474 0.07729560
v 0.35073304 -0.04787713 0.06832457
v 0.35020733 -0.05010474 0.06832457
v -0.07743454 -0.05565906 0.06832457
v -0.06832457 -0.05921459 0.07476908
v -0.07577503 -0.05921459 0.06832457
v 0.33251309 -0.05921459 0.07724983
v 0.34162307 -0.05921459 0.07300150
v 0.34632969 -0.05921459 0.06832457
v -0.06832457 -0.06832457 0.07375449
v -0.07446575 -0.06832457 0.06832457
v -0.05921465 -0.06832457 0.07715923
v 0.15942407 -0.06816953 0.06832457
v 0.15912807 -0.06832457 0.06832457
v 0.16853404 -0.06832457 0.07196456
v 0.16006446 -0.06832457 0.06832457
v 0.33251309 -0.06832457 0.07743233
v 0.34162307 -0.06832457 0.07495207
v 0.34828222 -0.06832457 0.06832457
v -0.06832457 -0.07395023 0.06832457
v -0.05921465 -0.07743454 0.07378387
v -0.06483406 -0.07743454 0.06832457
v -0.05010468 -0.07743454 0.07625943
v 0.05010474 -0.07713836 0.06832457
v 0.04985106 -0.07743454 0.06832457
v 0.05921459 -0.07743454 0.07226890
v 0.05153257 -0.07743454 0.06832457
v 0.06832457 -0.07743454 0.07564962
v 0.07743454 -0.07743454 0.07476646
v 0.08654451 -0.07743454 0.07584006
v 0.12298429 -0.07743454 0.07615113
v 0.13209426 -0.07743454 0.07070708
v 0.14120424 -0.07743454 0.06864864
v 0.15031421 -0.07588685 0.06832457
v 0.14212263 -0.07743454 0.06832457
v 0.16853404 -0.07194328 0.06832457
v 0.17764401 -0.07731879 0.06832457
v 0.18675399 -0.07743454 0.07185334
v 0.18038678 -0.07743454 0.06832457
v 0.19586384 -0.07743454 0.07353842
v 0.20497382 -0.07743454 0.07605040
v 0.32340312 -0.07743454 0.07737434
v 0.33251309 -0.07743454 0.07703608
v 0.34162307 -0.07517654 0.06832457
v 0.34127426 -0.07743454 0.06832457
v -0.05921465 -0.08292997 0.06832457
v -0.05010468 -0.08551943 0.06832457
v -0.04099476 -0.08654451 0.07221985
v -0.04713887 -0.08654451 0.06832457
v -0.03188485 -0.08654451 0.07705420
v 0.03188485 -0.08654451 0.07687366
v 0.04099482 -0.08539414 0.06832457
v 0.03769469 -0.08654451 0.06832457
v 0.05921459 -0.08043462 0.06832457
v 0.06832457 -0.08363020 0.06832457
v 0.07743454 -0.07983094 0.06832457
v 0.08654451 -0.08308208 0.06832457
v 0.08865112 -0.08654451 0.06832457
v 0.11387432 -0.08447880 0.06832457
v 0.11175984 -0.08654451 0.06832457
v 0.12298429 -0.08313435 0.06832457
v 0.13209426 -0.07935768 0.06832457
v 0.14120424 -0.07774162 0.06832457
v 0.18675399 -0.08094633 0.06832457
v 0.19586384 -0.08249986 0.06832457
v 0.20497382 -0.08432573 0.06832457
v 0.21408367 -0.08635390 0.06832457
v 0.22319365 -0.08654451 0.07505143
v 0.21579635 -0.08654451 0.06832457
v 0.24141359 -0.08654451 0.07742965
v 0.25052357 -0.08654451 0.07482249
v 0.25963354 -0.08654451 0.06920111
v 0.26874340 -0.08654451 0.07637399
v 0.29607332 -0.08654451 0.07736754
v 0.30518329 -0.08652478 0.06832457
v 0.30503297 -0.08654451 0.06832457
v 0.31429327 -0.08643544 0.06832457
v 0.32340312 -0.08628619 0.06832457
v 0.33251309 -0.08627188 0.06832457
v -0.04099476 -0.09101814 0.06832457
v -0.03188485 -0.09536481 0.06832457
v -0.02277488 -0.09514886 0.06832457
v -0.01366490 -0.09412134 0.06832457
v -0.00455499 -0.09477437 0.06832457
v 0.00455493 -0.09565449 0.06947500
v 0.00279993 -0.09565449 0.06832457
v 0.01366490 -0.09565449 0.06980258
v 0.02277488 -0.09396732 0.06832457
v 0.01482284 -0.09565449 0.06832457
v 0.03188485 -0.09081352 0.06832457
v 0.09565449 -0.09554839 0.06832457
v 0.10476446 -0.09261769 0.06832457
v 0.22319365 -0.09304208 0.06832457
v 0.23230362 -0.09526736 0.06832457
v 0.24141359 -0.09452653 0.06832457
v 0.25052357 -0.09204954 0.06832457
v 0.25963354 -0.08724052 0.06832457
v 0.26874340 -0.09304756 0.06832457
v 0.27785337 -0.09500843 0.06832457
v 0.28696334 -0.09565449 0.07020181
v 0.28464782 -0.09565449 0.06832457
v 0.29607332 -0.09479707 0.06832457
v 0.28898048 -0.09565449 0.06832457
v 0.31429327 -0.09565449 0.07190084
v 0.31429327 -0.09003508 0.06832457
v 0.31027341 -0.09565449 0.06832457
v 0.31801891 -0.09565449 0.06832457
v 0.00455493 -0.09624034 0.06832457
v 0.01366490 -0.09644890 0.06832457
v 0.28696334 -0.09753013 0.06832457
v 0.31429327 -0.09987080 0.06832457
v 0.27785337 0.14120418 0.06433332
v 0.27785337 0.14622760 0.05921465
v 0.27046657 0.14120418 0.05921465
v 0.28696334 0.14120418 0.06668210
v 0.28696334 0.14802659 0.05921465
v 0.29607332 0.14120418 0.06728560
v 0.29607332 0.14891243 0.05921465
v 0.30518329 0.14120418 0.06192487
v 0.30518329 0.14388895 0.05921465
v 0.31429327 0.14120418 0.06621397
v 0.31429327 0.14785999 0.05921465
v 0.32086420 0.14120418 0.05921465
v 0.25963354 0.13209426 0.06175125
v 0.25963354 0.13466758 0.05921465
v 0.25632560 0.13209426 0.05921465
v 0.26874340 0.13209426 0.06508297
v 0.26874340 0.13987207 0.05921465
v 0.27785337 0.13209426 0.06806898
v 0.32340312 0.13209426 0.05957603
v 0.32340312 0.13245779 0.05921465
v 0.32375717 0.13209426 0.05921465
v 0.21408367 0.12298429 0.06344664
v 0.21408367 0.12913769 0.05921465
v 0.20938122 0.12298429 0.05921465
v 0.22319365 0.12298429 0.06404442
v 0.22319365 0.13148832 0.05921465
v 0.23004723 0.12298429 0.05921465
v 0.25098026 0.12298429 0.05921465
v 0.33222091 0.12298429 0.05921465
v 0.20497382 0.11387438 0.06508482
v 0.20497382 0.12012833 0.05921465
v 0.19841874 0.11387438 0.05921465
v 0.21408367 0.11387438 0.06615412
v 0.23230362 0.12259430 0.05921465
v 0.24141359 0.12250471 0.05921465
v 0.25052357 0.12292725 0.05921465
v 0.33251309 0.11387438 0.06763667
v 0.33251309 0.12242419 0.05921465
v 0.34078848 0.11387438 0.05921465
v -0.04099476 0.10476440 0.06320316
v -0.04099476 0.10810959 0.05921465
v -0.04567283 0.10476440 0.05921465
v -0.03188485 0.10476440 0.06586236
v -0.03188485 0.10936737 0.05921465
v -0.02277488 0.10476440 0.06707424
v -0.02277488 0.10988498 0.05921465
v -0.01366490 0.10476440 0.06698388
v -0.01366490 0.10965335 0.05921465
v -0.00455499 0.10487241 0.05921465
v 0.00455493 0.10476440 0.06690717
v -0.00425023 0.10476440 0.05921465
v 0.07743454 0.10476440 0.06365335
v 0.07743454 0.10805166 0.05921465
v 0.07348168 0.10476440 0.05921465
v 0.08393079 0.10476440 0.05921465
v 0.09565449 0.11311531 0.05921465
v 0.08746576 0.10476440 0.05921465
v 0.10476446 0.10969371 0.05921465
v 0.11287844 0.10476440 0.05921465
v 0.18675399 0.10476440 0.06581473
v 0.18675399 0.11002332 0.05921465
v 0.17910695 0.10476440 0.05921465
v 0.19586384 0.10476440 0.06829494
v 0.19586384 0.11264777 0.05921465
v 0.34162307 0.10476440 0.06731701
v 0.34162307 0.11280262 0.05921465
v 0.34968281 0.10476440 0.05921465
v -0.05921465 0.09565443 0.06040806
v -0.05921465 0.09683013 0.05921465
v -0.06069648 0.09565443 0.05921465
v -0.05010468 0.09565443 0.06819427
v -0.05010468 0.10298866 0.05921465
v 0.00455493 0.10340255 0.05921465
v 0.01366490 0.10385478 0.05921465
v 0.02277488 0.09892678 0.05921465
v 0.03188485 0.09565443 0.06148869
v 0.02690589 0.09565443 0.05921465
v 0.05010474 0.09565443 0.06019968
v 0.05010474 0.09635592 0.05921465
v 0.04917413 0.09565443 0.05921465
v 0.05921459 0.09565443 0.06397533
v 0.05921459 0.09828895 0.05921465
v 0.06832457 0.10178953 0.05921465
v 0.08654451 0.10329437 0.05921465
v 0.11387432 0.10423505 0.05921465
v 0.12298429 0.10103691 0.05921465
v 0.13209426 0.09991038 0.05921465
v 0.14120424 0.09565443 0.06786811
v 0.14120424 0.10024333 0.05921465
v 0.15031421 0.09865415 0.05921465
v 0.15538979 0.09565443 0.05921465
v 0.17764401 0.10437834 0.05921465
v 0.16902053 0.09565443 0.05921465
v 0.35067832 0.09565443 0.05921465
v -0.06832457 0.08654451 0.06501937
v -0.06832457 0.09222859 0.05921465
v -0.07623541 0.08654451 0.05921465
v 0.03188485 0.09217161 0.05921465
v 0.04099482 0.08986878 0.05921465
v 0.05010474 0.08654451 0.06789231
v 0.15942407 0.09406769 0.05921465
v 0.16853404 0.08654451 0.06579995
v 0.16853404 0.09330714 0.05921465
v 0.35067928 0.08654451 0.05921465
v -0.07743454 0.07743454 0.06576514
v -0.07743454 0.08571869 0.05921465
v -0.08383608 0.07743454 0.05921465
v 0.35073304 0.07743454 0.06770223
v 0.35073304 0.08618408 0.05921465
v 0.35984302 0.07743454 0.06059551
v 0.35984302 0.07883096 0.05921465
v 0.36122453 0.07743454 0.05921465
v -0.08616769 0.06832457 0.05921465
v 0.04099482 0.06832457 0.06789464
v 0.35984302 0.06832457 0.06823522
v 0.36895299 0.06832457 0.06269711
v 0.36895299 0.07180172 0.05921465
v 0.37235546 0.06832457 0.05921465
v -0.08654451 0.05921465 0.06415808
v -0.08654451 0.06717002 0.05921465
v -0.09186172 0.05921465 0.05921465
v 0.36895299 0.05921465 0.06764513
v 0.37715745 0.05921465 0.05921465
v -0.08654451 0.05010468 0.06562001
v -0.09477556 0.05010468 0.05921465
v 0.37806284 0.05010468 0.06200385
v 0.37806284 0.05321962 0.05921465
v 0.38083112 0.05010468 0.05921465
v -0.09565443 0.04099476 0.05938101
v -0.09565443 0.04166269 0.05921465
v -0.09585571 0.04099476 0.05921465
v -0.08654451 0.04099476 0.06634325
v 0.37806284 0.04099476 0.06671256
v 0.38554490 0.04099476 0.05921465
v -0.09565443 0.04079396 0.05921465
v -0.08654451 0.03188485 0.06302708
v -0.09076476 0.03188485 0.05921465
v 0.37806284 0.03188485 0.06764096
v 0.38640881 0.03188485 0.05921465
v -0.08654451 0.02669042 0.05921465
v -0.07743454 0.02277488 0.06532031
v -0.08385026 0.02277488 0.05921465
v 0.37806284 0.02277488 0.06794876
v 0.38676190 0.02277488 0.05921465
v -0.07743454 0.01677346 0.05921465
v -0.06832457 0.01366490 0.06563681
v -0.07347912 0.01366490 0.05921465
v 0.37806284 0.01366490 0.06719375
v 0.38606822 0.01366490 0.05921465
v -0.06832457 0.00798619 0.05921465
v -0.06686425 0.00455499 0.05921465
v 0.37806284 0.00455499 0.06643373
v 0.38519049 0.00455499 0.05921465
v -0.06832457 -0.00455493 0.06220227
v -0.06832457 -0.00209832 0.05921465
v -0.07105452 -0.00455493 0.05921465
v 0.36895299 -0.00455493 0.06800663
v 0.37806284 -0.00367886 0.05921465
v 0.37744069 -0.00455493 0.05921465
v -0.07743454 -0.01366490 0.06544060
v -0.07743454 -0.00717241 0.05921465
v -0.08473259 -0.01366490 0.05921465
v 0.35984302 -0.01366490 0.06717610
v 0.36895299 -0.01291913 0.05921465
v 0.36794698 -0.01366490 0.05921465
v -0.08654451 -0.02277488 0.06346244
v -0.08654451 -0.01598972 0.05921465
v -0.09361935 -0.02277488 0.05921465
v -0.07743454 -0.02277488 0.06701827
v 0.35984302 -0.02277488 0.06544495
v 0.36686504 -0.02277488 0.05921465
v -0.09565443 -0.03188485 0.06141341
v -0.09565443 -0.02658796 0.05921465
v -0.09907913 -0.03188485 0.05921465
v -0.08654451 -0.03188485 0.06346971
v -0.07743454 -0.03188485 0.06821972
v 0.35984302 -0.03188485 0.06691617
v 0.36742580 -0.03188485 0.05921465
v -0.10476440 -0.04099482 0.05953002
v -0.10476440 -0.04043454 0.05921465
v -0.10541713 -0.04099482 0.05921465
v -0.09565443 -0.04099482 0.06592661
v -0.08654451 -0.04099482 0.06637883
v 0.35984302 -0.04099482 0.06347209
v 0.36404204 -0.04099482 0.05921465
v -0.10476440 -0.04163003 0.05921465
v -0.09565443 -0.04910755 0.05921465
v -0.08654451 -0.05010474 0.06326914
v -0.09298086 -0.05010474 0.05921465
v 0.35073304 -0.05010474 0.06763774
v 0.35984302 -0.04545826 0.05921465
v 0.35898292 -0.05010474 0.05921465
v -0.08654451 -0.05921459 0.06345749
v -0.09097636 -0.05921459 0.05921465
v -0.07743454 -0.05921459 0.06769466
v 0.35073304 -0.05894893 0.05921465
v 0.35058260 -0.05921459 0.05921465
v -0.08654451 -0.06832457 0.06447846
v -0.09179306 -0.06832457 0.05921465
v -0.07743454 -0.06832457 0.06724954
v 0.15942407 -0.06832457 0.06642103
v 0.35051811 -0.06832457 0.05921465
v -0.08654451 -0.07356972 0.05921465
v -0.07743454 -0.07743454 0.06060922
v -0.07881039 -0.07743454 0.05921465
v -0.06832457 -0.07743454 0.06582987
v 0.05010474 -0.07743454 0.06774855
v 0.15031421 -0.07584929 0.05921465
v 0.14816403 -0.07743454 0.05921465
v 0.15942407 -0.06991357 0.05921465
v 0.16853404 -0.07662672 0.05921465
v 0.17764401 -0.07739192 0.05921465
v 0.17780006 -0.07743454 0.05921465
v 0.34162307 -0.07743454 0.06753010
v 0.34987199 -0.07743454 0.05921465
v -0.07743454 -0.07881266 0.05921465
v -0.06832457 -0.08396757 0.05921465
v -0.05921465 -0.08654451 0.06108201
v -0.06110042 -0.08654451 0.05921465
v -0.05010468 -0.08654451 0.06675315
v 0.03188485 -0.08654451 0.06287295
v 0.03188485 -0.08419824 0.05921465
v 0.02543998 -0.08654451 0.05921465
v 0.04099482 -0.07983071 0.05921465
v 0.05010474 -0.08549452 0.05921465
v 0.05921459 -0.08583671 0.05921465
v 0.06832457 -0.08604378 0.05921465
v 0.07743454 -0.08577609 0.05921465
v 0.08654451 -0.08654451 0.06328934
v 0.08005214 -0.08654451 0.05921465
v 0.11387432 -0.08654451 0.06380522
v 0.12298429 -0.08199418 0.05921465
v 0.11713606 -0.08654451 0.05921465
v 0.13209426 -0.08164442 0.05921465
v 0.14120424 -0.08248597 0.05921465
v 0.18675399 -0.08492714 0.05921465
v 0.19586384 -0.08563495 0.05921465
v 0.20497382 -0.08606589 0.05921465
v 0.21408367 -0.08654451 0.06768316
v 0.20587981 -0.08654451 0.05921465
v 0.30518329 -0.08654451 0.06816256
v 0.31429327 -0.08654451 0.06790286
v 0.32340312 -0.08654451 0.06690001
v 0.33251309 -0.08654451 0.06771457
v 0.34162307 -0.08594435 0.05921465
v 0.34104013 -0.08654451 0.05921465
v -0.05921465 -0.08836341 0.05921465
v -0.05010468 -0.09286422 0.05921465
v -0.04099476 -0.09565449 0.06398225
v -0.04579335 -0.09565449 0.05921465
v -0.03188485 -0.09565449 0.06805140
v -0.02277488 -0.09565449 0.06795156
v -0.01366490 -0.09565449 0.06748468
v -0.00455499 -0.09565449 0.06604344
v 0.00455493 -0.09565449 0.06429851
v 0.00455493 -0.09527731 0.05921465
v 0.00372189 -0.09565449 0.05921465
v 0.01366490 -0.09565449 0.06698328
v 0.01366490 -0.09328747 0.05921465
v 0.02277488 -0.08840948 0.05921465
v 0.08654451 -0.08966708 0.05921465
v 0.09565449 -0.09565449 0.06819332
v 0.08988613 -0.09565449 0.05921465
v 0.10476446 -0.09565449 0.05951387
v 0.11387432 -0.08907771 0.05921465
v 0.10495442 -0.09565449 0.05921465
v 0.21408367 -0.09469879 0.05921465
v 0.22319365 -0.09565449 0.06032211
v 0.22196901 -0.09565449 0.05921465
v 0.23230362 -0.09565449 0.06187648
v 0.24141359 -0.09449542 0.05921465
v 0.23492742 -0.09565449 0.05921465
v 0.25052357 -0.09250808 0.05921465
v 0.25963354 -0.09565449 0.06390047
v 0.25305450 -0.09565449 0.05921465
v 0.26874340 -0.09565449 0.06162584
v 0.27785337 -0.09565449 0.05984735
v 0.29607332 -0.09565449 0.06154007
v 0.30518329 -0.09565449 0.06683809
v 0.32340312 -0.09565449 0.06296980
v 0.33251309 -0.09481454 0.05921465
v 0.32728338 -0.09565449 0.05921465
v -0.04099476 -0.09976083 0.05921465
v -0.03188485 -0.10344440 0.05921465
v -0.02277488 -0.10476446 0.06291419
v -0.02853549 -0.10476446 0.05921465
v -0.01366490 -0.10476446 0.06475765
v -0.00455499 -0.10476446 0.06141740
v -0.00158739 -0.10476446 0.05921465
v 0.09565449 -0.10103774 0.05921465
v 0.10476446 -0.09583485 0.05921465
v 0.22319365 -0.09673774 0.05921465
v 0.23230362 -0.09832901 0.05921465
v 0.25963354 -0.10176289 0.05921465
v 0.26874340 -0.09993958 0.05921465
v 0.27785337 -0.09633309 0.05921465
v 0.28696334 -0.10476446 0.06251705
v 0.28289747 -0.10476446 0.05921465
v 0.29607332 -0.09811348 0.05921465
v 0.29062736 -0.10476446 0.05921465
v 0.30518329 -0.10476446 0.06608015
v 0.29827118 -0.10476446 0.05921465
v 0.31429327 -0.10476446 0.06658542
v 0.32340312 -0.10010308 0.05921465
v 0.32178557 -0.10476446 0.05921465
v -0.02277488 -0.10836160 0.05921465
v -0.01366490 -0.10983533 0.05921465
v -0.00455499 -0.10689622 0.05921465
v 0.28696334 -0.10799748 0.05921465
v 0.30518329 -0.11137384 0.05921465
v 0.31429327 -0.11172217 0.05921465
v 0.29607332 0.15031409 0.05275887
v 0.29607332 0.15277606 0.05010468
v 0.28716815 0.15031409 0.05010468
v 0.29888940 0.15031409 0.05010468
v 0.21408367 0.14120418 0.05647552
v 0.21408367 0.14774364 0.05010468
v 0.20661259 0.14120418 0.05010468
v 0.22319365 0.14120418 0.05351454
v 0.22319365 0.14464909 0.05010468
v 0.22705090 0.14120418 0.05010468
v 0.25052357 0.14120418 0.05214620
v 0.25052357 0.14323658 0.05010468
v 0.24832964 0.14120418 0.05010468
v 0.25963354 0.14120418 0.05613101
v 0.25963354 0.14718467 0.05010468
v 0.26874340 0.14120418 0.05883592
v 0.26874340 0.14922166 0.05010468
v 0.27785337 0.15006518 0.05010468
v 0.28696334 0.15030974 0.05010468
v 0.30518329 0.14901286 0.05010468
v 0.31429327 0.14987206 0.05010468
v 0.32289565 0.14120418 0.05010468
v 0.20497382 0.13209426 0.05350024
v 0.20497382 0.13695538 0.05010468
v 0.20110190 0.13209426 0.05010468
v 0.21408367 0.13209426 0.05884725
v 0.22319365 0.13209426 0.05912513
v 0.23230362 0.13209426 0.05412114
v 0.23230362 0.13607061 0.05010468
v 0.24141359 0.13209426 0.05372864
v 0.24141359 0.13579363 0.05010468
v 0.25052357 0.13209426 0.05871093
v 0.32340312 0.14017981 0.05010468
v 0.33121359 0.13209426 0.05010468
v 0.20497382 0.12298429 0.05608076
v 0.19756985 0.12298429 0.05010468
v 0.23230362 0.12298429 0.05848706
v 0.24141359 0.12298429 0.05823046
v 0.25052357 0.12298429 0.05918276
v 0.33251309 0.12298429 0.05852771
v 0.33251309 0.13106841 0.05010468
v 0.34054470 0.12298429 0.05010468
v 0.09565449 0.11387438 0.05513072
v 0.09565449 0.11545539 0.05010468
v 0.09169197 0.11387438 0.05010468
v 0.09981263 0.11387438 0.05010468
v 0.19586384 0.11387438 0.05679345
v 0.19586384 0.12155330 0.05010468
v 0.18947935 0.11387438 0.05010468
v 0.34162307 0.11387438 0.05486721
v 0.34162307 0.11848450 0.05010468
v 0.34648657 0.11387438 0.05010468
v -0.05010468 0.10476440 0.05582911
v -0.05010468 0.10916299 0.05010468
v -0.05767727 0.10476440 0.05010468
v -0.04099476 0.11124712 0.05010468
v -0.03188485 0.11213654 0.05010468
v -0.02277488 0.11302537 0.05010468
v -0.01366490 0.11349988 0.05010468
v -0.00455499 0.11103714 0.05010468
v 0.00455493 0.10476440 0.05280346
v 0.00455493 0.10594809 0.05010468
v 0.00626278 0.10476440 0.05010468
v 0.07743454 0.11240655 0.05010468
v 0.06849605 0.10476440 0.05010468
v 0.08654451 0.10476440 0.05643940
v 0.08654451 0.11058253 0.05010468
v 0.10476446 0.11273581 0.05010468
v 0.11387432 0.10476440 0.05763310
v 0.11387432 0.10771871 0.05010468
v 0.11797631 0.10476440 0.05010468
v 0.16853404 0.10476440 0.05324435
v 0.16853404 0.10758483 0.05010468
v 0.16355920 0.10476440 0.05010468
v 0.17414367 0.10476440 0.05010468
v 0.18675399 0.11080343 0.05010468
v 0.17896795 0.10476440 0.05010468
v 0.35056937 0.10476440 0.05010468
v -0.06832457 0.09565443 0.05470157
v -0.06832457 0.09976047 0.05010468
v -0.07394534 0.09565443 0.05010468
v -0.05921465 0.10418260 0.05010468
v 0.01366490 0.10018206 0.05010468
v 0.02277488 0.10063684 0.05010468
v 0.03188485 0.09565443 0.05633658
v 0.03188485 0.10108352 0.05010468
v 0.04099482 0.09565443 0.05604351
v 0.04099482 0.10097748 0.05010468
v 0.05010474 0.10239363 0.05010468
v 0.05921459 0.10124588 0.05010468
v 0.06832457 0.10463530 0.05010468
v 0.12298429 0.10192907 0.05010468
v 0.13209426 0.10176468 0.05010468
v 0.14120424 0.10291833 0.05010468
v 0.15031421 0.09906000 0.05010468
v 0.15942407 0.09565443 0.05178690
v 0.15942407 0.09748286 0.05010468
v 0.16853404 0.09565443 0.05723500
v 0.17764401 0.10449666 0.05010468
v 0.35073304 0.09565443 0.05256414
v 0.35073304 0.09806597 0.05010468
v 0.35312188 0.09565443 0.05010468
v -0.07743454 0.08654451 0.05839491
v -0.07743454 0.09384078 0.05010468
v -0.08537084 0.08654451 0.05010468
v 0.35073304 0.08654451 0.05884933
v 0.35938966 0.08654451 0.05010468
v -0.10476440 0.07743454 0.05212533
v -0.10476440 0.07979792 0.05010468
v -0.11146796 0.07743454 0.05010468
v -0.09565443 0.07743454 0.05237907
v -0.09565443 0.08002847 0.05010468
v -0.08654451 0.07743454 0.05734909
v -0.08654451 0.08578670 0.05010468
v 0.35984302 0.08630371 0.05010468
v 0.36873698 0.07743454 0.05010468
v -0.12298429 0.06832457 0.05398190
v -0.12298429 0.07427198 0.05010468
v -0.12954462 0.06832457 0.05010468
v -0.11387438 0.06832457 0.05513662
v -0.11387438 0.07673162 0.05010468
v -0.10476440 0.06832457 0.05618978
v -0.09565443 0.06832457 0.05854827
v -0.08654451 0.06832457 0.05903357
v 0.36895299 0.07720315 0.05010468
v 0.37782037 0.06832457 0.05010468
v -0.12298429 0.05921465 0.05407554
v -0.13145489 0.05921465 0.05010468
v -0.11387438 0.05921465 0.05554277
v -0.10476440 0.05921465 0.05694205
v -0.09565443 0.05921465 0.05762982
v 0.37806284 0.05921465 0.05830592
v 0.37806284 0.06789988 0.05010468
v 0.38623285 0.05921465 0.05010468
v -0.12298429 0.05010468 0.05015409
v -0.12307781 0.05010468 0.05010468
v -0.11387438 0.05010468 0.05428958
v -0.10476440 0.05010468 0.05655766
v -0.09565443 0.05010468 0.05874360
v 0.38717282 0.05010468 0.05486941
v 0.38717282 0.05517840 0.05010468
v 0.39228392 0.05010468 0.05010468
v -0.12298429 0.05001277 0.05010468
v -0.11387438 0.04099476 0.05126470
v -0.11579913 0.04099476 0.05010468
v -0.10476440 0.04099476 0.05571431
v 0.38717282 0.04099476 0.05811244
v 0.39558756 0.04099476 0.05010468
v -0.11387438 0.03926498 0.05010468
v -0.10476440 0.03188485 0.05171996
v -0.10713917 0.03188485 0.05010468
v -0.09565443 0.03188485 0.05588126
v 0.38717282 0.03188485 0.05865300
v 0.39628267 0.03188485 0.05353642
v 0.39628267 0.03637248 0.05010468
v 0.39971840 0.03188485 0.05010468
v -0.10476440 0.02982521 0.05010468
v -0.09565443 0.02393043 0.05010468
v -0.08654451 0.02277488 0.05694169
v -0.09461606 0.02277488 0.05010468
v 0.38717282 0.02277488 0.05895263
v 0.39628267 0.02277488 0.05619121
v 0.40220666 0.02277488 0.05010468
v -0.08654451 0.01668459 0.05010468
v -0.07743454 0.01366490 0.05238718
v -0.07940775 0.01366490 0.05010468
v 0.38717282 0.01366490 0.05863500
v 0.39628267 0.01366490 0.05037385
v 0.39653277 0.01366490 0.05010468
v -0.07743454 0.01116222 0.05010468
v -0.06832457 0.00455499 0.05557710
v -0.07354510 0.00455499 0.05010468
v 0.38717282 0.00455499 0.05795658
v 0.39628267 0.01317161 0.05010468
v 0.39561844 0.00455499 0.05010468
v -0.07697439 -0.00455493 0.05010468
v 0.37806284 -0.00455493 0.05882031
v 0.38717282 -0.00427431 0.05010468
v 0.38696396 -0.00455493 0.05010468
v -0.08654451 -0.01366490 0.05737972
v -0.08654451 -0.00647712 0.05010468
v -0.09407544 -0.01366490 0.05010468
v -0.07743454 -0.00477368 0.05010468
v 0.36895299 -0.01366490 0.05766070
v 0.37806284 -0.01366490 0.05099863
v 0.37892222 -0.01366490 0.05010468
v -0.11387438 -0.02277488 0.05134648
v -0.11387438 -0.02154237 0.05010468
v -0.11565191 -0.02277488 0.05010468
v -0.10476440 -0.02277488 0.05592531
v -0.10476440 -0.01707661 0.05010468
v -0.09565443 -0.02277488 0.05860156
v -0.09565443 -0.01427245 0.05010468
v 0.36895299 -0.02277488 0.05815065
v 0.37806284 -0.01458287 0.05010468
v 0.37639403 -0.02277488 0.05010468
v -0.12298429 -0.03188485 0.05398476
v -0.12298429 -0.02706659 0.05010468
v -0.12943029 -0.03188485 0.05010468
v -0.11387438 -0.03188485 0.05640066
v -0.10476440 -0.03188485 0.05797398
v 0.36895299 -0.03188485 0.05592263
v 0.37454784 -0.03188485 0.05010468
v -0.13209426 -0.04099482 0.05439609
v -0.13209426 -0.03418648 0.05010468
v -0.13892317 -0.04099482 0.05010468
v -0.12298429 -0.04099482 0.05614060
v -0.11387438 -0.04099482 0.05807936
v 0.36895299 -0.03749263 0.05010468
v 0.36853075 -0.04099482 0.05010468
v -0.13209426 -0.05010474 0.05355912
v -0.13945907 -0.05010474 0.05010468
v -0.12298429 -0.05010474 0.05530488
v -0.11387438 -0.05010474 0.05699819
v -0.10476440 -0.05010474 0.05841476
v -0.09565443 -0.05010474 0.05902737
v 0.35984302 -0.05010474 0.05556059
v 0.36502886 -0.05010474 0.05010468
v -0.13209426 -0.05863702 0.05010468
v -0.12298429 -0.05921459 0.05320007
v -0.13138926 -0.05921459 0.05010468
v -0.11387438 -0.05921459 0.05483836
v -0.10476440 -0.05921459 0.05633336
v -0.09565443 -0.05921459 0.05793577
v 0.35073304 -0.05921459 0.05899990
v 0.35984302 -0.05541521 0.05010468
v 0.35909474 -0.05921459 0.05010468
v -0.12298429 -0.06411272 0.05010468
v -0.11387438 -0.06647146 0.05010468
v -0.10476440 -0.06832457 0.05022645
v -0.10521573 -0.06832457 0.05010468
v -0.09565443 -0.06832457 0.05348372
v 0.35073304 -0.06824774 0.05010468
v 0.35072339 -0.06832457 0.05010468
v -0.10476440 -0.06845576 0.05010468
v -0.09565443 -0.07220423 0.05010468
v -0.08654451 -0.07743454 0.05657256
v -0.09342402 -0.07743454 0.05010468
v 0.15031421 -0.07554430 0.05010468
v 0.14904118 -0.07743454 0.05010468
v 0.15942407 -0.07642841 0.05010468
v 0.16853404 -0.07743454 0.05796260
v 0.16005898 -0.07743454 0.05010468
v 0.17764401 -0.07661587 0.05010468
v 0.17572594 -0.07743454 0.05010468
v 0.17897224 -0.07743454 0.05010468
v 0.35053766 -0.07743454 0.05010468
v -0.08654451 -0.08393419 0.05010468
v -0.07743454 -0.08652896 0.05010468
v -0.06832457 -0.08654451 0.05597478
v -0.07738954 -0.08654451 0.05010468
v 0.03188485 -0.08654451 0.05816972
v 0.04099482 -0.08654451 0.05776441
v 0.05010474 -0.08654451 0.05886984
v 0.05921459 -0.08654451 0.05753350
v 0.06832457 -0.08654451 0.05746192
v 0.07743454 -0.08654451 0.05782837
v 0.12298429 -0.08652079 0.05010468
v 0.12295967 -0.08654451 0.05010468
v 0.13209426 -0.08584780 0.05010468
v 0.14120424 -0.08525819 0.05010468
v 0.16853404 -0.08389002 0.05010468
v 0.18675399 -0.08464879 0.05010468
v 0.19586384 -0.08627218 0.05010468
v 0.20497382 -0.08647805 0.05010468
v 0.20501494 -0.08654451 0.05010468
v 0.34162307 -0.08654451 0.05853033
v 0.34974790 -0.08654451 0.05010468
v -0.06832457 -0.09231734 0.05010468
v -0.05921465 -0.09521133 0.05010468
v -0.05010468 -0.09565449 0.05669099
v -0.05820495 -0.09565449 0.05010468
v 0.00455493 -0.09565449 0.05904257
v 0.01366490 -0.09565449 0.05742121
v 0.02277488 -0.09565449 0.05584466
v 0.03188485 -0.09565449 0.05447209
v 0.04099482 -0.09565449 0.05239153
v 0.05010474 -0.09499073 0.05010468
v 0.04542810 -0.09565449 0.05010468
v 0.05921459 -0.09126759 0.05010468
v 0.06832457 -0.09128404 0.05010468
v 0.07743454 -0.09165400 0.05010468
v 0.08654451 -0.09517056 0.05010468
v 0.08679718 -0.09565449 0.05010468
v 0.11387432 -0.09279990 0.05010468
v 0.11031753 -0.09565449 0.05010468
v 0.21408367 -0.09565449 0.05636388
v 0.20816123 -0.09565449 0.05010468
v 0.24141359 -0.09565449 0.05635017
v 0.25052357 -0.09565449 0.05895716
v 0.33251309 -0.09565449 0.05576760
v 0.34162307 -0.09462845 0.05010468
v 0.33806741 -0.09565449 0.05010468
v -0.05010468 -0.10169405 0.05010468
v -0.04099476 -0.10476446 0.05063546
v -0.04153651 -0.10476446 0.05010468
v -0.03188485 -0.10476446 0.05740631
v 0.00455493 -0.10476446 0.05630708
v 0.01366490 -0.10476446 0.05099821
v 0.02277488 -0.10268241 0.05010468
v 0.01543462 -0.10476446 0.05010468
v 0.03188485 -0.10002244 0.05010468
v 0.04099482 -0.09785455 0.05010468
v 0.09565449 -0.10252362 0.05010468
v 0.10476446 -0.10046393 0.05010468
v 0.21408367 -0.10247076 0.05010468
v 0.22319365 -0.10476446 0.05555558
v 0.21682751 -0.10476446 0.05010468
v 0.23230362 -0.10476446 0.05724674
v 0.24141359 -0.10366642 0.05010468
v 0.24070323 -0.10476446 0.05010468
v 0.25052357 -0.10476446 0.05765730
v 0.24196863 -0.10476446 0.05010468
v 0.25963354 -0.10476446 0.05835319
v 0.26874340 -0.10476446 0.05875701
v 0.27785337 -0.10476446 0.05772275
v 0.29607332 -0.10476446 0.05586326
v 0.32340312 -0.10476446 0.05517542
v 0.33251309 -0.10117042 0.05010468
v 0.32774794 -0.10476446 0.05010468
v -0.04099476 -0.10528779 0.05010468
v -0.03188485 -0.11028504 0.05010468
v -0.02277488 -0.11157697 0.05010468
v -0.01366490 -0.11237234 0.05010468
v -0.00455499 -0.11195219 0.05010468
v 0.00455493 -0.11013871 0.05010468
v 0.01366490 -0.10561508 0.05010468
v 0.22319365 -0.11024022 0.05010468
v 0.23230362 -0.11180276 0.05010468
v 0.25052357 -0.11216545 0.05010468
v 0.25963354 -0.11235708 0.05010468
v 0.26874340 -0.11290085 0.05010468
v 0.27785337 -0.11195326 0.05010468
v 0.28696334 -0.11298257 0.05010468
v 0.29607332 -0.11060876 0.05010468
v 0.30518329 -0.11338532 0.05010468
v 0.31429327 -0.11333108 0.05010468
v 0.32340312 -0.10907090 0.05010468
v 0.21408367 0.15031409 0.04673815
v 0.21408367 0.15583456 0.04099476
v 0.20784521 0.15031409 0.04099476
v 0.22193706 0.15031409 0.04099476
v 0.26874340 0.15031409 0.04321593
v 0.26874340 0.15237850 0.04099476
v 0.26614237 0.15031409 0.04099476
v 0.27785337 0.15031409 0.04854399
v 0.27785337 0.15606439 0.04099476
v 0.28696334 0.15031409 0.05006123
v 0.28696334 0.15610999 0.04099476
v 0.29607332 0.15744728 0.04099476
v 0.30518329 0.15031409 0.04218704
v 0.30518329 0.15135497 0.04099476
v 0.31429327 0.15031409 0.04465067
v 0.31429327 0.15312552 0.04099476
v 0.31701875 0.15031409 0.04099476
v 0.20497382 0.14120418 0.04488796
v 0.20497382 0.14436108 0.04099476
v 0.20157957 0.14120418 0.04099476
v 0.22319365 0.15002471 0.04099476
v 0.23230362 0.14120418 0.04419100
v 0.23230362 0.14405000 0.04099476
v 0.24141359 0.14120418 0.04505652
v 0.24141359 0.14530581 0.04099476
v 0.25052357 0.14959657 0.04099476
v 0.25963354 0.14979446 0.04099476
v 0.32340312 0.14120418 0.04320318
v 0.32340312 0.14294189 0.04099476
v 0.32509232 0.14120418 0.04099476
v 0.19586384 0.13209426 0.04177052
v 0.19586384 0.13303113 0.04099476
v 0.19517779 0.13209426 0.04099476
v 0.33243787 0.13209426 0.04099476
v 0.19586384 0.12298429 0.04694396
v 0.19188869 0.12298429 0.04099476
v 0.33251309 0.13204312 0.04099476
v 0.34153628 0.12298429 0.04099476
v -0.03188485 0.11387438 0.04363936
v -0.03188485 0.11561549 0.04099476
v -0.03830659 0.11387438 0.04099476
v -0.02277488 0.11387438 0.04666471
v -0.02277488 0.11702162 0.04099476
v -0.01366490 0.11387438 0.04805213
v -0.01366490 0.11708081 0.04099476
v -0.00566804 0.11387438 0.04099476
v 0.07743454 0.11387438 0.04616112
v 0.07743454 0.11633170 0.04099476
v 0.07487756 0.11387438 0.04099476
v 0.08654451 0.11387438 0.04661441
v 0.08654451 0.11670053 0.04099476
v 0.09565449 0.11513662 0.04099476
v 0.10476446 0.11387438 0.04465216
v 0.10476446 0.11517125 0.04099476
v 0.10624886 0.11387438 0.04099476
v 0.18836737 0.11387438 0.04099476
v 0.34162307 0.12283921 0.04099476
v 0.35026443 0.11387438 0.04099476
v -0.06832457 0.10476440 0.04218578
v -0.06832457 0.10589296 0.04099476
v -0.07009959 0.10476440 0.04099476
v -0.05921465 0.10476440 0.04876959
v -0.05921465 0.10954320 0.04099476
v -0.05010468 0.11139572 0.04099476
v -0.04099476 0.11355954 0.04099476
v -0.00455499 0.11369222 0.04099476
v 0.00455493 0.11132175 0.04099476
v 0.01366490 0.10476440 0.04442841
v 0.01366490 0.10744315 0.04099476
v 0.02277488 0.10476440 0.04559070
v 0.02277488 0.10845947 0.04099476
v 0.03188485 0.10476440 0.04526126
v 0.03188485 0.10828310 0.04099476
v 0.03681439 0.10476440 0.04099476
v 0.06832457 0.10476440 0.04913282
v 0.06832457 0.10658109 0.04099476
v 0.06540334 0.10476440 0.04099476
v 0.11387432 0.11048108 0.04099476
v 0.12233275 0.10476440 0.04099476
v 0.15031421 0.10476440 0.04264444
v 0.15031421 0.10677266 0.04099476
v 0.14789605 0.10476440 0.04099476
v 0.15942407 0.10476440 0.04779273
v 0.15942407 0.11231285 0.04099476
v 0.16853404 0.11117637 0.04099476
v 0.17478156 0.10476440 0.04099476
v 0.18675399 0.10833699 0.04099476
v 0.18351531 0.10476440 0.04099476
v 0.35073304 0.10476440 0.04390866
v 0.35073304 0.10759652 0.04099476
v 0.35358083 0.10476440 0.04099476
v -0.07743454 0.09565443 0.04843122
v -0.07743454 0.10280186 0.04099476
v -0.08607650 0.09565443 0.04099476
v 0.04099482 0.10384291 0.04099476
v 0.05010474 0.10360330 0.04099476
v 0.05921459 0.10212708 0.04099476
v 0.12298429 0.10434133 0.04099476
v 0.13209426 0.10313666 0.04099476
v 0.14120424 0.10330719 0.04099476
v 0.17764401 0.10254890 0.04099476
v 0.35782146 0.09565443 0.04099476
v -0.12298429 0.08654451 0.04456729
v -0.12298429 0.09064144 0.04099476
v -0.13015717 0.08654451 0.04099476
v -0.11387438 0.08654451 0.04533845
v -0.11387438 0.09156865 0.04099476
v -0.10476440 0.08654451 0.04717368
v -0.10476440 0.09468555 0.04099476
v -0.09565443 0.08654451 0.04644978
v -0.09565443 0.09227753 0.04099476
v -0.08654451 0.08654451 0.04955584
v -0.08654451 0.09542418 0.04099476
v 0.35984302 0.08654451 0.04920113
v 0.35984302 0.09371972 0.04099476
v 0.36697340 0.08654451 0.04099476
v -0.14120418 0.07743454 0.04348427
v -0.14120418 0.08067304 0.04099476
v -0.14644754 0.07743454 0.04099476
v -0.13209426 0.07743454 0.04642916
v -0.13209426 0.08552855 0.04099476
v -0.12298429 0.07743454 0.04883355
v -0.11387438 0.07743454 0.04987293
v 0.36895299 0.07743454 0.04854333
v 0.36895299 0.08318752 0.04099476
v 0.37466466 0.07743454 0.04099476
v -0.15031409 0.06832457 0.04267836
v -0.15031409 0.07240045 0.04099476
v -0.15262967 0.06832457 0.04099476
v -0.14120418 0.06832457 0.04581165
v -0.13209426 0.06832457 0.04901958
v 0.37806284 0.06832457 0.04956090
v 0.37806284 0.07608378 0.04099476
v 0.38628018 0.06832457 0.04099476
v -0.15031409 0.05921465 0.04343951
v -0.15466589 0.05921465 0.04099476
v -0.14120418 0.05921465 0.04699504
v -0.13209426 0.05921465 0.04989249
v 0.38717282 0.05921465 0.04903227
v 0.38717282 0.06751871 0.04099476
v 0.39567423 0.05921465 0.04099476
v -0.15031409 0.05010468 0.04193377
v -0.15177435 0.05010468 0.04099476
v -0.14120418 0.05010468 0.04569972
v -0.13209426 0.05010468 0.04777920
v 0.39628267 0.05010468 0.04822803
v 0.39628267 0.05808532 0.04099476
v 0.40328753 0.05010468 0.04099476
v -0.15031409 0.04849774 0.04099476
v -0.14120418 0.04110456 0.04099476
v -0.13209426 0.04099476 0.04515344
v -0.14105839 0.04099476 0.04099476
v -0.12298429 0.04099476 0.04730392
v 0.39628267 0.04099476 0.04953909
v 0.40485096 0.04099476 0.04099476
v -0.13209426 0.03380030 0.04099476
v -0.12298429 0.03188485 0.04431921
v -0.12984073 0.03188485 0.04099476
v -0.11387438 0.03188485 0.04773062
v 0.40536702 0.03188485 0.04099476
v -0.12298429 0.02666193 0.04099476
v -0.11387438 0.02277488 0.04249305
v -0.11679828 0.02277488 0.04099476
v -0.10476440 0.02277488 0.04626125
v -0.09565443 0.02277488 0.04922712
v 0.40528047 0.02277488 0.04099476
v -0.11387438 0.02129561 0.04099476
v -0.10476440 0.01810515 0.04099476
v -0.09565443 0.01647484 0.04099476
v -0.08654451 0.01404721 0.04099476
v -0.08401465 0.01366490 0.04099476
v 0.40501893 0.01366490 0.04099476
v -0.07743454 0.00455499 0.04157674
v -0.07803929 0.00455499 0.04099476
v 0.39628267 0.00455499 0.04944456
v 0.40410113 0.00455499 0.04099476
v -0.08654451 -0.00455493 0.04669499
v -0.08654451 -0.00030178 0.04099476
v -0.08995426 -0.00455493 0.04099476
v -0.07743454 -0.00455493 0.04873616
v 0.38717282 -0.00455493 0.04994339
v 0.39628267 -0.00455493 0.04150856
v 0.39677501 -0.00455493 0.04099476
v -0.09565443 -0.01366490 0.04813367
v -0.09565443 -0.00907338 0.04099476
v -0.10244268 -0.01366490 0.04099476
v 0.38717282 -0.01322860 0.04099476
v 0.38610137 -0.01366490 0.04099476
v 0.39628267 -0.00503886 0.04099476
v -0.12298429 -0.02277488 0.04674733
v -0.12298429 -0.01793236 0.04099476
v -0.13189149 -0.02277488 0.04099476
v -0.11387438 -0.01573730 0.04099476
v -0.10476440 -0.01406354 0.04099476
v 0.37806284 -0.02246892 0.04099476
v 0.37799203 -0.02277488 0.04099476
v -0.15031409 -0.03188485 0.04128832
v -0.15031409 -0.03158665 0.04099476
v -0.15068990 -0.03188485 0.04099476
v -0.14120418 -0.03188485 0.04582512
v -0.14120418 -0.02641910 0.04099476
v -0.13209426 -0.03188485 0.04904878
v -0.13209426 -0.02287424 0.04099476
v 0.37707448 -0.03188485 0.04099476
v -0.15942407 -0.04099482 0.04367280
v -0.15942407 -0.03781438 0.04099476
v -0.16347677 -0.04099482 0.04099476
v -0.15031409 -0.04099482 0.04678655
v -0.14120418 -0.04099482 0.04923081
v 0.36895299 -0.04008514 0.04099476
v 0.36880243 -0.04099482 0.04099476
v -0.15942407 -0.05010474 0.04546237
v -0.16699582 -0.05010474 0.04099476
v -0.15031409 -0.05010474 0.04777151
v -0.14120418 -0.05010474 0.04970580
v 0.36778808 -0.05010474 0.04099476
v -0.15942407 -0.05921459 0.04225409
v -0.16178805 -0.05921459 0.04099476
v -0.15031409 -0.05921459 0.04588979
v -0.14120418 -0.05921459 0.04775214
v -0.13209426 -0.05921459 0.04993910
v 0.35984302 -0.05814648 0.04099476
v 0.35961318 -0.05921459 0.04099476
v -0.15942407 -0.06155902 0.04099476
v -0.15031409 -0.06832457 0.04193133
v -0.15208197 -0.06832457 0.04099476
v -0.14120418 -0.06832457 0.04467779
v -0.13209426 -0.06832457 0.04612994
v -0.12298429 -0.06832457 0.04768038
v -0.11387438 -0.06832457 0.04923666
v 0.35073304 -0.06832457 0.04981154
v 0.35739303 -0.06832457 0.04099476
v -0.15031409 -0.06978041 0.04099476
v -0.14120418 -0.07382995 0.04099476
v -0.13209426 -0.07743454 0.04201537
v -0.13438433 -0.07743454 0.04099476
v -0.12298429 -0.07743454 0.04445922
v -0.11387438 -0.07743454 0.04621989
v -0.10476440 -0.07743454 0.04720974
v -0.09565443 -0.07743454 0.04847342
v 0.15031421 -0.07743454 0.04405636
v 0.15942407 -0.07743454 0.04942811
v 0.17764401 -0.07224792 0.04099476
v 0.17561364 -0.07743454 0.04099476
v 0.18342876 -0.07743454 0.04099476
v 0.35073304 -0.07526118 0.04099476
v 0.35061359 -0.07743454 0.04099476
v -0.13209426 -0.07861084 0.04099476
v -0.12298429 -0.08337468 0.04099476
v -0.11387438 -0.08524436 0.04099476
v -0.10476440 -0.08500063 0.04099476
v -0.09565443 -0.08651954 0.04099476
v -0.08654451 -0.08654451 0.04730570
v -0.09561348 -0.08654451 0.04099476
v -0.07743454 -0.08654451 0.05008298
v 0.12298429 -0.08654451 0.05005890
v 0.13209426 -0.08654451 0.04810852
v 0.14120424 -0.08540159 0.04099476
v 0.13713741 -0.08654451 0.04099476
v 0.15031421 -0.07920158 0.04099476
v 0.15942407 -0.08654451 0.04127592
v 0.15906370 -0.08654451 0.04099476
v 0.16853404 -0.08555615 0.04099476
v 0.16019022 -0.08654451 0.04099476
v 0.18675399 -0.08088493 0.04099476
v 0.19586384 -0.08654451 0.04669976
v 0.19200850 -0.08654451 0.04099476
v 0.20497382 -0.08654451 0.04969132
v 0.35015988 -0.08654451 0.04099476
v -0.08654451 -0.09285748 0.04099476
v -0.07743454 -0.09405637 0.04099476
v -0.06832457 -0.09565449 0.04555738
v -0.07349712 -0.09565449 0.04099476
v -0.05921465 -0.09565449 0.04960275
v 0.05010474 -0.09565449 0.04852539
v 0.05921459 -0.09302986 0.04099476
v 0.05610126 -0.09565449 0.04099476
v 0.06832457 -0.09229523 0.04099476
v 0.07743454 -0.09565449 0.04169500
v 0.07679379 -0.09565449 0.04099476
v 0.08654451 -0.09565449 0.04917318
v 0.11387432 -0.09471464 0.04099476
v 0.11276108 -0.09565449 0.04099476
v 0.12298429 -0.09077662 0.04099476
v 0.13209426 -0.08940262 0.04099476
v 0.15942407 -0.08680153 0.04099476
v 0.19586384 -0.09071559 0.04099476
v 0.20497382 -0.09565449 0.04424375
v 0.20064914 -0.09565449 0.04099476
v 0.34162307 -0.09515947 0.04099476
v 0.34010303 -0.09565449 0.04099476
v -0.06832457 -0.10020870 0.04099476
v -0.05921465 -0.10304624 0.04099476
v -0.05010468 -0.10476446 0.04240596
v -0.05154330 -0.10476446 0.04099476
v 0.02277488 -0.10476446 0.04811728
v 0.03188485 -0.10453004 0.04099476
v 0.03077686 -0.10476446 0.04099476
v 0.04099482 -0.10318458 0.04099476
v 0.05010474 -0.10126209 0.04099476
v 0.07743454 -0.09618789 0.04099476
v 0.08654451 -0.09967476 0.04099476
v 0.09565449 -0.10315806 0.04099476
v 0.10476446 -0.10210723 0.04099476
v 0.20497382 -0.09955859 0.04099476
v 0.21408367 -0.10476446 0.04816526
v 0.20718110 -0.10476446 0.04099476
v 0.24141359 -0.10476446 0.04955637
v 0.33251309 -0.10317320 0.04099476
v 0.32922685 -0.10476446 0.04099476
v -0.05010468 -0.10614836 0.04099476
v -0.04099476 -0.11054122 0.04099476
v -0.03188485 -0.11164099 0.04099476
v -0.02277488 -0.11276770 0.04099476
v -0.01366490 -0.11384058 0.04099476
v -0.00455499 -0.11332059 0.04099476
v 0.00455493 -0.11266339 0.04099476
v 0.01366490 -0.11149108 0.04099476
v 0.02277488 -0.11025578 0.04099476
v 0.21408367 -0.11132115 0.04099476
v 0.22319365 -0.11362094 0.04099476
v 0.23230362 -0.11352241 0.04099476
v 0.24141359 -0.11272860 0.04099476
v 0.25052357 -0.11383003 0.04099476
v 0.25963354 -0.11383182 0.04099476
v 0.26874340 -0.11387432 0.04454505
v 0.26094377 -0.11387432 0.04099476
v 0.27785337 -0.11387432 0.04245943
v 0.28696334 -0.11387432 0.04327500
v 0.29607332 -0.11387432 0.04124808
v 0.30518329 -0.11387432 0.04165804
v 0.31429327 -0.11349952 0.04099476
v 0.30585027 -0.11387432 0.04099476
v 0.32340312 -0.11032903 0.04099476
v 0.26874340 -0.11720681 0.04099476
v 0.27785337 -0.11527306 0.04099476
v 0.28696334 -0.11595756 0.04099476
v 0.29607332 -0.11407375 0.04099476
v 0.30518329 -0.11423308 0.04099476
v 0.20497382 0.15031409 0.03204376
v 0.20497382 0.15042222 0.03188485
v 0.20441747 0.15031409 0.03188485
v 0.21408367 0.15856653 0.03188485
v 0.22319365 0.15031409 0.04073983
v 0.22319365 0.15849203 0.03188485
v 0.23230362 0.15031409 0.03736097
v 0.23230362 0.15580857 0.03188485
v 0.23987472 0.15031409 0.03188485
v 0.25052357 0.15031409 0.03482872
v 0.25052357 0.15271240 0.03188485
v 0.24552882 0.15031409 0.03188485
v 0.25863194 0.15031409 0.03188485
v 0.26874340 0.15564412 0.03188485
v 0.25990987 0.15031409 0.03188485
v 0.27785337 0.15731537 0.03188485
v 0.28696334 0.15565890 0.03188485
v 0.29607332 0.15683711 0.03188485
v 0.30518329 0.15304422 0.03188485
v 0.31429327 0.15031409 0.03512114
v 0.31105614 0.15031409 0.03188485
v 0.18675399 0.14120418 0.03385496
v 0.18675399 0.14347720 0.03188485
v 0.18420029 0.14120418 0.03188485
v 0.19586384 0.14120418 0.03769034
v 0.19586384 0.14896405 0.03188485
v 0.24141359 0.14975888 0.03188485
v 0.25963354 0.15030259 0.03188485
v 0.31429327 0.15018481 0.03188485
v 0.32340312 0.14120418 0.03742528
v 0.32320356 0.14120418 0.03188485
v 0.18675399 0.13209426 0.03779089
v 0.17845035 0.13209426 0.03188485
v 0.32340312 0.14085782 0.03188485
v 0.33186698 0.13209426 0.03188485
v 0.18675399 0.12298429 0.03620088
v 0.18097532 0.12298429 0.03188485
v 0.33251309 0.13157535 0.03188485
v 0.34091258 0.12298429 0.03188485
v -0.04099476 0.11387438 0.03660423
v -0.04099476 0.11476469 0.03188485
v -0.04486179 0.11387438 0.03188485
v -0.03188485 0.11434734 0.03188485
v -0.02277488 0.11409461 0.03188485
v -0.01366490 0.11387438 0.03276575
v -0.02006626 0.11387438 0.03188485
v 0.07743454 0.11387438 0.03546882
v 0.08654451 0.11780202 0.03188485
v 0.07960016 0.11387438 0.03188485
v 0.09565449 0.11387438 0.03567088
v 0.09445214 0.11387438 0.03188485
v 0.10476446 0.11387438 0.03609699
v 0.15031421 0.11387438 0.03629994
v 0.15031421 0.11716151 0.03188485
v 0.14679277 0.11387438 0.03188485
v 0.15942407 0.11387438 0.03845996
v 0.15942407 0.11737889 0.03188485
v 0.16385698 0.11387438 0.03188485
v 0.18675399 0.11387438 0.03322595
v 0.18308270 0.11387438 0.03188485
v 0.34162307 0.12166327 0.03188485
v 0.34945261 0.11387438 0.03188485
v -0.07743454 0.10476440 0.03824043
v -0.07743454 0.11000425 0.03188485
v -0.08506811 0.10476440 0.03188485
v -0.06832457 0.11075985 0.03188485
v -0.05921465 0.11218977 0.03188485
v -0.05010468 0.11351228 0.03188485
v -0.01366490 0.11372173 0.03188485
v -0.00455499 0.11163646 0.03188485
v 0.00455493 0.10826778 0.03188485
v 0.01366490 0.10476440 0.03524107
v 0.01107067 0.10476440 0.03188485
v 0.02277488 0.10476440 0.03479457
v 0.03188485 0.10476440 0.03606117
v 0.06832457 0.10762566 0.03188485
v 0.06490541 0.10476440 0.03188485
v 0.07743454 0.11237866 0.03188485
v 0.09565449 0.11349285 0.03188485
v 0.10476446 0.11333966 0.03188485
v 0.11387432 0.10910493 0.03188485
v 0.12025237 0.10476440 0.03188485
v 0.14298248 0.10476440 0.03188485
v 0.16853404 0.10636723 0.03188485
v 0.17297912 0.10476440 0.03188485
v 0.18006432 0.10476440 0.03188485
v 0.35073304 0.10476440 0.03643811
v 0.35067093 0.10476440 0.03188485
v -0.13209426 0.09565443 0.03262639
v -0.13209426 0.09637570 0.03188485
v -0.13370967 0.09565443 0.03188485
v -0.12298429 0.09565443 0.03574616
v -0.12298429 0.09931058 0.03188485
v -0.11387438 0.09565443 0.03663892
v -0.11387438 0.10016203 0.03188485
v -0.10476440 0.09565443 0.03995204
v -0.10476440 0.10264212 0.03188485
v -0.09565443 0.09565443 0.03832376
v -0.09565443 0.10179508 0.03188485
v -0.08654451 0.09565443 0.04075611
v -0.08654451 0.10424155 0.03188485
v 0.01366490 0.10353673 0.03188485
v 0.02277488 0.10357225 0.03188485
v 0.03188485 0.10318321 0.03188485
v 0.04099482 0.10273618 0.03188485
v 0.05010474 0.10331827 0.03188485
v 0.05921459 0.10176259 0.03188485
v 0.12298429 0.10357845 0.03188485
v 0.13209426 0.10417551 0.03188485
v 0.14120424 0.10363007 0.03188485
v 0.17764401 0.10421890 0.03188485
v 0.35073304 0.10425997 0.03188485
v 0.35877252 0.09565443 0.03188485
v -0.15031409 0.08654451 0.03449839
v -0.15031409 0.08966732 0.03188485
v -0.15611792 0.08654451 0.03188485
v -0.14120418 0.08654451 0.03706741
v -0.14120418 0.09290278 0.03188485
v -0.13209426 0.08654451 0.04013318
v 0.35984302 0.08901721 0.03188485
v 0.36228824 0.08654451 0.03188485
v -0.16853404 0.07743454 0.03200930
v -0.16853404 0.07759982 0.03188485
v -0.16869915 0.07743454 0.03188485
v -0.15942407 0.07743454 0.03667390
v -0.15942407 0.08489990 0.03188485
v -0.15031409 0.07743454 0.03959668
v 0.36895299 0.08183020 0.03188485
v 0.37331438 0.07743454 0.03188485
v -0.16853404 0.06832457 0.03232622
v -0.16923726 0.06832457 0.03188485
v -0.15942407 0.06832457 0.03799450
v 0.37806284 0.07627791 0.03188485
v 0.38704681 0.06832457 0.03188485
v -0.16853404 0.05921465 0.03368193
v -0.17360312 0.05921465 0.03188485
v -0.15942407 0.05921465 0.03870904
v 0.38717282 0.06827003 0.03188485
v 0.39628267 0.05921465 0.03757584
v 0.39628267 0.06338406 0.03188485
v 0.40068448 0.05921465 0.03188485
v -0.16853404 0.05010468 0.03366297
v -0.17165458 0.05010468 0.03188485
v -0.15942407 0.05010468 0.03756702
v 0.40539265 0.05010468 0.03942496
v 0.40539265 0.05786103 0.03188485
v 0.41450262 0.05010468 0.03434783
v 0.41450262 0.05254644 0.03188485
v 0.41688263 0.05010468 0.03188485
v -0.16853404 0.04643303 0.03188485
v -0.15942407 0.04099476 0.03456873
v -0.16417104 0.04099476 0.03188485
v -0.15031409 0.04099476 0.03784752
v -0.14120418 0.04099476 0.04093164
v 0.40539265 0.04099476 0.04076409
v 0.41450262 0.04099476 0.04030293
v 0.42292249 0.04099476 0.03188485
v 0.43272245 0.04099476 0.03793019
v 0.43272245 0.04902989 0.03188485
v 0.42656386 0.04099476 0.03188485
v 0.44183242 0.04099476 0.03559291
v 0.44183242 0.04714686 0.03188485
v 0.45043361 0.04099476 0.03188485
v -0.15942407 0.03752762 0.03188485
v -0.15031409 0.03247809 0.03188485
v -0.14120418 0.03188485 0.03642297
v -0.14953309 0.03188485 0.03188485
v -0.13209426 0.03188485 0.04005623
v 0.40539265 0.03188485 0.04098284
v 0.41450262 0.03188485 0.04062128
v 0.42321169 0.03188485 0.03188485
v 0.43272245 0.03188485 0.03811026
v 0.42623878 0.03188485 0.03188485
v 0.44183242 0.03188485 0.03701681
v 0.45094240 0.03188485 0.03552771
v 0.45094240 0.04048061 0.03188485
v 0.45753872 0.03188485 0.03188485
v -0.14120418 0.02678597 0.03188485
v -0.13209426 0.02277488 0.03271013
v -0.13332570 0.02277488 0.03188485
v -0.12298429 0.02277488 0.03835666
v 0.40539265 0.02277488 0.04090565
v 0.41450262 0.02277488 0.04055113
v 0.42317247 0.02277488 0.03188485
v 0.43272245 0.02277488 0.03413659
v 0.43011272 0.02277488 0.03188485
v 0.44183242 0.02277488 0.03585982
v 0.45094240 0.02277488 0.03480291
v 0.46005237 0.02277488 0.03308451
v 0.46005237 0.02625972 0.03188485
v 0.46176493 0.02277488 0.03188485
v -0.13209426 0.02201498 0.03188485
v -0.12298429 0.01811910 0.03188485
v -0.11387438 0.01624870 0.03188485
v -0.10476440 0.01532114 0.03188485
v -0.09565443 0.01452053 0.03188485
v -0.08654451 0.01366490 0.03749454
v -0.09066206 0.01366490 0.03188485
v 0.40539265 0.01366490 0.04024929
v 0.41450262 0.01366490 0.04001474
v 0.42275548 0.01366490 0.03188485
v 0.43272245 0.01998585 0.03188485
v 0.44183242 0.01540303 0.03188485
v 0.45094240 0.01761854 0.03188485
v 0.46005237 0.02053195 0.03188485
v -0.08654451 0.00946951 0.03188485
v -0.08055556 0.00455499 0.03188485
v 0.40539265 0.00466406 0.03188485
v 0.40532768 0.00455499 0.03188485
v 0.41450262 0.00537974 0.03188485
v -0.08654451 0.00240648 0.03188485
v -0.09400851 -0.00455493 0.03188485
v 0.40342367 -0.00455493 0.03188485
v -0.11387438 -0.01366490 0.03441447
v -0.11387438 -0.01126456 0.03188485
v -0.11869496 -0.01366490 0.03188485
v -0.10476440 -0.01366490 0.03966898
v -0.10476440 -0.00724512 0.03188485
v -0.09565443 -0.00528038 0.03188485
v 0.38717282 -0.01366490 0.03734875
v 0.39628267 -0.01178700 0.03188485
v 0.39137173 -0.01366490 0.03188485
v -0.14120418 -0.02277488 0.03531456
v -0.14120418 -0.01992923 0.03188485
v -0.14703935 -0.02277488 0.03188485
v -0.13209426 -0.02277488 0.04082006
v -0.13209426 -0.01689553 0.03188485
v -0.12298429 -0.01453787 0.03188485
v 0.37806284 -0.02221805 0.03188485
v 0.37786388 -0.02277488 0.03188485
v 0.38717282 -0.01771277 0.03188485
v -0.16853404 -0.03188485 0.03254819
v -0.16853404 -0.03117853 0.03188485
v -0.16949046 -0.03188485 0.03188485
v -0.15942407 -0.03188485 0.03692323
v -0.15942407 -0.02646995 0.03188485
v -0.15031409 -0.02378303 0.03188485
v 0.37528551 -0.03188485 0.03188485
v -0.17764395 -0.04099482 0.03673464
v -0.17764395 -0.03536654 0.03188485
v -0.18555838 -0.04099482 0.03188485
v -0.16853404 -0.04099482 0.03939563
v 0.36895299 -0.03821290 0.03188485
v 0.36777711 -0.04099482 0.03188485
v -0.18675393 -0.05010474 0.03518045
v -0.18675393 -0.04304808 0.03188485
v -0.19188648 -0.05010474 0.03188485
v -0.17764395 -0.05010474 0.03817642
v -0.16853404 -0.05010474 0.04052180
v 0.35984302 -0.05010474 0.03254008
v 0.35984302 -0.04944289 0.03188485
v 0.35963261 -0.05010474 0.03188485
v -0.18675393 -0.05921459 0.03537130
v -0.19304270 -0.05921459 0.03188485
v -0.17764395 -0.05921459 0.03793120
v -0.16853404 -0.05921459 0.03958035
v 0.35820377 -0.05921459 0.03188485
v -0.18675393 -0.06589586 0.03188485
v -0.17764395 -0.06832457 0.03309554
v -0.18129849 -0.06832457 0.03188485
v -0.16853404 -0.06832457 0.03601831
v -0.15942407 -0.06832457 0.03844053
v 0.35073304 -0.06832457 0.03286320
v 0.35073304 -0.06771266 0.03188485
v 0.35067916 -0.06832457 0.03188485
v -0.17764395 -0.06992882 0.03188485
v -0.16853404 -0.07538295 0.03188485
v -0.15942407 -0.07743454 0.03310293
v -0.16309375 -0.07743454 0.03188485
v -0.15031409 -0.07743454 0.03631073
v -0.14120418 -0.07743454 0.03889662
v 0.16853404 -0.07743454 0.03293520
v 0.16853404 -0.07524902 0.03188485
v 0.16737127 -0.07743454 0.03188485
v 0.17764401 -0.07743454 0.03914469
v 0.16947949 -0.07743454 0.03188485
v 0.35034859 -0.07743454 0.03188485
v -0.15942407 -0.07873851 0.03188485
v -0.15031409 -0.08351165 0.03188485
v -0.14120418 -0.08654451 0.03492343
v -0.14704180 -0.08654451 0.03188485
v -0.13209426 -0.08654451 0.03694677
v -0.12298429 -0.08654451 0.03959310
v -0.11387438 -0.08654451 0.04016143
v -0.10476440 -0.08654451 0.03994125
v -0.09565443 -0.08654451 0.04097593
v 0.14120424 -0.08505356 0.03188485
v 0.13652968 -0.08654451 0.03188485
v 0.15031421 -0.08454472 0.03188485
v 0.15216458 -0.08654451 0.03188485
v 0.16367495 -0.08654451 0.03188485
v 0.17764401 -0.08497792 0.03188485
v 0.18675399 -0.08654451 0.03323406
v 0.18522835 -0.08654451 0.03188485
v 0.34317315 -0.08654451 0.03188485
v -0.14120418 -0.08970255 0.03188485
v -0.13209426 -0.09205037 0.03188485
v -0.12298429 -0.09435880 0.03188485
v -0.11387438 -0.09459078 0.03188485
v -0.10476440 -0.09473121 0.03188485
v -0.09565443 -0.09554404 0.03188485
v -0.08654451 -0.09565449 0.03619260
v -0.09507942 -0.09565449 0.03188485
v -0.07743454 -0.09565449 0.03759277
v 0.05921459 -0.09262848 0.03188485
v 0.05394292 -0.09565449 0.03188485
v 0.06832457 -0.09041971 0.03188485
v 0.07389921 -0.09565449 0.03188485
v 0.11387432 -0.09411156 0.03188485
v 0.11158890 -0.09565449 0.03188485
v 0.12298429 -0.09130126 0.03188485
v 0.13209426 -0.08958203 0.03188485
v 0.15942407 -0.09066790 0.03188485
v 0.18675399 -0.08780968 0.03188485
v 0.19586384 -0.09565449 0.03817362
v 0.19001138 -0.09565449 0.03188485
v 0.33251309 -0.09565449 0.03353757
v 0.33251309 -0.09455162 0.03188485
v 0.32968521 -0.09565449 0.03188485
v 0.34162307 -0.08804977 0.03188485
v -0.08654451 -0.09995234 0.03188485
v -0.07743454 -0.10079879 0.03188485
v -0.06832457 -0.10329902 0.03188485
v -0.05921465 -0.10476446 0.03214562
v -0.05947429 -0.10476446 0.03188485
v 0.03188485 -0.10317540 0.03188485
v 0.02479196 -0.10476446 0.03188485
v 0.04099482 -0.10139835 0.03188485
v 0.05010474 -0.09935760 0.03188485
v 0.07743454 -0.09900469 0.03188485
v 0.08654451 -0.10016698 0.03188485
v 0.09565449 -0.10304707 0.03188485
v 0.10476446 -0.10123003 0.03188485
v 0.19586384 -0.10476446 0.03440613
v 0.19267726 -0.10476446 0.03188485
v 0.20497382 -0.10476446 0.03980434
v 0.32340312 -0.10476446 0.03319353
v 0.32340312 -0.10373223 0.03188485
v 0.32288945 -0.10476446 0.03188485
v -0.05921465 -0.10501325 0.03188485
v -0.05010468 -0.11056155 0.03188485
v -0.04099476 -0.11143780 0.03188485
v -0.03188485 -0.11218131 0.03188485
v -0.02277488 -0.11324096 0.03188485
v -0.01366490 -0.11383897 0.03188485
v -0.00455499 -0.11319917 0.03188485
v 0.00455493 -0.11160064 0.03188485
v 0.01366490 -0.10966653 0.03188485
v 0.02277488 -0.10625625 0.03188485
v 0.19586384 -0.10750192 0.03188485
v 0.20497382 -0.11353898 0.03188485
v 0.21408367 -0.11191487 0.03188485
v 0.22319365 -0.11387432 0.04052860
v 0.21489704 -0.11387432 0.03188485
v 0.23230362 -0.11387432 0.04037178
v 0.24141359 -0.11365825 0.03188485
v 0.24120200 -0.11387432 0.03188485
v 0.25052357 -0.11387432 0.04014951
v 0.24264133 -0.11387432 0.03188485
v 0.25963354 -0.11387432 0.03926933
v 0.29607332 -0.11387432 0.04069811
v 0.29607332 -0.11167657 0.03188485
v 0.29003382 -0.11387432 0.03188485
v 0.30518329 -0.11387432 0.04026908
v 0.30518329 -0.11297894 0.03188485
v 0.31429327 -0.11242205 0.03188485
v 0.22319365 -0.12196624 0.03188485
v 0.23230362 -0.12203813 0.03188485
v 0.25052357 -0.11887902 0.03188485
v 0.25963354 -0.11652750 0.03188485
v 0.26874340 -0.11774516 0.03188485
v 0.27785337 -0.11614519 0.03188485
v 0.28696334 -0.11620438 0.03188485
v 0.18675399 0.15031409 0.02605522
v 0.18675399 0.15313429 0.02277488
v 0.18258131 0.15031409 0.02277488
v 0.19586384 0.15031409 0.03121632
v 0.19586384 0.15674114 0.02277488
v 0.20497382 0.15761375 0.02277488
v 0.21408367 0.15852773 0.02277488
v 0.22319365 0.15925974 0.02277488
v 0.23230362 0.15879858 0.02277488
v 0.24141359 0.15031409 0.02764565
v 0.24141359 0.15268540 0.02277488
v 0.25052357 0.15523124 0.02277488
v 0.25963354 0.15031409 0.03160137
v 0.25963354 0.15559816 0.02277488
v 0.26874340 0.15463519 0.02277488
v 0.27785337 0.15514439 0.02277488
v 0.28696334 0.15038514 0.02277488
v 0.29607332 0.15031409 0.02335364
v 0.28735840 0.15031409 0.02277488
v 0.30518329 0.15031409 0.02794677
v 0.17764401 0.14120418 0.02953786
v 0.17764401 0.14837348 0.02277488
v 0.17033899 0.14120418 0.02277488
v 0.29607332 0.15021169 0.02277488
v 0.30518329 0.14689296 0.02277488
v 0.31429327 0.14895433 0.02277488
v 0.32198691 0.14120418 0.02277488
v 0.16853404 0.13209426 0.02787006
v 0.16853404 0.13844025 0.02277488
v 0.16350198 0.13209426 0.02277488
v 0.17764401 0.13209426 0.03155631
v 0.32340312 0.13502175 0.02277488
v 0.32625043 0.13209426 0.02277488
v 0.16853404 0.12298429 0.02600688
v 0.16490614 0.12298429 0.02277488
v 0.17764401 0.12298429 0.03020561
v 0.33251309 0.12298429 0.02308041
v 0.33221316 0.12298429 0.02277488
v -0.05010468 0.11387438 0.02459085
v -0.05010468 0.11420095 0.02277488
v -0.05210763 0.11387438 0.02277488
v -0.04099476 0.11543870 0.02277488
v -0.03188485 0.11387438 0.02979255
v -0.03623497 0.11387438 0.02277488
v -0.02277488 0.11387438 0.03147823
v 0.08654451 0.11387438 0.02298319
v 0.15031421 0.11889648 0.02277488
v 0.14293933 0.11387438 0.02277488
v 0.15942407 0.11573088 0.02277488
v 0.16853404 0.11387438 0.02860010
v 0.17764401 0.11387438 0.03123051
v 0.33251309 0.12258244 0.02277488
v 0.34162307 0.11387438 0.02381200
v 0.34090769 0.11387438 0.02277488
v -0.11387438 0.10476440 0.02523959
v -0.11387438 0.10687983 0.02277488
v -0.12277269 0.10476440 0.02277488
v -0.10476440 0.10476440 0.02806085
v -0.10476440 0.10842007 0.02277488
v -0.09565443 0.10476440 0.02532321
v -0.09565443 0.10704994 0.02277488
v -0.08654451 0.10476440 0.03093046
v -0.08654451 0.11113483 0.02277488
v -0.07743454 0.11211354 0.02277488
v -0.06832457 0.11257768 0.02277488
v -0.05921465 0.11357296 0.02277488
v -0.03188485 0.11342812 0.02277488
v -0.02277488 0.11217254 0.02277488
v -0.01366490 0.11020786 0.02277488
v -0.00455499 0.10838264 0.02277488
v 0.00455493 0.10565013 0.02277488
v 0.00998926 0.10476440 0.02277488
v 0.06832457 0.10829252 0.02277488
v 0.06481391 0.10476440 0.02277488
v 0.07743454 0.10923457 0.02277488
v 0.08654451 0.11379910 0.02277488
v 0.09565449 0.11267918 0.02277488
v 0.10476446 0.11139619 0.02277488
v 0.11387432 0.10684842 0.02277488
v 0.11741638 0.10476440 0.02277488
v 0.14259136 0.10476440 0.02277488
v 0.17764401 0.10476440 0.03145599
v 0.34162307 0.11343771 0.02277488
v 0.35017312 0.10476440 0.02277488
v -0.15942407 0.09565443 0.02378905
v -0.15942407 0.09663832 0.02277488
v -0.16224617 0.09565443 0.02277488
v -0.15031409 0.09565443 0.02631199
v -0.15031409 0.09876704 0.02277488
v -0.14120418 0.09565443 0.02879506
v -0.14120418 0.10038680 0.02277488
v -0.13209426 0.10222143 0.02277488
v -0.12298429 0.10471576 0.02277488
v 0.01366490 0.10450137 0.02277488
v 0.02277488 0.10097355 0.02277488
v 0.03188485 0.09783983 0.02277488
v 0.04099482 0.09742159 0.02277488
v 0.05010474 0.10145599 0.02277488
v 0.05921459 0.10065418 0.02277488
v 0.12298429 0.10333371 0.02277488
v 0.13209426 0.10370564 0.02277488
v 0.14120424 0.10268915 0.02277488
v 0.35073304 0.10214227 0.02277488
v 0.35716367 0.09565443 0.02277488
v -0.17764395 0.08654451 0.02574545
v -0.17764395 0.09024048 0.02277488
v -0.18430239 0.08654451 0.02277488
v -0.16853404 0.08654451 0.02796787
v -0.16853404 0.09372240 0.02277488
v -0.15942407 0.08654451 0.03081155
v 0.35984302 0.08654451 0.02935547
v 0.35643971 0.08654451 0.02277488
v -0.18675393 0.07743454 0.02449286
v -0.18675393 0.08265841 0.02277488
v -0.18990034 0.07743454 0.02277488
v -0.17764395 0.07743454 0.02887183
v 0.35984302 0.08386093 0.02277488
v 0.36895299 0.07743454 0.02710134
v 0.36649787 0.07743454 0.02277488
v -0.21408379 0.06832457 0.02285981
v -0.21408379 0.06842089 0.02277488
v -0.21421266 0.06832457 0.02277488
v -0.20497382 0.06832457 0.02310914
v -0.20497382 0.06873018 0.02277488
v -0.19586390 0.06832457 0.02310103
v -0.19586390 0.06900400 0.02277488
v -0.18675393 0.06832457 0.02562660
v -0.17764395 0.06832457 0.02891225
v 0.36895299 0.07596248 0.02277488
v 0.37806284 0.07497603 0.02277488
v 0.38661146 0.06832457 0.02277488
v -0.21408379 0.06821489 0.02277488
v -0.20497382 0.06618530 0.02277488
v -0.19586390 0.05921465 0.02550066
v -0.20289677 0.05921465 0.02277488
v -0.18675393 0.05921465 0.02774602
v -0.17764395 0.05921465 0.03070521
v 0.38717282 0.06824809 0.02277488
v 0.39628267 0.06085247 0.02277488
v 0.40539265 0.05921465 0.03082955
v 0.40539265 0.06713659 0.02277488
v 0.41450262 0.05921465 0.02345610
v 0.41450262 0.05990314 0.02277488
v 0.41557431 0.05921465 0.02277488
v 0.43272245 0.05921465 0.03103703
v 0.43272245 0.06756783 0.02277488
v 0.42414260 0.05921465 0.02277488
v 0.44183242 0.05921465 0.03083855
v 0.44183242 0.06748998 0.02277488
v 0.45094240 0.05921465 0.03007370
v 0.45094240 0.06674194 0.02277488
v 0.45987737 0.05921465 0.02277488
v -0.19586390 0.05529237 0.02277488
v -0.18675393 0.05010468 0.02411890
v -0.18892330 0.05010468 0.02277488
v -0.17764395 0.05010468 0.02925676
v 0.42361248 0.05010468 0.03117537
v 0.42361248 0.05878544 0.02277488
v 0.43272245 0.05010468 0.03184420
v 0.44183242 0.05010468 0.03180140
v 0.45094240 0.05010468 0.03160608
v 0.46005237 0.05010468 0.03040648
v 0.46005237 0.05906022 0.02277488
v 0.46916234 0.05010468 0.02767897
v 0.46916234 0.05679619 0.02277488
v 0.47824967 0.05010468 0.02277488
v -0.18675393 0.04099476 0.02498966
v -0.19078583 0.04099476 0.02277488
v -0.17764395 0.04099476 0.02767104
v -0.16853404 0.04099476 0.03047222
v 0.42361248 0.04099476 0.03166288
v 0.45094240 0.04099476 0.03186631
v 0.46005237 0.04099476 0.03122741
v 0.46916234 0.04099476 0.02918059
v 0.47827220 0.04099476 0.02623320
v 0.47827220 0.05006176 0.02277488
v 0.48209012 0.04099476 0.02277488
v -0.18675393 0.03871745 0.02277488
v -0.17764395 0.03468108 0.02277488
v -0.16853404 0.03188485 0.02435893
v -0.17146182 0.03188485 0.02277488
v -0.15942407 0.03188485 0.02817982
v -0.15031409 0.03188485 0.03151810
v 0.42361248 0.03188485 0.03129464
v 0.46005237 0.03188485 0.03157789
v 0.46916234 0.03188485 0.03013718
v 0.47827220 0.03188485 0.02889013
v 0.48477566 0.03188485 0.02277488
v -0.16853404 0.03031981 0.02277488
v -0.15942407 0.02670711 0.02277488
v -0.15031409 0.02372909 0.02277488
v -0.14120418 0.02277488 0.02623618
v -0.14710927 0.02277488 0.02277488
v 0.42361248 0.02277488 0.02724940
v 0.46916234 0.02277488 0.03072131
v 0.47827220 0.02277488 0.02958584
v 0.48532283 0.02277488 0.02277488
v -0.14120418 0.02034855 0.02277488
v -0.13209426 0.01813906 0.02277488
v -0.12298429 0.01700461 0.02277488
v -0.11387438 0.01555699 0.02277488
v -0.10476440 0.01432866 0.02277488
v -0.09565443 0.01366490 0.02489769
v -0.09811842 0.01366490 0.02277488
v 0.42361248 0.01643318 0.02277488
v 0.42345846 0.01366490 0.02277488
v 0.43272245 0.01366490 0.02949876
v 0.42489839 0.01366490 0.02277488
v 0.44183242 0.01366490 0.03154981
v 0.45094240 0.01366490 0.03065723
v 0.46005237 0.01366490 0.02991074
v 0.46916234 0.01366490 0.02959728
v 0.47827220 0.01366490 0.02634823
v 0.48186994 0.01366490 0.02277488
v -0.09565443 0.01134980 0.02277488
v -0.08654451 0.00722289 0.02277488
v -0.08114809 0.00455499 0.02277488
v 0.40539265 0.00455499 0.03177339
v 0.41450262 0.00455499 0.02881527
v 0.42001331 0.00455499 0.02277488
v 0.43272245 0.00455499 0.02808702
v 0.42739403 0.00455499 0.02277488
v 0.44183242 0.00455499 0.02980822
v 0.45094240 0.00455499 0.02884811
v 0.46005237 0.00455499 0.02366543
v 0.46916234 0.00455499 0.02413511
v 0.47827220 0.00946671 0.02277488
v 0.47088587 0.00455499 0.02277488
v -0.09565443 -0.00455493 0.02747405
v -0.09565443 -0.00043738 0.02277488
v -0.10105246 -0.00455493 0.02277488
v -0.08654451 0.00334722 0.02277488
v 0.40539265 -0.00385350 0.02277488
v 0.40356457 -0.00455493 0.02277488
v 0.41450262 -0.00102633 0.02277488
v 0.43272245 -0.00134796 0.02277488
v 0.44183242 -0.00433177 0.02277488
v 0.45094240 -0.00358647 0.02277488
v 0.46005237 0.00361550 0.02277488
v 0.46916234 0.00319201 0.02277488
v -0.13209426 -0.01366490 0.02564782
v -0.13209426 -0.01123524 0.02277488
v -0.13785809 -0.01366490 0.02277488
v -0.12298429 -0.01366490 0.02967018
v -0.12298429 -0.00881946 0.02277488
v -0.11387438 -0.00689429 0.02277488
v -0.10476440 -0.00501013 0.02277488
v 0.39628267 -0.01131916 0.02277488
v 0.39269054 -0.01366490 0.02277488
v -0.15942407 -0.02277488 0.02439481
v -0.15942407 -0.02150762 0.02277488
v -0.16239369 -0.02277488 0.02277488
v -0.15031409 -0.02277488 0.02928030
v -0.15031409 -0.01835889 0.02277488
v -0.14120418 -0.01475120 0.02277488
v 0.37806284 -0.02068329 0.02277488
v 0.37539744 -0.02277488 0.02277488
v 0.38717282 -0.01890612 0.02277488
v -0.18675393 -0.03188485 0.02328509
v -0.18675393 -0.03134400 0.02277488
v -0.18774527 -0.03188485 0.02277488
v -0.17764395 -0.03188485 0.02705395
v -0.17764395 -0.02750963 0.02277488
v -0.16853404 -0.02456367 0.02277488
v 0.36895299 -0.03188485 0.02533346
v 0.36895299 -0.02929699 0.02277488
v 0.36631441 -0.03188485 0.02277488
v -0.20497382 -0.04099482 0.02422792
v -0.20497382 -0.03934538 0.02277488
v -0.20731592 -0.04099482 0.02277488
v -0.19586390 -0.04099482 0.02789271
v -0.19586390 -0.03472394 0.02277488
v -0.18675393 -0.04099482 0.03123790
v 0.35984302 -0.04099482 0.02388406
v 0.35984302 -0.03825825 0.02277488
v 0.35782444 -0.04099482 0.02277488
v -0.21408379 -0.05010474 0.02549064
v -0.21408379 -0.04611135 0.02277488
v -0.21843618 -0.05010474 0.02277488
v -0.20497382 -0.05010474 0.02817655
v -0.19586390 -0.05010474 0.03051347
v 0.35073304 -0.05010474 0.02280915
v 0.35073304 -0.04987651 0.02277488
v 0.35065269 -0.05010474 0.02277488
v -0.21408379 -0.05921459 0.02737910
v -0.22281903 -0.05921459 0.02277488
v -0.20497382 -0.05921459 0.02975070
v -0.19586390 -0.05921459 0.03135157
v 0.35073304 -0.05921459 0.02427471
v 0.34948862 -0.05921459 0.02277488
v -0.22319376 -0.06832457 0.02341604
v -0.22319376 -0.06258899 0.02277488
v -0.22572267 -0.06832457 0.02277488
v -0.21408379 -0.06832457 0.02726698
v -0.20497382 -0.06832457 0.02970344
v -0.19586390 -0.06832457 0.03060693
v -0.18675393 -0.06832457 0.03131205
v 0.34930909 -0.06832457 0.02277488
v -0.22319376 -0.06926972 0.02277488
v -0.21408379 -0.07523119 0.02277488
v -0.20497382 -0.07743454 0.02438891
v -0.20874000 -0.07743454 0.02277488
v -0.19586390 -0.07743454 0.02542335
v -0.18675393 -0.07743454 0.02669889
v -0.17764395 -0.07743454 0.02871084
v -0.16853404 -0.07743454 0.03097939
v 0.16853404 -0.07743454 0.03120798
v 0.34162307 -0.07743454 0.02297562
v 0.34162307 -0.07665503 0.02277488
v 0.34129488 -0.07743454 0.02277488
v -0.20497382 -0.07919985 0.02277488
v -0.19586390 -0.08066642 0.02277488
v -0.18675393 -0.08303052 0.02277488
v -0.17764395 -0.08475858 0.02277488
v -0.16853404 -0.08654451 0.02330804
v -0.17004621 -0.08654451 0.02277488
v -0.15942407 -0.08654451 0.02749175
v -0.15031409 -0.08654451 0.03055978
v 0.13209426 -0.08654451 0.02342409
v 0.13209426 -0.08647865 0.02277488
v 0.12723160 -0.08654451 0.02277488
v 0.14120424 -0.08409953 0.02277488
v 0.15031421 -0.08654451 0.02593303
v 0.14940262 -0.08654451 0.02277488
v 0.15942407 -0.08654451 0.02708966
v 0.15942407 -0.08290619 0.02277488
v 0.15150464 -0.08654451 0.02277488
v 0.16853404 -0.08648729 0.02277488
v 0.17764401 -0.08654451 0.03007722
v 0.16863215 -0.08654451 0.02277488
v 0.31429327 -0.08654451 0.02319801
v 0.31429327 -0.08558619 0.02277488
v 0.31111193 -0.08654451 0.02277488
v 0.32340312 -0.08654451 0.02359337
v 0.32340312 -0.08589619 0.02277488
v 0.33251309 -0.08654451 0.02395755
v 0.33251309 -0.08592516 0.02277488
v 0.34162307 -0.08654451 0.03033060
v -0.16853404 -0.08707345 0.02277488
v -0.15942407 -0.09129608 0.02277488
v -0.15031409 -0.09377658 0.02277488
v -0.14120418 -0.09553814 0.02277488
v -0.13209426 -0.09565449 0.02534527
v -0.14041609 -0.09565449 0.02277488
v -0.12298429 -0.09565449 0.02801991
v -0.11387438 -0.09565449 0.02982986
v -0.10476440 -0.09565449 0.02987987
v -0.09565443 -0.09565449 0.03169906
v 0.03188485 -0.09565449 0.02390057
v 0.03188485 -0.09334946 0.02277488
v 0.02388430 -0.09565449 0.02277488
v 0.04099482 -0.09565449 0.02548873
v 0.04099482 -0.09224725 0.02277488
v 0.05010474 -0.09565449 0.02768230
v 0.05010474 -0.09244335 0.02277488
v 0.05921459 -0.08710694 0.02277488
v 0.06832457 -0.08891702 0.02277488
v 0.07743454 -0.09565449 0.02743262
v 0.07743454 -0.09215689 0.02277488
v 0.08032823 -0.09565449 0.02277488
v 0.11387432 -0.09240007 0.02277488
v 0.10528910 -0.09565449 0.02277488
v 0.12298429 -0.08683926 0.02277488
v 0.15031421 -0.08737922 0.02277488
v 0.17764401 -0.09468216 0.02277488
v 0.18675399 -0.09565449 0.02684462
v 0.18059576 -0.09565449 0.02277488
v 0.30518329 -0.09565449 0.02301508
v 0.30518329 -0.09373331 0.02277488
v 0.30290449 -0.09565449 0.02277488
v 0.31429327 -0.09555089 0.02277488
v 0.31408763 -0.09565449 0.02277488
v 0.32340312 -0.09565449 0.02582091
v 0.31433833 -0.09565449 0.02277488
v -0.13209426 -0.09759837 0.02277488
v -0.12298429 -0.09819740 0.02277488
v -0.11387438 -0.10004646 0.02277488
v -0.10476440 -0.10070264 0.02277488
v -0.09565443 -0.10252881 0.02277488
v -0.08654451 -0.10252291 0.02277488
v -0.07743454 -0.10270888 0.02277488
v -0.06832457 -0.10356158 0.02277488
v -0.06236601 -0.10476446 0.02277488
v 0.00455493 -0.10476446 0.02319926
v 0.00455493 -0.10397416 0.02277488
v -0.00215691 -0.10476446 0.02277488
v 0.01366490 -0.10476446 0.02476639
v 0.01366490 -0.10267115 0.02277488
v 0.02277488 -0.10476446 0.03018361
v 0.02277488 -0.09628773 0.02277488
v 0.08654451 -0.10087818 0.02277488
v 0.09565449 -0.10246527 0.02277488
v 0.10476446 -0.09612417 0.02277488
v 0.18675399 -0.10476446 0.02757525
v 0.18099070 -0.10476446 0.02277488
v 0.29607332 -0.10476446 0.02505738
v 0.29607332 -0.09997243 0.02277488
v 0.29522908 -0.10476446 0.02277488
v 0.30518329 -0.10476446 0.02304673
v 0.31429327 -0.10476446 0.02389705
v 0.31429327 -0.09572977 0.02277488
v -0.05921465 -0.10751170 0.02277488
v -0.05010468 -0.11053592 0.02277488
v -0.04099476 -0.11098623 0.02277488
v -0.03188485 -0.11040723 0.02277488
v -0.02277488 -0.10896009 0.02277488
v -0.01366490 -0.10624516 0.02277488
v -0.00455499 -0.10514390 0.02277488
v 0.18675399 -0.10958654 0.02277488
v 0.19586384 -0.11387432 0.02420360
v 0.19412935 -0.11387432 0.02277488
v 0.20497382 -0.11387432 0.03114974
v 0.21408367 -0.11249942 0.02277488
v 0.21218717 -0.11387432 0.02277488
v 0.21454406 -0.11387432 0.02277488
v 0.24141359 -0.11344421 0.02277488
v 0.24124753 -0.11387432 0.02277488
v 0.24403918 -0.11387432 0.02277488
v 0.26874340 -0.11387432 0.02631646
v 0.26874340 -0.11370081 0.02277488
v 0.26315820 -0.11387432 0.02277488
v 0.27785337 -0.11387432 0.02815372
v 0.27785337 -0.11339319 0.02277488
v 0.28696334 -0.11387432 0.02869767
v 0.28696334 -0.11310858 0.02277488
v 0.19586384 -0.11513859 0.02277488
v 0.20497382 -0.12005275 0.02277488
v 0.22319365 -0.12224036 0.02277488
v 0.23230362 -0.12264180 0.02277488
v 0.25052357 -0.11848277 0.02277488
v 0.25963354 -0.11591268 0.02277488
v 0.17764401 0.15031409 0.01866180
v 0.17764401 0.15389061 0.01366490
v 0.17343044 0.15031409 0.01366490
v 0.18675399 0.15625304 0.01366490
v 0.19586384 0.15794539 0.01366490
v 0.20497382 0.15901625 0.01366490
v 0.21408367 0.15667105 0.01366490
v 0.22319365 0.15939099 0.01366490
v 0.23230362 0.15922362 0.01366490
v 0.24141359 0.15031409 0.01369101
v 0.24141335 0.15031409 0.01366490
v 0.25052357 0.15609014 0.01366490
v 0.24141884 0.15031409 0.01366490
v 0.25963354 0.15386504 0.01366490
v 0.26874340 0.15206635 0.01366490
v 0.27785337 0.15031409 0.01589829
v 0.27232850 0.15031409 0.01366490
v 0.28696334 0.15031409 0.02267170
v 0.16853404 0.14120418 0.02102441
v 0.16853404 0.14786410 0.01366490
v 0.16207469 0.14120418 0.01366490
v 0.24141359 0.15031284 0.01366490
v 0.27785337 0.14999324 0.01366490
v 0.28696334 0.14909822 0.01366490
v 0.29607332 0.14609098 0.01366490
v 0.30518329 0.14120418 0.01805949
v 0.30128837 0.14120418 0.01366490
v 0.31429327 0.14120418 0.01446235
v 0.15942407 0.13209426 0.01610214
v 0.15942407 0.13466865 0.01366490
v 0.15716875 0.13209426 0.01366490
v 0.30518329 0.13882124 0.01366490
v 0.31429327 0.14040947 0.01366490
v 0.32340312 0.13209426 0.01993340
v 0.32193840 0.13209426 0.01366490
v 0.15942407 0.12298429 0.01832598
v 0.15536439 0.12298429 0.01366490
v 0.32340312 0.12298429 0.01408887
v 0.32295513 0.12298429 0.01366490
v -0.05921465 0.11387438 0.01613295
v -0.05921465 0.11430329 0.01366490
v -0.06063825 0.11387438 0.01366490
v -0.05010468 0.11603945 0.01366490
v -0.04099476 0.11650038 0.01366490
v -0.03188485 0.11387438 0.01734728
v -0.03188485 0.11493033 0.01366490
v -0.02740842 0.11387438 0.01366490
v 0.15031421 0.11537409 0.01366490
v 0.14261210 0.11387438 0.01366490
v 0.32340312 0.12211281 0.01366490
v 0.33251309 0.11387438 0.01438093
v 0.33141994 0.11387438 0.01366490
v -0.13209426 0.10476440 0.01403350
v -0.13209426 0.10493416 0.01366490
v -0.13483900 0.10476440 0.01366490
v -0.12298429 0.10476440 0.02244908
v -0.12298429 0.10633630 0.01366490
v -0.11387438 0.10915762 0.01366490
v -0.10476440 0.11196709 0.01366490
v -0.09565443 0.11235231 0.01366490
v -0.08654451 0.11309427 0.01366490
v -0.07743454 0.11351848 0.01366490
v -0.06832457 0.11328810 0.01366490
v -0.02277488 0.11348915 0.01366490
v -0.01366490 0.11187989 0.01366490
v -0.00455499 0.11174196 0.01366490
v 0.00455493 0.11163199 0.01366490
v 0.01366490 0.10476440 0.02248770
v 0.01366490 0.11102617 0.01366490
v 0.02277488 0.10476440 0.01534992
v 0.02277488 0.10617119 0.01366490
v 0.02423334 0.10476440 0.01366490
v 0.06832457 0.10838836 0.01366490
v 0.06468189 0.10476440 0.01366490
v 0.07743454 0.11043316 0.01366490
v 0.08654451 0.10911256 0.01366490
v 0.09565449 0.11021125 0.01366490
v 0.10476446 0.10849172 0.01366490
v 0.11387432 0.10676330 0.01366490
v 0.11861736 0.10476440 0.01366490
v 0.13209426 0.10476440 0.01736784
v 0.13209426 0.10650963 0.01366490
v 0.12783343 0.10476440 0.01366490
v 0.13577437 0.10476440 0.01366490
v 0.14702690 0.10476440 0.01366490
v 0.33251309 0.11316609 0.01366490
v 0.34162307 0.10476440 0.01410490
v 0.34091032 0.10476440 0.01366490
v -0.18675393 0.09565443 0.01387191
v -0.18675393 0.09585780 0.01366490
v -0.18758106 0.09565443 0.01366490
v -0.17764395 0.09565443 0.01653057
v -0.17764395 0.09798622 0.01366490
v -0.16853404 0.09565443 0.01959878
v -0.16853404 0.09962952 0.01366490
v -0.15942407 0.10197669 0.01366490
v -0.15031409 0.10357744 0.01366490
v -0.14120418 0.10447973 0.01366490
v 0.03188485 0.10191959 0.01366490
v 0.04099482 0.09565443 0.01868945
v 0.03981394 0.09565443 0.01366490
v 0.05010474 0.09574503 0.01366490
v 0.04981041 0.09565443 0.01366490
v 0.05921459 0.09840864 0.01366490
v 0.12298429 0.10429734 0.01366490
v 0.14120424 0.10400891 0.01366490
v 0.34162307 0.10461551 0.01366490
v 0.35073304 0.09565443 0.01618677
v 0.35055172 0.09565443 0.01366490
v -0.20497382 0.08654451 0.01775813
v -0.20497382 0.09208971 0.01366490
v -0.21308655 0.08654451 0.01366490
v -0.19586390 0.08654451 0.01909679
v -0.19586390 0.09411407 0.01366490
v -0.18675393 0.08654451 0.02176160
v 0.04099482 0.09289479 0.01366490
v 0.35073304 0.08654451 0.01668936
v 0.35057533 0.08654451 0.01366490
v -0.31429321 0.07743454 0.01556128
v -0.31429321 0.08221394 0.01366490
v -0.31932718 0.07743454 0.01366490
v -0.30518323 0.07743454 0.01551843
v -0.30518323 0.08251053 0.01366490
v -0.29607332 0.07743454 0.01500481
v -0.29607332 0.08129865 0.01366490
v -0.28696334 0.07743454 0.01540345
v -0.28696334 0.08275318 0.01366490
v -0.27785337 0.07743454 0.01462561
v -0.27785337 0.07966352 0.01366490
v -0.26874346 0.07743454 0.01394141
v -0.26874346 0.07789630 0.01366490
v -0.26735234 0.07743454 0.01366490
v -0.24141359 0.07743454 0.01580930
v -0.24141359 0.08421713 0.01366490
v -0.24500108 0.07743454 0.01366490
v -0.23230368 0.07743454 0.01883125
v -0.23230368 0.08511269 0.01366490
v -0.22319376 0.07743454 0.01784420
v -0.22319376 0.08281571 0.01366490
v -0.21408379 0.07743454 0.01635367
v -0.21408379 0.08458292 0.01366490
v -0.20497382 0.07743454 0.01935858
v -0.19586390 0.07743454 0.02137363
v 0.34162307 0.07743454 0.01370734
v 0.34162307 0.07744092 0.01366490
v 0.34160376 0.07743454 0.01366490
v 0.35073304 0.07743454 0.01468086
v 0.35984302 0.07743454 0.01631290
v -0.31429321 0.06832457 0.01470822
v -0.31594568 0.06832457 0.01366490
v -0.30518323 0.06832457 0.01467764
v -0.29607332 0.06832457 0.01439840
v -0.28696334 0.06832457 0.01440781
v -0.27785337 0.06832457 0.01495111
v -0.26874346 0.06832457 0.01560318
v -0.25963348 0.06832457 0.01686084
v -0.25963348 0.07512736 0.01366490
v -0.25236076 0.06832457 0.01366490
v -0.24141359 0.07266021 0.01366490
v -0.23230368 0.06832457 0.01828885
v -0.23939544 0.06832457 0.01366490
v -0.22319376 0.06832457 0.02056736
v 0.34162307 0.07724482 0.01366490
v 0.35073304 0.07347095 0.01366490
v 0.35984302 0.07262397 0.01366490
v 0.36895299 0.06832457 0.01408857
v 0.36710238 0.06832457 0.01366490
v 0.37806284 0.06939715 0.01366490
v 0.37453187 0.06832457 0.01366490
v 0.37951553 0.06832457 0.01366490
v 0.43272245 0.06832457 0.02180898
v 0.43272245 0.07637721 0.01366490
v 0.42373073 0.06832457 0.01366490
v 0.44183242 0.06832457 0.02235293
v 0.44183242 0.07691699 0.01366490
v 0.45094240 0.06832457 0.02223009
v 0.45094240 0.07681346 0.01366490
v 0.46005237 0.06832457 0.01762432
v 0.46005237 0.07228440 0.01366490
v 0.46481693 0.06832457 0.01366490
v -0.31429321 0.06627315 0.01366490
v -0.30518323 0.06560338 0.01366490
v -0.29607332 0.06499779 0.01366490
v -0.28696334 0.06104529 0.01366490
v -0.27785337 0.06012559 0.01366490
v -0.26874346 0.05921465 0.01381433
v -0.27313614 0.05921465 0.01366490
v -0.25963348 0.05921465 0.01585060
v -0.25052351 0.05921465 0.01726687
v -0.25052351 0.06680501 0.01366490
v -0.24141359 0.05921465 0.01594311
v -0.24141359 0.06400239 0.01366490
v -0.23230368 0.06145293 0.01366490
v -0.23693317 0.05921465 0.01366490
v -0.22319376 0.05921465 0.01407802
v -0.22436041 0.05921465 0.01366490
v -0.21408379 0.05921465 0.01883972
v -0.20497382 0.05921465 0.02196562
v 0.36895299 0.06818330 0.01366490
v 0.38717282 0.06772763 0.01366490
v 0.39628267 0.06272095 0.01366490
v 0.40539265 0.06823182 0.01366490
v 0.41450262 0.06692636 0.01366490
v 0.42361248 0.05921465 0.02247649
v 0.42361248 0.06827474 0.01366490
v 0.46005237 0.05921465 0.02274019
v 0.46916234 0.05921465 0.01993847
v 0.46916234 0.06447172 0.01366490
v 0.47827220 0.05921465 0.01910383
v 0.47827220 0.06485111 0.01366490
v 0.48472965 0.05921465 0.01366490
v -0.26874346 0.05892777 0.01366490
v -0.25963348 0.05559129 0.01366490
v -0.25052351 0.05292171 0.01366490
v -0.24141359 0.05010468 0.01573753
v -0.24603075 0.05010468 0.01366490
v -0.23230368 0.05010468 0.01706046
v -0.23230368 0.05593330 0.01366490
v -0.22319376 0.05010468 0.01655704
v -0.21408379 0.05010468 0.01621574
v -0.20497382 0.05010468 0.01752263
v -0.19586390 0.05010468 0.02007926
v 0.47827220 0.05010468 0.02276868
v 0.48738217 0.05010468 0.02087623
v 0.48738217 0.05806500 0.01366490
v 0.49479902 0.05010468 0.01366490
v -0.24141359 0.04784381 0.01366490
v -0.23230368 0.04514301 0.01366490
v -0.22319376 0.04099476 0.01524097
v -0.22599870 0.04099476 0.01366490
v -0.21408379 0.04099476 0.01662028
v -0.20497382 0.04099476 0.01804614
v -0.19586390 0.04099476 0.02115959
v 0.48738217 0.04099476 0.02238947
v 0.49649215 0.04099476 0.01760000
v 0.49649215 0.04524422 0.01366490
v 0.50039172 0.04099476 0.01366490
v -0.22319376 0.03942597 0.01366490
v -0.21408379 0.03806025 0.01366490
v -0.20497382 0.03659540 0.01366490
v -0.19586390 0.03389227 0.01366490
v -0.18675393 0.03188485 0.01449621
v -0.18815911 0.03188485 0.01366490
v -0.17764395 0.03188485 0.02021766
v 0.48738217 0.03188485 0.02206028
v 0.49649215 0.03188485 0.01709044
v 0.49990940 0.03188485 0.01366490
v -0.18675393 0.03110141 0.01366490
v -0.17764395 0.02682650 0.01366490
v -0.16853404 0.02521098 0.01366490
v -0.15942407 0.02354401 0.01366490
v -0.15031409 0.02277488 0.01845348
v -0.15496254 0.02277488 0.01366490
v 0.48738217 0.02277488 0.02160132
v 0.49649215 0.02694899 0.01366490
v 0.49577558 0.02277488 0.01366490
v -0.15031409 0.02113485 0.01366490
v -0.14120418 0.01967227 0.01366490
v -0.13209426 0.01919222 0.01366490
v -0.12298429 0.01889509 0.01366490
v -0.11387438 0.01654458 0.01366490
v -0.10476440 0.01467091 0.01366490
v -0.09886974 0.01366490 0.01366490
v 0.42361248 0.01366490 0.02113646
v 0.48738217 0.01366490 0.01830751
v 0.49223232 0.01366490 0.01366490
v -0.09565443 0.00939733 0.01366490
v -0.08654451 0.00779754 0.01366490
v -0.08286363 0.00455499 0.01366490
v 0.42361248 0.00455499 0.01504004
v 0.47827220 0.00455499 0.02065265
v 0.48738217 0.00760347 0.01366490
v 0.48581445 0.00455499 0.01366490
v -0.10476440 -0.00455493 0.01805383
v -0.10476440 -0.00257164 0.01366490
v -0.10794306 -0.00455493 0.01366490
v -0.09565443 0.00266439 0.01366490
v -0.08654451 0.00391757 0.01366490
v 0.39628267 -0.00455493 0.01383930
v 0.39628267 -0.00446874 0.01366490
v 0.39625251 -0.00455493 0.01366490
v 0.40539265 -0.00455493 0.02033752
v 0.39653432 -0.00455493 0.01366490
v 0.41450262 -0.00305450 0.01366490
v 0.41163909 -0.00455493 0.01366490
v 0.42361248 0.00286436 0.01366490
v 0.43272245 -0.00455493 0.02241164
v 0.42398250 -0.00455493 0.01366490
v 0.44183242 -0.00455493 0.02275187
v 0.45094240 -0.00455493 0.02269232
v 0.46005237 -0.00455493 0.02153516
v 0.46916234 -0.00388736 0.01366490
v 0.46894765 -0.00455493 0.01366490
v 0.47827220 -0.00292677 0.01366490
v -0.14120418 -0.01366490 0.01894176
v -0.14120418 -0.01158643 0.01366490
v -0.14690155 -0.01366490 0.01366490
v -0.13209426 -0.00965977 0.01366490
v -0.12298429 -0.00847232 0.01366490
v -0.11387438 -0.00618744 0.01366490
v 0.37806284 -0.01366490 0.01452565
v 0.37806284 -0.01356387 0.01366490
v 0.37738872 -0.01366490 0.01366490
v 0.38717282 -0.01366490 0.01560712
v 0.38717282 -0.01344615 0.01366490
v 0.40539265 -0.01043880 0.01366490
v 0.43272245 -0.01349968 0.01366490
v 0.44183242 -0.01366490 0.01911628
v 0.43443751 -0.01366490 0.01366490
v 0.45094240 -0.01366490 0.01745474
v 0.46005237 -0.01293433 0.01366490
v 0.45614660 -0.01366490 0.01366490
v -0.16853404 -0.02277488 0.01827461
v -0.16853404 -0.02024782 0.01366490
v -0.17562205 -0.02277488 0.01366490
v -0.15942407 -0.01753479 0.01366490
v -0.15031409 -0.01477897 0.01366490
v 0.35984302 -0.02277488 0.01463181
v 0.35984302 -0.01960707 0.01366490
v 0.35406208 -0.02277488 0.01366490
v 0.36895299 -0.02277488 0.01639032
v 0.36895299 -0.02103817 0.01366490
v 0.44183242 -0.01908863 0.01366490
v 0.45094240 -0.01742405 0.01366490
v -0.19586390 -0.03188485 0.01688373
v -0.19586390 -0.02950609 0.01366490
v -0.20273429 -0.03188485 0.01366490
v -0.18675393 -0.02707112 0.01366490
v -0.17764395 -0.02352273 0.01366490
v 0.35073304 -0.03188485 0.01400381
v 0.35073304 -0.02662122 0.01366490
v 0.34997332 -0.03188485 0.01366490
v 0.35984302 -0.03188485 0.01646727
v -0.22319376 -0.04099482 0.01780200
v -0.22319376 -0.03665882 0.01366490
v -0.23180038 -0.04099482 0.01366490
v -0.21408379 -0.04099482 0.01968247
v -0.21408379 -0.03371710 0.01366490
v -0.20497382 -0.03232634 0.01366490
v 0.35073304 -0.04099482 0.01575208
v 0.34571123 -0.04099482 0.01366490
v -0.25963348 -0.05010474 0.01557726
v -0.25963348 -0.04811066 0.01366490
v -0.26659518 -0.05010474 0.01366490
v -0.25052351 -0.05010474 0.01734287
v -0.25052351 -0.04586327 0.01366490
v -0.24141359 -0.05010474 0.01862448
v -0.24141359 -0.04396623 0.01366490
v -0.23230368 -0.05010474 0.01951873
v -0.23230368 -0.04125822 0.01366490
v -0.22319376 -0.05010474 0.02137136
v 0.34162307 -0.05010474 0.01387417
v 0.34162307 -0.04810458 0.01366490
v 0.34103906 -0.05010474 0.01366490
v -0.31429321 -0.05921459 0.01674664
v -0.31429321 -0.05609661 0.01366490
v -0.32287425 -0.05921459 0.01366490
v -0.30518323 -0.05921459 0.01784837
v -0.30518323 -0.05482644 0.01366490
v -0.29607332 -0.05921459 0.01856291
v -0.29607332 -0.05374753 0.01366490
v -0.28696334 -0.05921459 0.01922321
v -0.28696334 -0.05276394 0.01366490
v -0.27785337 -0.05921459 0.01956344
v -0.27785337 -0.05185366 0.01366490
v -0.26874346 -0.05921459 0.02035367
v -0.26874346 -0.05044639 0.01366490
v -0.25963348 -0.05921459 0.02100331
v -0.25052351 -0.05921459 0.02139103
v -0.24141359 -0.05921459 0.02103579
v -0.23230368 -0.05921459 0.02130759
v -0.22319376 -0.05921459 0.02267748
v 0.34162307 -0.05921459 0.01492006
v 0.34004521 -0.05921459 0.01366490
v -0.35073298 -0.06832457 0.01457953
v -0.35073298 -0.06737429 0.01366490
v -0.35266739 -0.06832457 0.01366490
v -0.34162301 -0.06832457 0.01778841
v -0.34162301 -0.06375587 0.01366490
v -0.33251309 -0.06832457 0.01945132
v -0.33251309 -0.06124830 0.01366490
v -0.32340318 -0.06832457 0.02037138
v -0.32340318 -0.05932206 0.01366490
v -0.31429321 -0.06832457 0.02102923
v -0.30518323 -0.06832457 0.02145982
v -0.29607332 -0.06832457 0.02177572
v -0.28696334 -0.06832457 0.02211559
v -0.27785337 -0.06832457 0.02231747
v -0.26874346 -0.06832457 0.02234346
v -0.25963348 -0.06832457 0.02236843
v -0.25052351 -0.06832457 0.02205396
v -0.24141359 -0.06832457 0.02196890
v -0.23230368 -0.06832457 0.02239394
v 0.34162307 -0.06832457 0.01501828
v 0.33985043 -0.06832457 0.01366490
v -0.35073298 -0.07743454 0.01707435
v -0.35969591 -0.07743454 0.01366490
v -0.34162301 -0.07743454 0.01759392
v -0.33251309 -0.07743454 0.01901454
v -0.32340318 -0.07743454 0.02044350
v -0.31429321 -0.07743454 0.02147752
v -0.30518323 -0.07743454 0.02173704
v -0.29607332 -0.07743454 0.02190584
v -0.28696334 -0.07743454 0.02201915
v -0.27785337 -0.07743454 0.02185619
v -0.26874346 -0.07743454 0.02144545
v -0.25963348 -0.07743454 0.02104259
v -0.25052351 -0.07743454 0.02058226
v -0.24141359 -0.07743454 0.01996988
v -0.23230368 -0.07743454 0.01985449
v -0.22319376 -0.07743454 0.02089995
v -0.21408379 -0.07743454 0.02207255
v 0.33251309 -0.07743454 0.01422364
v 0.33251309 -0.07575172 0.01366490
v 0.32982564 -0.07743454 0.01366490
v -0.35073298 -0.08654451 0.01423949
v -0.35308224 -0.08654451 0.01366490
v -0.34162301 -0.08654451 0.01703972
v -0.33251309 -0.08654451 0.01757485
v -0.32340318 -0.08654451 0.01918370
v -0.31429321 -0.08654451 0.02086073
v -0.30518323 -0.08654451 0.02073616
v -0.29607332 -0.08654451 0.02028966
v -0.28696334 -0.08654451 0.02004468
v -0.27785337 -0.08654451 0.01942337
v -0.26874346 -0.08654451 0.01899207
v -0.25963348 -0.08654451 0.01829964
v -0.25052351 -0.08654451 0.01746559
v -0.24141359 -0.08654451 0.01664507
v -0.23230368 -0.08654451 0.01682121
v -0.22319376 -0.08654451 0.01675224
v -0.21408379 -0.08654451 0.01682264
v -0.20497382 -0.08654451 0.01823395
v -0.19586390 -0.08654451 0.01866072
v -0.18675393 -0.08654451 0.01976103
v -0.17764395 -0.08654451 0.02066743
v 0.04099482 -0.08654451 0.01594633
v 0.04099482 -0.08455056 0.01366490
v 0.03933376 -0.08654451 0.01366490
v 0.05010474 -0.08654451 0.01664865
v 0.05010474 -0.08289498 0.01366490
v 0.05921459 -0.08654451 0.02201772
v 0.05921459 -0.08415699 0.01366490
v 0.06374186 -0.08654451 0.01366490
v 0.13209426 -0.08633107 0.01366490
v 0.12796038 -0.08654451 0.01366490
v 0.14120424 -0.08340174 0.01366490
v 0.15031421 -0.08654451 0.02190739
v 0.15031421 -0.08077717 0.01366490
v 0.15942407 -0.08646458 0.01366490
v 0.16853404 -0.08654451 0.02272511
v 0.15952528 -0.08654451 0.01366490
v 0.30518329 -0.08654451 0.01824129
v 0.30518329 -0.08627343 0.01366490
v 0.30429089 -0.08654451 0.01366490
v 0.31429327 -0.08491802 0.01366490
v 0.32340312 -0.08353323 0.01366490
v -0.35073298 -0.08749110 0.01366490
v -0.34162301 -0.09109044 0.01366490
v -0.33251309 -0.09274954 0.01366490
v -0.32340318 -0.09565449 0.01418436
v -0.32474196 -0.09565449 0.01366490
v -0.31429321 -0.09565449 0.01808953
v -0.30518323 -0.09565449 0.01742673
v -0.29607332 -0.09565449 0.01645666
v -0.28696334 -0.09565449 0.01594955
v -0.27785337 -0.09565449 0.01410294
v -0.26874346 -0.09439892 0.01366490
v -0.27611548 -0.09565449 0.01366490
v -0.25963348 -0.09283531 0.01366490
v -0.25052351 -0.09144711 0.01366490
v -0.24141359 -0.09073281 0.01366490
v -0.23230368 -0.09124124 0.01366490
v -0.22319376 -0.09034258 0.01366490
v -0.21408379 -0.08993340 0.01366490
v -0.20497382 -0.09158802 0.01366490
v -0.19586390 -0.09160352 0.01366490
v -0.18675393 -0.09145963 0.01366490
v -0.17764395 -0.09158814 0.01366490
v -0.16853404 -0.09298038 0.01366490
v -0.15942407 -0.09478945 0.01366490
v -0.15031409 -0.09565449 0.01601225
v -0.15401357 -0.09565449 0.01366490
v -0.14120418 -0.09565449 0.02213788
v 0.03188485 -0.09313810 0.01366490
v 0.02799231 -0.09565449 0.01366490
v 0.06832457 -0.09051049 0.01366490
v 0.07743454 -0.09059107 0.01366490
v 0.08410698 -0.09565449 0.01366490
v 0.10476446 -0.09565449 0.02223527
v 0.10476446 -0.09182245 0.01366490
v 0.09767425 -0.09565449 0.01366490
v 0.11387432 -0.08984441 0.01366490
v 0.12298429 -0.08824241 0.01366490
v 0.16853404 -0.09542674 0.01366490
v 0.17764401 -0.09565449 0.02117348
v 0.16929102 -0.09565449 0.01366490
v 0.29607332 -0.09565449 0.01880276
v 0.29607332 -0.09474081 0.01366490
v 0.29387176 -0.09565449 0.01366490
v 0.31429327 -0.09565449 0.02273142
v -0.32340318 -0.09627509 0.01366490
v -0.31429321 -0.10085928 0.01366490
v -0.30518323 -0.10035366 0.01366490
v -0.29607332 -0.09919679 0.01366490
v -0.28696334 -0.09826231 0.01366490
v -0.27785337 -0.09616673 0.01366490
v -0.15031409 -0.09681678 0.01366490
v -0.14120418 -0.09802204 0.01366490
v -0.13209426 -0.09846425 0.01366490
v -0.12298429 -0.09776771 0.01366490
v -0.11387438 -0.09840173 0.01366490
v -0.10476440 -0.10067105 0.01366490
v -0.09565443 -0.10393465 0.01366490
v -0.08654451 -0.10405684 0.01366490
v -0.07743454 -0.10276812 0.01366490
v -0.06832457 -0.10476446 0.01604104
v -0.07109255 -0.10476446 0.01366490
v 0.00455493 -0.10476446 0.02181512
v 0.01366490 -0.10476446 0.01850593
v 0.02277488 -0.10029882 0.01366490
v 0.01623666 -0.10476446 0.01366490
v 0.08654451 -0.09773642 0.01366490
v 0.09565449 -0.09745598 0.01366490
v 0.17764401 -0.10476446 0.02025580
v 0.16951227 -0.10476446 0.01366490
v 0.29080749 -0.10476446 0.01366490
v -0.06832457 -0.10676724 0.01366490
v -0.05921465 -0.10769165 0.01366490
v -0.05010468 -0.11121190 0.01366490
v -0.04099476 -0.11260498 0.01366490
v -0.03188485 -0.11217332 0.01366490
v -0.02277488 -0.11138636 0.01366490
v -0.01366490 -0.10923880 0.01366490
v -0.00455499 -0.10954970 0.01366490
v 0.00455493 -0.10930175 0.01366490
v 0.01366490 -0.10716671 0.01366490
v 0.17764401 -0.11071640 0.01366490
v 0.18675399 -0.11387432 0.01398671
v 0.18640029 -0.11387432 0.01366490
v 0.21408367 -0.11387432 0.01890177
v 0.24141359 -0.11349314 0.01366490
v 0.24134982 -0.11387432 0.01366490
v 0.24265504 -0.11387432 0.01366490
v 0.26874340 -0.11266142 0.01366490
v 0.26577246 -0.11387432 0.01366490
v 0.27785337 -0.11167139 0.01366490
v 0.28696334 -0.10866350 0.01366490
v 0.18675399 -0.11409706 0.01366490
v 0.19586384 -0.11655104 0.01366490
v 0.20497382 -0.12096119 0.01366490
v 0.21408367 -0.11781341 0.01366490
v 0.22319365 -0.12139708 0.01366490
v 0.23230362 -0.12277496 0.01366490
v 0.25052357 -0.11957502 0.01366490
v 0.25963354 -0.11951876 0.01366490
v 0.16853404 0.15031409 0.00476223
v 0.16853404 0.15046990 0.00455499
v 0.16837347 0.15031409 0.00455499
v 0.17764401 0.15599191 0.00455499
v 0.18675399 0.15731353 0.00455499
v 0.19586384 0.15859240 0.00455499
v 0.20497382 0.15915430 0.00455499
v 0.21408367 0.15352625 0.00455499
v 0.22319365 0.15915674 0.00455499
v 0.23230362 0.15899402 0.00455499
v 0.24114418 0.15031409 0.00455499
v 0.25052357 0.15031409 0.00613624
v 0.25963354 0.15204799 0.00455499
v 0.25601363 0.15031409 0.00455499
v 0.26874340 0.15031409 0.01189584
v 0.26142848 0.15031409 0.00455499
v 0.15942407 0.14120418 0.01044852
v 0.15942407 0.14677697 0.00455499
v 0.15380132 0.14120418 0.00455499
v 0.24141359 0.14887989 0.00455499
v 0.25052357 0.14987278 0.00455499
v 0.26874340 0.14745957 0.00455499
v 0.27785337 0.14380097 0.00455499
v 0.28696334 0.14120418 0.00570005
v 0.28139508 0.14120418 0.00455499
v 0.29607332 0.14120418 0.00873548
v 0.15031421 0.13209426 0.00717205
v 0.15031421 0.13480955 0.00455499
v 0.14653111 0.13209426 0.00455499
v 0.28696334 0.13954180 0.00455499
v 0.29607332 0.13448805 0.00455499
v 0.30518329 0.13209426 0.00664794
v 0.29903066 0.13209426 0.00455499
v 0.31429327 0.13209426 0.00586677
v 0.14120424 0.12298429 0.00783330
v 0.14120424 0.12726355 0.00455499
v 0.13813698 0.12298429 0.00455499
v 0.15031421 0.12298429 0.01030475
v 0.30518329 0.13071752 0.00455499
v 0.31429327 0.12298429 0.00488359
v 0.31344616 0.12298429 0.00455499
v -0.05921465 0.11387438 0.00879425
v -0.05010468 0.11387438 0.00518382
v -0.04099476 0.11387438 0.00517726
v -0.03188485 0.11387438 0.01168036
v 0.14120424 0.11387438 0.01351267
v 0.13508487 0.11387438 0.00455499
v 0.31429327 0.11387438 0.00457793
v 0.31424093 0.11387438 0.00455499
v 0.32340312 0.11387438 0.00596803
v -0.15942407 0.10476440 0.00712460
v -0.15942407 0.10594845 0.00455499
v -0.16715634 0.10476440 0.00455499
v -0.15031409 0.10476440 0.01051551
v -0.15031409 0.10717535 0.00455499
v -0.14120418 0.10476440 0.01309586
v -0.14120418 0.10851640 0.00455499
v -0.13209426 0.10958809 0.00455499
v -0.12298429 0.11098963 0.00455499
v -0.11387438 0.11204308 0.00455499
v -0.10476440 0.11222857 0.00455499
v -0.09565443 0.11345470 0.00455499
v -0.08654451 0.11333340 0.00455499
v -0.07743454 0.11361504 0.00455499
v -0.06832457 0.11367613 0.00455499
v -0.05921465 0.11380851 0.00455499
v -0.05010468 0.11383820 0.00455499
v -0.04099476 0.11382359 0.00455499
v -0.03188485 0.11271662 0.00455499
v -0.02277488 0.11105442 0.00455499
v -0.01366490 0.10830188 0.00455499
v -0.00455499 0.10704893 0.00455499
v 0.00455493 0.10608542 0.00455499
v 0.01366490 0.10476440 0.00523901
v 0.00907481 0.10476440 0.00455499
v 0.02277488 0.10476440 0.01217461
v 0.06832457 0.10476440 0.00723815
v 0.07743454 0.10816413 0.00455499
v 0.07125860 0.10476440 0.00455499
v 0.08654451 0.10648918 0.00455499
v 0.09565449 0.10817021 0.00455499
v 0.10476446 0.10698718 0.00455499
v 0.11387432 0.10476440 0.00960594
v 0.10922861 0.10476440 0.00455499
v 0.13209426 0.10476440 0.01027197
v 0.14120424 0.10476440 0.01191682
v 0.13403761 0.10476440 0.00455499
v 0.31429327 0.11366343 0.00455499
v 0.32340312 0.10476440 0.00467569
v 0.32162869 0.10476440 0.00455499
v 0.33251309 0.10476440 0.00543725
v -0.33251309 0.09565443 0.00706869
v -0.33251309 0.09816563 0.00455499
v -0.34074652 0.09565443 0.00455499
v -0.32340318 0.09565443 0.00781381
v -0.32340318 0.09906238 0.00455499
v -0.31429321 0.09565443 0.00838333
v -0.31429321 0.09992975 0.00455499
v -0.30518323 0.09565443 0.00843519
v -0.30518323 0.09987456 0.00455499
v -0.29607332 0.09565443 0.00839812
v -0.29607332 0.09959954 0.00455499
v -0.28696334 0.09565443 0.00769550
v -0.28696334 0.09876221 0.00455499
v -0.27785337 0.09565443 0.00660962
v -0.27785337 0.09768748 0.00455499
v -0.26874346 0.09565443 0.00538111
v -0.26874346 0.09645778 0.00455499
v -0.26206571 0.09565443 0.00455499
v -0.22319376 0.09565443 0.00703502
v -0.22319376 0.09821391 0.00455499
v -0.22966146 0.09565443 0.00455499
v -0.21408379 0.09565443 0.01020753
v -0.21408379 0.10132414 0.00455499
v -0.20497382 0.09565443 0.01102692
v -0.20497382 0.10194802 0.00455499
v -0.19586390 0.09565443 0.01249015
v -0.19586390 0.10294074 0.00455499
v -0.18675393 0.10385346 0.00455499
v -0.17764395 0.10402030 0.00455499
v -0.16853404 0.10466474 0.00455499
v 0.01366490 0.10445648 0.00455499
v 0.02277488 0.10144103 0.00455499
v 0.03188485 0.09565443 0.00586843
v 0.03025043 0.09565443 0.00455499
v 0.05010474 0.09565443 0.01351804
v 0.05921459 0.09990811 0.00455499
v 0.05393237 0.09565443 0.00455499
v 0.06832457 0.10350347 0.00455499
v 0.11387432 0.10401243 0.00455499
v 0.12298429 0.10285985 0.00455499
v 0.13209426 0.10381937 0.00455499
v 0.32340312 0.10429150 0.00455499
v 0.33251309 0.10192204 0.00455499
v 0.34162307 0.09565443 0.00472909
v 0.33892393 0.09565443 0.00455499
v -0.34162301 0.08654451 0.00773346
v -0.34162301 0.09501129 0.00455499
v -0.34857851 0.08654451 0.00455499
v -0.33251309 0.08654451 0.01102161
v -0.32340318 0.08654451 0.01245314
v -0.31429321 0.08654451 0.01294774
v -0.30518323 0.08654451 0.01306427
v -0.29607332 0.08654451 0.01300275
v -0.28696334 0.08654451 0.01313871
v -0.27785337 0.08654451 0.01250553
v -0.26874346 0.08654451 0.01144046
v -0.25963348 0.08654451 0.01088279
v -0.25963348 0.09544158 0.00455499
v -0.25052351 0.08654451 0.01168871
v -0.25052351 0.09534878 0.00455499
v -0.24141359 0.08654451 0.01303309
v -0.24141359 0.09503877 0.00455499
v -0.23230368 0.08654451 0.01222682
v -0.23230368 0.09475946 0.00455499
v -0.22319376 0.08654451 0.01135570
v -0.21408379 0.08654451 0.01334023
v 0.03188485 0.09353977 0.00455499
v 0.04099482 0.08654451 0.00456393
v 0.04098922 0.08654451 0.00455499
v 0.05010474 0.09122294 0.00455499
v 0.04100442 0.08654451 0.00455499
v 0.34162307 0.08654451 0.00469571
v 0.33887959 0.08654451 0.00455499
v -0.35984290 0.07743454 0.00603634
v -0.35984290 0.08062041 0.00455499
v -0.36520720 0.07743454 0.00455499
v -0.35073298 0.07743454 0.00835341
v -0.35073298 0.08478004 0.00455499
v -0.34162301 0.07743454 0.00920904
v -0.33251309 0.07743454 0.01142395
v -0.32340318 0.07743454 0.01324791
v -0.25963348 0.07743454 0.01314503
v -0.25052351 0.07743454 0.01236612
v 0.04099482 0.08654135 0.00455499
v 0.33315468 0.07743454 0.00455499
v -0.40539271 0.06832457 0.00590622
v -0.40539271 0.07131284 0.00455499
v -0.40924773 0.06832457 0.00455499
v -0.39628273 0.06832457 0.00658673
v -0.39628273 0.07230777 0.00455499
v -0.38717276 0.06832457 0.00643760
v -0.38717276 0.07289100 0.00455499
v -0.37806284 0.06832457 0.00676912
v -0.37806284 0.07421458 0.00455499
v -0.36895287 0.06832457 0.00612682
v -0.36895287 0.07385153 0.00455499
v -0.35984290 0.06832457 0.00809658
v -0.35073298 0.06832457 0.00893992
v -0.34162301 0.06832457 0.01019239
v -0.33251309 0.06832457 0.01078945
v -0.32340318 0.06832457 0.01223576
v -0.25052351 0.06832457 0.01331514
v -0.24141359 0.06832457 0.01300091
v 0.34162307 0.06832457 0.00631744
v 0.33822703 0.06832457 0.00455499
v 0.35073304 0.06832457 0.00726044
v 0.35984302 0.06832457 0.00898582
v 0.37806284 0.06832457 0.01139480
v 0.43272245 0.07287997 0.00455499
v 0.42813849 0.06832457 0.00455499
v 0.44183242 0.07689476 0.00455499
v 0.45094240 0.07718045 0.00455499
v 0.46005237 0.07413113 0.00455499
v 0.46916234 0.06832457 0.01118845
v 0.46916234 0.07422543 0.00455499
v 0.47827220 0.06832457 0.01071447
v 0.47827220 0.07404101 0.00455499
v 0.48575974 0.06832457 0.00455499
v -0.40539271 0.06672680 0.00455499
v -0.39628273 0.06493515 0.00455499
v -0.38717276 0.06476283 0.00455499
v -0.37806284 0.06452990 0.00455499
v -0.36895287 0.06552309 0.00455499
v -0.35984290 0.05923206 0.00455499
v -0.35073298 0.05921465 0.00829476
v -0.35982698 0.05921465 0.00455499
v -0.34162301 0.05921465 0.00882310
v -0.33251309 0.05921465 0.00982261
v -0.32340318 0.05921465 0.01108581
v -0.31429321 0.05921465 0.01209086
v -0.30518323 0.05921465 0.01271170
v -0.29607332 0.05921465 0.01321018
v -0.28696334 0.05921465 0.01359820
v -0.27785337 0.05921465 0.01361412
v -0.23230368 0.05921465 0.01283705
v 0.34162307 0.06758863 0.00455499
v 0.35073304 0.06696498 0.00455499
v 0.35984302 0.06601053 0.00455499
v 0.36895299 0.06723517 0.00455499
v 0.37806284 0.06779659 0.00455499
v 0.38717282 0.06307000 0.00455499
v 0.39628267 0.06758016 0.00455499
v 0.40539265 0.06809092 0.00455499
v 0.41450262 0.06222880 0.00455499
v 0.42361248 0.06563205 0.00455499
v 0.48738217 0.05921465 0.01314747
v 0.48738217 0.06796688 0.00455499
v 0.49633110 0.05921465 0.00455499
v -0.35073298 0.05415982 0.00455499
v -0.34162301 0.05036920 0.00455499
v -0.33251309 0.05010468 0.00712240
v -0.34105968 0.05010468 0.00455499
v -0.32340318 0.05010468 0.00818062
v -0.31429321 0.05010468 0.00881475
v -0.30518323 0.05010468 0.00996572
v -0.29607332 0.05010468 0.01085418
v -0.28696334 0.05010468 0.01121008
v -0.27785337 0.05010468 0.01148200
v -0.26874346 0.05010468 0.01143867
v -0.25963348 0.05010468 0.01151919
v -0.25052351 0.05010468 0.01255465
v 0.49649215 0.05010468 0.01280862
v 0.49649215 0.05903935 0.00455499
v 0.50463939 0.05010468 0.00455499
v -0.33251309 0.04751343 0.00455499
v -0.32340318 0.04634380 0.00455499
v -0.31429321 0.04557121 0.00455499
v -0.30518323 0.04460925 0.00455499
v -0.29607332 0.04390311 0.00455499
v -0.28696334 0.04365993 0.00455499
v -0.27785337 0.04296476 0.00455499
v -0.26874346 0.04250115 0.00455499
v -0.25963348 0.04205692 0.00455499
v -0.25052351 0.04099476 0.00466168
v -0.25099766 0.04099476 0.00455499
v -0.24141359 0.04099476 0.00712347
v -0.23230368 0.04099476 0.01174545
v 0.50541508 0.04099476 0.00455499
v -0.25052351 0.04089379 0.00455499
v -0.24141359 0.03863192 0.00455499
v -0.23230368 0.03507501 0.00455499
v -0.22319376 0.03377348 0.00455499
v -0.21408379 0.03248942 0.00455499
v -0.20497382 0.03188485 0.00637561
v -0.20939344 0.03188485 0.00455499
v -0.19586390 0.03188485 0.01076263
v 0.50544477 0.03188485 0.00455499
v -0.20497382 0.03028297 0.00455499
v -0.19586390 0.02702868 0.00455499
v -0.18675393 0.02494544 0.00455499
v -0.17764395 0.02293289 0.00455499
v -0.16853404 0.02277488 0.00867814
v -0.17660946 0.02277488 0.00455499
v -0.15942407 0.02277488 0.01214975
v 0.49649215 0.02277488 0.01343280
v 0.50518024 0.02277488 0.00455499
v -0.16853404 0.01985532 0.00455499
v -0.15942407 0.01809913 0.00455499
v -0.15031409 0.01725060 0.00455499
v -0.14120418 0.01635522 0.00455499
v -0.13209426 0.01566035 0.00455499
v -0.12298429 0.01532876 0.00455499
v -0.11387438 0.01447642 0.00455499
v -0.10476440 0.01369464 0.00455499
v -0.10448253 0.01366490 0.00455499
v 0.49649215 0.01366490 0.01211435
v 0.50395238 0.01366490 0.00455499
v -0.09565443 0.00716197 0.00455499
v -0.08654451 0.00558585 0.00455499
v -0.08424628 0.00455499 0.00455499
v 0.48738217 0.00455499 0.01290995
v 0.49649215 0.00575984 0.00455499
v 0.49553597 0.00455499 0.00455499
v -0.10476440 -0.00455493 0.00905609
v -0.09565443 0.00034475 0.00455499
v -0.10147548 -0.00455493 0.00455499
v -0.08654451 0.00344223 0.00455499
v 0.39628267 -0.00364310 0.00455499
v 0.39465380 -0.00455493 0.00455499
v 0.39752269 -0.00455493 0.00455499
v 0.41450262 -0.00096858 0.00455499
v 0.41269052 -0.00455493 0.00455499
v 0.42361248 -0.00046277 0.00455499
v 0.42682254 -0.00455493 0.00455499
v 0.46916234 -0.00455493 0.01323289
v 0.47827220 -0.00455493 0.01175523
v 0.48738217 -0.00387406 0.00455499
v 0.48570001 -0.00455493 0.00455499
v -0.15031409 -0.01366490 0.00654143
v -0.15031409 -0.01325649 0.00455499
v -0.15160578 -0.01366490 0.00455499
v -0.14120418 -0.01043046 0.00455499
v -0.13209426 -0.00911164 0.00455499
v -0.12298429 -0.00808340 0.00455499
v -0.11387438 -0.00639766 0.00455499
v -0.10476440 -0.00488389 0.00455499
v 0.35984302 -0.01366490 0.00817406
v 0.35984302 -0.01083833 0.00455499
v 0.35770512 -0.01366490 0.00455499
v 0.36895299 -0.01366490 0.00627977
v 0.36895299 -0.01269102 0.00455499
v 0.37806284 -0.01306647 0.00455499
v 0.38717282 -0.01131499 0.00455499
v 0.40539265 -0.01172394 0.00455499
v 0.43272245 -0.01023906 0.00455499
v 0.43468356 -0.01366490 0.00455499
v 0.46005237 -0.01366490 0.01011205
v 0.46916234 -0.01249200 0.00455499
v 0.46602511 -0.01366490 0.00455499
v 0.47827220 -0.01104277 0.00455499
v -0.18675393 -0.02277488 0.00686264
v -0.18675393 -0.02148855 0.00455499
v -0.19018346 -0.02277488 0.00455499
v -0.17764395 -0.02277488 0.01261425
v -0.17764395 -0.01880199 0.00455499
v -0.16853404 -0.01668978 0.00455499
v -0.15942407 -0.01487315 0.00455499
v 0.34162307 -0.02277488 0.00480431
v 0.34162307 -0.02271831 0.00455499
v 0.34087801 -0.02277488 0.00455499
v 0.35073304 -0.02277488 0.01082337
v 0.35073304 -0.02059233 0.00455499
v 0.44183242 -0.02040356 0.00455499
v 0.45094240 -0.02152771 0.00455499
v 0.46005237 -0.01780051 0.00455499
v -0.22319376 -0.03188485 0.00590265
v -0.22319376 -0.03068507 0.00455499
v -0.22500497 -0.03188485 0.00455499
v -0.21408379 -0.03188485 0.01115131
v -0.21408379 -0.02795374 0.00455499
v -0.20497382 -0.03188485 0.01296061
v -0.20497382 -0.02627057 0.00455499
v -0.19586390 -0.02408856 0.00455499
v 0.34162307 -0.03188485 0.00548226
v 0.33484423 -0.03188485 0.00455499
v -0.25052351 -0.04099482 0.00782484
v -0.25052351 -0.03825617 0.00455499
v -0.25719941 -0.04099482 0.00455499
v -0.24141359 -0.04099482 0.01110190
v -0.24141359 -0.03557646 0.00455499
v -0.23230368 -0.04099482 0.01350605
v -0.23230368 -0.03361124 0.00455499
v 0.33251309 -0.04099482 0.00500965
v 0.33251309 -0.03619492 0.00455499
v 0.33211958 -0.04099482 0.00455499
v 0.34162307 -0.04099482 0.00959259
v -0.30518323 -0.05010474 0.00593162
v -0.30518323 -0.04884869 0.00455499
v -0.30852509 -0.05010474 0.00455499
v -0.29607332 -0.05010474 0.00930202
v -0.29607332 -0.04607832 0.00455499
v -0.28696334 -0.05010474 0.01100957
v -0.28696334 -0.04478228 0.00455499
v -0.27785337 -0.05010474 0.01214099
v -0.27785337 -0.04392922 0.00455499
v -0.26874346 -0.05010474 0.01334780
v -0.26874346 -0.04279947 0.00455499
v -0.25963348 -0.04151201 0.00455499
v 0.33251309 -0.05010474 0.00631994
v 0.32866526 -0.05010474 0.00455499
v -0.35073298 -0.05921459 0.00767940
v -0.35073298 -0.05616879 0.00455499
v -0.35951972 -0.05921459 0.00455499
v -0.34162301 -0.05921459 0.01010656
v -0.34162301 -0.05402458 0.00455499
v -0.33251309 -0.05921459 0.01189369
v -0.33251309 -0.05275327 0.00455499
v -0.32340318 -0.05921459 0.01357532
v -0.32340318 -0.05156213 0.00455499
v -0.31429321 -0.05060971 0.00455499
v 0.31429327 -0.05921459 0.00571972
v 0.31429327 -0.05871505 0.00455499
v 0.30828452 -0.05921459 0.00455499
v 0.32340312 -0.05921459 0.00571871
v 0.32340312 -0.05616695 0.00455499
v 0.33251309 -0.05921459 0.00612295
v -0.41450259 -0.06832457 0.01290303
v -0.41450259 -0.05993986 0.00455499
v -0.42306444 -0.06832457 0.00455499
v -0.40539271 -0.06832457 0.01261407
v -0.40539271 -0.06002438 0.00455499
v -0.39628273 -0.06832457 0.01153350
v -0.39628273 -0.06079799 0.00455499
v -0.38717276 -0.06832457 0.01193768
v -0.38717276 -0.06020123 0.00455499
v -0.37806284 -0.06832457 0.01200366
v -0.37806284 -0.05983824 0.00455499
v -0.36895287 -0.06832457 0.01138675
v -0.36895287 -0.06048697 0.00455499
v -0.35984290 -0.06832457 0.01256919
v -0.35984290 -0.05926967 0.00455499
v 0.31429327 -0.05967200 0.00455499
v 0.32340312 -0.06513107 0.00455499
v 0.33251309 -0.06832457 0.00635546
v 0.32561183 -0.06832457 0.00455499
v -0.42361256 -0.07743454 0.01240116
v -0.42361256 -0.06923914 0.00455499
v -0.43148550 -0.07743454 0.00455499
v -0.41450259 -0.07743454 0.01328927
v -0.40539271 -0.07743454 0.01305008
v -0.39628273 -0.07743454 0.01259220
v -0.38717276 -0.07743454 0.01273614
v -0.37806284 -0.07743454 0.01274306
v -0.36895287 -0.07743454 0.01273417
v -0.35984290 -0.07743454 0.01365018
v 0.31429327 -0.07743454 0.00603020
v 0.31429327 -0.07639223 0.00455499
v 0.30816936 -0.07743454 0.00455499
v 0.32340312 -0.07743454 0.00748092
v 0.32340312 -0.07046801 0.00455499
v -0.42361256 -0.08654451 0.01290059
v -0.43195891 -0.08654451 0.00455499
v -0.41450259 -0.08654451 0.01326138
v -0.40539271 -0.08654451 0.01303422
v -0.39628273 -0.08654451 0.01267320
v -0.38717276 -0.08654451 0.01259720
v -0.37806284 -0.08654451 0.01255739
v -0.36895287 -0.08654451 0.01285833
v -0.35984290 -0.08654451 0.01331747
v 0.03188485 -0.08654451 0.00499225
v 0.03188485 -0.08623672 0.00455499
v 0.03140455 -0.08654451 0.00455499
v 0.04099482 -0.08141690 0.00455499
v 0.05010474 -0.08212638 0.00455499
v 0.05921459 -0.08211112 0.00455499
v 0.06707519 -0.08654451 0.00455499
v 0.12298429 -0.08654451 0.01008099
v 0.12298429 -0.08586448 0.00455499
v 0.11803961 -0.08654451 0.00455499
v 0.13209426 -0.08573061 0.00455499
v 0.14120424 -0.08224618 0.00455499
v 0.15031421 -0.08627230 0.00455499
v 0.15942407 -0.08654451 0.01184291
v 0.15272331 -0.08654451 0.00455499
v 0.29607332 -0.08654451 0.00530231
v 0.29607332 -0.08605409 0.00455499
v 0.29444468 -0.08654451 0.00455499
v 0.30518329 -0.08018863 0.00455499
v -0.42361256 -0.09565449 0.01203519
v -0.43109602 -0.09565449 0.00455499
v -0.41450259 -0.09565449 0.01266491
v -0.40539271 -0.09565449 0.01241100
v -0.39628273 -0.09565449 0.01173526
v -0.38717276 -0.09565449 0.01131016
v -0.37806284 -0.09565449 0.01117033
v -0.36895287 -0.09565449 0.01078653
v -0.35984290 -0.09565449 0.01070082
v -0.35073298 -0.09565449 0.01128238
v -0.34162301 -0.09565449 0.01198065
v -0.33251309 -0.09565449 0.01287723
v -0.26874346 -0.09565449 0.01302963
v -0.25963348 -0.09565449 0.01218289
v -0.25052351 -0.09565449 0.01151162
v -0.24141359 -0.09565449 0.01143789
v -0.23230368 -0.09565449 0.01172787
v -0.22319376 -0.09565449 0.01011378
v -0.21408379 -0.09565449 0.00729376
v -0.20497382 -0.09565449 0.00728148
v -0.19586390 -0.09565449 0.00689304
v -0.18675393 -0.09565449 0.00601590
v -0.17764395 -0.09565449 0.00582039
v -0.16853404 -0.09565449 0.00911307
v -0.15942407 -0.09565449 0.01212513
v 0.02277488 -0.09565449 0.00752008
v 0.02277488 -0.09370375 0.00455499
v 0.01931024 -0.09565449 0.00455499
v 0.06832457 -0.08771956 0.00455499
v 0.07743454 -0.09078944 0.00455499
v 0.08654451 -0.09565449 0.01069808
v 0.08654451 -0.09371239 0.00455499
v 0.09565449 -0.09565449 0.01096052
v 0.09565449 -0.09424388 0.00455499
v 0.10476446 -0.09216726 0.00455499
v 0.11387432 -0.08859986 0.00455499
v 0.15942407 -0.08840263 0.00455499
v 0.16853404 -0.09565449 0.01180613
v 0.16522586 -0.09565449 0.00455499
v 0.28696334 -0.09565449 0.00640374
v 0.28696334 -0.09403038 0.00455499
v 0.28076220 -0.09565449 0.00455499
v -0.42361256 -0.10356718 0.00455499
v -0.41450259 -0.10476446 0.00831914
v -0.41901630 -0.10476446 0.00455499
v -0.40539271 -0.10476446 0.00549573
v -0.39628273 -0.10400951 0.00455499
v -0.40301770 -0.10476446 0.00455499
v -0.38717276 -0.10387057 0.00455499
v -0.37806284 -0.10405952 0.00455499
v -0.36895287 -0.10357964 0.00455499
v -0.35984290 -0.10370940 0.00455499
v -0.35073298 -0.10367888 0.00455499
v -0.34162301 -0.10476446 0.00560522
v -0.34497166 -0.10476446 0.00455499
v -0.33251309 -0.10476446 0.00848389
v -0.32340318 -0.10476446 0.01000297
v -0.31429321 -0.10476446 0.01080656
v -0.30518323 -0.10476446 0.01096296
v -0.29607332 -0.10476446 0.01082206
v -0.28696334 -0.10476446 0.00978029
v -0.27785337 -0.10476446 0.00928694
v -0.26874346 -0.10476446 0.00741488
v -0.25963348 -0.10451847 0.00455499
v -0.26085186 -0.10476446 0.00455499
v -0.25052351 -0.10311222 0.00455499
v -0.24141359 -0.10207653 0.00455499
v -0.23230368 -0.10176998 0.00455499
v -0.22319376 -0.10047150 0.00455499
v -0.21408379 -0.09806079 0.00455499
v -0.20497382 -0.09775114 0.00455499
v -0.19586390 -0.09740329 0.00455499
v -0.18675393 -0.09678608 0.00455499
v -0.17764395 -0.09671181 0.00455499
v -0.16853404 -0.09909618 0.00455499
v -0.15942407 -0.10035419 0.00455499
v -0.15031409 -0.10112363 0.00455499
v -0.14120418 -0.10151350 0.00455499
v -0.13209426 -0.10174310 0.00455499
v -0.12298429 -0.10184622 0.00455499
v -0.11387438 -0.10286665 0.00455499
v -0.10476440 -0.10382575 0.00455499
v -0.09565443 -0.10476446 0.00610918
v -0.09720105 -0.10476446 0.00455499
v -0.08654451 -0.10410005 0.00455499
v -0.09442240 -0.10476446 0.00455499
v -0.07743454 -0.10408294 0.00455499
v -0.06832457 -0.10476446 0.01119566
v -0.06832457 -0.10389906 0.00455499
v -0.05921465 -0.10476446 0.00494426
v -0.05921465 -0.10473561 0.00455499
v -0.05901438 -0.10476446 0.00455499
v -0.02277488 -0.10476446 0.00477010
v -0.02277488 -0.10451126 0.00455499
v -0.02342200 -0.10476446 0.00455499
v -0.01366490 -0.10476446 0.00822914
v -0.01366490 -0.10034245 0.00455499
v -0.00455499 -0.10476446 0.00759602
v -0.00455499 -0.10092098 0.00455499
v 0.00455493 -0.10476446 0.00801450
v 0.00455493 -0.10097224 0.00455499
v 0.01366490 -0.10476446 0.01095700
v 0.01366490 -0.09991705 0.00455499
v 0.16853404 -0.10476446 0.01009828
v 0.16677618 -0.10476446 0.00455499
v 0.26874340 -0.10476446 0.00462013
v 0.26874340 -0.10468626 0.00455499
v 0.26866066 -0.10476446 0.00455499
v 0.27785337 -0.10476446 0.00655681
v 0.27785337 -0.09812552 0.00455499
v 0.28696334 -0.10476446 0.00978941
v -0.41450259 -0.10847569 0.00455499
v -0.40539271 -0.10570586 0.00455499
v -0.34162301 -0.10585487 0.00455499
v -0.33251309 -0.10868168 0.00455499
v -0.32340318 -0.10989237 0.00455499
v -0.31429321 -0.11030203 0.00455499
v -0.30518323 -0.11035275 0.00455499
v -0.29607332 -0.11037028 0.00455499
v -0.28696334 -0.10969251 0.00455499
v -0.27785337 -0.10918629 0.00455499
v -0.26874346 -0.10747778 0.00455499
v -0.09565443 -0.10557753 0.00455499
v -0.05010468 -0.10917491 0.00455499
v -0.04099476 -0.10987204 0.00455499
v -0.03188485 -0.10823256 0.00455499
v 0.16853404 -0.10642147 0.00455499
v 0.17764401 -0.11240709 0.00455499
v 0.18084991 -0.11387432 0.00455499
v 0.22319365 -0.11387432 0.00550157
v 0.22319365 -0.11331761 0.00455499
v 0.22147524 -0.11387432 0.00455499
v 0.22409236 -0.11387432 0.00455499
v 0.24141359 -0.11076158 0.00455499
v 0.23999333 -0.11387432 0.00455499
v 0.25052357 -0.11387432 0.00771576
v 0.25052357 -0.11267942 0.00455499
v 0.25963354 -0.11387432 0.00796801
v 0.25963354 -0.11209607 0.00455499
v 0.18675399 -0.11778021 0.00455499
v 0.19586384 -0.12023985 0.00455499
v 0.20497382 -0.12170041 0.00455499
v 0.21408367 -0.12020409 0.00455499
v 0.23230362 -0.12150514 0.00455499
v 0.16853404 0.15510243 -0.00455493
v 0.16183555 0.15031409 -0.00455493
v 0.17764401 0.15669274 -0.00455493
v 0.18675399 0.15734768 -0.00455493
v 0.19586384 0.15819871 -0.00455493
v 0.20497382 0.15866715 -0.00455493
v 0.21408367 0.15464896 -0.00455493
v 0.22319365 0.15783298 -0.00455493
v 0.23230362 0.15805835 -0.00455493
v 0.24004447 0.15031409 -0.00455493
v 0.25963354 0.15031409 0.00281376
v 0.15031421 0.14120418 -0.00257456
v 0.15031421 0.14310175 -0.00455493
v 0.14838970 0.14120418 -0.00455493
v 0.15942407 0.14984137 -0.00455493
v 0.24141359 0.14120418 -0.00386471
v 0.24134815 0.14120418 -0.00455493
v 0.25052357 0.14392132 -0.00455493
v 0.24489391 0.14120418 -0.00455493
v 0.25963354 0.14120418 -0.00396574
v 0.25569582 0.14120418 -0.00455493
v 0.26874340 0.14120418 -0.00198328
v 0.27785337 0.14120418 0.00195599
v 0.14120424 0.13209426 0.00195235
v 0.14120424 0.13747287 -0.00455493
v 0.13584495 0.13209426 -0.00455493
v 0.24141359 0.14077747 -0.00455493
v 0.25963354 0.14103907 -0.00455493
v 0.26874340 0.13818258 -0.00455493
v 0.27785337 0.13209426 -0.00437886
v 0.27714765 0.13209426 -0.00455493
v 0.28696334 0.13209426 -0.00242001
v 0.29607332 0.13209426 0.00224876
v 0.13414204 0.12298429 -0.00455493
v 0.27785337 0.13166940 -0.00455493
v 0.28696334 0.12626964 -0.00455493
v 0.29607332 0.12298429 -0.00193030
v 0.29011250 0.12298429 -0.00455493
v 0.30518329 0.12298429 -0.00287521
v -0.09565443 0.11387438 0.00238431
v -0.09565443 0.11915869 -0.00455493
v -0.10137755 0.11387438 -0.00455493
v -0.08911920 0.11387438 -0.00455493
v 0.13327551 0.11387438 -0.00455493
v 0.29607332 0.11387438 -0.00391877
v 0.28827798 0.11387438 -0.00455493
v 0.30518329 0.11387438 -0.00375170
v -0.33251309 0.10476440 -0.00406480
v -0.33251309 0.10524493 -0.00455493
v -0.33377045 0.10476440 -0.00455493
v -0.32340318 0.10476440 -0.00194925
v -0.32340318 0.10717046 -0.00455493
v -0.31429321 0.10476440 -0.00093228
v -0.31429321 0.10762811 -0.00455493
v -0.30518323 0.10476440 -0.00071383
v -0.30518323 0.10790610 -0.00455493
v -0.29607332 0.10476440 -0.00100696
v -0.29607332 0.10794753 -0.00455493
v -0.28696334 0.10476440 -0.00256056
v -0.28696334 0.10664743 -0.00455493
v -0.27785337 0.10476440 -0.00443274
v -0.27785337 0.10488456 -0.00455493
v -0.27748626 0.10476440 -0.00455493
v -0.22319376 0.10476440 -0.00255567
v -0.22319376 0.10653287 -0.00455493
v -0.22730833 0.10476440 -0.00455493
v -0.21408379 0.10476440 -0.00063920
v -0.21408379 0.10786557 -0.00455493
v -0.20497382 0.10476440 0.00065506
v -0.20497382 0.10867947 -0.00455493
v -0.19586390 0.10476440 0.00183344
v -0.19586390 0.10901773 -0.00455493
v -0.18675393 0.10476440 0.00297219
v -0.18675393 0.10907316 -0.00455493
v -0.17764395 0.10476440 0.00295705
v -0.17764395 0.10884124 -0.00455493
v -0.16853404 0.10476440 0.00431705
v -0.16853404 0.10931718 -0.00455493
v -0.15942407 0.10984093 -0.00455493
v -0.15031409 0.11035103 -0.00455493
v -0.14120418 0.11135912 -0.00455493
v -0.13209426 0.11249405 -0.00455493
v -0.12298429 0.11359507 -0.00455493
v -0.11387438 0.11346412 -0.00455493
v -0.10476440 0.11277050 -0.00455493
v -0.08654451 0.11342049 -0.00455493
v -0.07743454 0.11370099 -0.00455493
v -0.06832457 0.11365813 -0.00455493
v -0.05921465 0.11376637 -0.00455493
v -0.05010468 0.11365438 -0.00455493
v -0.04099476 0.11326128 -0.00455493
v -0.03188485 0.11216402 -0.00455493
v -0.02277488 0.11043590 -0.00455493
v -0.01366490 0.10761935 -0.00455493
v -0.00455499 0.10476440 -0.00162381
v -0.00690019 0.10476440 -0.00455493
v 0.00455493 0.10476440 0.00287741
v 0.07743454 0.10476440 -0.00205290
v 0.08654451 0.10476440 0.00143152
v 0.09565449 0.10476440 -0.00036156
v 0.10476446 0.10476440 -0.00007486
v 0.13419902 0.10476440 -0.00455493
v 0.29607332 0.11045378 -0.00455493
v 0.30518329 0.10476440 -0.00414807
v 0.30046535 0.10476440 -0.00455493
v 0.31429327 0.10476440 -0.00170553
v -0.41450259 0.09565443 -0.00289357
v -0.41450259 0.09730446 -0.00455493
v -0.41746300 0.09565443 -0.00455493
v -0.40567830 0.09565443 -0.00455493
v -0.37806284 0.09565443 -0.00446749
v -0.37806284 0.09574264 -0.00455493
v -0.37881622 0.09565443 -0.00455493
v -0.37737170 0.09565443 -0.00455493
v -0.35984290 0.09565443 -0.00186348
v -0.35984290 0.09855568 -0.00455493
v -0.36686748 0.09565443 -0.00455493
v -0.35073298 0.09565443 0.00136477
v -0.35073298 0.10216165 -0.00455493
v -0.34162301 0.09565443 0.00442857
v -0.34162301 0.10376400 -0.00455493
v -0.26874346 0.10396987 -0.00455493
v -0.25963348 0.09565443 0.00443995
v -0.25963348 0.10321325 -0.00455493
v -0.25052351 0.09565443 0.00438899
v -0.25052351 0.10343134 -0.00455493
v -0.24141359 0.09565443 0.00425220
v -0.24141359 0.10380119 -0.00455493
v -0.23230368 0.09565443 0.00419807
v -0.23230368 0.10403365 -0.00455493
v -0.00455499 0.10421240 -0.00455493
v 0.00455493 0.10133290 -0.00455493
v 0.01366490 0.09777993 -0.00455493
v 0.02277488 0.09565443 -0.00305194
v 0.01808572 0.09565443 -0.00455493
v 0.05921459 0.09840840 -0.00455493
v 0.05637759 0.09565443 -0.00455493
v 0.06832457 0.10083038 -0.00455493
v 0.07743454 0.10339111 -0.00455493
v 0.08654451 0.10218775 -0.00455493
v 0.09565449 0.10288078 -0.00455493
v 0.10476446 0.10372281 -0.00455493
v 0.11387432 0.10273618 -0.00455493
v 0.12298429 0.10205179 -0.00455493
v 0.13209426 0.10143930 -0.00455493
v 0.30518329 0.09683341 -0.00455493
v 0.31429327 0.09565443 -0.00301385
v 0.30639315 0.09565443 -0.00455493
v 0.32340312 0.09565443 -0.00373900
v 0.33251309 0.09565443 -0.00166219
v -0.42361256 0.08654451 0.00258207
v -0.42361256 0.09463978 -0.00455493
v -0.43075252 0.08654451 -0.00455493
v -0.41450259 0.08654451 0.00334007
v -0.40539271 0.08654451 0.00329137
v -0.40539271 0.09564370 -0.00455493
v -0.39628273 0.08654451 0.00249934
v -0.39628273 0.09473079 -0.00455493
v -0.38717276 0.08654451 0.00259525
v -0.38717276 0.09536457 -0.00455493
v -0.37806284 0.08654451 0.00253445
v -0.36895287 0.08654451 0.00155842
v -0.36895287 0.09498876 -0.00455493
v -0.35984290 0.08654451 0.00307494
v -0.35073298 0.08654451 0.00416368
v 0.02277488 0.09442526 -0.00455493
v 0.03188485 0.09259617 -0.00455493
v 0.04099482 0.08654451 0.00454706
v 0.04099482 0.09070921 -0.00455493
v 0.05010474 0.08802181 -0.00455493
v 0.29607332 0.08654451 -0.00406653
v 0.29607332 0.08730346 -0.00455493
v 0.29243159 0.08654451 -0.00455493
v 0.30518329 0.08654451 -0.00302953
v 0.30518329 0.09452730 -0.00455493
v 0.31429327 0.08654451 -0.00173575
v 0.32340312 0.08654451 -0.00170946
v 0.33251309 0.08654451 -0.00122535
v -0.42361256 0.07743454 0.00372636
v -0.43191928 0.07743454 -0.00455493
v -0.41450259 0.07743454 0.00412238
v -0.40539271 0.07743454 0.00432038
v -0.39628273 0.07743454 0.00415921
v -0.38717276 0.07743454 0.00421476
v -0.37806284 0.07743454 0.00430721
v -0.36895287 0.07743454 0.00427610
v 0.29607332 0.08641124 -0.00455493
v 0.30518329 0.08534926 -0.00455493
v 0.31429327 0.08065730 -0.00455493
v 0.32340312 0.07743454 -0.00423694
v 0.31891584 0.07743454 -0.00455493
v 0.33251309 0.07743454 0.00391859
v -0.42361256 0.06832457 0.00353873
v -0.43173483 0.06832457 -0.00455493
v -0.41450259 0.06832457 0.00435919
v 0.32340312 0.07539630 -0.00455493
v 0.33251309 0.06832457 0.00108588
v 0.32918656 0.06832457 -0.00455493
v 0.41450262 0.06832457 -0.00115609
v 0.41450262 0.07169765 -0.00455493
v 0.40992260 0.06832457 -0.00455493
v 0.42361248 0.06832457 0.00324786
v 0.42361248 0.07650095 -0.00455493
v 0.43272245 0.07109898 -0.00455493
v 0.44183242 0.06832457 -0.00429702
v 0.43844450 0.06832457 -0.00455493
v 0.45094240 0.07403344 -0.00455493
v 0.44336581 0.06832457 -0.00455493
v 0.46005237 0.07583410 -0.00455493
v 0.46916234 0.07727998 -0.00455493
v 0.47827220 0.07702678 -0.00455493
v 0.48738217 0.06832457 0.00389010
v 0.48738217 0.07582557 -0.00455493
v 0.49549723 0.06832457 -0.00455493
v -0.42361256 0.05921465 -0.00396264
v -0.42421106 0.05921465 -0.00455493
v -0.41450259 0.05921465 0.00320506
v -0.40539271 0.05921465 0.00395226
v -0.39628273 0.05921465 0.00412363
v -0.38717276 0.05921465 0.00405753
v -0.37806284 0.05921465 0.00389916
v -0.36895287 0.05921465 0.00343156
v -0.35984290 0.05921465 0.00455236
v 0.33251309 0.05921465 -0.00290716
v 0.33149421 0.05921465 -0.00455493
v 0.34162307 0.05921465 -0.00338858
v 0.35073304 0.05921465 -0.00260806
v 0.35984302 0.05921465 -0.00256950
v 0.36895299 0.06109577 -0.00455493
v 0.36635697 0.05921465 -0.00455493
v 0.37806284 0.05921465 -0.00381082
v 0.37173426 0.05921465 -0.00455493
v 0.38717282 0.06616575 -0.00455493
v 0.37946081 0.05921465 -0.00455493
v 0.39628267 0.06808680 -0.00455493
v 0.40539265 0.06761569 -0.00455493
v 0.44183242 0.06799835 -0.00455493
v 0.49649215 0.05921465 0.00444120
v 0.49649215 0.06793463 -0.00455493
v 0.50499427 0.05921465 -0.00455493
v -0.42361256 0.05862570 -0.00455493
v -0.41450259 0.05134076 -0.00455493
v -0.40539271 0.05010468 0.00195879
v -0.41212881 0.05010468 -0.00455493
v -0.39628273 0.05010468 0.00257081
v -0.38717276 0.05010468 0.00252986
v -0.37806284 0.05010468 0.00211859
v -0.36895287 0.05010468 0.00062960
v -0.35984290 0.05010468 0.00116670
v -0.35073298 0.05010468 0.00262177
v -0.34162301 0.05010468 0.00447226
v 0.33251309 0.05010468 -0.00441813
v 0.33227932 0.05010468 -0.00455493
v 0.34162307 0.05451268 -0.00455493
v 0.33489633 0.05010468 -0.00455493
v 0.35073304 0.05124575 -0.00455493
v 0.35984302 0.05343008 -0.00455493
v 0.37806284 0.05825341 -0.00455493
v 0.50560212 0.05010468 0.00074452
v 0.50560212 0.05554408 -0.00455493
v 0.51089907 0.05010468 -0.00455493
v -0.40539271 0.04359436 -0.00455493
v -0.39628273 0.04274613 -0.00455493
v -0.38717276 0.04248846 -0.00455493
v -0.37806284 0.04270524 -0.00455493
v -0.36895287 0.04415452 -0.00455493
v -0.35984290 0.04372728 -0.00455493
v -0.35073298 0.04283172 -0.00455493
v -0.34162301 0.04214519 -0.00455493
v -0.33251309 0.04146308 -0.00455493
v -0.32340318 0.04099476 -0.00395942
v -0.32586426 0.04099476 -0.00455493
v -0.31429321 0.04099476 -0.00243777
v -0.30518323 0.04099476 -0.00193435
v -0.29607332 0.04099476 -0.00119197
v -0.28696334 0.04099476 -0.00073344
v -0.27785337 0.04099476 0.00058347
v -0.26874346 0.04099476 0.00187153
v -0.25963348 0.04099476 0.00292283
v 0.33251309 0.04878062 -0.00455493
v 0.50560212 0.04099476 0.00416303
v 0.51401842 0.04099476 -0.00455493
v -0.32340318 0.04046035 -0.00455493
v -0.31429321 0.03930312 -0.00455493
v -0.30518323 0.03902769 -0.00455493
v -0.29607332 0.03862333 -0.00455493
v -0.28696334 0.03844088 -0.00455493
v -0.27785337 0.03769606 -0.00455493
v -0.26874346 0.03704560 -0.00455493
v -0.25963348 0.03651845 -0.00455493
v -0.25052351 0.03516233 -0.00455493
v -0.24141359 0.03398085 -0.00455493
v -0.23230368 0.03258735 -0.00455493
v -0.22319376 0.03188485 -0.00148576
v -0.22784311 0.03188485 -0.00455493
v -0.21408379 0.03188485 0.00280493
v 0.50560212 0.03188485 0.00429612
v 0.51429224 0.03188485 -0.00455493
v -0.22319376 0.02971607 -0.00455493
v -0.21408379 0.02743471 -0.00455493
v -0.20497382 0.02578783 -0.00455493
v -0.19586390 0.02428037 -0.00455493
v -0.18675393 0.02277488 -0.00431007
v -0.18699324 0.02277488 -0.00455493
v -0.17764395 0.02277488 0.00408036
v 0.50560212 0.02277488 0.00379813
v 0.51391804 0.02277488 -0.00455493
v -0.18675393 0.02261049 -0.00455493
v -0.17764395 0.01801068 -0.00455493
v -0.16853404 0.01675767 -0.00455493
v -0.15942407 0.01610148 -0.00455493
v -0.15031409 0.01559871 -0.00455493
v -0.14120418 0.01510787 -0.00455493
v -0.13209426 0.01469105 -0.00455493
v -0.12298429 0.01414853 -0.00455493
v -0.11387438 0.01366490 -0.00364953
v -0.11488938 0.01366490 -0.00455493
v -0.10476440 0.01366490 0.00428391
v 0.50560212 0.01366490 -0.00256670
v 0.50756896 0.01366490 -0.00455493
v -0.11387438 0.01312506 -0.00455493
v -0.10476440 0.00886530 -0.00455493
v -0.09565443 0.00570172 -0.00455493
v -0.08654451 0.00455499 -0.00154501
v -0.08899480 0.00455499 -0.00455493
v 0.33251309 0.00455499 -0.00158215
v 0.33251309 0.00720382 -0.00455493
v 0.32533896 0.00455499 -0.00455493
v 0.34162307 0.00455499 -0.00222754
v 0.34162307 0.00657463 -0.00455493
v 0.34514701 0.00455499 -0.00455493
v 0.49649215 0.00455499 0.00380123
v 0.50560212 0.01166540 -0.00455493
v 0.50455439 0.00455499 -0.00455493
v -0.09565443 -0.00455493 -0.00047821
v -0.08995509 -0.00455493 -0.00455493
v 0.32340312 -0.00455493 -0.00451344
v 0.32340312 -0.00308460 -0.00455493
v 0.32058895 -0.00455493 -0.00455493
v 0.33251309 -0.00217932 -0.00455493
v 0.32457232 -0.00455493 -0.00455493
v 0.34162307 -0.00455493 -0.00338858
v 0.33456802 -0.00455493 -0.00455493
v 0.35073304 -0.00455493 0.00260186
v 0.35073304 0.00068027 -0.00455493
v 0.35984302 -0.00455493 -0.00280201
v 0.35984302 -0.00353920 -0.00455493
v 0.36461604 -0.00455493 -0.00455493
v 0.38717282 -0.00455493 -0.00249833
v 0.38717282 -0.00307757 -0.00455493
v 0.38291192 -0.00455493 -0.00455493
v 0.39628267 -0.00455493 0.00106847
v 0.39130533 -0.00455493 -0.00455493
v 0.41450262 -0.00455493 0.00006050
v 0.42361248 -0.00455493 0.00389212
v 0.48738217 -0.00455493 0.00355178
v 0.49649215 -0.00366443 -0.00455493
v 0.49487543 -0.00455493 -0.00455493
v -0.15031409 -0.01265305 -0.00455493
v -0.15350771 -0.01366490 -0.00455493
v -0.14120418 -0.01012230 -0.00455493
v -0.13209426 -0.00909388 -0.00455493
v -0.12298429 -0.00830454 -0.00455493
v -0.11387438 -0.00690764 -0.00455493
v -0.10476440 -0.00560158 -0.00455493
v -0.09565443 -0.00481868 -0.00455493
v 0.32340312 -0.00458658 -0.00455493
v 0.34162307 -0.01366490 -0.00448817
v 0.34095860 -0.01366490 -0.00455493
v 0.35073304 -0.01366490 -0.00245768
v 0.36895299 -0.00742888 -0.00455493
v 0.37806284 -0.00882506 -0.00455493
v 0.39628267 -0.00890589 -0.00455493
v 0.40539265 -0.00918990 -0.00455493
v 0.41450262 -0.00982881 -0.00455493
v 0.42361248 -0.01366490 -0.00008196
v 0.41823375 -0.01366490 -0.00455493
v 0.43272245 -0.01208919 -0.00455493
v 0.42921424 -0.01366490 -0.00455493
v 0.44183242 -0.01366490 -0.00341284
v 0.44183242 -0.01106578 -0.00455493
v 0.44407105 -0.01366490 -0.00455493
v 0.46916234 -0.01366490 0.00181824
v 0.47827220 -0.01366490 -0.00158203
v 0.48738217 -0.01182109 -0.00455493
v 0.48097408 -0.01366490 -0.00455493
v -0.19586390 -0.02277488 -0.00250870
v -0.19586390 -0.02212489 -0.00455493
v -0.19747716 -0.02277488 -0.00455493
v -0.18675393 -0.01910138 -0.00455493
v -0.17764395 -0.01714653 -0.00455493
v -0.16853404 -0.01535082 -0.00455493
v -0.15942407 -0.01424050 -0.00455493
v 0.31429327 -0.02277488 -0.00432491
v 0.31429327 -0.02262014 -0.00455493
v 0.31365168 -0.02277488 -0.00455493
v 0.32340312 -0.02277488 -0.00215298
v 0.32340312 -0.02219254 -0.00455493
v 0.33251309 -0.02277488 -0.00277609
v 0.33251309 -0.02137649 -0.00455493
v 0.42361248 -0.01813984 -0.00455493
v 0.45094240 -0.01872104 -0.00455493
v 0.46005237 -0.01794708 -0.00455493
v 0.46916234 -0.01824057 -0.00455493
v 0.47827220 -0.01627707 -0.00455493
v -0.23230368 -0.03188485 -0.00131977
v -0.23230368 -0.02958572 -0.00455493
v -0.23546743 -0.03188485 -0.00455493
v -0.22319376 -0.02664042 -0.00455493
v -0.21408379 -0.02524060 -0.00455493
v -0.20497382 -0.02379364 -0.00455493
v 0.31429327 -0.02309811 -0.00455493
v 0.32340312 -0.03188485 -0.00432944
v 0.32295263 -0.03188485 -0.00455493
v 0.33251309 -0.03188485 0.00265157
v -0.26874346 -0.04099482 -0.00251400
v -0.26874346 -0.03973264 -0.00455493
v -0.27161378 -0.04099482 -0.00455493
v -0.25963348 -0.04099482 0.00319993
v -0.25963348 -0.03669190 -0.00455493
v -0.25052351 -0.03470737 -0.00455493
v -0.24141359 -0.03328091 -0.00455493
v 0.32340312 -0.04099482 -0.00448287
v 0.32329476 -0.04099482 -0.00455493
v -0.33251309 -0.05010474 -0.00320375
v -0.33251309 -0.04894590 -0.00455493
v -0.33551896 -0.05010474 -0.00455493
v -0.32340318 -0.05010474 0.00033230
v -0.32340318 -0.04635733 -0.00455493
v -0.31429321 -0.05010474 0.00281268
v -0.31429321 -0.04517883 -0.00455493
v -0.30518323 -0.04391867 -0.00455493
v -0.29607332 -0.04291129 -0.00455493
v -0.28696334 -0.04210597 -0.00455493
v -0.27785337 -0.04147667 -0.00455493
v 0.32340312 -0.05010474 -0.00024921
v 0.31659210 -0.05010474 -0.00455493
v -0.41450259 -0.05921459 0.00294244
v -0.41450259 -0.05181468 -0.00455493
v -0.42315811 -0.05921459 -0.00455493
v -0.40539271 -0.05921459 0.00299931
v -0.40539271 -0.05216426 -0.00455493
v -0.39628273 -0.05921459 0.00254315
v -0.39628273 -0.05292177 -0.00455493
v -0.38717276 -0.05921459 0.00327367
v -0.38717276 -0.05260587 -0.00455493
v -0.37806284 -0.05921459 0.00387615
v -0.37806284 -0.05233258 -0.00455493
v -0.36895287 -0.05921459 0.00349402
v -0.36895287 -0.05248338 -0.00455493
v -0.35984290 -0.05921459 0.00450236
v -0.35984290 -0.05178845 -0.00455493
v -0.35073298 -0.05113620 -0.00455493
v -0.34162301 -0.05059946 -0.00455493
v 0.29607332 -0.05921459 -0.00330615
v 0.29607332 -0.05781710 -0.00455493
v 0.29400611 -0.05921459 -0.00455493
v 0.30518329 -0.05921459 0.00284040
v 0.30518329 -0.05604631 -0.00455493
v 0.31429327 -0.05244297 -0.00455493
v -0.42361256 -0.06832457 0.00400072
v -0.42361256 -0.05940527 -0.00455493
v -0.43195155 -0.06832457 -0.00455493
v 0.29607332 -0.05999970 -0.00455493
v 0.30518329 -0.06832457 -0.00452000
v 0.30501580 -0.06832457 -0.00455493
v 0.31429327 -0.06832457 -0.00353867
v 0.32340312 -0.06832457 0.00239223
v -0.43272254 -0.07743454 0.00259703
v -0.43272254 -0.07030344 -0.00455493
v -0.43985054 -0.07743454 -0.00455493
v 0.29607332 -0.07743454 -0.00406539
v 0.29607332 -0.07638538 -0.00455493
v 0.29400861 -0.07743454 -0.00455493
v 0.30518329 -0.07743454 0.00170940
v -0.47827226 -0.08654451 0.00328588
v -0.47827226 -0.07819468 -0.00455493
v -0.48674205 -0.08654451 -0.00455493
v -0.46916229 -0.08654451 0.00084960
v -0.46916229 -0.08104199 -0.00455493
v -0.46368867 -0.08654451 -0.00455493
v -0.43272254 -0.08654451 0.00384575
v -0.44120663 -0.08654451 -0.00455493
v 0.03188485 -0.08654451 0.00277495
v 0.04099482 -0.08240545 -0.00455493
v 0.03533411 -0.08654451 -0.00455493
v 0.05010474 -0.08087957 -0.00455493
v 0.05921459 -0.08186245 -0.00455493
v 0.06832457 -0.08654451 0.00276172
v 0.06832457 -0.08406281 -0.00455493
v 0.07261890 -0.08654451 -0.00455493
v 0.11387432 -0.08654451 0.00087351
v 0.11387432 -0.08556348 -0.00455493
v 0.11105472 -0.08654451 -0.00455493
v 0.12298429 -0.08439124 -0.00455493
v 0.13209426 -0.08377594 -0.00455493
v 0.14120424 -0.08481073 -0.00455493
v 0.15031421 -0.08654451 0.00441647
v 0.14171135 -0.08654451 -0.00455493
v 0.28696334 -0.08654451 -0.00250942
v 0.28696334 -0.08398587 -0.00455493
v 0.27906179 -0.08654451 -0.00455493
v -0.48738220 -0.09565449 -0.00414747
v -0.48738220 -0.09485728 -0.00455493
v -0.48795566 -0.09565449 -0.00455493
v -0.47827226 -0.09565449 0.00390112
v -0.46916229 -0.09565449 0.00300199
v -0.46146962 -0.09565449 -0.00455493
v -0.43272254 -0.09565449 0.00378317
v -0.44115540 -0.09565449 -0.00455493
v 0.02277488 -0.09237897 -0.00455493
v 0.01728290 -0.09565449 -0.00455493
v 0.03188485 -0.08910692 -0.00455493
v 0.07743454 -0.09025681 -0.00455493
v 0.08654451 -0.09218532 -0.00455493
v 0.09565449 -0.09286439 -0.00455493
v 0.10476446 -0.09098679 -0.00455493
v 0.15031421 -0.09565449 -0.00303692
v 0.14878523 -0.09565449 -0.00455493
v 0.15942407 -0.09565449 -0.00001460
v 0.27785337 -0.09565449 0.00235170
v 0.27785337 -0.08765495 -0.00455493
v 0.26987743 -0.09565449 -0.00455493
v -0.48738220 -0.09606278 -0.00455493
v -0.47827226 -0.10476446 -0.00088322
v -0.48205638 -0.10476446 -0.00455493
v -0.46916229 -0.10371011 -0.00455493
v -0.47362024 -0.10476446 -0.00455493
v -0.43272254 -0.10476446 0.00134206
v -0.43852866 -0.10476446 -0.00455493
v -0.42361256 -0.10476446 0.00409979
v -0.39628273 -0.10476446 0.00398195
v -0.38717276 -0.10476446 0.00392824
v -0.37806284 -0.10476446 0.00408405
v -0.36895287 -0.10476446 0.00344723
v -0.35984290 -0.10476446 0.00368577
v -0.35073298 -0.10476446 0.00388741
v -0.25963348 -0.10476446 0.00424320
v -0.25052351 -0.10476446 0.00210291
v -0.24141359 -0.10476446 -0.00143558
v -0.23230368 -0.10426712 -0.00455493
v -0.23610437 -0.10476446 -0.00455493
v -0.22319376 -0.10351294 -0.00455493
v -0.21408379 -0.10210413 -0.00455493
v -0.20497382 -0.10074645 -0.00455493
v -0.19586390 -0.10009408 -0.00455493
v -0.18675393 -0.09993637 -0.00455493
v -0.17764395 -0.10003215 -0.00455493
v -0.16853404 -0.10110474 -0.00455493
v -0.15942407 -0.10196245 -0.00455493
v -0.15031409 -0.10275501 -0.00455493
v -0.14120418 -0.10304832 -0.00455493
v -0.13209426 -0.10332626 -0.00455493
v -0.12298429 -0.10363513 -0.00455493
v -0.11387438 -0.10415059 -0.00455493
v -0.10476440 -0.10437053 -0.00455493
v -0.10105926 -0.10476446 -0.00455493
v -0.08654451 -0.10422403 -0.00455493
v -0.09202039 -0.10476446 -0.00455493
v -0.07743454 -0.10427952 -0.00455493
v -0.06832457 -0.10417527 -0.00455493
v -0.05921465 -0.10447282 -0.00455493
v -0.05643183 -0.10476446 -0.00455493
v -0.02277488 -0.10476446 0.00368381
v -0.01366490 -0.10476446 -0.00257713
v -0.00455499 -0.10301101 -0.00455493
v -0.01115042 -0.10476446 -0.00455493
v 0.00455493 -0.10099304 -0.00455493
v 0.01366490 -0.09846312 -0.00455493
v 0.15031421 -0.09744704 -0.00455493
v 0.15942407 -0.10246766 -0.00455493
v 0.16039884 -0.10476446 -0.00455493
v 0.24141359 -0.10476446 -0.00323719
v 0.24141359 -0.10375595 -0.00455493
v 0.24132383 -0.10476446 -0.00455493
v 0.25052357 -0.10476446 -0.00437355
v 0.25052357 -0.10464942 -0.00455493
v 0.25963354 -0.10476446 -0.00338072
v 0.25963354 -0.10395002 -0.00455493
v 0.26874340 -0.09675801 -0.00455493
v -0.47827226 -0.10836762 -0.00455493
v -0.43272254 -0.11067915 -0.00455493
v -0.42361256 -0.11359167 -0.00455493
v -0.41450259 -0.11387432 -0.00043249
v -0.42051330 -0.11387432 -0.00455493
v -0.40539271 -0.11387432 -0.00302500
v -0.39628273 -0.11289322 -0.00455493
v -0.40306368 -0.11387432 -0.00455493
v -0.38717276 -0.11268038 -0.00455493
v -0.37806284 -0.11242813 -0.00455493
v -0.36895287 -0.11127490 -0.00455493
v -0.35984290 -0.11141986 -0.00455493
v -0.35073298 -0.11245710 -0.00455493
v -0.34162301 -0.11307758 -0.00455493
v -0.33251309 -0.11335003 -0.00455493
v -0.32340318 -0.11334985 -0.00455493
v -0.31429321 -0.11336756 -0.00455493
v -0.30518323 -0.11340499 -0.00455493
v -0.29607332 -0.11327755 -0.00455493
v -0.28696334 -0.11296052 -0.00455493
v -0.27785337 -0.11223340 -0.00455493
v -0.26874346 -0.11143881 -0.00455493
v -0.25963348 -0.11074233 -0.00455493
v -0.25052351 -0.10969752 -0.00455493
v -0.24141359 -0.10720730 -0.00455493
v -0.09565443 -0.10779494 -0.00455493
v -0.05010468 -0.10831916 -0.00455493
v -0.04099476 -0.10912013 -0.00455493
v -0.03188485 -0.10850734 -0.00455493
v -0.02277488 -0.10750932 -0.00455493
v -0.01366490 -0.10595900 -0.00455493
v 0.16853404 -0.11143738 -0.00455493
v 0.17764401 -0.11376196 -0.00455493
v 0.17796493 -0.11387432 -0.00455493
v 0.22319365 -0.10739779 -0.00455493
v 0.22040462 -0.11387432 -0.00455493
v 0.23230362 -0.11387432 -0.00333935
v 0.23230362 -0.11364800 -0.00455493
v -0.41450259 -0.11798382 -0.00455493
v -0.40539271 -0.11540323 -0.00455493
v 0.18675399 -0.11919713 -0.00455493
v 0.19586384 -0.12072623 -0.00455493
v 0.20497382 -0.12098533 -0.00455493
v 0.21408367 -0.12012988 -0.00455493
v 0.16853404 0.15407521 -0.01366490
v 0.16225255 0.15031409 -0.01366490
v 0.17764401 0.15605366 -0.01366490
v 0.18675399 0.15636331 -0.01366490
v 0.19586384 0.15663040 -0.01366490
v 0.20497382 0.15666914 -0.01366490
v 0.21408367 0.15351337 -0.01366490
v 0.22319365 0.15031409 -0.01261991
v 0.21856010 0.15031409 -0.01366490
v 0.23230362 0.15031409 -0.01307821
v 0.15031421 0.14732343 -0.01366490
v 0.14375162 0.14120418 -0.01366490
v 0.15942407 0.15003270 -0.01366490
v 0.22319365 0.14849013 -0.01366490
v 0.23230362 0.14986801 -0.01366490
v 0.24034095 0.14120418 -0.01366490
v 0.25052357 0.14120418 -0.00725323
v 0.14120424 0.13970596 -0.01366490
v 0.13392401 0.13209426 -0.01366490
v 0.24141359 0.13340807 -0.01366490
v 0.25052357 0.13534015 -0.01366490
v 0.25963354 0.13209426 -0.01356024
v 0.25719976 0.13209426 -0.01366490
v 0.26874340 0.13209426 -0.01030856
v 0.13307965 0.12298429 -0.01366490
v 0.25963354 0.13155615 -0.01366490
v 0.26874340 0.12298429 -0.01321614
v 0.26779854 0.12298429 -0.01366490
v 0.27785337 0.12298429 -0.01150107
v 0.28696334 0.12298429 -0.00749981
v -0.10476440 0.11387438 -0.00920463
v -0.10476440 0.11787057 -0.01366490
v -0.11311138 0.11387438 -0.01366490
v -0.09565443 0.11795545 -0.01366490
v -0.09040320 0.11387438 -0.01366490
v 0.13291347 0.11387438 -0.01366490
v 0.26874340 0.11387438 -0.01252145
v 0.26661468 0.11387438 -0.01366490
v 0.27785337 0.11387438 -0.01102191
v 0.28696334 0.11387438 -0.00516546
v -0.35984290 0.10476440 -0.01220846
v -0.35984290 0.10607070 -0.01366490
v -0.36234289 0.10476440 -0.01366490
v -0.35073298 0.10476440 -0.00825185
v -0.35073298 0.10887742 -0.01366490
v -0.34162301 0.10476440 -0.00638950
v -0.34162301 0.11003298 -0.01366490
v -0.33251309 0.11056834 -0.01366490
v -0.32340318 0.11050397 -0.01366490
v -0.31429321 0.11061674 -0.01366490
v -0.30518323 0.11080909 -0.01366490
v -0.29607332 0.11090219 -0.01366490
v -0.28696334 0.11044538 -0.01366490
v -0.27785337 0.10993910 -0.01366490
v -0.26874346 0.10476440 -0.00678498
v -0.26874346 0.10944396 -0.01366490
v -0.25963348 0.10476440 -0.00939518
v -0.25963348 0.10791624 -0.01366490
v -0.25052351 0.10476440 -0.00880909
v -0.25052351 0.10812831 -0.01366490
v -0.24141359 0.10476440 -0.00742805
v -0.24141359 0.10880297 -0.01366490
v -0.23230368 0.10476440 -0.00672394
v -0.23230368 0.10919589 -0.01366490
v -0.22319376 0.10984892 -0.01366490
v -0.21408379 0.11029339 -0.01366490
v -0.20497382 0.11095476 -0.01366490
v -0.19586390 0.11100155 -0.01366490
v -0.18675393 0.11100334 -0.01366490
v -0.17764395 0.11083847 -0.01366490
v -0.16853404 0.11087304 -0.01366490
v -0.15942407 0.11102998 -0.01366490
v -0.15031409 0.11134398 -0.01366490
v -0.14120418 0.11235517 -0.01366490
v -0.13209426 0.11317259 -0.01366490
v -0.12298429 0.11373025 -0.01366490
v -0.11387438 0.11378396 -0.01366490
v -0.08654451 0.11337084 -0.01366490
v -0.07743454 0.11363035 -0.01366490
v -0.06832457 0.11323923 -0.01366490
v -0.05921465 0.11302358 -0.01366490
v -0.05010468 0.11274415 -0.01366490
v -0.04099476 0.11227179 -0.01366490
v -0.03188485 0.11104012 -0.01366490
v -0.02277488 0.10991663 -0.01366490
v -0.01366490 0.10857779 -0.01366490
v -0.00711328 0.10476440 -0.01366490
v 0.13378787 0.10476440 -0.01366490
v 0.25963354 0.10476440 -0.01351547
v 0.25963354 0.10600054 -0.01366490
v 0.25576949 0.10476440 -0.01366490
v 0.26874340 0.10476440 -0.01353234
v 0.27785337 0.10476440 -0.01337522
v 0.28696334 0.10476440 -0.01297301
v 0.29607332 0.10476440 -0.00843781
v -0.43272254 0.09565443 -0.00970143
v -0.43272254 0.09964699 -0.01366490
v -0.43678308 0.09565443 -0.01366490
v -0.42361256 0.09565443 -0.00500399
v -0.42361256 0.10431576 -0.01366490
v -0.41450259 0.10464424 -0.01366490
v -0.40539271 0.09565443 -0.00456554
v -0.40539271 0.10447139 -0.01366490
v -0.39628273 0.09565443 -0.00553024
v -0.39628273 0.10356951 -0.01366490
v -0.38717276 0.09565443 -0.00483799
v -0.38717276 0.10385799 -0.01366490
v -0.37806284 0.10385287 -0.01366490
v -0.36895287 0.09565443 -0.00499749
v -0.36895287 0.10334092 -0.01366490
v -0.00455499 0.10334760 -0.01366490
v 0.00455493 0.09679586 -0.01366490
v 0.01366490 0.09565443 -0.00768059
v 0.00634336 0.09565443 -0.01366490
v 0.05921459 0.09565443 -0.00804317
v 0.06832457 0.09888923 -0.01366490
v 0.06439930 0.09565443 -0.01366490
v 0.07743454 0.09786409 -0.01366490
v 0.08654451 0.09847134 -0.01366490
v 0.09565449 0.09895152 -0.01366490
v 0.10476446 0.10085881 -0.01366490
v 0.11387432 0.10064894 -0.01366490
v 0.12298429 0.09811151 -0.01366490
v 0.13209426 0.09565443 -0.01366150
v 0.13208067 0.09565443 -0.01366490
v 0.14120424 0.09565443 -0.00644237
v 0.14120424 0.09658301 -0.01366490
v 0.14165962 0.09565443 -0.01366490
v 0.25963354 0.10426867 -0.01366490
v 0.26874340 0.10345203 -0.01366490
v 0.27785337 0.09565443 -0.01348913
v 0.27567124 0.09565443 -0.01366490
v 0.28696334 0.09565443 -0.01270616
v 0.29607332 0.09565443 -0.01208299
v 0.30518329 0.09565443 -0.00556791
v -0.48738220 0.08654451 -0.01002616
v -0.48738220 0.09018564 -0.01366490
v -0.49140495 0.08654451 -0.01366490
v -0.47827226 0.08654451 -0.00529939
v -0.47827226 0.09565157 -0.01366490
v -0.46916229 0.08654451 -0.00554746
v -0.46916229 0.09524119 -0.01366490
v -0.46005234 0.08654451 -0.01308566
v -0.46005234 0.08713895 -0.01366490
v -0.45947263 0.08654451 -0.01366490
v -0.44183245 0.08654451 -0.01128805
v -0.44183245 0.08898121 -0.01366490
v -0.44419229 0.08654451 -0.01366490
v -0.43272254 0.08654451 -0.00649220
v 0.01366490 0.09289944 -0.01366490
v 0.02277488 0.09265929 -0.01366490
v 0.03188485 0.09029913 -0.01366490
v 0.04099482 0.08654451 -0.00910926
v 0.03614646 0.08654451 -0.01366490
v 0.05010474 0.08654451 -0.00854361
v 0.05921459 0.08919036 -0.01366490
v 0.05424464 0.08654451 -0.01366490
v 0.13209426 0.09565246 -0.01366490
v 0.14120424 0.09404260 -0.01366490
v 0.26874340 0.08654451 -0.01223326
v 0.26874340 0.08897388 -0.01366490
v 0.26736927 0.08654451 -0.01366490
v 0.27785337 0.08654451 -0.01022363
v 0.28696334 0.08654451 -0.00817698
v -0.48738220 0.07743454 -0.00585830
v -0.49534607 0.07743454 -0.01366490
v -0.47827226 0.07743454 -0.00503284
v -0.46916229 0.07743454 -0.00506735
v -0.46005234 0.07743454 -0.00641835
v -0.45278779 0.07743454 -0.01366490
v -0.44183245 0.07743454 -0.00691044
v -0.44860783 0.07743454 -0.01366490
v -0.43272254 0.07743454 -0.00557202
v 0.04099482 0.08404493 -0.01366490
v 0.05010474 0.08582014 -0.01366490
v 0.26874340 0.08585322 -0.01366490
v 0.27785337 0.08626539 -0.01366490
v 0.28696334 0.08507138 -0.01366490
v 0.29607332 0.08228654 -0.01366490
v 0.30518329 0.07743454 -0.01228023
v 0.30094683 0.07743454 -0.01366490
v 0.31429327 0.07743454 -0.00761539
v 0.42361248 0.07743454 -0.00864106
v 0.42361248 0.08147401 -0.01366490
v 0.41777360 0.07743454 -0.01366490
v 0.43272245 0.07743454 -0.01088148
v 0.43272245 0.08005625 -0.01366490
v 0.43657863 0.07743454 -0.01366490
v 0.46005237 0.07743454 -0.01161057
v 0.46005237 0.07885194 -0.01366490
v 0.45856726 0.07743454 -0.01366490
v 0.46916234 0.07743454 -0.00559568
v 0.46916234 0.08237165 -0.01366490
v 0.47827220 0.07743454 -0.00712484
v 0.47827220 0.08183426 -0.01366490
v 0.48386312 0.07743454 -0.01366490
v -0.48738220 0.06832457 -0.00543672
v -0.49574164 0.06832457 -0.01366490
v -0.47827226 0.06832457 -0.00504756
v -0.46916229 0.06832457 -0.00519806
v -0.46005234 0.06832457 -0.01077008
v -0.45711526 0.06832457 -0.01366490
v -0.44183245 0.06832457 -0.00830090
v -0.44723040 0.06832457 -0.01366490
v -0.43272254 0.06832457 -0.00569475
v 0.30518329 0.06832457 -0.01336384
v 0.30496967 0.06832457 -0.01366490
v 0.31429327 0.06832457 -0.01235950
v 0.32340312 0.06832457 -0.01030999
v 0.41450262 0.07707196 -0.01366490
v 0.40597916 0.06832457 -0.01366490
v 0.44183242 0.06832457 -0.00514328
v 0.44183242 0.07618058 -0.01366490
v 0.45094240 0.07458627 -0.01366490
v 0.48738217 0.07697672 -0.01366490
v 0.49649215 0.06832457 -0.00610107
v 0.49649215 0.07508665 -0.01366490
v 0.50325871 0.06832457 -0.01366490
v -0.48738220 0.05948228 -0.01366490
v -0.47827226 0.05921465 -0.00603604
v -0.48693380 0.05921465 -0.01366490
v -0.46916229 0.05921465 -0.00781327
v -0.46005234 0.06538773 -0.01366490
v -0.46328658 0.05921465 -0.01366490
v -0.44183245 0.06294447 -0.01366490
v -0.43272254 0.05921465 -0.00986904
v -0.43654245 0.05921465 -0.01366490
v 0.30518329 0.05921465 -0.01348120
v 0.30499136 0.05921465 -0.01366490
v 0.31429327 0.06199968 -0.01366490
v 0.31008792 0.05921465 -0.01366490
v 0.32340312 0.05921465 -0.01250798
v 0.31685448 0.05921465 -0.01366490
v 0.36895299 0.05921465 -0.00640339
v 0.38717282 0.06712103 -0.01366490
v 0.37890983 0.05921465 -0.01366490
v 0.39628267 0.06658113 -0.01366490
v 0.40539265 0.06645668 -0.01366490
v 0.50560212 0.05921465 -0.00858933
v 0.50560212 0.06415975 -0.01366490
v 0.51051688 0.05921465 -0.01366490
v -0.47827226 0.05156696 -0.01366490
v -0.46916229 0.05336934 -0.01366490
v -0.43272254 0.05538416 -0.01366490
v -0.42361256 0.05099225 -0.01366490
v -0.41450259 0.05010468 -0.00740278
v -0.42067945 0.05010468 -0.01366490
v 0.30518329 0.05010468 -0.01319873
v 0.30122960 0.05010468 -0.01366490
v 0.30705500 0.05010468 -0.01366490
v 0.32340312 0.05010468 -0.01265275
v 0.32109535 0.05010468 -0.01366490
v 0.34162307 0.05010468 -0.00783926
v 0.35073304 0.05010468 -0.00542498
v 0.35984302 0.05010468 -0.00706655
v 0.36895299 0.05223775 -0.01366490
v 0.36676061 0.05010468 -0.01366490
v 0.37806284 0.05880708 -0.01366490
v 0.51430178 0.05010468 -0.01366490
v -0.41450259 0.04409546 -0.01366490
v -0.40539271 0.04157561 -0.01366490
v -0.39628273 0.04099476 -0.00716704
v -0.40302780 0.04099476 -0.01366490
v -0.38717276 0.04099476 -0.00657004
v -0.37806284 0.04099476 -0.00760669
v -0.36895287 0.04099476 -0.00975817
v -0.35984290 0.04099476 -0.00952834
v -0.35073298 0.04099476 -0.00860262
v -0.34162301 0.04099476 -0.00804609
v -0.33251309 0.04099476 -0.00610054
v 0.30518329 0.04787409 -0.01366490
v 0.31429327 0.04099476 -0.01365244
v 0.31429327 0.04168850 -0.01366490
v 0.31343973 0.04099476 -0.01366490
v 0.32340312 0.04099476 -0.01098174
v 0.33251309 0.04099476 -0.00955510
v 0.34162307 0.04099476 -0.01140732
v 0.35073304 0.04099476 -0.00939810
v 0.35984302 0.04667443 -0.01366490
v 0.35396969 0.04099476 -0.01366490
v 0.51457834 0.04099476 -0.01366490
v -0.39628273 0.03485584 -0.01366490
v -0.38717276 0.03461033 -0.01366490
v -0.37806284 0.03597915 -0.01366490
v -0.36895287 0.03796595 -0.01366490
v -0.35984290 0.03795284 -0.01366490
v -0.35073298 0.03741348 -0.01366490
v -0.34162301 0.03740513 -0.01366490
v -0.33251309 0.03686464 -0.01366490
v -0.32340318 0.03629917 -0.01366490
v -0.31429321 0.03586143 -0.01366490
v -0.30518323 0.03611797 -0.01366490
v -0.29607332 0.03590703 -0.01366490
v -0.28696334 0.03588468 -0.01366490
v -0.27785337 0.03545833 -0.01366490
v -0.26874346 0.03503066 -0.01366490
v -0.25963348 0.03442502 -0.01366490
v -0.25052351 0.03365940 -0.01366490
v -0.24141359 0.03261250 -0.01366490
v -0.23230368 0.03188485 -0.01080275
v -0.23445702 0.03188485 -0.01366490
v 0.30518329 0.03188485 -0.01356834
v 0.30518329 0.03257245 -0.01366490
v 0.30368197 0.03188485 -0.01366490
v 0.31429327 0.03188485 -0.01294160
v 0.32340312 0.03188485 -0.01154429
v 0.33251309 0.03188485 -0.01210153
v 0.34162307 0.03188485 -0.01271105
v 0.35073304 0.03188485 -0.01318097
v 0.35613835 0.03188485 -0.01366490
v 0.51471043 0.03188485 -0.01366490
v -0.23230368 0.03078407 -0.01366490
v -0.22319376 0.02736062 -0.01366490
v -0.21408379 0.02563125 -0.01366490
v -0.20497382 0.02461827 -0.01366490
v -0.19586390 0.02350223 -0.01366490
v -0.19037741 0.02277488 -0.01366490
v 0.30518329 0.03170121 -0.01366490
v 0.31429327 0.02476466 -0.01366490
v 0.32340312 0.02277488 -0.01316851
v 0.31698108 0.02277488 -0.01366490
v 0.33251309 0.02277488 -0.01238334
v 0.34162307 0.02277488 -0.01334888
v 0.35073304 0.03009838 -0.01366490
v 0.34303617 0.02277488 -0.01366490
v 0.35984302 0.02277488 -0.01330811
v 0.35984302 0.02978802 -0.01366490
v 0.35657609 0.02277488 -0.01366490
v 0.36044538 0.02277488 -0.01366490
v 0.51459610 0.02277488 -0.01366490
v -0.18675393 0.02032453 -0.01366490
v -0.17764395 0.01617920 -0.01366490
v -0.16853404 0.01543641 -0.01366490
v -0.15942407 0.01516688 -0.01366490
v -0.15031409 0.01500893 -0.01366490
v -0.14120418 0.01460022 -0.01366490
v -0.13209426 0.01404762 -0.01366490
v -0.12298429 0.01366490 -0.00852865
v -0.12787521 0.01366490 -0.01366490
v 0.32340312 0.01366490 -0.01309043
v 0.31839859 0.01366490 -0.01366490
v 0.33251309 0.01366490 -0.01063228
v 0.34162307 0.02145278 -0.01366490
v 0.33703065 0.01366490 -0.01366490
v 0.35984302 0.01366490 -0.01348633
v 0.35805440 0.01366490 -0.01366490
v 0.36895299 0.01366490 -0.01359075
v 0.36895299 0.01382464 -0.01366490
v 0.36913896 0.01366490 -0.01366490
v 0.51405549 0.01366490 -0.01366490
v -0.12298429 0.01019961 -0.01366490
v -0.11387438 0.00817990 -0.01366490
v -0.10476440 0.00661862 -0.01366490
v -0.09565443 0.00455499 -0.01173127
v -0.09660840 0.00455499 -0.01366490
v 0.31429327 0.00455499 -0.01265371
v 0.31429327 0.01030999 -0.01366490
v 0.31120682 0.00455499 -0.01366490
v 0.32340312 0.00455499 -0.00609463
v 0.34162307 0.00897115 -0.01366490
v 0.35073304 0.00455499 -0.00878721
v 0.35073304 0.00904411 -0.01366490
v 0.35984302 0.00455499 -0.01209897
v 0.36895299 0.00455499 -0.01299542
v 0.37806284 0.00455499 -0.01323336
v 0.37806284 0.00505412 -0.01366490
v 0.37856221 0.00455499 -0.01366490
v 0.50560212 0.00455499 -0.01231986
v 0.50693524 0.00455499 -0.01366490
v -0.09565443 0.00386000 -0.01366490
v -0.08654451 -0.00455493 -0.00668693
v -0.08654451 -0.00111306 -0.01366490
v -0.08087867 -0.00455493 -0.01366490
v 0.30518329 -0.00455493 -0.01206791
v 0.30518329 -0.00249445 -0.01366490
v 0.30295277 -0.00455493 -0.01366490
v 0.31429327 -0.00455493 -0.00531471
v 0.33251309 -0.00455493 -0.00657952
v 0.36895299 -0.00455493 -0.00743800
v 0.37806284 -0.00455493 -0.00878215
v 0.38717282 -0.00349760 -0.01366490
v 0.39628267 -0.00455493 -0.01134109
v 0.39628267 -0.00406384 -0.01366490
v 0.40539265 -0.00455493 -0.01210457
v 0.40539265 -0.00423527 -0.01366490
v 0.40563035 -0.00455493 -0.01366490
v 0.49649215 -0.00455493 -0.00923431
v 0.50560212 0.00318456 -0.01366490
v 0.50056076 -0.00455493 -0.01366490
v -0.15031409 -0.01366490 -0.00989050
v -0.14120418 -0.01100862 -0.01366490
v -0.14873493 -0.01366490 -0.01366490
v -0.13209426 -0.00939053 -0.01366490
v -0.12298429 -0.00821358 -0.01366490
v -0.11387438 -0.00708759 -0.01366490
v -0.10476440 -0.00616390 -0.01366490
v -0.09565443 -0.00575209 -0.01366490
v -0.08654451 -0.00508565 -0.01366490
v 0.30518329 -0.00913930 -0.01366490
v 0.31429327 -0.01366490 -0.01301080
v 0.30913520 -0.01366490 -0.01366490
v 0.32340312 -0.01366490 -0.01306790
v 0.33251309 -0.01366490 -0.01225305
v 0.41450262 -0.01366490 -0.00761163
v 0.40920401 -0.01366490 -0.01366490
v 0.43272245 -0.01366490 -0.00671899
v 0.44183242 -0.01361376 -0.01366490
v 0.44168949 -0.01366490 -0.01366490
v 0.45094240 -0.01366490 -0.00978929
v 0.45094240 -0.01163948 -0.01366490
v 0.45436537 -0.01366490 -0.01366490
v 0.48738217 -0.01294070 -0.01366490
v 0.48525286 -0.01366490 -0.01366490
v 0.49649215 -0.00855887 -0.01366490
v -0.19586390 -0.02277488 -0.01362717
v -0.18675393 -0.01884824 -0.01366490
v -0.19586003 -0.02277488 -0.01366490
v -0.17764395 -0.01647747 -0.01366490
v -0.16853404 -0.01528186 -0.01366490
v -0.15942407 -0.01450694 -0.01366490
v -0.15031409 -0.01380306 -0.01366490
v 0.30518329 -0.02277488 -0.01144773
v 0.30518329 -0.01773489 -0.01366490
v 0.30179703 -0.02277488 -0.01366490
v 0.41450262 -0.01891249 -0.01366490
v 0.42361248 -0.02159345 -0.01366490
v 0.43272245 -0.02002972 -0.01366490
v 0.46005237 -0.01916540 -0.01366490
v 0.46916234 -0.02091676 -0.01366490
v 0.47827220 -0.02004296 -0.01366490
v -0.23230368 -0.02801359 -0.01366490
v -0.23777175 -0.03188485 -0.01366490
v -0.22319376 -0.02575660 -0.01366490
v -0.21408379 -0.02444381 -0.01366490
v -0.20497382 -0.02346188 -0.01366490
v -0.19586390 -0.02277517 -0.01366490
v 0.30518329 -0.02832615 -0.01366490
v 0.31429327 -0.03188485 -0.01216429
v 0.30825126 -0.03188485 -0.01366490
v -0.26874346 -0.03730345 -0.01366490
v -0.27742511 -0.04099482 -0.01366490
v -0.25963348 -0.03521419 -0.01366490
v -0.25052351 -0.03361124 -0.01366490
v -0.24141359 -0.03241551 -0.01366490
v 0.31429327 -0.04099482 -0.01253629
v 0.31118047 -0.04099482 -0.01366490
v -0.35073298 -0.05010474 -0.01248598
v -0.35073298 -0.04943436 -0.01366490
v -0.35535347 -0.05010474 -0.01366490
v -0.34162301 -0.05010474 -0.00943136
v -0.34162301 -0.04824489 -0.01366490
v -0.33251309 -0.04621309 -0.01366490
v -0.32340318 -0.04467142 -0.01366490
v -0.31429321 -0.04414028 -0.01366490
v -0.30518323 -0.04312658 -0.01366490
v -0.29607332 -0.04200691 -0.01366490
v -0.28696334 -0.04138941 -0.01366490
v -0.27785337 -0.04101688 -0.01366490
v 0.28696334 -0.05010474 -0.01315576
v 0.28696334 -0.04993230 -0.01366490
v 0.28577507 -0.05010474 -0.01366490
v 0.29607332 -0.05010474 -0.01214647
v 0.29607332 -0.04929054 -0.01366490
v 0.30518329 -0.05010474 -0.01049829
v 0.30518329 -0.04635155 -0.01366490
v 0.31429327 -0.05010474 -0.00681138
v -0.42361256 -0.05921459 -0.00538969
v -0.42361256 -0.05290323 -0.01366490
v -0.42995310 -0.05921459 -0.01366490
v -0.41450259 -0.05122787 -0.01366490
v -0.40539271 -0.05101752 -0.01366490
v -0.39628273 -0.05121833 -0.01366490
v -0.38717276 -0.05089569 -0.01366490
v -0.37806284 -0.05063683 -0.01366490
v -0.36895287 -0.05048382 -0.01366490
v -0.35984290 -0.05020481 -0.01366490
v 0.27785337 -0.05921459 -0.01363462
v 0.27785337 -0.05893189 -0.01366490
v 0.27778387 -0.05921459 -0.01366490
v 0.28696334 -0.05921459 -0.01050955
v -0.43149164 -0.06832457 -0.01366490
v 0.27785337 -0.05930859 -0.01366490
v 0.28696334 -0.06832457 -0.01348174
v 0.28608966 -0.06832457 -0.01366490
v 0.29607332 -0.06832457 -0.01228178
v -0.47827226 -0.07743454 -0.00483745
v -0.47827226 -0.06874567 -0.01366490
v -0.48721650 -0.07743454 -0.01366490
v -0.46916229 -0.07743454 -0.00512069
v -0.46916229 -0.06891137 -0.01366490
v -0.46005234 -0.07743454 -0.00611085
v -0.46005234 -0.06989580 -0.01366490
v -0.45244139 -0.07743454 -0.01366490
v -0.44183245 -0.07743454 -0.00664347
v -0.44183245 -0.07041800 -0.01366490
v -0.44895232 -0.07743454 -0.01366490
v -0.43272254 -0.06875002 -0.01366490
v 0.04099482 -0.07743454 -0.01276582
v 0.04099482 -0.07526499 -0.01366490
v 0.04053295 -0.07743454 -0.01366490
v 0.05010474 -0.07743454 -0.00801665
v 0.05010474 -0.07077593 -0.01366490
v 0.05921459 -0.07743454 -0.01148754
v 0.05921459 -0.07610381 -0.01366490
v 0.06103414 -0.07743454 -0.01366490
v 0.13209426 -0.07743454 -0.01326573
v 0.13209426 -0.07713121 -0.01366490
v 0.12691152 -0.07743454 -0.01366490
v 0.13284004 -0.07743454 -0.01366490
v 0.25963354 -0.07743454 -0.01350951
v 0.25963354 -0.07739639 -0.01366490
v 0.25582647 -0.07743454 -0.01366490
v 0.26874340 -0.07743454 -0.01307106
v 0.26874340 -0.07720244 -0.01366490
v 0.27785337 -0.07743454 -0.01311779
v 0.27785337 -0.07625866 -0.01366490
v 0.28696334 -0.07743454 -0.01099360
v -0.48738220 -0.08654451 -0.00484675
v -0.48738220 -0.07764000 -0.01366490
v -0.49609169 -0.08654451 -0.01366490
v -0.46005234 -0.08654451 -0.00476855
v -0.45094243 -0.08654451 -0.00616276
v -0.45094243 -0.07896584 -0.01366490
v -0.44183245 -0.08654451 -0.00477409
v 0.03188485 -0.08654451 -0.01048666
v 0.03188485 -0.08547795 -0.01366490
v 0.03069973 -0.08654451 -0.01366490
v 0.06832457 -0.08282387 -0.01366490
v 0.07743454 -0.08654451 -0.01211804
v 0.07743454 -0.08608520 -0.01366490
v 0.08654451 -0.08654451 -0.01342130
v 0.08654451 -0.08639920 -0.01366490
v 0.09565449 -0.08654451 -0.01199013
v 0.09565449 -0.08506435 -0.01366490
v 0.10476446 -0.08654451 -0.01003653
v 0.10476446 -0.08496207 -0.01366490
v 0.11387432 -0.08323830 -0.01366490
v 0.12298429 -0.07797885 -0.01366490
v 0.14120424 -0.08654451 -0.01203692
v 0.14059842 -0.08654451 -0.01366490
v 0.25963354 -0.07775158 -0.01366490
v 0.26874340 -0.08654451 -0.01140523
v 0.26711190 -0.08654451 -0.01366490
v 0.27785337 -0.08654451 -0.00563973
v -0.49624670 -0.09565449 -0.01366490
v -0.46005234 -0.09565449 -0.00471991
v -0.45094243 -0.09565449 -0.00545412
v -0.44183245 -0.09565449 -0.00473768
v 0.02277488 -0.09191120 -0.01366490
v 0.01378655 -0.09565449 -0.01366490
v 0.14120424 -0.08713692 -0.01366490
v 0.14300501 -0.09565449 -0.01366490
v 0.24141359 -0.09565449 -0.01241332
v 0.24141359 -0.09478068 -0.01366490
v 0.24133515 -0.09565449 -0.01366490
v 0.24373555 -0.09565449 -0.01366490
v 0.26874340 -0.09565449 -0.00565737
v 0.26070499 -0.09565449 -0.01366490
v -0.48738220 -0.10476446 -0.00578892
v -0.49557430 -0.10476446 -0.01366490
v -0.46916229 -0.10476446 -0.00471622
v -0.46005234 -0.10476446 -0.00495607
v -0.45094243 -0.10476446 -0.00916874
v -0.44183245 -0.10476446 -0.01166099
v -0.23230368 -0.10476446 -0.00930691
v -0.22319376 -0.10438722 -0.01366490
v -0.22757000 -0.10476446 -0.01366490
v -0.21408379 -0.10336155 -0.01366490
v -0.20497382 -0.10222000 -0.01366490
v -0.19586390 -0.10142314 -0.01366490
v -0.18675393 -0.10110861 -0.01366490
v -0.17764395 -0.10109884 -0.01366490
v -0.16853404 -0.10168982 -0.01366490
v -0.15942407 -0.10256296 -0.01366490
v -0.15031409 -0.10341913 -0.01366490
v -0.14120418 -0.10352558 -0.01366490
v -0.13209426 -0.10371560 -0.01366490
v -0.12298429 -0.10399127 -0.01366490
v -0.11387438 -0.10433728 -0.01366490
v -0.10476440 -0.10440189 -0.01366490
v -0.10190260 -0.10476446 -0.01366490
v -0.08654451 -0.10443020 -0.01366490
v -0.09111351 -0.10476446 -0.01366490
v -0.07743454 -0.10430026 -0.01366490
v -0.06832457 -0.10422963 -0.01366490
v -0.05921465 -0.10407406 -0.01366490
v -0.05010468 -0.10476446 -0.01097369
v -0.05010468 -0.10437119 -0.01366490
v -0.04099476 -0.10476446 -0.01206988
v -0.04099476 -0.10430616 -0.01366490
v -0.03188485 -0.10476446 -0.01218361
v -0.03188485 -0.10446453 -0.01366490
v -0.02277488 -0.10476446 -0.01164645
v -0.02277488 -0.10451293 -0.01366490
v -0.01366490 -0.10476446 -0.00705606
v -0.01366490 -0.10400474 -0.01366490
v -0.00455499 -0.10232854 -0.01366490
v 0.00455493 -0.10036653 -0.01366490
v 0.01366490 -0.09576887 -0.01366490
v 0.15031421 -0.10476446 -0.01222080
v 0.14910197 -0.10476446 -0.01366490
v 0.15942407 -0.10476446 -0.01319748
v 0.22319365 -0.10476446 -0.00733346
v 0.22319365 -0.10057914 -0.01366490
v 0.22266984 -0.10476446 -0.01366490
v 0.22566104 -0.10476446 -0.01366490
v 0.23878980 -0.10476446 -0.01366490
v 0.25052357 -0.10038531 -0.01366490
v 0.25963354 -0.09671056 -0.01366490
v -0.48738220 -0.11261928 -0.01366490
v -0.47827226 -0.11387432 -0.00629461
v -0.48572925 -0.11387432 -0.01366490
v -0.46916229 -0.11387432 -0.00693119
v -0.46005234 -0.11353165 -0.01366490
v -0.46214432 -0.11387432 -0.01366490
v -0.45094243 -0.10926360 -0.01366490
v -0.44183245 -0.10676670 -0.01366490
v -0.43272254 -0.11386609 -0.01366490
v -0.42361256 -0.11377454 -0.01366490
v -0.42304948 -0.11387432 -0.01366490
v -0.39628273 -0.11387432 -0.00905406
v -0.38717276 -0.11387432 -0.00889134
v -0.37806284 -0.11387432 -0.00873226
v -0.36895287 -0.11387432 -0.01182419
v -0.35984290 -0.11387432 -0.01187950
v -0.35073298 -0.11387432 -0.01112437
v -0.34162301 -0.11373669 -0.01366490
v -0.34532624 -0.11387432 -0.01366490
v -0.33251309 -0.11379021 -0.01366490
v -0.32340318 -0.11387432 -0.01246548
v -0.32663304 -0.11387432 -0.01366490
v -0.31429321 -0.11387432 -0.01002997
v -0.30518323 -0.11387432 -0.01075870
v -0.29607332 -0.11379063 -0.01366490
v -0.29975462 -0.11387432 -0.01366490
v -0.28696334 -0.11356276 -0.01366490
v -0.27785337 -0.11311597 -0.01366490
v -0.26874346 -0.11249018 -0.01366490
v -0.25963348 -0.11196774 -0.01366490
v -0.25052351 -0.11117882 -0.01366490
v -0.24141359 -0.10941344 -0.01366490
v -0.23230368 -0.10652590 -0.01366490
v -0.09565443 -0.10875559 -0.01366490
v 0.15031421 -0.10602278 -0.01366490
v 0.15942407 -0.10490167 -0.01366490
v 0.16853404 -0.11283845 -0.01366490
v 0.17764401 -0.11382318 -0.01366490
v 0.17813659 -0.11387432 -0.01366490
v 0.20497382 -0.11387432 -0.01366210
v 0.20497382 -0.11387402 -0.01366490
v 0.20496082 -0.11387432 -0.01366490
v 0.21408367 -0.11387432 -0.01233542
v 0.21408367 -0.11364782 -0.01366490
v 0.23230362 -0.11124301 -0.01366490
v -0.47827226 -0.12121886 -0.01366490
v -0.46916229 -0.12059206 -0.01366490
v -0.41450259 -0.12017888 -0.01366490
v -0.40539271 -0.12015980 -0.01366490
v -0.39628273 -0.11732572 -0.01366490
v -0.38717276 -0.11762446 -0.01366490
v -0.37806284 -0.11817628 -0.01366490
v -0.36895287 -0.11558932 -0.01366490
v -0.35984290 -0.11535436 -0.01366490
v -0.35073298 -0.11542064 -0.01366490
v -0.32340318 -0.11429954 -0.01366490
v -0.31429321 -0.11543280 -0.01366490
v -0.30518323 -0.11496723 -0.01366490
v 0.18675399 -0.11758059 -0.01366490
v 0.19586384 -0.11780792 -0.01366490
v 0.16853404 0.15031409 -0.02190441
v 0.17764401 0.15264666 -0.02277488
v 0.17014623 0.15031409 -0.02277488
v 0.18675399 0.15129793 -0.02277488
v 0.19586384 0.15031409 -0.02188593
v 0.18976939 0.15031409 -0.02277488
v 0.20497382 0.15031409 -0.02079862
v 0.21408367 0.15031409 -0.01749259
v 0.15031421 0.14596528 -0.02277488
v 0.14540124 0.14120418 -0.02277488
v 0.15942407 0.14955068 -0.02277488
v 0.16853404 0.15023547 -0.02277488
v 0.19586384 0.15000892 -0.02277488
v 0.20497382 0.14937508 -0.02277488
v 0.21408367 0.14669102 -0.02277488
v 0.22319365 0.14120418 -0.02036726
v 0.21940899 0.14120418 -0.02277488
v 0.23230362 0.14120418 -0.02211672
v 0.14120424 0.13866544 -0.02277488
v 0.13474858 0.13209426 -0.02277488
v 0.22319365 0.13717663 -0.02277488
v 0.23230362 0.14047104 -0.02277488
v 0.24141359 0.13209426 -0.01493227
v 0.24018121 0.13209426 -0.02277488
v 0.25052357 0.13209426 -0.01674092
v 0.13320208 0.12298429 -0.02277488
v 0.24141359 0.12298429 -0.02172053
v 0.24104571 0.12298429 -0.02277488
v 0.25052357 0.12298429 -0.02191126
v 0.25963354 0.12298429 -0.02047712
v -0.10476440 0.11387438 -0.01872212
v -0.09565443 0.11710578 -0.02277488
v -0.09990221 0.11387438 -0.02277488
v -0.09222430 0.11387438 -0.02277488
v 0.13283575 0.11387438 -0.02277488
v 0.24141359 0.11751103 -0.02277488
v 0.25052357 0.11387438 -0.02163333
v 0.24427235 0.11387438 -0.02277488
v 0.25963354 0.11387438 -0.01959050
v -0.43272254 0.10476440 -0.01989591
v -0.43272254 0.10767883 -0.02277488
v -0.43555939 0.10476440 -0.02277488
v -0.42361256 0.10476440 -0.01479805
v -0.42361256 0.11174655 -0.02277488
v -0.41450259 0.10476440 -0.01427847
v -0.41450259 0.11040801 -0.02277488
v -0.40539271 0.10476440 -0.01567990
v -0.40539271 0.10858035 -0.02277488
v -0.39628273 0.10476440 -0.01867980
v -0.39628273 0.10730898 -0.02277488
v -0.38717276 0.10476440 -0.01689249
v -0.38717276 0.10847789 -0.02277488
v -0.37806284 0.10476440 -0.01775956
v -0.37806284 0.10747248 -0.02277488
v -0.36895287 0.10476440 -0.02018696
v -0.36895287 0.10616571 -0.02277488
v -0.35984290 0.10880250 -0.02277488
v -0.35073298 0.11081660 -0.02277488
v -0.34162301 0.11118156 -0.02277488
v -0.33251309 0.11108869 -0.02277488
v -0.32340318 0.11093062 -0.02277488
v -0.31429321 0.11080545 -0.02277488
v -0.30518323 0.11113912 -0.02277488
v -0.29607332 0.11131078 -0.02277488
v -0.28696334 0.11080217 -0.02277488
v -0.27785337 0.11007607 -0.02277488
v -0.26874346 0.10903293 -0.02277488
v -0.25963348 0.10743678 -0.02277488
v -0.25052351 0.10816407 -0.02277488
v -0.24141359 0.10918856 -0.02277488
v -0.23230368 0.10989845 -0.02277488
v -0.22319376 0.11048311 -0.02277488
v -0.21408379 0.11067730 -0.02277488
v -0.20497382 0.11075532 -0.02277488
v -0.19586390 0.11070639 -0.02277488
v -0.18675393 0.11074150 -0.02277488
v -0.17764395 0.11072046 -0.02277488
v -0.16853404 0.11104065 -0.02277488
v -0.15942407 0.11122650 -0.02277488
v -0.15031409 0.11141688 -0.02277488
v -0.14120418 0.11210144 -0.02277488
v -0.13209426 0.11259627 -0.02277488
v -0.12298429 0.11330742 -0.02277488
v -0.11387438 0.11299622 -0.02277488
v -0.10476440 0.11308950 -0.02277488
v -0.08654451 0.11276716 -0.02277488
v -0.07743454 0.11249077 -0.02277488
v -0.06832457 0.11143529 -0.02277488
v -0.05921465 0.11077607 -0.02277488
v -0.05010468 0.10996848 -0.02277488
v -0.04099476 0.10892808 -0.02277488
v -0.03188485 0.10696763 -0.02277488
v -0.02277488 0.10476440 -0.02128017
v -0.02674091 0.10476440 -0.02277488
v -0.01366490 0.10476440 -0.01812720
v 0.13362992 0.10476440 -0.02277488
v 0.25052357 0.10476440 -0.01887923
v 0.24941099 0.10476440 -0.02277488
v -0.47827226 0.09565443 -0.01366705
v -0.47827226 0.10425359 -0.02277488
v -0.48726958 0.09565443 -0.02277488
v -0.46916229 0.09565443 -0.01394045
v -0.46916229 0.10411251 -0.02277488
v -0.46005234 0.09565443 -0.01500487
v -0.46005234 0.10338807 -0.02277488
v -0.45205775 0.09565443 -0.02277488
v -0.44183245 0.09565443 -0.01468503
v -0.44183245 0.10369647 -0.02277488
v -0.45008621 0.09565443 -0.02277488
v -0.02277488 0.10400832 -0.02277488
v -0.01366490 0.10159886 -0.02277488
v -0.00455499 0.09717041 -0.02277488
v 0.00455493 0.09565443 -0.01519084
v -0.00247532 0.09565443 -0.02277488
v 0.06832457 0.09565443 -0.01856107
v 0.07743454 0.09565443 -0.01607466
v 0.08654451 0.09565443 -0.01685655
v 0.09565449 0.09565443 -0.01740748
v 0.10476446 0.09565443 -0.01979500
v 0.11387432 0.09565443 -0.01940566
v 0.12298429 0.09565443 -0.01633030
v 0.14120424 0.09631568 -0.02277488
v 0.14156020 0.09565443 -0.02277488
v 0.25052357 0.10433346 -0.02277488
v 0.25963354 0.10038543 -0.02277488
v 0.26874340 0.09565443 -0.02010179
v 0.26438010 0.09565443 -0.02277488
v -0.48738220 0.09547508 -0.02277488
v -0.49571621 0.08654451 -0.02277488
v -0.45094243 0.08654451 -0.02155322
v -0.45094243 0.08804137 -0.02277488
v 0.00455493 0.09254879 -0.02277488
v 0.01366490 0.08654451 -0.02200574
v 0.01290792 0.08654451 -0.02277488
v 0.02277488 0.08654451 -0.02093965
v 0.03188485 0.08654451 -0.01742053
v 0.05921459 0.08654451 -0.01714891
v 0.06832457 0.09345573 -0.02277488
v 0.06143725 0.08654451 -0.02277488
v 0.07743454 0.08987689 -0.02277488
v 0.08654451 0.08924478 -0.02277488
v 0.09565449 0.09097254 -0.02277488
v 0.10476446 0.09251046 -0.02277488
v 0.11387432 0.08890510 -0.02277488
v 0.12298429 0.08654451 -0.02097714
v 0.11666363 0.08654451 -0.02277488
v 0.13209426 0.08918369 -0.02277488
v 0.12974799 0.08654451 -0.02277488
v 0.14120424 0.09446377 -0.02277488
v 0.26109874 0.08654451 -0.02277488
v -0.49610293 0.07743454 -0.02277488
v -0.45094243 0.07743454 -0.01892155
v 0.01366490 0.08617383 -0.02277488
v 0.02277488 0.08543974 -0.02277488
v 0.03188485 0.07841504 -0.02277488
v 0.04099482 0.07743454 -0.02013314
v 0.03300303 0.07743454 -0.02277488
v 0.05010474 0.08280927 -0.02277488
v 0.04547578 0.07743454 -0.02277488
v 0.05921459 0.08473665 -0.02277488
v 0.12298429 0.07743454 -0.02198654
v 0.11980283 0.07743454 -0.02277488
v 0.12490046 0.07743454 -0.02277488
v 0.26874340 0.07743454 -0.02249175
v 0.26855111 0.07743454 -0.02277488
v 0.27785337 0.07743454 -0.02256715
v 0.28696334 0.07743454 -0.02116263
v 0.29607332 0.07743454 -0.01840115
v 0.42361248 0.08335674 -0.02277488
v 0.41482258 0.07743454 -0.02277488
v 0.43272245 0.08319384 -0.02277488
v 0.44183242 0.07743454 -0.02061307
v 0.44183242 0.07875282 -0.02277488
v 0.44362569 0.07743454 -0.02277488
v 0.46005237 0.07840502 -0.02277488
v 0.45873034 0.07743454 -0.02277488
v 0.46916234 0.08385229 -0.02277488
v 0.47827220 0.08349633 -0.02277488
v 0.48522997 0.07743454 -0.02277488
v -0.49609032 0.06832457 -0.02277488
v -0.45094243 0.07003295 -0.02277488
v -0.45103034 0.06832457 -0.02277488
v -0.45089036 0.06832457 -0.02277488
v 0.04099482 0.07010299 -0.02277488
v 0.12298429 0.06832457 -0.02231801
v 0.12125260 0.06832457 -0.02277488
v 0.12354451 0.06832457 -0.02277488
v 0.26874340 0.07682675 -0.02277488
v 0.27785337 0.07624692 -0.02277488
v 0.28696334 0.07090813 -0.02277488
v 0.29607332 0.06832457 -0.02238160
v 0.28965175 0.06832457 -0.02277488
v 0.41450262 0.07737005 -0.02277488
v 0.40575624 0.06832457 -0.02277488
v 0.45094240 0.07563245 -0.02277488
v 0.48738217 0.07698733 -0.02277488
v 0.49649215 0.07395989 -0.02277488
v 0.50213349 0.06832457 -0.02277488
v -0.48738220 0.05921465 -0.01490879
v -0.49335951 0.05921465 -0.02277488
v -0.46005234 0.05921465 -0.01477826
v -0.45205507 0.05921465 -0.02277488
v -0.44183245 0.05921465 -0.01663458
v -0.44799027 0.05921465 -0.02277488
v 0.12298429 0.06503004 -0.02277488
v 0.28696334 0.05921465 -0.02226013
v 0.28696334 0.06320173 -0.02277488
v 0.28659201 0.05921465 -0.02277488
v 0.29607332 0.05921465 -0.02236259
v 0.31429327 0.05921465 -0.01620233
v 0.38717282 0.06604058 -0.02277488
v 0.37960887 0.05921465 -0.02277488
v 0.39628267 0.06476152 -0.02277488
v 0.40539265 0.06747395 -0.02277488
v 0.50560212 0.05921465 -0.02032602
v 0.50546885 0.05921465 -0.02277488
v -0.48738220 0.05339754 -0.02277488
v -0.47827226 0.05010468 -0.01691085
v -0.48420134 0.05010468 -0.02277488
v -0.46916229 0.05014819 -0.02277488
v -0.46955186 0.05010468 -0.02277488
v -0.46005234 0.05123556 -0.02277488
v -0.44183245 0.05309480 -0.02277488
v -0.43272254 0.05156010 -0.02277488
v -0.42361256 0.05015898 -0.02277488
v -0.42331517 0.05010468 -0.02277488
v 0.28696334 0.05010468 -0.02042431
v 0.28113651 0.05010468 -0.02277488
v 0.29607332 0.05010468 -0.01816291
v 0.31429327 0.05010468 -0.02046293
v 0.36895299 0.05010468 -0.01702493
v 0.37806284 0.05898333 -0.02277488
v 0.36915934 0.05010468 -0.02277488
v 0.50560212 0.05882180 -0.02277488
v 0.51386786 0.05010468 -0.02277488
v -0.47827226 0.04421896 -0.02277488
v -0.41450259 0.04384083 -0.02277488
v -0.40539271 0.04139888 -0.02277488
v -0.40393507 0.04099476 -0.02277488
v 0.28696334 0.04761648 -0.02277488
v 0.29607332 0.04099476 -0.02257949
v 0.29381740 0.04099476 -0.02277488
v 0.30518329 0.04099476 -0.02008444
v 0.35984302 0.04168761 -0.02277488
v 0.35916412 0.04099476 -0.02277488
v 0.36895299 0.04989684 -0.02277488
v 0.51448596 0.04099476 -0.02277488
v -0.39628273 0.03472304 -0.02277488
v -0.38717276 0.03381437 -0.02277488
v -0.37806284 0.03384012 -0.02277488
v -0.36895287 0.03432643 -0.02277488
v -0.35984290 0.03454423 -0.02277488
v -0.35073298 0.03500700 -0.02277488
v -0.34162301 0.03605843 -0.02277488
v -0.33251309 0.03586614 -0.02277488
v -0.32340318 0.03546029 -0.02277488
v -0.31429321 0.03516740 -0.02277488
v -0.30518323 0.03500414 -0.02277488
v -0.29607332 0.03510714 -0.02277488
v -0.28696334 0.03513843 -0.02277488
v -0.27785337 0.03461152 -0.02277488
v -0.26874346 0.03407031 -0.02277488
v -0.25963348 0.03362650 -0.02277488
v -0.25052351 0.03276813 -0.02277488
v -0.24141359 0.03190184 -0.02277488
v -0.24125868 0.03188485 -0.02277488
v 0.28696334 0.03188485 -0.02258962
v 0.28696334 0.03359157 -0.02277488
v 0.28624070 0.03188485 -0.02277488
v 0.29607332 0.03188485 -0.01815730
v 0.35926557 0.03188485 -0.02277488
v 0.51448870 0.03188485 -0.02277488
v -0.23230368 0.02833956 -0.02277488
v -0.22319376 0.02617270 -0.02277488
v -0.21408379 0.02488267 -0.02277488
v -0.20497382 0.02389419 -0.02277488
v -0.19586390 0.02299052 -0.02277488
v -0.19426543 0.02277488 -0.02277488
v 0.28696334 0.02277488 -0.02263474
v 0.28653693 0.02277488 -0.02277488
v 0.29607332 0.02277488 -0.02231646
v 0.30518329 0.02277488 -0.02184319
v 0.31429327 0.02277488 -0.01540053
v 0.35073304 0.02277488 -0.01796305
v 0.35984302 0.03118837 -0.02277488
v 0.36061013 0.02277488 -0.02277488
v 0.51443624 0.02277488 -0.02277488
v -0.18675393 0.01855046 -0.02277488
v -0.17764395 0.01621246 -0.02277488
v -0.16853404 0.01537257 -0.02277488
v -0.15942407 0.01488405 -0.02277488
v -0.15031409 0.01462716 -0.02277488
v -0.14120418 0.01432002 -0.02277488
v -0.13209426 0.01372606 -0.02277488
v -0.13146126 0.01366490 -0.02277488
v 0.28696334 0.02205098 -0.02277488
v 0.29607332 0.01366490 -0.02265280
v 0.29510438 0.01366490 -0.02277488
v 0.30518329 0.01366490 -0.02194619
v 0.31429327 0.01366490 -0.01656014
v 0.34162307 0.01366490 -0.01801181
v 0.35073304 0.01366490 -0.01807559
v 0.36895299 0.01366490 -0.01475525
v 0.36468327 0.01366490 -0.02277488
v 0.51257837 0.01366490 -0.02277488
v -0.12298429 0.00885522 -0.02277488
v -0.11387438 0.00698984 -0.02277488
v -0.10476440 0.00570357 -0.02277488
v -0.09723985 0.00455499 -0.02277488
v 0.29607332 0.00455499 -0.02191448
v 0.28950000 0.00455499 -0.02277488
v 0.30518329 0.00455499 -0.01924080
v 0.36895299 0.00940531 -0.02277488
v 0.37806284 0.00455499 -0.01792860
v 0.37556815 0.00455499 -0.02277488
v 0.50560212 0.00455499 -0.01522714
v 0.50560212 0.00642359 -0.02277488
v 0.50505400 0.00455499 -0.02277488
v -0.09565443 0.00326204 -0.02277488
v -0.08654451 0.00014025 -0.02277488
v -0.08318841 -0.00455493 -0.02277488
v 0.29607332 -0.00455493 -0.01952910
v 0.29182363 -0.00455493 -0.02277488
v 0.37806284 0.00200027 -0.02277488
v 0.38717282 -0.00335652 -0.02277488
v 0.39628267 -0.00130033 -0.02277488
v 0.40539265 -0.00438577 -0.02277488
v 0.40548944 -0.00455493 -0.02277488
v 0.49649215 -0.00455493 -0.02180153
v 0.49649215 -0.00448960 -0.02277488
v 0.49636412 -0.00455493 -0.02277488
v -0.15031409 -0.01366490 -0.01839167
v -0.15031409 -0.01299119 -0.02277488
v -0.15196037 -0.01366490 -0.02277488
v -0.14120418 -0.00996238 -0.02277488
v -0.13209426 -0.00860322 -0.02277488
v -0.12298429 -0.00785494 -0.02277488
v -0.11387438 -0.00655252 -0.02277488
v -0.10476440 -0.00570512 -0.02277488
v -0.09565443 -0.00526118 -0.02277488
v -0.08654451 -0.00480705 -0.02277488
v 0.29607332 -0.01366490 -0.02238554
v 0.29549325 -0.01366490 -0.02277488
v 0.30518329 -0.01366490 -0.01678479
v 0.40855920 -0.01366490 -0.02277488
v 0.44183242 -0.01366490 -0.01385301
v 0.45094240 -0.01258183 -0.02277488
v 0.44839001 -0.01366490 -0.02277488
v 0.45521045 -0.01366490 -0.02277488
v 0.48738217 -0.01255250 -0.02277488
v 0.48452520 -0.01366490 -0.02277488
v -0.18675393 -0.01965696 -0.02277488
v -0.19459748 -0.02277488 -0.02277488
v -0.17764395 -0.01704091 -0.02277488
v -0.16853404 -0.01549947 -0.02277488
v -0.15942407 -0.01436079 -0.02277488
v 0.29607332 -0.02277488 -0.01841182
v 0.28950822 -0.02277488 -0.02277488
v 0.41450262 -0.01942152 -0.02277488
v 0.42361248 -0.02149183 -0.02277488
v 0.43272245 -0.02125120 -0.02277488
v 0.44183242 -0.01917481 -0.02277488
v 0.46005237 -0.01723737 -0.02277488
v 0.46916234 -0.02059454 -0.02277488
v 0.47827220 -0.01972967 -0.02277488
v -0.23230368 -0.02811211 -0.02277488
v -0.23862749 -0.03188485 -0.02277488
v -0.22319376 -0.02626342 -0.02277488
v -0.21408379 -0.02494973 -0.02277488
v -0.20497382 -0.02373242 -0.02277488
v -0.19586390 -0.02291614 -0.02277488
v 0.28696334 -0.03188485 -0.02189624
v 0.28696334 -0.02642167 -0.02277488
v 0.28526831 -0.03188485 -0.02277488
v 0.29607332 -0.03188485 -0.02000183
v 0.30518329 -0.03188485 -0.01606613
v -0.27785337 -0.04099482 -0.01660597
v -0.27785337 -0.04039532 -0.02277488
v -0.27912098 -0.04099482 -0.02277488
v -0.26874346 -0.03701526 -0.02277488
v -0.25963348 -0.03542429 -0.02277488
v -0.25052351 -0.03375447 -0.02277488
v -0.24141359 -0.03236365 -0.02277488
v 0.28696334 -0.04099482 -0.02260435
v 0.28654957 -0.04099482 -0.02277488
v 0.29607332 -0.04099482 -0.02152795
v 0.30518329 -0.04099482 -0.01854235
v -0.35073298 -0.04976457 -0.02277488
v -0.35252792 -0.05010474 -0.02277488
v -0.34162301 -0.04862803 -0.02277488
v -0.33251309 -0.04667944 -0.02277488
v -0.32340318 -0.04508066 -0.02277488
v -0.31429321 -0.04422015 -0.02277488
v -0.30518323 -0.04308718 -0.02277488
v -0.29607332 -0.04203230 -0.02277488
v -0.28696334 -0.04146349 -0.02277488
v 0.26874340 -0.05010474 -0.02238959
v 0.26874340 -0.04999703 -0.02277488
v 0.26809168 -0.05010474 -0.02277488
v 0.27785337 -0.05010474 -0.01910812
v 0.27785337 -0.04848558 -0.02277488
v -0.42361256 -0.05317694 -0.02277488
v -0.42966864 -0.05921459 -0.02277488
v -0.41450259 -0.05152875 -0.02277488
v -0.40539271 -0.05156606 -0.02277488
v -0.39628273 -0.05203277 -0.02277488
v -0.38717276 -0.05158347 -0.02277488
v -0.37806284 -0.05101180 -0.02277488
v -0.36895287 -0.05062497 -0.02277488
v -0.35984290 -0.05030656 -0.02277488
v 0.26874340 -0.05160838 -0.02277488
v 0.27483439 -0.05921459 -0.02277488
v -0.43109286 -0.06832457 -0.02277488
v 0.03188485 -0.06832457 -0.02161431
v 0.03188485 -0.06743908 -0.02277488
v 0.02955389 -0.06832457 -0.02277488
v 0.04099482 -0.06832457 -0.01570582
v 0.04099482 -0.06009430 -0.02277488
v 0.05010474 -0.06832457 -0.01644146
v 0.05010474 -0.06449038 -0.02277488
v 0.05921459 -0.06832457 -0.02144229
v 0.05921459 -0.06698865 -0.02277488
v 0.05994099 -0.06832457 -0.02277488
v 0.27785337 -0.06832457 -0.02114803
v 0.27490067 -0.06832457 -0.02277488
v -0.47827226 -0.06839728 -0.02277488
v -0.48722318 -0.07743454 -0.02277488
v -0.46916229 -0.06865793 -0.02277488
v -0.46005234 -0.06916541 -0.02277488
v -0.45127320 -0.07743454 -0.02277488
v -0.44183245 -0.06961560 -0.02277488
v -0.45042104 -0.07743454 -0.02277488
v -0.43272254 -0.06877655 -0.02277488
v 0.02277488 -0.07743454 -0.02195150
v 0.02277488 -0.07480681 -0.02277488
v 0.02001143 -0.07743454 -0.02277488
v 0.03188485 -0.07743454 -0.01952928
v 0.06689459 -0.07743454 -0.02277488
v 0.08654451 -0.07743454 -0.02253270
v 0.08654451 -0.07705134 -0.02277488
v 0.08428091 -0.07743454 -0.02277488
v 0.09565449 -0.07743454 -0.02150571
v 0.09565449 -0.07545024 -0.02277488
v 0.10476446 -0.07743454 -0.02215487
v 0.10476446 -0.07652378 -0.02277488
v 0.11387432 -0.07743454 -0.01959234
v 0.11387432 -0.07401413 -0.02277488
v 0.12298429 -0.07743454 -0.01420045
v 0.12298429 -0.07026756 -0.02277488
v 0.13209426 -0.06853545 -0.02277488
v 0.13502073 -0.07743454 -0.02277488
v 0.25963354 -0.07695973 -0.02277488
v 0.25224578 -0.07743454 -0.02277488
v 0.26874340 -0.07426119 -0.02277488
v -0.48738220 -0.07779640 -0.02277488
v -0.49598446 -0.08654451 -0.02277488
v -0.45094243 -0.07760960 -0.02277488
v 0.01366490 -0.08654451 -0.02125174
v 0.01366490 -0.08210939 -0.02277488
v 0.01024199 -0.08654451 -0.02277488
v 0.02277488 -0.08654451 -0.01901561
v 0.06832457 -0.07887959 -0.02277488
v 0.07743454 -0.07914257 -0.02277488
v 0.13760495 -0.08654451 -0.02277488
v 0.22319365 -0.08654451 -0.02237642
v 0.22319365 -0.08572084 -0.02277488
v 0.22309804 -0.08654451 -0.02277488
v 0.22330773 -0.08654451 -0.02277488
v 0.24141359 -0.08654451 -0.02202904
v 0.24141359 -0.08636677 -0.02277488
v 0.24128795 -0.08654451 -0.02277488
v 0.25052357 -0.08654451 -0.02096915
v 0.25052357 -0.07890040 -0.02277488
v 0.25963354 -0.08654451 -0.02042443
v -0.49619937 -0.09565449 -0.02277488
v -0.00455499 -0.09565449 -0.02129936
v -0.00455499 -0.09387374 -0.02277488
v -0.00979239 -0.09565449 -0.02277488
v 0.00455493 -0.09565449 -0.01846468
v 0.00455493 -0.09064448 -0.02277488
v 0.01366490 -0.09565449 -0.01377994
v 0.14120424 -0.09038174 -0.02277488
v 0.14393735 -0.09565449 -0.02277488
v 0.22319365 -0.09565449 -0.01852757
v 0.22276378 -0.09565449 -0.02277488
v 0.22584748 -0.09565449 -0.02277488
v 0.23861706 -0.09565449 -0.02277488
v 0.25052357 -0.09565449 -0.01838112
v 0.25963354 -0.09565449 -0.01471448
v -0.49608988 -0.10476446 -0.02277488
v -0.22319376 -0.10365796 -0.02277488
v -0.23200375 -0.10476446 -0.02277488
v -0.21408379 -0.10234600 -0.02277488
v -0.20497382 -0.10086113 -0.02277488
v -0.19586390 -0.10002750 -0.02277488
v -0.18675393 -0.09912115 -0.02277488
v -0.17764395 -0.09882456 -0.02277488
v -0.16853404 -0.09981632 -0.02277488
v -0.15942407 -0.10083467 -0.02277488
v -0.15031409 -0.10195136 -0.02277488
v -0.14120418 -0.10233802 -0.02277488
v -0.13209426 -0.10246545 -0.02277488
v -0.12298429 -0.10260487 -0.02277488
v -0.11387438 -0.10315347 -0.02277488
v -0.10476440 -0.10348350 -0.02277488
v -0.09565443 -0.10476446 -0.01825595
v -0.09565443 -0.10435933 -0.02277488
v -0.08654451 -0.10386628 -0.02277488
v -0.07743454 -0.10402477 -0.02277488
v -0.06832457 -0.10373944 -0.02277488
v -0.05921465 -0.10310900 -0.02277488
v -0.05010468 -0.10148042 -0.02277488
v -0.04099476 -0.10008144 -0.02277488
v -0.03188485 -0.10041714 -0.02277488
v -0.02277488 -0.09975880 -0.02277488
v -0.01366490 -0.09806198 -0.02277488
v 0.15031421 -0.10476446 -0.01690644
v 0.15031421 -0.10371947 -0.02277488
v 0.15210223 -0.10476446 -0.02277488
v 0.22059941 -0.10476446 -0.02277488
v 0.23230362 -0.10476446 -0.02019584
v 0.23230362 -0.10204655 -0.02277488
v -0.48738220 -0.11387432 -0.02276492
v -0.48739362 -0.11387432 -0.02277488
v -0.46005234 -0.11387432 -0.01510215
v -0.45094243 -0.11297077 -0.02277488
v -0.45253560 -0.11387432 -0.02277488
v -0.44183245 -0.11160362 -0.02277488
v -0.43272254 -0.11387432 -0.01377195
v -0.43875828 -0.11387432 -0.02277488
v -0.42361256 -0.11379796 -0.02277488
v -0.42416364 -0.11387432 -0.02277488
v -0.42308047 -0.11387432 -0.02277488
v -0.35984290 -0.11387432 -0.02175742
v -0.35984290 -0.11383915 -0.02277488
v -0.36074102 -0.11387432 -0.02277488
v -0.35073298 -0.11387432 -0.02249289
v -0.35073298 -0.11386341 -0.02277488
v -0.34162301 -0.11352956 -0.02277488
v -0.33251309 -0.11342824 -0.02277488
v -0.32340318 -0.11387432 -0.01469660
v -0.32340318 -0.11334455 -0.02277488
v -0.31429321 -0.11387432 -0.01662773
v -0.31429321 -0.11329126 -0.02277488
v -0.30518323 -0.11387432 -0.01568097
v -0.30518323 -0.11325330 -0.02277488
v -0.29607332 -0.11316949 -0.02277488
v -0.28696334 -0.11309004 -0.02277488
v -0.27785337 -0.11256474 -0.02277488
v -0.26874346 -0.11209625 -0.02277488
v -0.25963348 -0.11135274 -0.02277488
v -0.25052351 -0.11044073 -0.02277488
v -0.24141359 -0.10817462 -0.02277488
v -0.23230368 -0.10491288 -0.02277488
v 0.15942407 -0.10957277 -0.02277488
v 0.16853404 -0.11157626 -0.02277488
v 0.17764401 -0.11238354 -0.02277488
v 0.18675399 -0.11387432 -0.01946831
v 0.18675399 -0.11336541 -0.02277488
v 0.19586384 -0.11387432 -0.01872790
v 0.19586384 -0.11338139 -0.02277488
v 0.20497382 -0.11314344 -0.02277488
v 0.21408367 -0.11125195 -0.02277488
v -0.48738220 -0.11388427 -0.02277488
v -0.47827226 -0.12258923 -0.02277488
v -0.46916229 -0.12241644 -0.02277488
v -0.46005234 -0.12131834 -0.02277488
v -0.43272254 -0.11996043 -0.02277488
v -0.41450259 -0.11997974 -0.02277488
v -0.40539271 -0.12029159 -0.02277488
v -0.39628273 -0.11862826 -0.02277488
v -0.38717276 -0.11874557 -0.02277488
v -0.37806284 -0.11863822 -0.02277488
v -0.36895287 -0.11550552 -0.02277488
v 0.17764401 0.15031409 -0.02555776
v 0.18675399 0.15031409 -0.02384901
v 0.15031421 0.14120418 -0.03015190
v 0.15942407 0.14635664 -0.03188485
v 0.15182555 0.14120418 -0.03188485
v 0.16853404 0.14810318 -0.03188485
v 0.17764401 0.14776260 -0.03188485
v 0.18675399 0.14715683 -0.03188485
v 0.19586384 0.14571100 -0.03188485
v 0.20497382 0.14120418 -0.03130579
v 0.20242882 0.14120418 -0.03188485
v 0.21408367 0.14120418 -0.02806783
v 0.14120424 0.13209426 -0.03148782
v 0.15031421 0.14095014 -0.03188485
v 0.14131486 0.13209426 -0.03188485
v 0.20497382 0.14069265 -0.03188485
v 0.21408367 0.13651657 -0.03188485
v 0.22319365 0.13209426 -0.02743840
v 0.21812034 0.13209426 -0.03188485
v 0.23230362 0.13209426 -0.03076959
v 0.14120424 0.13143831 -0.03188485
v 0.13586521 0.12298429 -0.03188485
v 0.22319365 0.12298429 -0.03079575
v 0.22187400 0.12298429 -0.03188485
v 0.23230362 0.12298429 -0.03166950
v -0.09565443 0.11387438 -0.02612352
v 0.13483846 0.11387438 -0.03188485
v 0.22319365 0.11652160 -0.03188485
v 0.23230362 0.11726671 -0.03188485
v 0.24141359 0.11387438 -0.02528626
v 0.23379302 0.11387438 -0.03188485
v -0.47827226 0.10476440 -0.02464801
v -0.47827226 0.11179304 -0.03188485
v -0.48549053 0.10476440 -0.03188485
v -0.46916229 0.10476440 -0.02551335
v -0.46916229 0.11102158 -0.03188485
v -0.46183613 0.10476440 -0.03188485
v -0.44183245 0.10476440 -0.02710962
v -0.44183245 0.10957837 -0.03188485
v -0.44659671 0.10476440 -0.03188485
v -0.43272254 0.11262393 -0.03188485
v -0.42361256 0.11268497 -0.03188485
v -0.41450259 0.11089092 -0.03188485
v -0.40539271 0.10822821 -0.03188485
v -0.39628273 0.10834193 -0.03188485
v -0.38717276 0.10867161 -0.03188485
v -0.37806284 0.10722452 -0.03188485
v -0.36895287 0.10548216 -0.03188485
v -0.35984290 0.10676366 -0.03188485
v -0.35073298 0.10878205 -0.03188485
v -0.34162301 0.10884112 -0.03188485
v -0.33251309 0.10855991 -0.03188485
v -0.32340318 0.10835284 -0.03188485
v -0.31429321 0.10774130 -0.03188485
v -0.30518323 0.10808241 -0.03188485
v -0.29607332 0.10826027 -0.03188485
v -0.28696334 0.10788167 -0.03188485
v -0.27785337 0.10505974 -0.03188485
v -0.26874346 0.10476440 -0.02857703
v -0.27726251 0.10476440 -0.03188485
v -0.25963348 0.10476440 -0.02615559
v -0.25052351 0.10476440 -0.02741349
v -0.24141359 0.10476440 -0.02936453
v -0.23230368 0.10476440 -0.03107792
v -0.22319376 0.10663819 -0.03188485
v -0.22934353 0.10476440 -0.03188485
v -0.21408379 0.10851783 -0.03188485
v -0.20497382 0.10966843 -0.03188485
v -0.19586390 0.10910803 -0.03188485
v -0.18675393 0.10854828 -0.03188485
v -0.17764395 0.10830700 -0.03188485
v -0.16853404 0.10886997 -0.03188485
v -0.15942407 0.10936409 -0.03188485
v -0.15031409 0.10958517 -0.03188485
v -0.14120418 0.10995376 -0.03188485
v -0.13209426 0.11026400 -0.03188485
v -0.12298429 0.11098427 -0.03188485
v -0.11387438 0.11077583 -0.03188485
v -0.10476440 0.10986161 -0.03188485
v -0.09565443 0.11286795 -0.03188485
v -0.08654451 0.10980815 -0.03188485
v -0.07743454 0.10631061 -0.03188485
v -0.06832457 0.10476440 -0.03065586
v -0.07439196 0.10476440 -0.03188485
v -0.05921465 0.10476440 -0.02952343
v -0.05010468 0.10476440 -0.02838701
v -0.04099476 0.10476440 -0.02707613
v -0.03188485 0.10476440 -0.02499866
v 0.13584411 0.10476440 -0.03188485
v 0.24141359 0.10476440 -0.02915025
v 0.23856711 0.10476440 -0.03188485
v -0.48738220 0.09565443 -0.02314585
v -0.48738220 0.10322082 -0.03188485
v -0.49504980 0.09565443 -0.03188485
v -0.46005234 0.10458207 -0.03188485
v -0.45094243 0.09565443 -0.02318847
v -0.45094243 0.10423923 -0.03188485
v -0.26874346 0.10383415 -0.03188485
v -0.25963348 0.10347921 -0.03188485
v -0.25052351 0.10377312 -0.03188485
v -0.24141359 0.10414577 -0.03188485
v -0.23230368 0.10453159 -0.03188485
v -0.06832457 0.10416943 -0.03188485
v -0.05921465 0.10312885 -0.03188485
v -0.05010468 0.10225481 -0.03188485
v -0.04099476 0.10129088 -0.03188485
v -0.03188485 0.09928173 -0.03188485
v -0.02277488 0.09565443 -0.03137767
v -0.02456820 0.09565443 -0.03188485
v -0.01366490 0.09565443 -0.02880824
v -0.00455499 0.09565443 -0.02428561
v 0.14120424 0.09618253 -0.03188485
v 0.14128757 0.09565443 -0.03188485
v 0.24141359 0.10180259 -0.03188485
v 0.25052357 0.09565443 -0.03091139
v 0.24803162 0.09565443 -0.03188485
v 0.25963354 0.09565443 -0.02715927
v -0.49616811 0.08654451 -0.03188485
v -0.02277488 0.09495860 -0.03188485
v -0.01366490 0.09220326 -0.03188485
v -0.00455499 0.08654451 -0.03187901
v -0.00457209 0.08654451 -0.03188485
v 0.00455493 0.08654451 -0.02825326
v 0.06832457 0.08654451 -0.02966696
v 0.07743454 0.08654451 -0.02593362
v 0.08654451 0.08654451 -0.02522349
v 0.09565449 0.08654451 -0.02678055
v 0.10476446 0.08654451 -0.02765185
v 0.11387432 0.08654451 -0.02453226
v 0.13209426 0.08654451 -0.02442408
v 0.14120424 0.09534943 -0.03188485
v 0.13439298 0.08654451 -0.03188485
v 0.24141359 0.08654451 -0.03082573
v 0.24141359 0.08792615 -0.03188485
v 0.24008512 0.08654451 -0.03188485
v 0.25052357 0.08654451 -0.02627391
v 0.25963354 0.08654451 -0.02424115
v -0.49622801 0.07743454 -0.03188485
v -0.00455499 0.08653611 -0.03188485
v 0.00455493 0.08221447 -0.03188485
v 0.01366490 0.07743454 -0.03000826
v 0.00973845 0.07743454 -0.03188485
v 0.02277488 0.07743454 -0.02970368
v 0.03188485 0.07743454 -0.02372748
v 0.05010474 0.07743454 -0.02746391
v 0.05921459 0.07965851 -0.03188485
v 0.05681920 0.07743454 -0.03188485
v 0.06832457 0.08351219 -0.03188485
v 0.07743454 0.07939678 -0.03188485
v 0.08654451 0.07743454 -0.03113383
v 0.08184916 0.07743454 -0.03188485
v 0.09565449 0.07743454 -0.03077281
v 0.10476446 0.07743454 -0.03048325
v 0.11387432 0.07743454 -0.02663440
v 0.13209426 0.07743454 -0.03010565
v 0.13244462 0.07743454 -0.03188485
v 0.24141359 0.07743454 -0.03125590
v 0.23661685 0.07743454 -0.03188485
v 0.25052357 0.07743454 -0.03147960
v 0.25963354 0.07743454 -0.03147829
v 0.42361248 0.08235538 -0.03188485
v 0.41737521 0.07743454 -0.03188485
v 0.43272245 0.08239090 -0.03188485
v 0.44183242 0.07743454 -0.02518171
v 0.43924022 0.07743454 -0.03188485
v 0.46005237 0.07743454 -0.02406120
v 0.46916234 0.08226991 -0.03188485
v 0.46363473 0.07743454 -0.03188485
v 0.47827220 0.08177596 -0.03188485
v 0.48261821 0.07743454 -0.03188485
v -0.49587244 0.06832457 -0.03188485
v -0.45094243 0.06832457 -0.02322620
v 0.01366490 0.07271391 -0.03188485
v 0.02277488 0.07281941 -0.03188485
v 0.03188485 0.06832457 -0.03045183
v 0.02744222 0.06832457 -0.03188485
v 0.04099482 0.06832457 -0.02441806
v 0.05010474 0.06832457 -0.03036076
v 0.05126178 0.06832457 -0.03188485
v 0.08654451 0.07607371 -0.03188485
v 0.09565449 0.07348669 -0.03188485
v 0.10476446 0.06832457 -0.03141916
v 0.10147595 0.06832457 -0.03188485
v 0.11387432 0.06832457 -0.02803868
v 0.13209426 0.07604897 -0.03188485
v 0.12586051 0.06832457 -0.03188485
v 0.24141359 0.07518870 -0.03188485
v 0.25052357 0.07548636 -0.03188485
v 0.25963354 0.07510245 -0.03188485
v 0.26874340 0.06832457 -0.03006667
v 0.26549542 0.06832457 -0.03188485
v 0.27785337 0.06832457 -0.02998698
v 0.28696334 0.06832457 -0.02539420
v 0.41450262 0.07683492 -0.03188485
v 0.40543091 0.06832457 -0.03188485
v 0.44183242 0.07521671 -0.03188485
v 0.45094240 0.07117659 -0.03188485
v 0.46005237 0.07402575 -0.03188485
v 0.48738217 0.07504070 -0.03188485
v 0.49649215 0.06832457 -0.02915347
v 0.49467993 0.06832457 -0.03188485
v -0.49023870 0.05921465 -0.03188485
v -0.45094243 0.06066179 -0.03188485
v -0.45150244 0.05921465 -0.03188485
v -0.45004708 0.05921465 -0.03188485
v 0.03188485 0.05921465 -0.03081703
v 0.03033650 0.05921465 -0.03188485
v 0.04099482 0.05921465 -0.03033763
v 0.05010474 0.06422573 -0.03188485
v 0.04545575 0.05921465 -0.03188485
v 0.10476446 0.05972207 -0.03188485
v 0.11387432 0.05921465 -0.02944046
v 0.10503119 0.05921465 -0.03188485
v 0.12298429 0.05921465 -0.02671283
v 0.12477362 0.05921465 -0.03188485
v 0.26874340 0.05921465 -0.03061861
v 0.26801872 0.05921465 -0.03188485
v 0.27785337 0.05921465 -0.03077757
v 0.38717282 0.05921465 -0.03037828
v 0.39628267 0.05921465 -0.02981484
v 0.40539265 0.06827307 -0.03188485
v 0.39695287 0.05921465 -0.03188485
v 0.49649215 0.06733334 -0.03188485
v 0.50425923 0.05921465 -0.03188485
v -0.48738220 0.05639732 -0.03188485
v -0.48497325 0.05010468 -0.03188485
v -0.46916229 0.05010468 -0.02329910
v -0.46005234 0.05080771 -0.03188485
v -0.46348348 0.05010468 -0.03188485
v -0.44183245 0.05143356 -0.03188485
v -0.43272254 0.05186623 -0.03188485
v -0.42361256 0.05017602 -0.03188485
v -0.42313933 0.05010468 -0.03188485
v 0.03188485 0.05169547 -0.03188485
v 0.04099482 0.05500835 -0.03188485
v 0.11387432 0.05010468 -0.03095120
v 0.10867697 0.05010468 -0.03188485
v 0.12298429 0.05010468 -0.02950525
v 0.12451655 0.05010468 -0.03188485
v 0.26874340 0.05010468 -0.03109682
v 0.26840365 0.05010468 -0.03188485
v 0.27785337 0.05010468 -0.02569509
v 0.37806284 0.05701941 -0.03188485
v 0.37118316 0.05010468 -0.03188485
v 0.38717282 0.05809116 -0.03188485
v 0.39628267 0.05869859 -0.03188485
v 0.50560212 0.05010468 -0.03151000
v 0.50550747 0.05010468 -0.03188485
v -0.47827226 0.04345900 -0.03188485
v -0.46916229 0.04487109 -0.03188485
v -0.41450259 0.04432863 -0.03188485
v -0.40539271 0.04283172 -0.03188485
v -0.39795887 0.04099476 -0.03188485
v 0.09565449 0.04099476 -0.03016353
v 0.09565449 0.04751307 -0.03188485
v 0.09276384 0.04099476 -0.03188485
v 0.10476446 0.04099476 -0.03131950
v 0.10476446 0.04427308 -0.03188485
v 0.11387432 0.04099476 -0.03148431
v 0.12298429 0.04099476 -0.03126889
v 0.12369925 0.04099476 -0.03188485
v 0.26874340 0.04099476 -0.03178757
v 0.26863623 0.04099476 -0.03188485
v 0.27785337 0.04099476 -0.03152031
v 0.28696334 0.04099476 -0.02919596
v 0.35984302 0.04099476 -0.02348655
v 0.36895299 0.04809994 -0.03188485
v 0.36184943 0.04099476 -0.03188485
v 0.50560212 0.04936415 -0.03188485
v 0.51316762 0.04099476 -0.03188485
v -0.39628273 0.03939635 -0.03188485
v -0.38717276 0.03668123 -0.03188485
v -0.37806284 0.03553653 -0.03188485
v -0.36895287 0.03508705 -0.03188485
v -0.35984290 0.03533089 -0.03188485
v -0.35073298 0.03634757 -0.03188485
v -0.34162301 0.03755832 -0.03188485
v -0.33251309 0.03726643 -0.03188485
v -0.32340318 0.03674495 -0.03188485
v -0.31429321 0.03634530 -0.03188485
v -0.30518323 0.03603745 -0.03188485
v -0.29607332 0.03591079 -0.03188485
v -0.28696334 0.03576207 -0.03188485
v -0.27785337 0.03497428 -0.03188485
v -0.26874346 0.03437477 -0.03188485
v -0.25963348 0.03388637 -0.03188485
v -0.25052351 0.03308296 -0.03188485
v -0.24141359 0.03212303 -0.03188485
v -0.23935503 0.03188485 -0.03188485
v 0.09565449 0.03991747 -0.03188485
v 0.10476446 0.04062730 -0.03188485
v 0.11387432 0.04046756 -0.03188485
v 0.12298429 0.03562927 -0.03188485
v 0.26874340 0.03696799 -0.03188485
v 0.27785337 0.03188485 -0.03062671
v 0.27078390 0.03188485 -0.03188485
v 0.35984302 0.03188485 -0.02337700
v 0.36094868 0.03188485 -0.03188485
v 0.51341784 0.03188485 -0.03188485
v -0.23230368 0.02913934 -0.03188485
v -0.22319376 0.02684623 -0.03188485
v -0.21408379 0.02542186 -0.03188485
v -0.20497382 0.02429861 -0.03188485
v -0.19586390 0.02341586 -0.03188485
v -0.19075787 0.02277488 -0.03188485
v 0.27785337 0.02277488 -0.03065628
v 0.27016962 0.02277488 -0.03188485
v 0.36194456 0.02277488 -0.03188485
v 0.50836456 0.02277488 -0.03188485
v -0.18675393 0.02046013 -0.03188485
v -0.17764395 0.01755708 -0.03188485
v -0.16853404 0.01619506 -0.03188485
v -0.15942407 0.01537710 -0.03188485
v -0.15031409 0.01492071 -0.03188485
v -0.14120418 0.01444113 -0.03188485
v -0.13209426 0.01381791 -0.03188485
v -0.13019562 0.01366490 -0.03188485
v 0.27785337 0.01366490 -0.03161204
v 0.27466130 0.01366490 -0.03188485
v 0.28696334 0.01366490 -0.02987105
v 0.36895299 0.01366490 -0.02787596
v 0.36895299 0.01526517 -0.03188485
v 0.36961019 0.01366490 -0.03188485
v 0.50560212 0.01366490 -0.03010678
v 0.50560212 0.01951015 -0.03188485
v 0.50384533 0.01366490 -0.03188485
v -0.12298429 0.01028091 -0.03188485
v -0.11387438 0.00784802 -0.03188485
v -0.10476440 0.00665194 -0.03188485
v -0.09565443 0.00455499 -0.02416152
v -0.09565443 0.00583535 -0.03188485
v -0.08654451 0.00455499 -0.02630752
v -0.08654451 0.00553620 -0.03188485
v -0.07743454 0.00455499 -0.02851534
v -0.07743454 0.00521278 -0.03188485
v -0.06832457 0.00455499 -0.03102559
v -0.06832457 0.00478524 -0.03188485
v -0.06745994 0.00455499 -0.03188485
v 0.27785337 0.00455499 -0.03118998
v 0.27528763 0.00455499 -0.03188485
v 0.28696334 0.00455499 -0.02491546
v 0.37806284 0.00455499 -0.02606702
v 0.37806284 0.00519115 -0.03188485
v 0.38717282 0.00455499 -0.03128296
v 0.38717282 0.00611621 -0.03188485
v 0.39628267 0.00455499 -0.02963948
v 0.39628267 0.00734246 -0.03188485
v 0.39733660 0.00455499 -0.03188485
v 0.50124693 0.00455499 -0.03188485
v -0.08654451 -0.00455493 -0.03097922
v -0.08654451 -0.00392449 -0.03188485
v -0.08725727 -0.00455493 -0.03188485
v -0.07743454 0.00169915 -0.03188485
v -0.06832457 0.00398070 -0.03188485
v 0.27785337 -0.00455493 -0.03137010
v 0.27727890 -0.00455493 -0.03188485
v 0.28696334 -0.00455493 -0.02726871
v 0.40539265 -0.00455493 -0.02539361
v 0.40371549 -0.00455493 -0.03188485
v 0.49649215 -0.00024551 -0.03188485
v 0.49126947 -0.00455493 -0.03188485
v -0.15031409 -0.01366490 -0.02432609
v -0.14120418 -0.01363057 -0.03188485
v -0.14129198 -0.01366490 -0.03188485
v -0.13209426 -0.01057416 -0.03188485
v -0.12298429 -0.00896889 -0.03188485
v -0.11387438 -0.00761795 -0.03188485
v -0.10476440 -0.00610358 -0.03188485
v -0.09565443 -0.00507492 -0.03188485
v 0.27785337 -0.00820506 -0.03188485
v 0.28696334 -0.01366490 -0.03071517
v 0.28209174 -0.01366490 -0.03188485
v 0.40539265 -0.00627613 -0.03188485
v 0.41020656 -0.01366490 -0.03188485
v 0.45094240 -0.01247990 -0.03188485
v 0.44884419 -0.01366490 -0.03188485
v 0.46005237 -0.01366490 -0.02746201
v 0.46005237 -0.00988841 -0.03188485
v 0.46378624 -0.01366490 -0.03188485
v 0.48738217 -0.00836301 -0.03188485
v 0.47978938 -0.01366490 -0.03188485
v -0.18675393 -0.02277488 -0.03026682
v -0.17764395 -0.02038521 -0.03188485
v -0.18455440 -0.02277488 -0.03188485
v -0.16853404 -0.01809269 -0.03188485
v -0.15942407 -0.01630646 -0.03188485
v -0.15031409 -0.01495868 -0.03188485
v 0.27785337 -0.02277488 -0.03084141
v 0.27785337 -0.01826805 -0.03188485
v 0.27639604 -0.02277488 -0.03188485
v 0.28696334 -0.02277488 -0.02522433
v 0.41450262 -0.01786959 -0.03188485
v 0.42361248 -0.02006370 -0.03188485
v 0.43272245 -0.02060044 -0.03188485
v 0.44183242 -0.01839823 -0.03188485
v 0.46916234 -0.01792312 -0.03188485
v 0.47827220 -0.01518637 -0.03188485
v -0.23230368 -0.03188485 -0.03067845
v -0.22319376 -0.02890891 -0.03188485
v -0.23064727 -0.03188485 -0.03188485
v -0.21408379 -0.02734202 -0.03188485
v -0.20497382 -0.02594304 -0.03188485
v -0.19586390 -0.02453572 -0.03188485
v -0.18675393 -0.02308702 -0.03188485
v 0.11387432 -0.03188485 -0.03184634
v 0.11387432 -0.03160387 -0.03188485
v 0.11380941 -0.03188485 -0.03188485
v 0.11419636 -0.03188485 -0.03188485
v 0.27785337 -0.03188485 -0.02924401
v 0.27058280 -0.03188485 -0.03188485
v -0.27785337 -0.04099482 -0.02376574
v -0.26874346 -0.04099482 -0.03050309
v -0.25963348 -0.03839141 -0.03188485
v -0.26639783 -0.04099482 -0.03188485
v -0.25052351 -0.03542930 -0.03188485
v -0.24141359 -0.03384435 -0.03188485
v -0.23230368 -0.03211540 -0.03188485
v 0.04099482 -0.04099482 -0.03154498
v 0.04099482 -0.03707570 -0.03188485
v 0.03954524 -0.04099482 -0.03188485
v 0.04239583 -0.04099482 -0.03188485
v 0.11387432 -0.04099482 -0.03092736
v 0.11206836 -0.04099482 -0.03188485
v 0.12298429 -0.04099482 -0.02904075
v 0.12298429 -0.03736871 -0.03188485
v 0.12357306 -0.04099482 -0.03188485
v 0.26874340 -0.04099482 -0.03180963
v 0.26874340 -0.03631574 -0.03188485
v 0.26829946 -0.04099482 -0.03188485
v 0.27785337 -0.04099482 -0.03010058
v -0.35073298 -0.05010474 -0.02319407
v -0.34162301 -0.05010474 -0.02465898
v -0.33251309 -0.05010474 -0.02750558
v -0.32340318 -0.05010474 -0.03017139
v -0.31429321 -0.05010474 -0.03176898
v -0.30518323 -0.04612118 -0.03188485
v -0.31403399 -0.05010474 -0.03188485
v -0.29607332 -0.04393750 -0.03188485
v -0.28696334 -0.04287839 -0.03188485
v -0.27785337 -0.04200017 -0.03188485
v -0.26874346 -0.04119289 -0.03188485
v 0.03188485 -0.05010474 -0.03079784
v 0.03188485 -0.04710704 -0.03188485
v 0.02983218 -0.05010474 -0.03188485
v 0.04099482 -0.05010474 -0.02978581
v 0.04709941 -0.05010474 -0.03188485
v 0.11387432 -0.05010474 -0.03035039
v 0.10838449 -0.05010474 -0.03188485
v 0.12298429 -0.05010474 -0.02752465
v 0.12565166 -0.05010474 -0.03188485
v 0.25963354 -0.05010474 -0.03079867
v 0.25963354 -0.04906154 -0.03188485
v 0.25144911 -0.05010474 -0.03188485
v -0.42361256 -0.05921459 -0.02915752
v -0.41450259 -0.05667883 -0.03188485
v -0.41737574 -0.05921459 -0.03188485
v -0.40539271 -0.05555731 -0.03188485
v -0.39628273 -0.05606884 -0.03188485
v -0.38717276 -0.05527633 -0.03188485
v -0.37806284 -0.05416405 -0.03188485
v -0.36895287 -0.05333412 -0.03188485
v -0.35984290 -0.05278736 -0.03188485
v -0.35073298 -0.05239367 -0.03188485
v -0.34162301 -0.05208939 -0.03188485
v -0.33251309 -0.05139989 -0.03188485
v -0.32340318 -0.05068034 -0.03188485
v -0.31429321 -0.05014426 -0.03188485
v 0.03188485 -0.05921459 -0.02888089
v 0.02538729 -0.05921459 -0.03188485
v 0.04099482 -0.05921459 -0.02359670
v 0.05010474 -0.05921459 -0.03117770
v 0.05010474 -0.05763781 -0.03188485
v 0.05921459 -0.05921459 -0.03132975
v 0.05921459 -0.05878973 -0.03188485
v 0.05946475 -0.05921459 -0.03188485
v 0.10476446 -0.05921459 -0.03142381
v 0.10476446 -0.05611372 -0.03188485
v 0.10024500 -0.05921459 -0.03188485
v 0.11387432 -0.05921459 -0.02972835
v 0.12298429 -0.05921459 -0.02758604
v 0.13209426 -0.05921459 -0.03178722
v 0.13209426 -0.05905998 -0.03188485
v 0.13214111 -0.05921459 -0.03188485
v 0.25963354 -0.05153990 -0.03188485
v 0.26874340 -0.05921459 -0.02882105
v 0.26679063 -0.05921459 -0.03188485
v -0.42361256 -0.06614798 -0.03188485
v -0.42578489 -0.06832457 -0.03188485
v 0.01366490 -0.06832457 -0.03173214
v 0.01366490 -0.06812984 -0.03188485
v 0.01345313 -0.06832457 -0.03188485
v 0.02277488 -0.06832457 -0.02665341
v 0.02277488 -0.06212032 -0.03188485
v 0.06313735 -0.06832457 -0.03188485
v 0.07743454 -0.06832457 -0.03167564
v 0.07743454 -0.06782615 -0.03188485
v 0.07701761 -0.06832457 -0.03188485
v 0.08654451 -0.06832457 -0.02971131
v 0.08654451 -0.06219476 -0.03188485
v 0.09565449 -0.06832457 -0.02920461
v 0.09565449 -0.06165683 -0.03188485
v 0.10476446 -0.06832457 -0.02956241
v 0.11387432 -0.06832457 -0.02819049
v 0.12298429 -0.06832457 -0.02469987
v 0.13209426 -0.06832457 -0.02301794
v 0.13379562 -0.06832457 -0.03188485
v 0.26874340 -0.06832457 -0.02870655
v 0.26416075 -0.06832457 -0.03188485
v -0.47827226 -0.06872058 -0.03188485
v -0.48664349 -0.07743454 -0.03188485
v -0.46916229 -0.06920654 -0.03188485
v -0.46005234 -0.07041490 -0.03188485
v -0.45094243 -0.07743454 -0.02370298
v -0.45094243 -0.07048732 -0.03188485
v -0.44183245 -0.06856978 -0.03188485
v -0.43272254 -0.06865162 -0.03188485
v 0.00455493 -0.07743454 -0.03053677
v 0.00455493 -0.07475162 -0.03188485
v -0.00115412 -0.07743454 -0.03188485
v 0.01366490 -0.07743454 -0.02595186
v 0.06832457 -0.07743454 -0.02458704
v 0.06832457 -0.07415104 -0.03188485
v 0.07743454 -0.07743454 -0.02450216
v 0.13453948 -0.07743454 -0.03188485
v 0.21408367 -0.07743454 -0.03182304
v 0.21408367 -0.07737583 -0.03188485
v 0.21399021 -0.07743454 -0.03188485
v 0.21485627 -0.07743454 -0.03188485
v 0.24141359 -0.07743454 -0.03176564
v 0.24141359 -0.07731050 -0.03188485
v 0.24130428 -0.07743454 -0.03188485
v 0.25052357 -0.07743454 -0.02416337
v 0.25052357 -0.07580096 -0.03188485
v 0.25963354 -0.07278776 -0.03188485
v -0.48738220 -0.07973045 -0.03188485
v -0.49441710 -0.08654451 -0.03188485
v -0.04099476 -0.08654451 -0.03152990
v -0.04099476 -0.08587909 -0.03188485
v -0.04190069 -0.08654451 -0.03188485
v -0.03188485 -0.08654451 -0.03146160
v -0.03188485 -0.08465958 -0.03188485
v -0.02277488 -0.08654451 -0.03172219
v -0.02277488 -0.08573580 -0.03188485
v -0.01366490 -0.08654451 -0.03070956
v -0.01366490 -0.08336949 -0.03188485
v -0.00455499 -0.08654451 -0.02908027
v -0.00455499 -0.07934439 -0.03188485
v 0.00455493 -0.08654451 -0.02677357
v 0.14120424 -0.08654451 -0.02903640
v 0.14120424 -0.08564121 -0.03188485
v 0.14226711 -0.08654451 -0.03188485
v 0.21408367 -0.07831311 -0.03188485
v 0.22319365 -0.08143348 -0.03188485
v 0.21776855 -0.08654451 -0.03188485
v 0.23230362 -0.08654451 -0.03185534
v 0.23230362 -0.08650625 -0.03188485
v -0.49589729 -0.09565449 -0.03188485
v -0.18675393 -0.09565449 -0.03155077
v -0.18675393 -0.09560251 -0.03188485
v -0.18862391 -0.09565449 -0.03188485
v -0.17764395 -0.09565449 -0.02900505
v -0.17764395 -0.09501708 -0.03188485
v -0.16853404 -0.09565449 -0.02887249
v -0.16853404 -0.09463388 -0.03188485
v -0.15942407 -0.09565449 -0.03035527
v -0.15942407 -0.09497559 -0.03188485
v -0.15353686 -0.09565449 -0.03188485
v -0.05921465 -0.09565449 -0.03071630
v -0.05921465 -0.09469008 -0.03188485
v -0.06422585 -0.09565449 -0.03188485
v -0.05010468 -0.09565449 -0.02873832
v -0.05010468 -0.09145021 -0.03188485
v -0.04099476 -0.09565449 -0.02729881
v -0.03188485 -0.09565449 -0.02760297
v -0.02277488 -0.09565449 -0.02688479
v -0.01366490 -0.09565449 -0.02517819
v 0.15031421 -0.09565449 -0.03148866
v 0.15031421 -0.09528452 -0.03188485
v 0.15942407 -0.09565449 -0.03161198
v 0.15942407 -0.09466743 -0.03188485
v 0.16630352 -0.09565449 -0.03188485
v 0.21784651 -0.09565449 -0.03188485
v 0.23230362 -0.09565449 -0.02915192
v -0.49597850 -0.10476446 -0.03188485
v -0.25052351 -0.10476446 -0.03138089
v -0.25052351 -0.10453898 -0.03188485
v -0.25242168 -0.10476446 -0.03188485
v -0.24141359 -0.10476446 -0.02790153
v -0.24141359 -0.10362965 -0.03188485
v -0.23230368 -0.10476446 -0.02297670
v -0.23230368 -0.10262167 -0.03188485
v -0.22319376 -0.10181797 -0.03188485
v -0.21408379 -0.10064852 -0.03188485
v -0.20497382 -0.09865934 -0.03188485
v -0.19586390 -0.09640807 -0.03188485
v -0.15031409 -0.09677476 -0.03188485
v -0.14120418 -0.09911263 -0.03188485
v -0.13209426 -0.09964794 -0.03188485
v -0.12298429 -0.09973401 -0.03188485
v -0.11387438 -0.10037714 -0.03188485
v -0.10476440 -0.10152602 -0.03188485
v -0.09565443 -0.10317457 -0.03188485
v -0.08654451 -0.09996092 -0.03188485
v -0.07743454 -0.10226852 -0.03188485
v -0.06832457 -0.09882444 -0.03188485
v 0.15942407 -0.09669298 -0.03188485
v 0.15468955 -0.10476446 -0.03188485
v 0.20497382 -0.10476446 -0.03134966
v 0.20497382 -0.10397953 -0.03188485
v 0.20115483 -0.10476446 -0.03188485
v 0.21408367 -0.10476446 -0.02927887
v 0.21408367 -0.09944308 -0.03188485
v -0.48954186 -0.11387432 -0.03188485
v -0.45094243 -0.11248356 -0.03188485
v -0.45212677 -0.11387432 -0.03188485
v -0.44183245 -0.11219198 -0.03188485
v -0.44089869 -0.11387432 -0.03188485
v -0.42361256 -0.11387432 -0.02399671
v -0.38717276 -0.11387432 -0.03082186
v -0.38717276 -0.11353892 -0.03188485
v -0.39528599 -0.11387432 -0.03188485
v -0.37806284 -0.11387432 -0.02933371
v -0.37806284 -0.11295468 -0.03188485
v -0.36895287 -0.11387432 -0.02475131
v -0.36895287 -0.11178315 -0.03188485
v -0.35984290 -0.11052793 -0.03188485
v -0.35073298 -0.10957700 -0.03188485
v -0.34162301 -0.11034167 -0.03188485
v -0.33251309 -0.11022449 -0.03188485
v -0.32340318 -0.10991615 -0.03188485
v -0.31429321 -0.11058080 -0.03188485
v -0.30518323 -0.11051404 -0.03188485
v -0.29607332 -0.10984051 -0.03188485
v -0.28696334 -0.10998368 -0.03188485
v -0.27785337 -0.10927260 -0.03188485
v -0.26874346 -0.10912836 -0.03188485
v -0.25963348 -0.10719174 -0.03188485
v 0.15942407 -0.10890007 -0.03188485
v 0.16853404 -0.10769939 -0.03188485
v 0.17764401 -0.10657316 -0.03188485
v 0.18675399 -0.10819161 -0.03188485
v 0.19586384 -0.10924232 -0.03188485
v -0.48738220 -0.11588198 -0.03188485
v -0.47827226 -0.12298429 -0.03170663
v -0.47844565 -0.12298429 -0.03188485
v -0.46916229 -0.12268758 -0.03188485
v -0.47800711 -0.12298429 -0.03188485
v -0.46005234 -0.12149996 -0.03188485
v -0.43272254 -0.12203747 -0.03188485
v -0.42361256 -0.11795861 -0.03188485
v -0.41450259 -0.11653274 -0.03188485
v -0.40539271 -0.11576414 -0.03188485
v -0.39628273 -0.11403930 -0.03188485
v -0.47827226 -0.12314183 -0.03188485
v 0.15942407 0.14120418 -0.03771013
v 0.16853404 0.14120418 -0.03999156
v 0.17764401 0.14120418 -0.03961170
v 0.18675399 0.14120418 -0.03818977
v 0.19586384 0.14120418 -0.03641528
v 0.15031421 0.13722229 -0.04099482
v 0.14522922 0.13209426 -0.04099482
v 0.15942407 0.14031345 -0.04099482
v 0.16853404 0.14054483 -0.04099482
v 0.17764401 0.14021176 -0.04099482
v 0.18675399 0.13860464 -0.04099482
v 0.19586384 0.13626587 -0.04099482
v 0.20497382 0.13209426 -0.04002643
v 0.20063949 0.13209426 -0.04099482
v 0.21408367 0.13209426 -0.03587317
v 0.14120424 0.12298429 -0.03832066
v 0.14191329 0.12298429 -0.04099482
v 0.20497382 0.12883830 -0.04099482
v 0.21408367 0.12298429 -0.03992295
v 0.21140444 0.12298429 -0.04099482
v 0.14120424 0.11387438 -0.03943396
v 0.14183176 0.11387438 -0.04099482
v 0.21408367 0.11387438 -0.04046589
v 0.21357107 0.11387438 -0.04099482
v 0.22319365 0.11387438 -0.03395700
v 0.23230362 0.11387438 -0.03340358
v -0.47827226 0.11300451 -0.04099482
v -0.48702756 0.10476440 -0.04099482
v -0.46916229 0.11300176 -0.04099482
v -0.46005234 0.10476440 -0.03225893
v -0.46005234 0.11319351 -0.04099482
v -0.45094243 0.10476440 -0.03331733
v -0.45094243 0.11244076 -0.04099482
v -0.44183245 0.11372089 -0.04099482
v -0.43272254 0.11350203 -0.04099482
v -0.42361256 0.11288178 -0.04099482
v -0.41450259 0.10862565 -0.04099482
v -0.40539271 0.10476440 -0.03714883
v -0.40884128 0.10476440 -0.04099482
v -0.39628273 0.10476440 -0.03797811
v -0.38717276 0.10476440 -0.03798848
v -0.37806284 0.10476440 -0.03528833
v -0.36895287 0.10476440 -0.03273416
v -0.35984290 0.10476440 -0.03418422
v -0.35073298 0.10476440 -0.03680927
v -0.34162301 0.10476440 -0.03724724
v -0.33251309 0.10476440 -0.03651327
v -0.32340318 0.10476440 -0.03597718
v -0.31429321 0.10476440 -0.03531480
v -0.30518323 0.10476440 -0.03555489
v -0.29607332 0.10476440 -0.03564149
v -0.28696334 0.10476440 -0.03517735
v -0.27785337 0.10476440 -0.03219843
v -0.22319376 0.10476440 -0.03399712
v -0.21408379 0.10476440 -0.03650552
v -0.20497382 0.10476440 -0.03924364
v -0.19586390 0.10476440 -0.03868836
v -0.18675393 0.10476440 -0.03764397
v -0.17764395 0.10476440 -0.03699827
v -0.16853404 0.10476440 -0.03776449
v -0.15942407 0.10476440 -0.03844047
v -0.15031409 0.10476440 -0.03871346
v -0.14120418 0.10476440 -0.03899950
v -0.13209426 0.10476440 -0.03922838
v -0.12298429 0.10476440 -0.04077864
v -0.11387438 0.10476440 -0.03858328
v -0.10476440 0.10476440 -0.03708816
v -0.09565443 0.10626751 -0.04099482
v -0.09722668 0.10476440 -0.04099482
v -0.08654451 0.10476440 -0.03698033
v -0.09411401 0.10476440 -0.04099482
v -0.07743454 0.10476440 -0.03344059
v 0.14120424 0.10476440 -0.03812039
v 0.14210534 0.10476440 -0.04099482
v 0.21408367 0.10476440 -0.03805590
v 0.21191430 0.10476440 -0.04099482
v 0.22319365 0.10476440 -0.03843629
v 0.23230362 0.10476440 -0.03799564
v -0.48738220 0.10440117 -0.04099482
v -0.49559903 0.09565443 -0.04099482
v -0.40539271 0.10407782 -0.04099482
v -0.39628273 0.10393161 -0.04099482
v -0.38717276 0.10372150 -0.04099482
v -0.37806284 0.10293353 -0.04099482
v -0.36895287 0.10223907 -0.04099482
v -0.35984290 0.10162312 -0.04099482
v -0.35073298 0.10081393 -0.04099482
v -0.34162301 0.10157061 -0.04099482
v -0.33251309 0.10183907 -0.04099482
v -0.32340318 0.10193580 -0.04099482
v -0.31429321 0.10209095 -0.04099482
v -0.30518323 0.10149384 -0.04099482
v -0.29607332 0.10030806 -0.04099482
v -0.28696334 0.09995264 -0.04099482
v -0.27785337 0.09991288 -0.04099482
v -0.26874346 0.09968209 -0.04099482
v -0.25963348 0.09848398 -0.04099482
v -0.25052351 0.09797561 -0.04099482
v -0.24141359 0.09806204 -0.04099482
v -0.23230368 0.09807074 -0.04099482
v -0.22319376 0.10004717 -0.04099482
v -0.21408379 0.10214466 -0.04099482
v -0.20497382 0.10393393 -0.04099482
v -0.19586390 0.10387051 -0.04099482
v -0.18675393 0.10345340 -0.04099482
v -0.17764395 0.10293204 -0.04099482
v -0.16853404 0.10320336 -0.04099482
v -0.15942407 0.10351342 -0.04099482
v -0.15031409 0.10368091 -0.04099482
v -0.14120418 0.10366714 -0.04099482
v -0.13209426 0.10347384 -0.04099482
v -0.12298429 0.10458869 -0.04099482
v -0.11387438 0.10254055 -0.04099482
v -0.10476440 0.10339904 -0.04099482
v -0.08654451 0.10383779 -0.04099482
v -0.07743454 0.09832805 -0.04099482
v -0.06832457 0.09565443 -0.04037595
v -0.07294971 0.09565443 -0.04099482
v -0.05921465 0.09565443 -0.03898352
v -0.05010468 0.09565443 -0.03815347
v -0.04099476 0.09565443 -0.03741080
v -0.03188485 0.09565443 -0.03547180
v 0.14198816 0.09565443 -0.04099482
v 0.21408367 0.10334146 -0.04099482
v 0.22319365 0.10168350 -0.04099482
v 0.23230362 0.09565443 -0.04058886
v 0.22955537 0.09565443 -0.04099482
v 0.24141359 0.09565443 -0.03787345
v -0.49612302 0.08654451 -0.04099482
v -0.06832457 0.09478027 -0.04099482
v -0.05921465 0.09298688 -0.04099482
v -0.05010468 0.08654451 -0.04032159
v -0.05116951 0.08654451 -0.04099482
v -0.04099476 0.08654451 -0.03813326
v -0.03188485 0.08654451 -0.03891248
v -0.02277488 0.08654451 -0.03811085
v -0.01366490 0.08654451 -0.03682315
v 0.14120424 0.08654451 -0.04036576
v 0.14137185 0.08654451 -0.04099482
v 0.23230362 0.08654451 -0.03832424
v 0.22802401 0.08654451 -0.04099482
v -0.49599248 0.07743454 -0.04099482
v -0.05010468 0.08566236 -0.04099482
v -0.04099476 0.07923466 -0.04099482
v -0.03188485 0.07743454 -0.03946161
v -0.03847420 0.07743454 -0.04099482
v -0.02277488 0.07743454 -0.03980976
v -0.01366490 0.07743454 -0.04016584
v -0.00455499 0.07743454 -0.03840572
v 0.00455493 0.07743454 -0.03628761
v 0.05921459 0.07743454 -0.03440189
v 0.06832457 0.07743454 -0.03680205
v 0.07743454 0.07743454 -0.03370976
v 0.14120424 0.08484334 -0.04099482
v 0.13639641 0.07743454 -0.04099482
v 0.21408367 0.07743454 -0.03828728
v 0.21408367 0.07850987 -0.04099482
v 0.21056306 0.07743454 -0.04099482
v 0.22319365 0.07743454 -0.03777993
v 0.22319365 0.08211201 -0.04099482
v 0.23230362 0.07743454 -0.03556949
v 0.42361248 0.07743454 -0.03855640
v 0.43272245 0.07743454 -0.03895408
v 0.46916234 0.07743454 -0.03737962
v 0.47827220 0.07743454 -0.03656662
v -0.49336725 0.06832457 -0.04099482
v -0.03188485 0.07328951 -0.04099482
v -0.02277488 0.06832457 -0.04030788
v -0.02558613 0.06832457 -0.04099482
v -0.01366490 0.06832457 -0.04041618
v -0.00455499 0.06832457 -0.04054487
v 0.00455493 0.06832457 -0.03897232
v 0.01366490 0.06832457 -0.03550303
v 0.02277488 0.06832457 -0.03615630
v 0.05921459 0.07234162 -0.04099482
v 0.05576175 0.06832457 -0.04099482
v 0.06832457 0.06832457 -0.04004645
v 0.06573480 0.06832457 -0.04099482
v 0.07743454 0.06832457 -0.03889430
v 0.08654451 0.06832457 -0.03736538
v 0.09565449 0.06832457 -0.03544503
v 0.13209426 0.07384312 -0.04099482
v 0.12728739 0.06832457 -0.04099482
v 0.21408367 0.07230335 -0.04099482
v 0.22319365 0.07609940 -0.04099482
v 0.23230362 0.07179868 -0.04099482
v 0.24141359 0.06832457 -0.03823543
v 0.23577106 0.06832457 -0.04099482
v 0.25052357 0.06832457 -0.03802663
v 0.25963354 0.06832457 -0.03779143
v 0.41450262 0.07529688 -0.04099482
v 0.40680850 0.06832457 -0.04099482
v 0.42361248 0.07647693 -0.04099482
v 0.43272245 0.07612312 -0.04099482
v 0.44183242 0.06832457 -0.03878903
v 0.44012880 0.06832457 -0.04099482
v 0.45094240 0.06832457 -0.03943187
v 0.46005237 0.06832457 -0.03720891
v 0.46916234 0.07586956 -0.04099482
v 0.46183324 0.06832457 -0.04099482
v 0.47827220 0.07681167 -0.04099482
v 0.48738217 0.06832457 -0.03876811
v 0.48672926 0.06832457 -0.04099482
v -0.48738220 0.05921465 -0.03507793
v -0.48738220 0.06199759 -0.04099482
v -0.48597872 0.05921465 -0.04099482
v -0.45094243 0.05921465 -0.03829908
v -0.02277488 0.06668007 -0.04099482
v -0.01366490 0.05921465 -0.04023397
v -0.01532423 0.05921465 -0.04099482
v -0.00455499 0.05921465 -0.04007363
v 0.00455493 0.05921465 -0.04024816
v 0.01366490 0.05921465 -0.03821480
v 0.02277488 0.05921465 -0.03837961
v 0.05010474 0.05921465 -0.03540438
v 0.05362815 0.05921465 -0.04099482
v 0.06832457 0.06364614 -0.04099482
v 0.07743454 0.05921465 -0.03978014
v 0.07186055 0.05921465 -0.04099482
v 0.08654451 0.05921465 -0.03718740
v 0.09565449 0.05921465 -0.03535587
v 0.10476446 0.05921465 -0.03207475
v 0.12623245 0.05921465 -0.04099482
v 0.21408367 0.05921465 -0.04046470
v 0.21408367 0.06310064 -0.04099482
v 0.21338212 0.05921465 -0.04099482
v 0.21736634 0.05921465 -0.04099482
v 0.24141359 0.05921465 -0.03914809
v 0.23474085 0.05921465 -0.04099482
v 0.25052357 0.05921465 -0.03980303
v 0.25963354 0.05921465 -0.04023647
v 0.40539265 0.06658387 -0.04099482
v 0.39677823 0.05921465 -0.04099482
v 0.44183242 0.06761914 -0.04099482
v 0.45094240 0.06826323 -0.04099482
v 0.46005237 0.06580311 -0.04099482
v 0.48738217 0.06623828 -0.04099482
v 0.49649215 0.05921465 -0.03961086
v 0.49420846 0.05921465 -0.04099482
v -0.48042151 0.05010468 -0.04099482
v -0.46916229 0.05010468 -0.03842604
v -0.46916229 0.05190933 -0.04099482
v -0.47493982 0.05010468 -0.04099482
v -0.46005234 0.05437946 -0.04099482
v -0.45094243 0.05731249 -0.04099482
v -0.44183245 0.05124032 -0.04099482
v -0.43272254 0.05272436 -0.04099482
v -0.42361256 0.05076802 -0.04099482
v -0.41450259 0.05010468 -0.03870857
v -0.41450259 0.05082703 -0.04099482
v -0.40539271 0.05010468 -0.04013121
v -0.40539271 0.05090511 -0.04099482
v -0.40311864 0.05010468 -0.04099482
v -0.01366490 0.05796754 -0.04099482
v -0.00455499 0.05010468 -0.03986818
v -0.00607210 0.05010468 -0.04099482
v 0.00455493 0.05010468 -0.04056782
v 0.01366490 0.05265927 -0.04099482
v 0.00847846 0.05010468 -0.04099482
v 0.02277488 0.05010468 -0.03925949
v 0.01673573 0.05010468 -0.04099482
v 0.03188485 0.05010468 -0.03278083
v 0.04099482 0.05010468 -0.03549069
v 0.05010474 0.05010468 -0.04091543
v 0.05017167 0.05010468 -0.04099482
v 0.07743454 0.05211747 -0.04099482
v 0.08654451 0.05010468 -0.03702158
v 0.07852978 0.05010468 -0.04099482
v 0.09565449 0.05010468 -0.03301334
v 0.10476446 0.05010468 -0.03362429
v 0.12637138 0.05010468 -0.04099482
v 0.21408367 0.05888689 -0.04099482
v 0.24141359 0.05010468 -0.03992414
v 0.23684359 0.05010468 -0.04099482
v 0.25052357 0.05010468 -0.04031789
v 0.25963354 0.05010468 -0.04059470
v 0.37806284 0.05010468 -0.03879672
v 0.38717282 0.05010468 -0.03977472
v 0.39628267 0.05911601 -0.04099482
v 0.38760674 0.05010468 -0.04099482
v 0.49649215 0.05563122 -0.04099482
v 0.50205231 0.05010468 -0.04099482
v -0.47827226 0.04799008 -0.04099482
v -0.39628273 0.04099476 -0.03362668
v -0.39628273 0.04494369 -0.04099482
v -0.38717276 0.04099476 -0.03691798
v -0.38717276 0.04364383 -0.04099482
v -0.37806284 0.04099476 -0.03898394
v -0.37806284 0.04246330 -0.04099482
v -0.36895287 0.04099476 -0.04057246
v -0.36895287 0.04134345 -0.04099482
v -0.35984290 0.04099476 -0.04026324
v -0.35984290 0.04150635 -0.04099482
v -0.35073298 0.04099476 -0.03917050
v -0.35073298 0.04184783 -0.04099482
v -0.34162301 0.04099476 -0.03811657
v -0.34162301 0.04191941 -0.04099482
v -0.33251309 0.04099476 -0.03924435
v -0.33251309 0.04155564 -0.04099482
v -0.32340318 0.04099476 -0.04075664
v -0.32340318 0.04107386 -0.04099482
v -0.32186788 0.04099476 -0.04099482
v -0.00455499 0.04681796 -0.04099482
v 0.00455493 0.04586530 -0.04099482
v 0.02277488 0.04099476 -0.04052663
v 0.02219272 0.04099476 -0.04099482
v 0.03188485 0.04099476 -0.03763223
v 0.04099482 0.04099476 -0.03965724
v 0.05010474 0.04995912 -0.04099482
v 0.04301322 0.04099476 -0.04099482
v 0.08654451 0.04099476 -0.03659284
v 0.08280331 0.04099476 -0.04099482
v 0.12679422 0.04099476 -0.04099482
v 0.24141359 0.04661757 -0.04099482
v 0.25052357 0.04099476 -0.04080409
v 0.24786663 0.04099476 -0.04099482
v 0.25963354 0.04196239 -0.04099482
v 0.25838304 0.04099476 -0.04099482
v 0.26045930 0.04099476 -0.04099482
v 0.36895299 0.04099476 -0.03898847
v 0.37806284 0.04701287 -0.04099482
v 0.37208605 0.04099476 -0.04099482
v 0.38717282 0.04851490 -0.04099482
v 0.50560212 0.04099476 -0.03945023
v 0.50498176 0.04099476 -0.04099482
v -0.31429321 0.04005420 -0.04099482
v -0.30518323 0.03932834 -0.04099482
v -0.29607332 0.03940129 -0.04099482
v -0.28696334 0.03931546 -0.04099482
v -0.27785337 0.03705543 -0.04099482
v -0.26874346 0.03591013 -0.04099482
v -0.25963348 0.03524333 -0.04099482
v -0.25052351 0.03450114 -0.04099482
v -0.24141359 0.03356385 -0.04099482
v -0.23230368 0.03188485 -0.03798032
v -0.23230368 0.03235441 -0.04099482
v -0.22890538 0.03188485 -0.04099482
v -0.00455499 0.03188485 -0.04071850
v -0.00455499 0.03354144 -0.04099482
v -0.00544649 0.03188485 -0.04099482
v 0.00455493 0.03188485 -0.03980792
v 0.00455493 0.03780484 -0.04099482
v 0.01212853 0.03188485 -0.04099482
v 0.02277488 0.03188485 -0.03931808
v 0.01493734 0.03188485 -0.04099482
v 0.03188485 0.03188485 -0.03834248
v 0.04099482 0.03188485 -0.04070598
v 0.04144514 0.03188485 -0.04099482
v 0.08654451 0.03481561 -0.04099482
v 0.09565449 0.03188485 -0.04045194
v 0.09263748 0.03188485 -0.04099482
v 0.10476446 0.03188485 -0.04024845
v 0.11387432 0.03188485 -0.03814656
v 0.12298429 0.03188485 -0.03316277
v 0.12771738 0.03188485 -0.04099482
v 0.25052357 0.03764832 -0.04099482
v 0.25963354 0.03188485 -0.04095268
v 0.25963354 0.03842914 -0.04099482
v 0.25789618 0.03188485 -0.04099482
v 0.26874340 0.03188485 -0.03384477
v 0.36895299 0.03188485 -0.03990352
v 0.37082219 0.03188485 -0.04099482
v 0.50560212 0.03188485 -0.03967506
v 0.50496495 0.03188485 -0.04099482
v -0.22319376 0.02948117 -0.04099482
v -0.21408379 0.02748567 -0.04099482
v -0.20497382 0.02611852 -0.04099482
v -0.19586390 0.02497607 -0.04099482
v -0.18675393 0.02277488 -0.03507388
v -0.18675393 0.02400351 -0.04099482
v -0.17764395 0.02277488 -0.04034388
v -0.17764395 0.02294374 -0.04099482
v -0.17614722 0.02277488 -0.04099482
v -0.00455499 0.03123051 -0.04099482
v 0.00455493 0.02515876 -0.04099482
v 0.01366490 0.02277488 -0.04013151
v 0.01366490 0.02991396 -0.04099482
v 0.00751930 0.02277488 -0.04099482
v 0.02277488 0.02277488 -0.04038268
v 0.03188485 0.02277488 -0.03920150
v 0.04099482 0.02277488 -0.04089296
v 0.04113793 0.02277488 -0.04099482
v 0.09565449 0.03117222 -0.04099482
v 0.10476446 0.03076285 -0.04099482
v 0.11387432 0.02277488 -0.04076540
v 0.11335552 0.02277488 -0.04099482
v 0.12298429 0.02277488 -0.03831911
v 0.12548137 0.02277488 -0.04099482
v 0.25052357 0.02277488 -0.04092771
v 0.25052357 0.02514207 -0.04099482
v 0.24281633 0.02277488 -0.04099482
v 0.25963354 0.02277488 -0.04080737
v 0.26874340 0.02277488 -0.03326064
v 0.36895299 0.02277488 -0.03893715
v 0.37132323 0.02277488 -0.04099482
v 0.38717282 0.02277488 -0.04099250
v 0.38717282 0.02279198 -0.04099482
v 0.38716531 0.02277488 -0.04099482
v 0.38717461 0.02277488 -0.04099482
v 0.49649215 0.02277488 -0.04078102
v 0.49649215 0.02315879 -0.04099482
v 0.49622202 0.02277488 -0.04099482
v 0.50560212 0.02277488 -0.03464484
v -0.16853404 0.01963925 -0.04099482
v -0.15942407 0.01759136 -0.04099482
v -0.15031409 0.01655513 -0.04099482
v -0.14120418 0.01576346 -0.04099482
v -0.13209426 0.01511699 -0.04099482
v -0.12298429 0.01366490 -0.03702700
v -0.12298429 0.01446646 -0.04099482
v -0.11387438 0.01366490 -0.04090351
v -0.11387438 0.01369202 -0.04099482
v -0.11360997 0.01366490 -0.04099482
v 0.01366490 0.01906949 -0.04099482
v 0.02277488 0.01568615 -0.04099482
v 0.03188485 0.01366490 -0.03965932
v 0.02419543 0.01366490 -0.04099482
v 0.04099482 0.01940197 -0.04099482
v 0.03996181 0.01366490 -0.04099482
v 0.11387432 0.02209377 -0.04099482
v 0.12298429 0.01382804 -0.04099482
v 0.25052357 0.01366490 -0.04095310
v 0.25010467 0.01366490 -0.04099482
v 0.25963354 0.01366490 -0.04071331
v 0.26874340 0.01366490 -0.03748983
v 0.37806284 0.01366490 -0.04039365
v 0.37806284 0.01538879 -0.04099482
v 0.38717282 0.01366490 -0.03813815
v 0.38974476 0.01366490 -0.04099482
v 0.49649215 0.01366490 -0.03890663
v 0.49401069 0.01366490 -0.04099482
v -0.10476440 0.01034296 -0.04099482
v -0.09565443 0.00822514 -0.04099482
v -0.08654451 0.00811863 -0.04099482
v -0.07743454 0.00827307 -0.04099482
v -0.06832457 0.00851530 -0.04099482
v -0.05921465 0.00455499 -0.03865445
v -0.05921465 0.00657445 -0.04099482
v -0.05199492 0.00455499 -0.04099482
v 0.01366490 0.00455499 -0.04022163
v 0.01366490 0.00769365 -0.04099482
v 0.00839633 0.00455499 -0.04099482
v 0.02277488 0.00455499 -0.04056120
v 0.02277488 0.01119173 -0.04099482
v 0.03188485 0.00455499 -0.03941041
v 0.04097104 0.00455499 -0.04099482
v 0.12298429 0.00455499 -0.03899574
v 0.12298429 0.01340568 -0.04099482
v 0.11762774 0.00455499 -0.04099482
v 0.12389094 0.00455499 -0.04099482
v 0.25052357 0.00825864 -0.04099482
v 0.25963354 0.00455499 -0.04091412
v 0.25301027 0.00455499 -0.04099482
v 0.26874340 0.00455499 -0.03807032
v 0.39628267 0.00552011 -0.04099482
v 0.39702642 0.00455499 -0.04099482
v 0.48738217 0.00455499 -0.04087543
v 0.48738217 0.00492787 -0.04099482
v 0.48726666 0.00455499 -0.04099482
v 0.49649215 0.00455499 -0.03658807
v -0.08654451 -0.00391865 -0.04099482
v -0.08770394 -0.00455493 -0.04099482
v -0.07743454 -0.00159490 -0.04099482
v -0.06832457 -0.00022435 -0.04099482
v -0.05921465 0.00195402 -0.04099482
v 0.01366490 -0.00231290 -0.04099482
v 0.02277488 -0.00455493 -0.04034108
v 0.01603979 -0.00455493 -0.04099482
v 0.03188485 -0.00455493 -0.03932744
v 0.04065734 -0.00455493 -0.04099482
v 0.11387432 -0.00455493 -0.03858989
v 0.11387432 0.00175172 -0.04099482
v 0.11088800 -0.00455493 -0.04099482
v 0.12298429 -0.00455493 -0.03692567
v 0.12332571 -0.00455493 -0.04099482
v 0.25963354 0.00193965 -0.04099482
v 0.26874340 -0.00455493 -0.03985584
v 0.26556456 -0.00455493 -0.04099482
v 0.40539265 -0.00455493 -0.03699398
v 0.40539265 -0.00406045 -0.04099482
v 0.40590143 -0.00455493 -0.04099482
v 0.46005237 -0.00455493 -0.03923738
v 0.46005237 -0.00408012 -0.04099482
v 0.45830476 -0.00455493 -0.04099482
v 0.46916234 -0.00455493 -0.04023314
v 0.46916234 0.00442123 -0.04099482
v 0.47064984 -0.00455493 -0.04099482
v 0.48738217 -0.00455493 -0.03573740
v 0.48519564 -0.00455493 -0.04099482
v -0.14120418 -0.01366490 -0.03193128
v -0.13209426 -0.01366490 -0.03603518
v -0.12298429 -0.01366490 -0.03895718
v -0.11387438 -0.01366490 -0.04064757
v -0.10476440 -0.00882912 -0.04099482
v -0.11325222 -0.01366490 -0.04099482
v -0.09565443 -0.00565690 -0.04099482
v 0.02277488 -0.00592560 -0.04099482
v 0.03188485 -0.01366490 -0.03949428
v 0.02980840 -0.01366490 -0.04099482
v 0.04099482 -0.01366490 -0.04029918
v 0.04099482 -0.00571632 -0.04099482
v 0.04175574 -0.01366490 -0.04099482
v 0.10476446 -0.01366490 -0.04075575
v 0.10476446 -0.01331735 -0.04099482
v 0.10343093 -0.01366490 -0.04099482
v 0.11387432 -0.01366490 -0.03673214
v 0.12298429 -0.00540590 -0.04099482
v 0.11631060 -0.01366490 -0.04099482
v 0.26874340 -0.01366490 -0.04033422
v 0.26514351 -0.01366490 -0.04099482
v 0.27785337 -0.01366490 -0.03567445
v 0.41450262 -0.01366490 -0.03749204
v 0.41450262 -0.01227009 -0.04099482
v 0.42086792 -0.01366490 -0.04099482
v 0.44183242 -0.01366490 -0.03868163
v 0.44183242 -0.01197481 -0.04099482
v 0.43972445 -0.01366490 -0.04099482
v 0.45094240 -0.01366490 -0.03477478
v 0.44498205 -0.01366490 -0.04099482
v 0.45472562 -0.01366490 -0.04099482
v 0.46916234 -0.01366490 -0.03626519
v 0.47827220 -0.01366490 -0.03345203
v 0.47827220 -0.01150978 -0.04099482
v -0.17764395 -0.02277488 -0.03519332
v -0.16853404 -0.02277488 -0.03823125
v -0.15942407 -0.02277488 -0.04044783
v -0.15031409 -0.02040184 -0.04099482
v -0.15707970 -0.02277488 -0.04099482
v -0.14120418 -0.01754177 -0.04099482
v -0.13209426 -0.01590776 -0.04099482
v -0.12298429 -0.01458865 -0.04099482
v -0.11387438 -0.01381868 -0.04099482
v 0.00455493 -0.02277488 -0.04036528
v 0.00455493 -0.02187389 -0.04099482
v 0.00206918 -0.02277488 -0.04099482
v 0.01366490 -0.02277488 -0.04011989
v 0.01366490 -0.02147216 -0.04099482
v 0.02277488 -0.02277488 -0.03797799
v 0.02277488 -0.01980931 -0.04099482
v 0.03188485 -0.02277488 -0.03764242
v 0.04099482 -0.02277488 -0.03739756
v 0.04584819 -0.02277488 -0.04099482
v 0.10476446 -0.02277488 -0.03934276
v 0.09860158 -0.02277488 -0.04099482
v 0.11387432 -0.02277488 -0.03571856
v 0.12298429 -0.02277488 -0.04053140
v 0.12298429 -0.02213275 -0.04099482
v 0.12328875 -0.02277488 -0.04099482
v 0.26874340 -0.02277488 -0.03899771
v 0.26399624 -0.02277488 -0.04099482
v 0.42361248 -0.01537138 -0.04099482
v 0.43272245 -0.01867998 -0.04099482
v 0.45094240 -0.01742381 -0.04099482
v -0.22319376 -0.03188485 -0.03608322
v -0.21408379 -0.03188485 -0.03916025
v -0.20497382 -0.03113300 -0.04099482
v -0.20741779 -0.03188485 -0.04099482
v -0.19586390 -0.02876717 -0.04099482
v -0.18675393 -0.02739316 -0.04099482
v -0.17764395 -0.02604657 -0.04099482
v -0.16853404 -0.02449358 -0.04099482
v -0.15942407 -0.02310663 -0.04099482
v 0.00455493 -0.03188485 -0.03992665
v 0.00050551 -0.03188485 -0.04099482
v 0.01366490 -0.03188485 -0.03826457
v 0.02277488 -0.03188485 -0.03875422
v 0.03188485 -0.03188485 -0.03689975
v 0.04099482 -0.03188485 -0.03399307
v 0.05010474 -0.03188485 -0.04056233
v 0.05010474 -0.03055358 -0.04099482
v 0.05041289 -0.03188485 -0.04099482
v 0.09565449 -0.03188485 -0.04019344
v 0.09565449 -0.02660590 -0.04099482
v 0.09014654 -0.03188485 -0.04099482
v 0.10476446 -0.03188485 -0.03862810
v 0.12298429 -0.03188485 -0.03591329
v 0.12558663 -0.03188485 -0.04099482
v 0.25052357 -0.03188485 -0.04049438
v 0.25052357 -0.02970695 -0.04099482
v 0.24750531 -0.03188485 -0.04099482
v 0.25963354 -0.03188485 -0.04050714
v 0.25963354 -0.02727294 -0.04099482
v 0.26874340 -0.03188485 -0.03359807
v -0.25963348 -0.04099482 -0.03584331
v -0.25052351 -0.04099482 -0.04083723
v -0.24141359 -0.03730679 -0.04099482
v -0.25017333 -0.04099482 -0.04099482
v -0.23230368 -0.03552574 -0.04099482
v -0.22319376 -0.03404754 -0.04099482
v -0.21408379 -0.03265584 -0.04099482
v 0.00455493 -0.04099482 -0.04037011
v -0.00042373 -0.04099482 -0.04099482
v 0.01366490 -0.04099482 -0.04034597
v 0.02277488 -0.04099482 -0.03963286
v 0.03188485 -0.04099482 -0.03673142
v 0.05010474 -0.04099482 -0.03761905
v 0.05192137 -0.04099482 -0.04099482
v 0.08654451 -0.04099482 -0.04004896
v 0.08654451 -0.03564751 -0.04099482
v 0.08361322 -0.04099482 -0.04099482
v 0.09565449 -0.04099482 -0.03862256
v 0.10476446 -0.04099482 -0.03747493
v 0.12643528 -0.04099482 -0.04099482
v 0.25052357 -0.04099482 -0.04017401
v 0.24605703 -0.04099482 -0.04099482
v 0.25963354 -0.04099482 -0.03941959
v -0.30518323 -0.05010474 -0.03626198
v -0.29607332 -0.05010474 -0.03975999
v -0.28696334 -0.04737401 -0.04099482
v -0.29222387 -0.05010474 -0.04099482
v -0.27785337 -0.04552609 -0.04099482
v -0.26874346 -0.04399925 -0.04099482
v -0.25963348 -0.04248857 -0.04099482
v -0.25052351 -0.04106498 -0.04099482
v -0.00455499 -0.05010474 -0.03931868
v -0.00455499 -0.04377198 -0.04099482
v -0.00827271 -0.05010474 -0.04099482
v 0.00455493 -0.05010474 -0.04050899
v 0.01366490 -0.05010474 -0.03971094
v 0.02277488 -0.05010474 -0.03792608
v 0.05010474 -0.05010474 -0.03446293
v 0.05617660 -0.05010474 -0.04099482
v 0.07743454 -0.05010474 -0.04074425
v 0.07743454 -0.04932129 -0.04099482
v 0.07705426 -0.05010474 -0.04099482
v 0.08654451 -0.05010474 -0.03783792
v 0.09565449 -0.05010474 -0.03752095
v 0.10476446 -0.05010474 -0.03468257
v 0.13209426 -0.05010474 -0.04068357
v 0.13209426 -0.04977238 -0.04099482
v 0.13215029 -0.05010474 -0.04099482
v 0.22319365 -0.05010474 -0.03955287
v 0.22319365 -0.04780972 -0.04099482
v 0.22204506 -0.05010474 -0.04099482
v 0.23230362 -0.05010474 -0.04013783
v 0.23230362 -0.04825020 -0.04099482
v 0.24141359 -0.05010474 -0.03947800
v 0.24141359 -0.04601902 -0.04099482
v 0.25052357 -0.05010474 -0.03248811
v -0.41450259 -0.05921459 -0.03441685
v -0.40539271 -0.05921459 -0.03557479
v -0.39628273 -0.05921459 -0.03516328
v -0.38717276 -0.05921459 -0.03602904
v -0.37806284 -0.05921459 -0.03722548
v -0.36895287 -0.05921459 -0.03801835
v -0.35984290 -0.05921459 -0.03861022
v -0.35073298 -0.05921459 -0.03912401
v -0.34162301 -0.05921459 -0.03961575
v -0.33251309 -0.05921459 -0.04026872
v -0.32340318 -0.05921459 -0.04086608
v -0.31429321 -0.05724794 -0.04099482
v -0.32175815 -0.05921459 -0.04099482
v -0.30518323 -0.05376339 -0.04099482
v -0.29607332 -0.05114573 -0.04099482
v -0.01366490 -0.05921459 -0.03761679
v -0.01366490 -0.05504787 -0.04099482
v -0.02188343 -0.05921459 -0.04099482
v -0.00455499 -0.05921459 -0.03925586
v 0.00455493 -0.05921459 -0.03886425
v 0.01366490 -0.05921459 -0.03663027
v 0.02277488 -0.05921459 -0.03417033
v 0.05921459 -0.05352283 -0.04099482
v 0.06492835 -0.05921459 -0.04099482
v 0.07743454 -0.05921459 -0.03715849
v 0.07179230 -0.05921459 -0.04099482
v 0.08654451 -0.05921459 -0.03382975
v 0.09565449 -0.05921459 -0.03362316
v 0.13360322 -0.05921459 -0.04099482
v 0.22319365 -0.05091453 -0.04099482
v 0.23230362 -0.05111998 -0.04099482
v 0.24141359 -0.05921459 -0.04078496
v 0.24037123 -0.05921459 -0.04099482
v 0.25052357 -0.05921459 -0.04057693
v 0.25963354 -0.05921459 -0.03899503
v -0.42361256 -0.06832457 -0.03378999
v -0.41450259 -0.06832457 -0.04007936
v -0.40539271 -0.06832457 -0.04071498
v -0.39628273 -0.06832457 -0.04073149
v -0.38717276 -0.06713086 -0.04099482
v -0.39176196 -0.06832457 -0.04099482
v -0.37806284 -0.06485128 -0.04099482
v -0.36895287 -0.06357902 -0.04099482
v -0.35984290 -0.06254160 -0.04099482
v -0.35073298 -0.06181419 -0.04099482
v -0.34162301 -0.06133378 -0.04099482
v -0.33251309 -0.06040698 -0.04099482
v -0.32340318 -0.05944121 -0.04099482
v -0.02277488 -0.06832457 -0.03710043
v -0.02277488 -0.06004286 -0.04099482
v -0.03130955 -0.06832457 -0.04099482
v -0.01366490 -0.06832457 -0.03778046
v -0.00455499 -0.06832457 -0.03778648
v 0.00455493 -0.06832457 -0.03636408
v 0.06832457 -0.06832457 -0.03805143
v 0.06832457 -0.06319529 -0.04099482
v 0.13382018 -0.06832457 -0.04099482
v 0.23230362 -0.06832457 -0.04079741
v 0.23230362 -0.06691068 -0.04099482
v 0.23093641 -0.06832457 -0.04099482
v 0.24141359 -0.06832457 -0.04044408
v 0.25052357 -0.06832457 -0.03930128
v 0.25963354 -0.06832457 -0.03645742
v -0.47827226 -0.07042271 -0.04099482
v -0.48482266 -0.07743454 -0.04099482
v -0.46916229 -0.06883973 -0.04099482
v -0.46005234 -0.06858742 -0.04099482
v -0.45094243 -0.06855786 -0.04099482
v -0.44183245 -0.06838143 -0.04099482
v -0.43272254 -0.06854707 -0.04099482
v -0.42361256 -0.07075435 -0.04099482
v -0.41450259 -0.07069814 -0.04099482
v -0.40539271 -0.06942838 -0.04099482
v -0.39628273 -0.06953168 -0.04099482
v -0.04099476 -0.07743454 -0.03981209
v -0.04099476 -0.07616502 -0.04099482
v -0.04223627 -0.07743454 -0.04099482
v -0.03188485 -0.07743454 -0.03585619
v -0.03188485 -0.06884784 -0.04099482
v -0.02277488 -0.07743454 -0.03551364
v -0.01366490 -0.07743454 -0.03602701
v -0.00455499 -0.07743454 -0.03362375
v 0.13913584 -0.07743454 -0.04099482
v 0.20497382 -0.07743454 -0.04096925
v 0.20497382 -0.07740408 -0.04099482
v 0.20493865 -0.07743454 -0.04099482
v 0.21408367 -0.07709384 -0.04099482
v 0.22319365 -0.07743454 -0.03603923
v 0.22319365 -0.07582253 -0.04099482
v 0.23230362 -0.07743454 -0.04051054
v -0.48738220 -0.08654451 -0.04022318
v -0.48716089 -0.08654451 -0.04099482
v -0.05921465 -0.08654451 -0.04046619
v -0.05921465 -0.08585185 -0.04099482
v -0.06128925 -0.08654451 -0.04099482
v -0.05010468 -0.08654451 -0.03695303
v -0.05010468 -0.08312190 -0.04099482
v 0.14120424 -0.07968426 -0.04099482
v 0.14515424 -0.08654451 -0.04099482
v 0.19586384 -0.08654451 -0.04027730
v 0.19586384 -0.08555740 -0.04099482
v 0.19465947 -0.08654451 -0.04099482
v 0.20497382 -0.08654451 -0.04041171
v 0.21408367 -0.08654451 -0.03557533
v -0.48738220 -0.08834934 -0.04099482
v -0.49263301 -0.09565449 -0.04099482
v -0.34162301 -0.09565449 -0.04076260
v -0.34162301 -0.09502804 -0.04099482
v -0.34379494 -0.09565449 -0.04099482
v -0.33251309 -0.09565449 -0.04079950
v -0.33251309 -0.09510100 -0.04099482
v -0.32827896 -0.09565449 -0.04099482
v -0.23230368 -0.09565449 -0.04049182
v -0.23230368 -0.09522337 -0.04099482
v -0.23677385 -0.09565449 -0.04099482
v -0.22319376 -0.09565449 -0.04078031
v -0.22319376 -0.09551013 -0.04099482
v -0.21408379 -0.09565449 -0.04011643
v -0.21408379 -0.09522271 -0.04099482
v -0.20497382 -0.09565449 -0.03663129
v -0.20497382 -0.09419972 -0.04099482
v -0.19586390 -0.09565449 -0.03284663
v -0.19586390 -0.09248662 -0.04099482
v -0.18675393 -0.09131777 -0.04099482
v -0.17764395 -0.09021592 -0.04099482
v -0.16853404 -0.09055722 -0.04099482
v -0.15942407 -0.08884120 -0.04099482
v -0.15031409 -0.09565449 -0.03304350
v -0.15031409 -0.08836490 -0.04099482
v -0.14120418 -0.09565449 -0.03571409
v -0.14120418 -0.09043187 -0.04099482
v -0.13209426 -0.09565449 -0.03625649
v -0.13209426 -0.09132183 -0.04099482
v -0.12298429 -0.09565449 -0.03618389
v -0.12298429 -0.09129715 -0.04099482
v -0.11387438 -0.09565449 -0.03680760
v -0.11387438 -0.09193879 -0.04099482
v -0.10476440 -0.09565449 -0.03786790
v -0.10476440 -0.09298700 -0.04099482
v -0.09565443 -0.09565449 -0.03951335
v -0.09565443 -0.09345877 -0.04099482
v -0.08654451 -0.09565449 -0.03622717
v -0.08654451 -0.09093446 -0.04099482
v -0.07743454 -0.09565449 -0.03849626
v -0.07743454 -0.09405982 -0.04099482
v -0.06832457 -0.09565449 -0.03506285
v -0.06832457 -0.09142852 -0.04099482
v 0.15031421 -0.09273952 -0.04099482
v 0.15942407 -0.09443963 -0.04099482
v 0.16319716 -0.09565449 -0.04099482
v 0.18675399 -0.09565449 -0.03703630
v 0.18675399 -0.09402007 -0.04099482
v 0.18126571 -0.09565449 -0.04099482
v 0.19586384 -0.09565449 -0.03959000
v 0.20497382 -0.09565449 -0.03996825
v 0.21408367 -0.09565449 -0.03564483
v -0.49417949 -0.10476446 -0.04099482
v -0.39628273 -0.10476446 -0.04089242
v -0.39628273 -0.10430336 -0.04099482
v -0.39714852 -0.10476446 -0.04099482
v -0.38717276 -0.10476446 -0.04084039
v -0.38717276 -0.10414666 -0.04099482
v -0.37806284 -0.10476446 -0.04093701
v -0.37806284 -0.10459644 -0.04099482
v -0.36895287 -0.10476446 -0.04091692
v -0.36895287 -0.10457474 -0.04099482
v -0.35984290 -0.10476446 -0.03932339
v -0.35984290 -0.10206288 -0.04099482
v -0.35073298 -0.10476446 -0.03649449
v -0.35073298 -0.09838790 -0.04099482
v -0.34162301 -0.10476446 -0.03732806
v -0.33251309 -0.10476446 -0.03735524
v -0.32340318 -0.10476446 -0.03718513
v -0.32340318 -0.09665030 -0.04099482
v -0.31429321 -0.10476446 -0.03806287
v -0.31429321 -0.09919161 -0.04099482
v -0.30518323 -0.10476446 -0.03799617
v -0.30518323 -0.09919095 -0.04099482
v -0.29607332 -0.10476446 -0.03736734
v -0.29607332 -0.09897733 -0.04099482
v -0.28696334 -0.10476446 -0.03751647
v -0.28696334 -0.10040337 -0.04099482
v -0.27785337 -0.10476446 -0.03651476
v -0.27785337 -0.09810954 -0.04099482
v -0.26874346 -0.10476446 -0.03654265
v -0.26874346 -0.09743047 -0.04099482
v -0.25963348 -0.10476446 -0.03440315
v -0.25963348 -0.09830028 -0.04099482
v -0.25052351 -0.09795272 -0.04099482
v -0.24141359 -0.09681863 -0.04099482
v 0.15942407 -0.10476446 -0.03729725
v 0.16780174 -0.10476446 -0.04099482
v 0.18675399 -0.10476446 -0.03563088
v 0.17982411 -0.10476446 -0.04099482
v 0.19586384 -0.10476446 -0.03640074
v -0.48932078 -0.11387432 -0.04099482
v -0.45094243 -0.11387432 -0.03415704
v -0.44183245 -0.11387432 -0.03257006
v -0.41450259 -0.11387432 -0.03470653
v -0.41450259 -0.11153996 -0.04099482
v -0.41490987 -0.11387432 -0.04099482
v -0.40539271 -0.11387432 -0.03379476
v -0.40539271 -0.10768664 -0.04099482
v -0.39628273 -0.11387432 -0.03205204
v 0.16853404 -0.10520035 -0.04099482
v 0.17764401 -0.10667586 -0.04099482
v -0.48738220 -0.11582875 -0.04099482
v -0.48006576 -0.12298429 -0.04099482
v -0.46916229 -0.12298429 -0.03581643
v -0.46005234 -0.12298429 -0.03829008
v -0.45094243 -0.12055647 -0.04099482
v -0.45700336 -0.12298429 -0.04099482
v -0.44183245 -0.12248099 -0.04099482
v -0.43272254 -0.12287909 -0.04099482
v -0.42361256 -0.12254196 -0.04099482
v -0.47827226 -0.12461787 -0.04099482
v -0.46916229 -0.12693542 -0.04099482
v -0.46005234 -0.12570226 -0.04099482
v 0.15031421 0.13209426 -0.04684216
v 0.15942407 0.13573271 -0.05010474
v 0.15496433 0.13209426 -0.05010474
v 0.16853404 0.13514018 -0.05010474
v 0.17764401 0.13318467 -0.05010474
v 0.18675399 0.13209426 -0.04839516
v 0.17978776 0.13209426 -0.05010474
v 0.19586384 0.13209426 -0.04522181
v 0.15031421 0.12905550 -0.05010474
v 0.14496720 0.12298429 -0.05010474
v 0.18675399 0.13020372 -0.05010474
v 0.19586384 0.12641919 -0.05010474
v 0.20497382 0.12298429 -0.04644674
v 0.19941425 0.12298429 -0.05010474
v -0.47827226 0.11387438 -0.04329920
v -0.47827226 0.12023920 -0.05010474
v -0.48486623 0.11387438 -0.05010474
v -0.46916229 0.11387438 -0.04531759
v -0.46916229 0.11834592 -0.05010474
v -0.46391705 0.11387438 -0.05010474
v 0.14403844 0.11387438 -0.05010474
v 0.20497382 0.11387438 -0.04959172
v 0.20403111 0.11387438 -0.05010474
v -0.48738220 0.10476440 -0.04208976
v -0.48738220 0.11126590 -0.05010474
v -0.49409145 0.10476440 -0.05010474
v -0.46005234 0.11330032 -0.05010474
v -0.45094243 0.10956043 -0.05010474
v -0.44183245 0.10476440 -0.05000466
v -0.44514260 0.10476440 -0.05010474
v -0.43272254 0.11148828 -0.05010474
v -0.44011337 0.10476440 -0.05010474
v -0.42361256 0.10798448 -0.05010474
v -0.41450259 0.10476440 -0.04512036
v -0.42014989 0.10476440 -0.05010474
v -0.09565443 0.10476440 -0.04250026
v 0.14396799 0.10476440 -0.05010474
v 0.20497382 0.10476440 -0.04895782
v 0.20193505 0.10476440 -0.05010474
v -0.49589962 0.09565443 -0.05010474
v -0.44183245 0.10444796 -0.05010474
v -0.41450259 0.10364860 -0.05010474
v -0.40539271 0.10060173 -0.05010474
v -0.39628273 0.09872532 -0.05010474
v -0.38717276 0.09730005 -0.05010474
v -0.37806284 0.09565443 -0.04968917
v -0.38130498 0.09565443 -0.05010474
v -0.36895287 0.09565443 -0.04872811
v -0.35984290 0.09565443 -0.04746562
v -0.35073298 0.09565443 -0.04554236
v -0.34162301 0.09565443 -0.04605281
v -0.33251309 0.09565443 -0.04686201
v -0.32340318 0.09565443 -0.04730409
v -0.31429321 0.09565443 -0.04725981
v -0.30518323 0.09565443 -0.04668152
v -0.29607332 0.09565443 -0.04550201
v -0.28696334 0.09565443 -0.04517812
v -0.27785337 0.09565443 -0.04518509
v -0.26874346 0.09565443 -0.04523486
v -0.25963348 0.09565443 -0.04409981
v -0.25052351 0.09565443 -0.04348451
v -0.24141359 0.09565443 -0.04349220
v -0.23230368 0.09565443 -0.04338163
v -0.22319376 0.09565443 -0.04547274
v -0.21408379 0.09565443 -0.04776722
v -0.20497382 0.09565443 -0.04962146
v -0.19586390 0.09655380 -0.05010474
v -0.19961709 0.09565443 -0.05010474
v -0.18675393 0.09687513 -0.05010474
v -0.17764395 0.09606737 -0.05010474
v -0.16853404 0.09599096 -0.05010474
v -0.15942407 0.09604746 -0.05010474
v -0.15031409 0.09584796 -0.05010474
v -0.14120418 0.09565443 -0.04977602
v -0.14868343 0.09565443 -0.05010474
v -0.13209426 0.09565443 -0.04894763
v -0.12298429 0.09565443 -0.04898977
v -0.11387438 0.09565443 -0.04750323
v -0.10476440 0.09565443 -0.04876077
v -0.09565443 0.10192209 -0.05010474
v -0.10205853 0.09565443 -0.05010474
v -0.08654451 0.09565443 -0.04917282
v -0.08934540 0.09565443 -0.05010474
v -0.07743454 0.09565443 -0.04365200
v 0.14362240 0.09565443 -0.05010474
v 0.20497382 0.09565443 -0.04838169
v 0.19879282 0.09565443 -0.05010474
v 0.21408367 0.09565443 -0.04861599
v 0.22319365 0.09565443 -0.04697222
v -0.49595550 0.08654451 -0.05010474
v -0.37806284 0.09511822 -0.05010474
v -0.36895287 0.09334737 -0.05010474
v -0.35984290 0.09197676 -0.05010474
v -0.35073298 0.08972818 -0.05010474
v -0.34162301 0.08654451 -0.04908764
v -0.34492135 0.08654451 -0.05010474
v -0.33251309 0.08654451 -0.04935026
v -0.32340318 0.08654451 -0.04999608
v -0.31429321 0.09003383 -0.05010474
v -0.32250011 0.08654451 -0.05010474
v -0.30518323 0.08970076 -0.05010474
v -0.29607332 0.08926159 -0.05010474
v -0.28696334 0.08826178 -0.05010474
v -0.27785337 0.08763933 -0.05010474
v -0.26874346 0.08687687 -0.05010474
v -0.25963348 0.08808571 -0.05010474
v -0.25052351 0.08992618 -0.05010474
v -0.24141359 0.09063637 -0.05010474
v -0.23230368 0.09037143 -0.05010474
v -0.22319376 0.09092218 -0.05010474
v -0.21408379 0.09178948 -0.05010474
v -0.20497382 0.09448540 -0.05010474
v -0.14120418 0.09504914 -0.05010474
v -0.13209426 0.09367150 -0.05010474
v -0.12298429 0.09361452 -0.05010474
v -0.11387438 0.09172755 -0.05010474
v -0.10476440 0.08915192 -0.05010474
v -0.08654451 0.08817601 -0.05010474
v -0.07743454 0.08654451 -0.04944348
v -0.08434618 0.08654451 -0.05010474
v -0.06832457 0.08654451 -0.04836249
v -0.05921465 0.08654451 -0.04716164
v 0.14187467 0.08654451 -0.05010474
v 0.20497382 0.08654451 -0.04921824
v 0.19988787 0.08654451 -0.05010474
v 0.21408367 0.08654451 -0.04879904
v 0.22319365 0.08654451 -0.04535413
v -0.49578598 0.07743454 -0.05010474
v -0.34162301 0.08461499 -0.05010474
v -0.33251309 0.08406866 -0.05010474
v -0.32340318 0.08606368 -0.05010474
v -0.07743454 0.08484745 -0.05010474
v -0.06832457 0.07871187 -0.05010474
v -0.05921465 0.07743454 -0.04944193
v -0.06588018 0.07743454 -0.05010474
v -0.05010468 0.07743454 -0.04808247
v -0.04099476 0.07743454 -0.04263783
v 0.14120424 0.08005589 -0.05010474
v 0.13921082 0.07743454 -0.05010474
v 0.20497382 0.07743454 -0.04666990
v 0.20055485 0.07743454 -0.05010474
v -0.48738220 0.06832457 -0.04898167
v -0.48738220 0.06854993 -0.05010474
v -0.48719510 0.06832457 -0.05010474
v -0.05921465 0.07433164 -0.05010474
v -0.05010468 0.06832457 -0.04964799
v -0.05180126 0.06832457 -0.05010474
v -0.04099476 0.06832457 -0.04828078
v -0.03188485 0.06832457 -0.04570621
v 0.05921459 0.06832457 -0.04449189
v 0.13209426 0.06832457 -0.04734010
v 0.13348174 0.06832457 -0.05010474
v 0.20497382 0.07537031 -0.05010474
v 0.21408367 0.06832457 -0.04672778
v 0.21297014 0.06832457 -0.05010474
v 0.22319365 0.06832457 -0.04901505
v 0.23230362 0.06832457 -0.04446077
v 0.41450262 0.07325959 -0.05010474
v 0.40940762 0.06832457 -0.05010474
v 0.42361248 0.07465398 -0.05010474
v 0.43272245 0.07347405 -0.05010474
v 0.43961608 0.06832457 -0.05010474
v 0.46916234 0.06832457 -0.04910934
v 0.47827220 0.06832457 -0.04977971
v -0.48549858 0.05921465 -0.05010474
v -0.45094243 0.05921465 -0.04336929
v -0.45094243 0.06157124 -0.05010474
v -0.45222980 0.05921465 -0.05010474
v -0.44183245 0.05921465 -0.04917634
v -0.44183245 0.06021315 -0.05010474
v -0.43272254 0.05921465 -0.04776162
v -0.43272254 0.06124097 -0.05010474
v -0.42361256 0.05921465 -0.04987586
v -0.42361256 0.05954891 -0.05010474
v -0.41450259 0.05921465 -0.04943001
v -0.41450259 0.06048268 -0.05010474
v -0.40539271 0.05921465 -0.04969543
v -0.40539271 0.05977786 -0.05010474
v -0.40398616 0.05921465 -0.05010474
v -0.05010468 0.06557333 -0.05010474
v -0.04099476 0.05921465 -0.04854524
v -0.04541057 0.05921465 -0.05010474
v -0.03188485 0.05921465 -0.04815251
v -0.02277488 0.05921465 -0.04799503
v 0.05921459 0.05921465 -0.04649496
v 0.06832457 0.05921465 -0.04280996
v 0.13209426 0.05921465 -0.04862636
v 0.13440716 0.05921465 -0.05010474
v 0.21100903 0.05921465 -0.05010474
v 0.22319365 0.05921465 -0.04522306
v 0.23230362 0.05921465 -0.04336286
v 0.40539265 0.06394023 -0.05010474
v 0.40068913 0.05921465 -0.05010474
v 0.44183242 0.06351614 -0.05010474
v 0.45094240 0.05921465 -0.04978514
v 0.44611025 0.05921465 -0.05010474
v 0.46005237 0.05921465 -0.04984623
v 0.46916234 0.05921465 -0.04993230
v 0.47827220 0.06800669 -0.05010474
v 0.46921146 0.05921465 -0.05010474
v 0.48738217 0.05921465 -0.04799414
v 0.48673415 0.05921465 -0.05010474
v -0.47827226 0.05010468 -0.04409301
v -0.47827226 0.05129009 -0.05010474
v -0.46916229 0.05168295 -0.05010474
v -0.46005234 0.05181253 -0.05010474
v -0.39628273 0.05010468 -0.04607791
v -0.39628273 0.05439520 -0.05010474
v -0.38717276 0.05010468 -0.04708195
v -0.38717276 0.05458534 -0.05010474
v -0.37806284 0.05010468 -0.04772925
v -0.37806284 0.05373144 -0.05010474
v -0.36895287 0.05010468 -0.04804295
v -0.36895287 0.05305451 -0.05010474
v -0.35984290 0.05010468 -0.04824394
v -0.35984290 0.05318481 -0.05010474
v -0.35073298 0.05010468 -0.04856122
v -0.35073298 0.05334896 -0.05010474
v -0.34162301 0.05010468 -0.04882890
v -0.34162301 0.05439603 -0.05010474
v -0.33251309 0.05010468 -0.04897678
v -0.33251309 0.05362856 -0.05010474
v -0.32340318 0.05010468 -0.04930413
v -0.32340318 0.05223811 -0.05010474
v -0.31429321 0.05010468 -0.04980338
v -0.31429321 0.05076844 -0.05010474
v -0.31074184 0.05010468 -0.05010474
v -0.04099476 0.05572641 -0.05010474
v -0.03188485 0.05010468 -0.04823059
v -0.03561664 0.05010468 -0.05010474
v -0.02277488 0.05010468 -0.04626244
v -0.01366490 0.05010468 -0.04752856
v 0.01366490 0.05010468 -0.04344332
v 0.05921459 0.05010468 -0.04839861
v 0.06832457 0.05010468 -0.04759336
v 0.07743454 0.05010468 -0.04190344
v 0.13209426 0.05010468 -0.04813880
v 0.13911176 0.05010468 -0.05010474
v 0.21408367 0.05010468 -0.04961753
v 0.21280837 0.05010468 -0.05010474
v 0.22319365 0.05010468 -0.04841465
v 0.23230362 0.05010468 -0.04533887
v 0.39628267 0.05582929 -0.05010474
v 0.39069009 0.05010468 -0.05010474
v 0.45094240 0.05798548 -0.05010474
v 0.46005237 0.05890143 -0.05010474
v 0.46916234 0.05010468 -0.04941964
v 0.46768284 0.05010468 -0.05010474
v 0.46942449 0.05010468 -0.05010474
v 0.48738217 0.05591339 -0.05010474
v 0.49649215 0.05010468 -0.04651308
v 0.49296105 0.05010468 -0.05010474
v -0.31429321 0.04099476 -0.04194635
v -0.30518323 0.04099476 -0.04270458
v -0.30518323 0.04895276 -0.05010474
v -0.29607332 0.04099476 -0.04265302
v -0.29607332 0.04753572 -0.05010474
v -0.28696334 0.04099476 -0.04279101
v -0.28696334 0.04601228 -0.05010474
v -0.27785337 0.04099476 -0.04549950
v -0.27785337 0.04460549 -0.05010474
v -0.26874346 0.04099476 -0.04752898
v -0.26874346 0.04305804 -0.05010474
v -0.25963348 0.04099476 -0.04943776
v -0.25963348 0.04151827 -0.05010474
v -0.25658327 0.04099476 -0.05010474
v -0.03188485 0.04332834 -0.05010474
v -0.02277488 0.04099476 -0.04739714
v -0.02975589 0.04099476 -0.05010474
v -0.01366490 0.04099476 -0.04403543
v -0.00455499 0.04099476 -0.04444849
v 0.00455493 0.04099476 -0.04320687
v 0.01366490 0.04099476 -0.04790884
v 0.05010474 0.04099476 -0.04766899
v 0.05921459 0.04354453 -0.05010474
v 0.05602747 0.04099476 -0.05010474
v 0.06832457 0.04252851 -0.05010474
v 0.07743454 0.04099476 -0.04594111
v 0.06964433 0.04099476 -0.05010474
v 0.13209426 0.04099476 -0.04696405
v 0.13500500 0.04099476 -0.05010474
v 0.21408367 0.04944950 -0.05010474
v 0.22319365 0.04099476 -0.05005974
v 0.22288561 0.04099476 -0.05010474
v 0.23230362 0.04099476 -0.04973036
v 0.24141359 0.04099476 -0.04643595
v 0.25963354 0.04099476 -0.04185051
v 0.37806284 0.04099476 -0.04697388
v 0.38717282 0.04099476 -0.04828095
v 0.38766956 0.04099476 -0.05010474
v 0.46916234 0.04844004 -0.05010474
v 0.49649215 0.04099476 -0.04944223
v 0.49577773 0.04099476 -0.05010474
v -0.25052351 0.03907859 -0.05010474
v -0.24141359 0.03685564 -0.05010474
v -0.23230368 0.03532058 -0.05010474
v -0.22319376 0.03188485 -0.04407150
v -0.22319376 0.03376883 -0.05010474
v -0.21408379 0.03188485 -0.04816753
v -0.21408379 0.03245991 -0.05010474
v -0.20856798 0.03188485 -0.05010474
v -0.03188485 0.03188485 -0.05001122
v -0.03188485 0.03355646 -0.05010474
v -0.03307039 0.03188485 -0.05010474
v -0.02277488 0.03188485 -0.04916137
v -0.01366490 0.03188485 -0.04692370
v 0.01366490 0.03188485 -0.04197592
v 0.05010474 0.03286624 -0.05010474
v 0.04962313 0.03188485 -0.05010474
v 0.06832457 0.03188485 -0.04927629
v 0.06832457 0.03801852 -0.05010474
v 0.06351876 0.03188485 -0.05010474
v 0.07743454 0.03188485 -0.04583347
v 0.08654451 0.03188485 -0.04337746
v 0.13209426 0.03188485 -0.04885179
v 0.13366377 0.03188485 -0.05010474
v 0.22319365 0.03188485 -0.04917651
v 0.21694481 0.03188485 -0.05010474
v 0.23230362 0.03188485 -0.04851073
v 0.24141359 0.03188485 -0.04149354
v 0.25052357 0.03188485 -0.04575145
v 0.37806284 0.03188485 -0.04822510
v 0.38717282 0.03188485 -0.04646611
v 0.38784337 0.03188485 -0.05010474
v 0.49649215 0.03188485 -0.04945290
v 0.49568665 0.03188485 -0.05010474
v -0.20497382 0.03060490 -0.05010474
v -0.19586390 0.02760351 -0.05010474
v -0.18675393 0.02601385 -0.05010474
v -0.17764395 0.02507377 -0.05010474
v -0.16853404 0.02277488 -0.04520625
v -0.16853404 0.02452028 -0.05010474
v -0.15942407 0.02277488 -0.04824644
v -0.15942407 0.02378702 -0.05010474
v -0.15031409 0.02277488 -0.04989851
v -0.15031409 0.02293378 -0.05010474
v -0.14923912 0.02277488 -0.05010474
v -0.04099476 0.02277488 -0.04997647
v -0.04099476 0.02420020 -0.05010474
v -0.04208809 0.02277488 -0.05010474
v -0.03188485 0.02277488 -0.04948145
v -0.02277488 0.02277488 -0.04892868
v -0.01366490 0.02277488 -0.04833627
v -0.00455499 0.02277488 -0.04685163
v 0.00455493 0.02277488 -0.04255182
v 0.04622149 0.02277488 -0.05010474
v 0.06832457 0.02277488 -0.04659039
v 0.06339008 0.02277488 -0.05010474
v 0.07743454 0.02277488 -0.04882973
v 0.08654451 0.02277488 -0.04867417
v 0.09565449 0.02277488 -0.04700452
v 0.10476446 0.02277488 -0.04706496
v 0.13209426 0.03103012 -0.05010474
v 0.12676346 0.02277488 -0.05010474
v 0.22319365 0.02384323 -0.05010474
v 0.23230362 0.02277488 -0.04879916
v 0.22418976 0.02277488 -0.05010474
v 0.24141359 0.02277488 -0.04156429
v 0.37806284 0.02277488 -0.04772520
v 0.38841808 0.02277488 -0.05010474
v 0.49418640 0.02277488 -0.05010474
v -0.14120418 0.02032793 -0.05010474
v -0.13209426 0.01871228 -0.05010474
v -0.12298429 0.01766551 -0.05010474
v -0.11387438 0.01736635 -0.05010474
v -0.10476440 0.01366490 -0.04438221
v -0.10476440 0.01699221 -0.05010474
v -0.09565443 0.01366490 -0.04635984
v -0.09565443 0.01675045 -0.05010474
v -0.08654451 0.01366490 -0.04656672
v -0.08654451 0.01672232 -0.05010474
v -0.07743454 0.01366490 -0.04649818
v -0.07743454 0.01691604 -0.05010474
v -0.06832457 0.01366490 -0.04626656
v -0.06832457 0.01732206 -0.05010474
v -0.05921465 0.01366490 -0.04691458
v -0.05921465 0.01813143 -0.05010474
v -0.05010468 0.01366490 -0.04690516
v -0.05010468 0.01983392 -0.05010474
v -0.04099476 0.01366490 -0.04675287
v -0.03188485 0.01366490 -0.04776865
v -0.02277488 0.01366490 -0.04785949
v -0.01366490 0.01366490 -0.04780370
v -0.00455499 0.01366490 -0.04726356
v 0.00455493 0.01366490 -0.04668206
v 0.01366490 0.01366490 -0.04447836
v 0.02277488 0.01366490 -0.04189479
v 0.04099482 0.01366490 -0.04179215
v 0.04506612 0.01366490 -0.05010474
v 0.06832457 0.01366490 -0.04583454
v 0.06526196 0.01366490 -0.05010474
v 0.07743454 0.01825368 -0.05010474
v 0.07428640 0.01366490 -0.05010474
v 0.08654451 0.01837784 -0.05010474
v 0.09565449 0.01366490 -0.04826581
v 0.09015101 0.01366490 -0.05010474
v 0.10476446 0.01366490 -0.04831052
v 0.11387432 0.01366490 -0.04655719
v 0.12298429 0.01366490 -0.04114717
v 0.12553185 0.01366490 -0.05010474
v 0.23230362 0.01366490 -0.05004120
v 0.23216939 0.01366490 -0.05010474
v 0.24141359 0.01366490 -0.04909432
v 0.39101815 0.01366490 -0.05010474
v 0.46916234 0.01366490 -0.04895109
v 0.46916234 0.01606739 -0.05010474
v 0.46838665 0.01366490 -0.05010474
v 0.47054636 0.01366490 -0.05010474
v 0.48738217 0.01366490 -0.04769623
v 0.48738217 0.01580703 -0.05010474
v 0.48443055 0.01366490 -0.05010474
v -0.05010468 0.00455499 -0.04187083
v -0.04099476 0.00455499 -0.04432553
v -0.03188485 0.00455499 -0.04559124
v -0.02277488 0.00455499 -0.04593199
v -0.01366490 0.00455499 -0.04607409
v -0.00455499 0.00455499 -0.04483783
v 0.00455493 0.00455499 -0.04275167
v 0.04099482 0.00455499 -0.04101419
v 0.04564577 0.00455499 -0.05010474
v 0.06832457 0.00455499 -0.04803175
v 0.06495947 0.00455499 -0.05010474
v 0.07458484 0.00455499 -0.05010474
v 0.09565449 0.00455499 -0.04807824
v 0.08821452 0.00455499 -0.05010474
v 0.10476446 0.00455499 -0.04822218
v 0.11387432 0.00455499 -0.04347652
v 0.12520266 0.00455499 -0.05010474
v 0.22319365 0.00455499 -0.04966116
v 0.22319365 0.00523406 -0.05010474
v 0.22013605 0.00455499 -0.05010474
v 0.23230362 0.00455499 -0.04864436
v 0.24141359 0.00455499 -0.04662263
v 0.25052357 0.00455499 -0.04289436
v 0.39628267 0.00800800 -0.05010474
v 0.40345502 0.00455499 -0.05010474
v 0.46916234 0.00455499 -0.04107857
v 0.46500480 0.00455499 -0.05010474
v 0.47146869 0.00455499 -0.05010474
v 0.48503983 0.00455499 -0.05010474
v -0.08654451 -0.00455493 -0.04155535
v -0.07743454 -0.00455493 -0.04368716
v -0.06832457 -0.00455493 -0.04511517
v -0.05921465 -0.00455493 -0.04602504
v -0.05010468 -0.00455493 -0.04654723
v -0.04099476 -0.00455493 -0.04707646
v -0.03188485 -0.00455493 -0.04628682
v -0.02277488 -0.00455493 -0.04516155
v -0.01366490 -0.00455493 -0.04474992
v -0.00455499 -0.00455493 -0.04286516
v 0.00455493 -0.00455493 -0.04163998
v 0.01366490 -0.00455493 -0.04188651
v 0.04099482 -0.00455493 -0.04124463
v 0.04742670 -0.00455493 -0.05010474
v 0.06832457 -0.00455493 -0.04995614
v 0.06743610 -0.00455493 -0.05010474
v 0.07743454 -0.00455493 -0.04913247
v 0.07743454 0.00076431 -0.05010474
v 0.08654451 -0.00455493 -0.04898632
v 0.08654451 0.00127691 -0.05010474
v 0.09565449 -0.00455493 -0.04734439
v 0.10476446 -0.00455493 -0.04689020
v 0.12523150 -0.00455493 -0.05010474
v 0.21408367 -0.00455493 -0.04974425
v 0.21408367 -0.00065130 -0.05010474
v 0.21235311 -0.00455493 -0.05010474
v 0.22319365 -0.00455493 -0.04954046
v 0.23230362 -0.00455493 -0.04811472
v 0.24141359 -0.00455493 -0.04911453
v 0.25052357 -0.00455493 -0.04962033
v 0.25963354 -0.00455493 -0.04680526
v 0.40539265 0.00293607 -0.05010474
v 0.41450262 -0.00455493 -0.04929292
v 0.41450262 -0.00368935 -0.05010474
v 0.41849339 -0.00455493 -0.05010474
v 0.44183242 -0.00455493 -0.04922903
v 0.44183242 -0.00393409 -0.05010474
v 0.44083333 -0.00455493 -0.05010474
v 0.45094240 -0.00455493 -0.04543054
v 0.45094240 -0.00002044 -0.05010474
v 0.46005237 -0.00051308 -0.05010474
v 0.47827220 -0.00455493 -0.04824013
v 0.47827220 -0.00256914 -0.05010474
v -0.10476440 -0.01366490 -0.04554528
v -0.09565443 -0.01366490 -0.04801548
v -0.08654451 -0.01366490 -0.04845047
v -0.07743454 -0.01366490 -0.04897505
v -0.06832457 -0.01366490 -0.04927105
v -0.05921465 -0.01342314 -0.05010474
v -0.05976272 -0.01366490 -0.05010474
v -0.05010468 -0.01128489 -0.05010474
v -0.04099476 -0.01212561 -0.05010474
v -0.03188485 -0.01366490 -0.04947406
v -0.03783137 -0.01366490 -0.05010474
v -0.02277488 -0.01366490 -0.04833490
v -0.01366490 -0.01366490 -0.04691488
v -0.00455499 -0.01366490 -0.04694194
v 0.00455493 -0.01366490 -0.04675859
v 0.01366490 -0.01366490 -0.04642451
v 0.02277488 -0.01366490 -0.04678273
v 0.04989576 -0.01366490 -0.05010474
v 0.06832457 -0.00734925 -0.05010474
v 0.07743454 -0.01366490 -0.04731923
v 0.06978369 -0.01366490 -0.05010474
v 0.08654451 -0.01366490 -0.04598820
v 0.09565449 -0.01366490 -0.04364145
v 0.12298429 -0.01366490 -0.04813093
v 0.12405097 -0.01366490 -0.05010474
v 0.21408367 -0.00523287 -0.05010474
v 0.22319365 -0.00967044 -0.05010474
v 0.23230362 -0.01366490 -0.04947329
v 0.22698581 -0.01366490 -0.05010474
v 0.24141359 -0.01366490 -0.04987961
v 0.25052357 -0.01366490 -0.04955155
v 0.25963354 -0.01366490 -0.04627365
v 0.42361248 -0.01366490 -0.04276550
v 0.42361248 -0.00710332 -0.05010474
v 0.43272245 -0.01366490 -0.04615104
v 0.43272245 -0.01000363 -0.05010474
v 0.45094240 -0.01366490 -0.04474556
v -0.15031409 -0.02277488 -0.04316747
v -0.14120418 -0.02277488 -0.04573393
v -0.13209426 -0.02277488 -0.04742557
v -0.12298429 -0.02277488 -0.04860485
v -0.11387438 -0.02277488 -0.04936320
v -0.10476440 -0.02277488 -0.04998267
v -0.09565443 -0.02277488 -0.04985315
v -0.08654451 -0.02277488 -0.04903156
v -0.07743454 -0.02277488 -0.04857874
v -0.06832457 -0.02277488 -0.04854482
v -0.05921465 -0.02277488 -0.04751569
v -0.05921465 -0.01392841 -0.05010474
v -0.05010468 -0.02277488 -0.04736179
v -0.05010468 -0.01599491 -0.05010474
v -0.04099476 -0.02277488 -0.04856610
v -0.04099476 -0.01534796 -0.05010474
v -0.03188485 -0.02277488 -0.04802650
v -0.02277488 -0.02277488 -0.04744083
v -0.01366490 -0.02277488 -0.04622304
v -0.00455499 -0.02277488 -0.04403603
v 0.05010474 -0.02277488 -0.04595381
v 0.05010474 -0.01403445 -0.05010474
v 0.05528682 -0.02277488 -0.05010474
v 0.06832457 -0.02277488 -0.04903102
v 0.06832457 -0.01591784 -0.05010474
v 0.06416810 -0.02277488 -0.05010474
v 0.07743454 -0.02277488 -0.04577953
v 0.08654451 -0.02277488 -0.04526293
v 0.09565449 -0.02277488 -0.04300392
v 0.12566572 -0.02277488 -0.05010474
v 0.21408367 -0.02277488 -0.04966199
v 0.21408367 -0.02201748 -0.05010474
v 0.21349227 -0.02277488 -0.05010474
v 0.22319365 -0.02277488 -0.04952866
v 0.22319365 -0.01756269 -0.05010474
v 0.23230362 -0.02277488 -0.04835266
v 0.24141359 -0.02277488 -0.04916513
v 0.25052357 -0.02277488 -0.04759610
v 0.25963354 -0.02277488 -0.04526919
v -0.20497382 -0.03188485 -0.04180986
v -0.19586390 -0.03188485 -0.04477906
v -0.18675393 -0.03188485 -0.04710072
v -0.17764395 -0.03188485 -0.04950345
v -0.16853404 -0.03105336 -0.05010474
v -0.17368919 -0.03188485 -0.05010474
v -0.15942407 -0.02970582 -0.05010474
v -0.15031409 -0.02837563 -0.05010474
v -0.14120418 -0.02793878 -0.05010474
v -0.13209426 -0.02690715 -0.05010474
v -0.12298429 -0.02550226 -0.05010474
v -0.11387438 -0.02407479 -0.05010474
v -0.10476440 -0.02302200 -0.05010474
v -0.09565443 -0.02469331 -0.05010474
v -0.08654451 -0.02534723 -0.05010474
v -0.07743454 -0.02486116 -0.05010474
v -0.06832457 -0.02455413 -0.05010474
v -0.05921465 -0.02599120 -0.05010474
v -0.05010468 -0.02719206 -0.05010474
v -0.04099476 -0.02892709 -0.05010474
v -0.03188485 -0.03188485 -0.04988497
v -0.03432834 -0.03188485 -0.05010474
v -0.02277488 -0.03188485 -0.04881978
v -0.01366490 -0.03188485 -0.04677123
v -0.00455499 -0.03188485 -0.04438752
v 0.05632252 -0.03188485 -0.05010474
v 0.06832457 -0.03188485 -0.04860580
v 0.06367362 -0.03188485 -0.05010474
v 0.07743454 -0.03188485 -0.04505014
v 0.08654451 -0.03188485 -0.04286557
v 0.12495697 -0.03188485 -0.05010474
v 0.21408367 -0.02454877 -0.05010474
v 0.22319365 -0.03188485 -0.04462069
v 0.22088635 -0.03188485 -0.05010474
v 0.23230362 -0.03188485 -0.04876965
v 0.24141359 -0.03188485 -0.04670393
v -0.24141359 -0.04099482 -0.04589075
v -0.23230368 -0.04099482 -0.04988831
v -0.22319376 -0.03787243 -0.05010474
v -0.23176849 -0.04099482 -0.05010474
v -0.21408379 -0.03633511 -0.05010474
v -0.20497382 -0.03571719 -0.05010474
v -0.19586390 -0.03440267 -0.05010474
v -0.18675393 -0.03339624 -0.05010474
v -0.17764395 -0.03221327 -0.05010474
v -0.03188485 -0.03594983 -0.05010474
v -0.02277488 -0.04099482 -0.04738957
v -0.03055197 -0.04099482 -0.05010474
v -0.01366490 -0.04099482 -0.04595256
v -0.00455499 -0.04099482 -0.04287273
v 0.05912429 -0.04099482 -0.05010474
v 0.06832457 -0.04099482 -0.04846299
v 0.05937964 -0.04099482 -0.05010474
v 0.07743454 -0.04099482 -0.04506320
v 0.12428117 -0.04099482 -0.05010474
v 0.22319365 -0.04099482 -0.04830408
v 0.22278833 -0.04099482 -0.05010474
v 0.23230362 -0.04099482 -0.04921991
v 0.24141359 -0.04099482 -0.04552943
v -0.28696334 -0.05010474 -0.04370958
v -0.27785337 -0.05010474 -0.04555821
v -0.26874346 -0.05010474 -0.04711610
v -0.25963348 -0.05010474 -0.04882860
v -0.25052351 -0.04781097 -0.05010474
v -0.25431949 -0.05010474 -0.05010474
v -0.24141359 -0.04380393 -0.05010474
v -0.23230368 -0.04112244 -0.05010474
v -0.03188485 -0.05010474 -0.04659098
v -0.03188485 -0.04228121 -0.05010474
v -0.04055089 -0.05010474 -0.05010474
v -0.02277488 -0.05010474 -0.04516196
v -0.01366490 -0.05010474 -0.04566824
v 0.05921459 -0.05010474 -0.04413569
v 0.05921459 -0.04109538 -0.05010474
v 0.06832457 -0.05010474 -0.04689610
v 0.13209426 -0.05010474 -0.04144561
v 0.12741870 -0.05010474 -0.05010474
v 0.21659172 -0.05010474 -0.05010474
v -0.31429321 -0.05921459 -0.04292941
v -0.30518323 -0.05921459 -0.04603541
v -0.29607332 -0.05921459 -0.04759419
v -0.28696334 -0.05921459 -0.04868585
v -0.27785337 -0.05921459 -0.04976583
v -0.26874346 -0.05699146 -0.05010474
v -0.27443063 -0.05921459 -0.05010474
v -0.25963348 -0.05298817 -0.05010474
v -0.05010468 -0.05921459 -0.04927582
v -0.05010468 -0.05609858 -0.05010474
v -0.05379611 -0.05921459 -0.05010474
v -0.04099476 -0.05921459 -0.04645389
v -0.04099476 -0.05051351 -0.05010474
v -0.03188485 -0.05921459 -0.04571569
v -0.02277488 -0.05921459 -0.04178292
v 0.06832457 -0.05921459 -0.04388714
v 0.13209426 -0.05546427 -0.05010474
v 0.13318431 -0.05921459 -0.05010474
v 0.21408367 -0.05921459 -0.04715240
v 0.21408367 -0.05264550 -0.05010474
v 0.21129787 -0.05921459 -0.05010474
v 0.22319365 -0.05921459 -0.04875642
v 0.23230362 -0.05921459 -0.04837352
v -0.38717276 -0.06832457 -0.04209042
v -0.37806284 -0.06832457 -0.04412204
v -0.36895287 -0.06832457 -0.04523063
v -0.35984290 -0.06832457 -0.04608124
v -0.35073298 -0.06832457 -0.04657131
v -0.34162301 -0.06832457 -0.04667312
v -0.33251309 -0.06832457 -0.04711300
v -0.32340318 -0.06832457 -0.04749775
v -0.31429321 -0.06832457 -0.04779315
v -0.30518323 -0.06832457 -0.04846537
v -0.29607332 -0.06832457 -0.04920536
v -0.28696334 -0.06832457 -0.04989505
v -0.27785337 -0.06227154 -0.05010474
v -0.28457284 -0.06832457 -0.05010474
v -0.06832457 -0.06832457 -0.05001879
v -0.06832457 -0.06804132 -0.05010474
v -0.06858790 -0.06832457 -0.05010474
v -0.05921465 -0.06832457 -0.04977131
v -0.05921465 -0.06546670 -0.05010474
v -0.05010468 -0.06832457 -0.04888457
v -0.04099476 -0.06832457 -0.04666817
v -0.03188485 -0.06832457 -0.04149759
v 0.13818288 -0.06832457 -0.05010474
v 0.20497382 -0.06832457 -0.04919541
v 0.20497382 -0.06629038 -0.05010474
v 0.20264602 -0.06832457 -0.05010474
v 0.21408367 -0.06832457 -0.04936808
v 0.22319365 -0.06832457 -0.04842275
v -0.47827226 -0.07048947 -0.05010474
v -0.48506066 -0.07743454 -0.05010474
v -0.46916229 -0.07090330 -0.05010474
v -0.46005234 -0.07249165 -0.05010474
v -0.45094243 -0.07743454 -0.04993236
v -0.45320237 -0.07743454 -0.05010474
v -0.44183245 -0.07679993 -0.05010474
v -0.44329914 -0.07743454 -0.05010474
v -0.43272254 -0.07743454 -0.04995376
v -0.44089025 -0.07743454 -0.05010474
v -0.42361256 -0.07743454 -0.04766440
v -0.41450259 -0.07743454 -0.04742670
v -0.40539271 -0.07743454 -0.04652077
v -0.39628273 -0.07743454 -0.04541314
v -0.38717276 -0.07743454 -0.04593003
v -0.37806284 -0.07743454 -0.04686075
v -0.36895287 -0.07743454 -0.04761142
v -0.35984290 -0.07743454 -0.04764295
v -0.35073298 -0.07743454 -0.04760456
v -0.34162301 -0.07743454 -0.04731762
v -0.33251309 -0.07743454 -0.04766750
v -0.32340318 -0.07743454 -0.04808414
v -0.31429321 -0.07743454 -0.04837227
v -0.30518323 -0.07743454 -0.04888511
v -0.29607332 -0.07743454 -0.04961795
v -0.28696334 -0.07362324 -0.05010474
v -0.28927755 -0.07743454 -0.05010474
v -0.11387438 -0.07743454 -0.04985595
v -0.11387438 -0.07532960 -0.05010474
v -0.11727607 -0.07743454 -0.05010474
v -0.10476440 -0.07743454 -0.04969168
v -0.10476440 -0.07293147 -0.05010474
v -0.10255349 -0.07743454 -0.05010474
v -0.08654451 -0.07743454 -0.04990613
v -0.08654451 -0.07691836 -0.05010474
v -0.08902204 -0.07743454 -0.05010474
v -0.07743454 -0.07743454 -0.04981601
v -0.07743454 -0.07526094 -0.05010474
v -0.06832457 -0.07743454 -0.04902512
v -0.05921465 -0.07743454 -0.04837513
v -0.05010468 -0.07743454 -0.04637390
v 0.14120424 -0.07743454 -0.04508114
v 0.14120424 -0.07357895 -0.05010474
v 0.14160585 -0.07743454 -0.05010474
v 0.19586384 -0.07743454 -0.04939985
v 0.19586384 -0.07576281 -0.05010474
v 0.19526637 -0.07743454 -0.05010474
v -0.48725957 -0.08654451 -0.05010474
v -0.45094243 -0.07800788 -0.05010474
v -0.43272254 -0.07814932 -0.05010474
v -0.42361256 -0.08654451 -0.04955220
v -0.42464352 -0.08654451 -0.05010474
v -0.41450259 -0.08654451 -0.04884934
v -0.40539271 -0.08654451 -0.04771990
v -0.39628273 -0.08654451 -0.04708588
v -0.38717276 -0.08654451 -0.04702210
v -0.37806284 -0.08654451 -0.04784900
v -0.36895287 -0.08654451 -0.04827464
v -0.35984290 -0.08654451 -0.04745358
v -0.35073298 -0.08654451 -0.04712635
v -0.34162301 -0.08654451 -0.04698259
v -0.33251309 -0.08654451 -0.04661876
v -0.32340318 -0.08654451 -0.04733360
v -0.31429321 -0.08654451 -0.04810196
v -0.30518323 -0.08654451 -0.04843634
v -0.29607332 -0.08654451 -0.04854989
v -0.28696334 -0.08654451 -0.04897088
v -0.28696334 -0.07879817 -0.05010474
v -0.27785337 -0.08654451 -0.04881853
v -0.27785337 -0.08060193 -0.05010474
v -0.26874346 -0.08654451 -0.04847604
v -0.26874346 -0.08085084 -0.05010474
v -0.25963348 -0.08654451 -0.04839474
v -0.25963348 -0.08080149 -0.05010474
v -0.25052351 -0.08654451 -0.04892170
v -0.25052351 -0.08261198 -0.05010474
v -0.24395853 -0.08654451 -0.05010474
v -0.18675393 -0.08654451 -0.04710406
v -0.18675393 -0.08383411 -0.05010474
v -0.19441551 -0.08654451 -0.05010474
v -0.17764395 -0.08654451 -0.04503405
v -0.17764395 -0.08222234 -0.05010474
v -0.16853404 -0.08654451 -0.04591739
v -0.16853404 -0.08189851 -0.05010474
v -0.15942407 -0.08654451 -0.04440856
v -0.15942407 -0.08154374 -0.05010474
v -0.15031409 -0.08654451 -0.04309142
v -0.15031409 -0.08086109 -0.05010474
v -0.14120418 -0.08654451 -0.04481262
v -0.14120418 -0.07894272 -0.05010474
v -0.13209426 -0.08654451 -0.04574907
v -0.13209426 -0.07855362 -0.05010474
v -0.12298429 -0.08654451 -0.04590702
v -0.12298429 -0.07925117 -0.05010474
v -0.11387438 -0.08654451 -0.04630560
v -0.10476440 -0.08654451 -0.04734033
v -0.09565443 -0.08654451 -0.04778701
v -0.09565443 -0.08369231 -0.05010474
v -0.08654451 -0.08654451 -0.04534107
v -0.07743454 -0.08654451 -0.04849577
v -0.06832457 -0.08654451 -0.04586637
v 0.14255989 -0.08654451 -0.05010474
v 0.18675399 -0.08654451 -0.04893345
v 0.18675399 -0.08572745 -0.05010474
v 0.18539846 -0.08654451 -0.05010474
v -0.48738220 -0.08738470 -0.05010474
v -0.49403435 -0.09565449 -0.05010474
v -0.42361256 -0.09565449 -0.04957199
v -0.42419201 -0.09565449 -0.05010474
v -0.41450259 -0.09565449 -0.04857874
v -0.40539271 -0.09565449 -0.04724884
v -0.39628273 -0.09565449 -0.04583895
v -0.38717276 -0.09565449 -0.04570055
v -0.37806284 -0.09565449 -0.04628783
v -0.36895287 -0.09565449 -0.04572892
v -0.35984290 -0.09565449 -0.04508585
v -0.35073298 -0.09565449 -0.04337811
v -0.32340318 -0.09565449 -0.04187709
v -0.31429321 -0.09565449 -0.04419875
v -0.30518323 -0.09565449 -0.04416454
v -0.29607332 -0.09565449 -0.04391223
v -0.28696334 -0.09565449 -0.04528838
v -0.27785337 -0.09565449 -0.04333919
v -0.26874346 -0.09565449 -0.04259515
v -0.25963348 -0.09565449 -0.04356611
v -0.25052351 -0.09565449 -0.04330635
v -0.24141359 -0.09565449 -0.04223692
v -0.24141359 -0.08786738 -0.05010474
v -0.23230368 -0.08956003 -0.05010474
v -0.22319376 -0.08989120 -0.05010474
v -0.21408379 -0.09013712 -0.05010474
v -0.20497382 -0.08996445 -0.05010474
v -0.19586390 -0.08730298 -0.05010474
v 0.15031421 -0.09565449 -0.04386836
v 0.14533782 -0.09565449 -0.05010474
v 0.15942407 -0.09565449 -0.04931372
v 0.16853404 -0.09565449 -0.04567379
v 0.16853404 -0.09385508 -0.05010474
v 0.16002786 -0.09565449 -0.05010474
v 0.17764401 -0.09565449 -0.04525405
v 0.17764401 -0.09416997 -0.05010474
v -0.49471214 -0.10476446 -0.05010474
v -0.42361256 -0.10476446 -0.04979622
v -0.42440888 -0.10476446 -0.05010474
v -0.41450259 -0.10476446 -0.04763424
v -0.40539271 -0.10476446 -0.04390991
v 0.15031421 -0.10068327 -0.05010474
v 0.15942407 -0.09610522 -0.05010474
v 0.16853404 -0.10476446 -0.04153574
v 0.17764401 -0.10476446 -0.04320168
v -0.49393284 -0.11387432 -0.05010474
v -0.44183245 -0.11387432 -0.04944265
v -0.44183245 -0.10779852 -0.05010474
v -0.44434702 -0.11387432 -0.05010474
v -0.43272254 -0.11387432 -0.05002075
v -0.43272254 -0.11321771 -0.05010474
v -0.42361256 -0.11387432 -0.04966408
v -0.48738220 -0.12019753 -0.05010474
v -0.48590282 -0.12298429 -0.05010474
v -0.46005234 -0.12298429 -0.04636222
v -0.46005234 -0.12271196 -0.05010474
v -0.46109027 -0.12298429 -0.05010474
v -0.45094243 -0.12032831 -0.05010474
v -0.47827226 -0.13049400 -0.05010474
v -0.46916229 -0.12934691 -0.05010474
v 0.15942407 0.13209426 -0.05378324
v 0.16853404 0.13209426 -0.05323404
v 0.17764401 0.13209426 -0.05122226
v 0.15031421 0.12298429 -0.05558950
v 0.15942407 0.12298429 -0.05834615
v 0.16853404 0.12298429 -0.05862254
v 0.17764401 0.12298429 -0.05690151
v 0.18675399 0.12298429 -0.05638319
v 0.19586384 0.12298429 -0.05347210
v -0.47827226 0.12276876 -0.05921459
v -0.48713925 0.11387438 -0.05921459
v -0.46916229 0.12205058 -0.05921459
v -0.46005234 0.11387438 -0.05275369
v -0.46005234 0.11965418 -0.05921459
v -0.45427814 0.11387438 -0.05921459
v 0.15031421 0.11387438 -0.05723912
v 0.15942407 0.11670852 -0.05921459
v 0.15709925 0.11387438 -0.05921459
v 0.16853404 0.11858279 -0.05921459
v 0.17764401 0.11401713 -0.05921459
v 0.18675399 0.11387438 -0.05838275
v 0.17787218 0.11387438 -0.05921459
v 0.19586384 0.11387438 -0.05715674
v -0.48738220 0.11357802 -0.05921459
v -0.49542645 0.10476440 -0.05921459
v -0.45094243 0.11242503 -0.05921459
v -0.44321409 0.10476440 -0.05921459
v -0.43272254 0.10533887 -0.05921459
v -0.43331853 0.10476440 -0.05921459
v -0.42361256 0.10476440 -0.05338353
v -0.43213433 0.10476440 -0.05921459
v 0.15031421 0.10476440 -0.05823451
v 0.15824509 0.10476440 -0.05921459
v 0.16853404 0.10476440 -0.05843055
v 0.16853404 0.10902727 -0.05921459
v 0.16098928 0.10476440 -0.05921459
v 0.17764401 0.10476440 -0.05797714
v 0.17764401 0.11372530 -0.05921459
v 0.18675399 0.10476440 -0.05496615
v 0.19586384 0.10476440 -0.05477375
v -0.49566767 0.09565443 -0.05921459
v -0.44183245 0.10138732 -0.05921459
v -0.42361256 0.10215348 -0.05921459
v -0.41450259 0.09565443 -0.05845481
v -0.41626692 0.09565443 -0.05921459
v -0.40539271 0.09565443 -0.05513585
v -0.39628273 0.09565443 -0.05310887
v -0.38717276 0.09565443 -0.05171102
v -0.19586390 0.09565443 -0.05101609
v -0.18675393 0.09565443 -0.05136353
v -0.17764395 0.09565443 -0.05052757
v -0.16853404 0.09565443 -0.05044419
v -0.15942407 0.09565443 -0.05049866
v -0.15031409 0.09565443 -0.05029786
v -0.09565443 0.09565443 -0.05637199
v 0.15031421 0.10075134 -0.05921459
v 0.14807081 0.09565443 -0.05921459
v 0.16853404 0.09565443 -0.05901849
v 0.15959585 0.09565443 -0.05921459
v 0.17764401 0.10049617 -0.05921459
v 0.17250729 0.09565443 -0.05921459
v 0.18675399 0.09565443 -0.05879974
v 0.18110490 0.09565443 -0.05921459
v 0.19586384 0.09565443 -0.05208361
v -0.49569485 0.08654451 -0.05921459
v -0.41450259 0.09161508 -0.05921459
v -0.40539271 0.08654451 -0.05783004
v -0.40970618 0.08654451 -0.05921459
v -0.39628273 0.08654451 -0.05699039
v -0.38717276 0.08654451 -0.05659777
v -0.37806284 0.08654451 -0.05636388
v -0.36895287 0.08654451 -0.05504239
v -0.35984290 0.08654451 -0.05453098
v -0.35073298 0.08654451 -0.05306554
v -0.31429321 0.08654451 -0.05337805
v -0.30518323 0.08654451 -0.05311459
v -0.29607332 0.08654451 -0.05272484
v -0.28696334 0.08654451 -0.05177927
v -0.27785337 0.08654451 -0.05116343
v -0.26874346 0.08654451 -0.05040586
v -0.25963348 0.08654451 -0.05148846
v -0.25052351 0.08654451 -0.05330420
v -0.24141359 0.08654451 -0.05409425
v -0.23230368 0.08654451 -0.05390817
v -0.22319376 0.08654451 -0.05432969
v -0.21408379 0.08654451 -0.05473447
v -0.20497382 0.08654451 -0.05576319
v -0.19586390 0.08654451 -0.05509663
v -0.18675393 0.08654451 -0.05597115
v -0.17764395 0.08654451 -0.05689657
v -0.16853404 0.08654451 -0.05687791
v -0.15942407 0.08654451 -0.05668396
v -0.15031409 0.08654451 -0.05656964
v -0.14120418 0.08654451 -0.05583030
v -0.13209426 0.08654451 -0.05512995
v -0.12298429 0.08654451 -0.05524772
v -0.11387438 0.08654451 -0.05491698
v -0.10476440 0.08654451 -0.05258399
v -0.09565443 0.08654451 -0.05844963
v -0.08654451 0.08654451 -0.05170536
v 0.14326406 0.08654451 -0.05921459
v 0.16853404 0.09396762 -0.05921459
v 0.18675399 0.08654451 -0.05904132
v 0.17928195 0.08654451 -0.05921459
v 0.19586384 0.08654451 -0.05427074
v -0.49443015 0.07743454 -0.05921459
v -0.41450259 0.07743454 -0.05917418
v -0.41450259 0.07804179 -0.05921459
v -0.41469514 0.07743454 -0.05921459
v -0.40539271 0.07743454 -0.05916381
v -0.39628273 0.07743454 -0.05866474
v -0.38717276 0.07743454 -0.05805129
v -0.37806284 0.07743454 -0.05775881
v -0.36895287 0.07743454 -0.05778694
v -0.35984290 0.07743454 -0.05629033
v -0.35073298 0.07743454 -0.05566829
v -0.34162301 0.07743454 -0.05472469
v -0.33251309 0.07743454 -0.05398434
v -0.32340318 0.07743454 -0.05487895
v -0.31429321 0.07743454 -0.05632615
v -0.30518323 0.07743454 -0.05690783
v -0.29607332 0.07743454 -0.05722874
v -0.28696334 0.07743454 -0.05737466
v -0.27785337 0.07743454 -0.05735320
v -0.26874346 0.07743454 -0.05686754
v -0.25963348 0.07743454 -0.05655771
v -0.25052351 0.07743454 -0.05646056
v -0.24141359 0.07743454 -0.05663282
v -0.23230368 0.07743454 -0.05719358
v -0.22319376 0.07743454 -0.05897307
v -0.21408379 0.08122867 -0.05921459
v -0.22201306 0.07743454 -0.05921459
v -0.20497382 0.08303195 -0.05921459
v -0.19586390 0.08108109 -0.05921459
v -0.18675393 0.07743454 -0.05909181
v -0.18734789 0.07743454 -0.05921459
v -0.17764395 0.07743454 -0.05824542
v -0.16853404 0.07743454 -0.05877769
v -0.15942407 0.07857800 -0.05921459
v -0.16315895 0.07743454 -0.05921459
v -0.15031409 0.08000600 -0.05921459
v -0.14120418 0.07806927 -0.05921459
v -0.13209426 0.07765794 -0.05921459
v -0.12298429 0.07743454 -0.05851901
v -0.13126969 0.07743454 -0.05921459
v -0.11387438 0.07743454 -0.05807698
v -0.10476440 0.07743454 -0.05855846
v -0.09565443 0.07743454 -0.05907679
v -0.08654451 0.07743454 -0.05829781
v -0.07743454 0.07743454 -0.05690390
v -0.06832457 0.07743454 -0.05131745
v 0.14120424 0.07743454 -0.05283922
v 0.14172077 0.07743454 -0.05921459
v 0.18675399 0.08629125 -0.05921459
v 0.19586384 0.08240151 -0.05921459
v 0.20047486 0.07743454 -0.05921459
v -0.48738220 0.07043982 -0.05921459
v -0.48641568 0.06832457 -0.05921459
v -0.44183245 0.06832457 -0.05876100
v -0.44183245 0.06883717 -0.05921459
v -0.44277453 0.06832457 -0.05921459
v -0.43272254 0.06832457 -0.05829251
v -0.43272254 0.06878465 -0.05921459
v -0.42361256 0.06832457 -0.05876428
v -0.42361256 0.06968081 -0.05921459
v -0.41450259 0.06832457 -0.05720383
v -0.40539271 0.06832457 -0.05721825
v -0.39628273 0.06832457 -0.05706620
v -0.38717276 0.06832457 -0.05698192
v -0.37806284 0.06832457 -0.05709320
v -0.36895287 0.06832457 -0.05729628
v -0.35984290 0.06832457 -0.05695432
v -0.35073298 0.06832457 -0.05529857
v -0.34162301 0.06832457 -0.05495203
v -0.33251309 0.06832457 -0.05457401
v -0.32340318 0.06832457 -0.05456531
v -0.31429321 0.06832457 -0.05511528
v -0.30518323 0.06832457 -0.05607533
v -0.29607332 0.06832457 -0.05738544
v -0.28696334 0.06832457 -0.05765480
v -0.27785337 0.06832457 -0.05809277
v -0.26874346 0.06832457 -0.05860001
v -0.25963348 0.06832457 -0.05865896
v -0.25052351 0.06832457 -0.05843449
v -0.24141359 0.06832457 -0.05835623
v -0.23230368 0.06832457 -0.05858821
v -0.22319376 0.07599962 -0.05921459
v -0.22928035 0.06832457 -0.05921459
v -0.18675393 0.07720309 -0.05921459
v -0.17764395 0.07500750 -0.05921459
v -0.16853404 0.07573980 -0.05921459
v -0.12298429 0.07456201 -0.05921459
v -0.11387438 0.07152748 -0.05921459
v -0.10476440 0.07435596 -0.05921459
v -0.09565443 0.07306105 -0.05921459
v -0.08654451 0.06832457 -0.05881357
v -0.09465581 0.06832457 -0.05921459
v -0.07743454 0.06832457 -0.05810905
v -0.06832457 0.06832457 -0.05622417
v -0.05921465 0.06832457 -0.05420721
v 0.14120424 0.07170659 -0.05921459
v 0.13873363 0.06832457 -0.05921459
v 0.20497382 0.06862962 -0.05921459
v 0.20528269 0.06832457 -0.05921459
v 0.41450262 0.06832457 -0.05504155
v 0.42361248 0.06832457 -0.05646378
v 0.43272245 0.06832457 -0.05532622
v -0.48318553 0.05921465 -0.05921459
v -0.45094243 0.06157976 -0.05921459
v -0.45637512 0.05921465 -0.05921459
v -0.39628273 0.05921465 -0.05473417
v -0.38717276 0.05921465 -0.05437893
v -0.37806284 0.05921465 -0.05495757
v -0.36895287 0.05921465 -0.05536950
v -0.35984290 0.05921465 -0.05515647
v -0.35073298 0.05921465 -0.05461633
v -0.34162301 0.05921465 -0.05298370
v -0.33251309 0.05921465 -0.05342025
v -0.32340318 0.05921465 -0.05431598
v -0.31429321 0.05921465 -0.05502808
v -0.30518323 0.05921465 -0.05564970
v -0.29607332 0.05921465 -0.05634540
v -0.28696334 0.05921465 -0.05703825
v -0.27785337 0.05921465 -0.05749542
v -0.26874346 0.05921465 -0.05810243
v -0.25963348 0.05921465 -0.05896884
v -0.25052351 0.06416529 -0.05921459
v -0.25699466 0.05921465 -0.05921459
v -0.24141359 0.06558025 -0.05921459
v -0.23230368 0.06672186 -0.05921459
v -0.08654451 0.05959761 -0.05921459
v -0.07743454 0.05921465 -0.05848831
v -0.08606017 0.05921465 -0.05921459
v -0.06832457 0.05921465 -0.05732226
v -0.05921465 0.05921465 -0.05593121
v -0.05010468 0.05921465 -0.05296981
v 0.14120424 0.05921465 -0.05909979
v 0.14120424 0.05953026 -0.05921459
v 0.14120924 0.05921465 -0.05921459
v 0.20649016 0.05921465 -0.05921459
v 0.40539265 0.05921465 -0.05506736
v 0.41450262 0.06229454 -0.05921459
v 0.41105688 0.05921465 -0.05921459
v 0.42361248 0.06094420 -0.05921459
v 0.43272245 0.06253427 -0.05921459
v 0.44183242 0.05921465 -0.05331433
v 0.43679237 0.05921465 -0.05921459
v 0.47827220 0.05921465 -0.05872178
v -0.47827226 0.05431187 -0.05921459
v -0.46916229 0.05342871 -0.05921459
v -0.46005234 0.05557901 -0.05921459
v -0.30518323 0.05010468 -0.05124134
v -0.29607332 0.05010468 -0.05262130
v -0.28696334 0.05010468 -0.05404663
v -0.27785337 0.05010468 -0.05510348
v -0.26874346 0.05010468 -0.05596501
v -0.25963348 0.05010468 -0.05668527
v -0.25052351 0.05010468 -0.05778784
v -0.25052351 0.05584401 -0.05921459
v -0.24141359 0.05010468 -0.05905944
v -0.24141359 0.05098367 -0.05921459
v -0.24029970 0.05010468 -0.05921459
v -0.07743454 0.05010468 -0.05906385
v -0.07844198 0.05010468 -0.05921459
v -0.06832457 0.05010468 -0.05786264
v -0.05921465 0.05010468 -0.05659932
v -0.05010468 0.05010468 -0.05538702
v -0.04099476 0.05010468 -0.05386984
v 0.14120424 0.05010468 -0.05155021
v 0.14182067 0.05010468 -0.05921459
v 0.20497382 0.05010468 -0.05916172
v 0.20497382 0.05113137 -0.05921459
v 0.20488381 0.05010468 -0.05921459
v 0.39628267 0.05010468 -0.05603117
v 0.40539265 0.05010468 -0.05749542
v 0.40959096 0.05010468 -0.05921459
v 0.43272245 0.05010468 -0.05895233
v 0.43272245 0.05144596 -0.05921459
v 0.42953730 0.05010468 -0.05921459
v 0.44183242 0.05010468 -0.05629677
v 0.45094240 0.05010468 -0.05717790
v 0.46005237 0.05010468 -0.05706352
v 0.47827220 0.05306405 -0.05921459
v 0.47606194 0.05010468 -0.05921459
v 0.48738217 0.05010468 -0.05572075
v 0.48052371 0.05010468 -0.05921459
v -0.25052351 0.04099476 -0.05205238
v -0.24141359 0.04099476 -0.05437607
v -0.23230368 0.04099476 -0.05608493
v -0.23230368 0.04645842 -0.05921459
v -0.22319376 0.04099476 -0.05785716
v -0.22319376 0.04333866 -0.05921459
v -0.21622503 0.04099476 -0.05921459
v -0.07743454 0.04099476 -0.05875033
v -0.08451819 0.04099476 -0.05921459
v -0.06832457 0.04099476 -0.05802202
v -0.05921465 0.04099476 -0.05661142
v -0.05010468 0.04099476 -0.05535167
v -0.04099476 0.04099476 -0.05418295
v -0.03188485 0.04099476 -0.05136043
v 0.05921459 0.04099476 -0.05168509
v 0.06832457 0.04099476 -0.05126631
v 0.14120424 0.04099476 -0.05634636
v 0.14458382 0.04099476 -0.05921459
v 0.20497382 0.04982305 -0.05921459
v 0.21408367 0.04099476 -0.05842465
v 0.20933223 0.04099476 -0.05921459
v 0.39628267 0.04099476 -0.05902505
v 0.40539265 0.04099476 -0.05794811
v 0.41450262 0.04099476 -0.05880570
v 0.41450262 0.04326451 -0.05921459
v 0.42361248 0.04099476 -0.05823672
v 0.42361248 0.04801702 -0.05921459
v 0.43272245 0.04099476 -0.05299461
v 0.44183242 0.04099476 -0.05796975
v 0.45094240 0.04099476 -0.05871201
v 0.46005237 0.04099476 -0.05888027
v 0.46916234 0.04099476 -0.05614930
v 0.47827220 0.04099476 -0.05766380
v 0.47827220 0.04715747 -0.05921459
v 0.48738217 0.04099476 -0.05851334
v -0.21408379 0.03983968 -0.05921459
v -0.20497382 0.03188485 -0.05140024
v -0.20497382 0.03659546 -0.05921459
v -0.19586390 0.03188485 -0.05451012
v -0.19586390 0.03555149 -0.05921459
v -0.18675393 0.03188485 -0.05646551
v -0.18675393 0.03507614 -0.05921459
v -0.17764395 0.03188485 -0.05801517
v -0.17764395 0.03393817 -0.05921459
v -0.16853404 0.03188485 -0.05844933
v -0.16853404 0.03342521 -0.05921459
v -0.15942407 0.03188485 -0.05877382
v -0.15942407 0.03299940 -0.05921459
v -0.15031409 0.03188485 -0.05857950
v -0.15031409 0.03359896 -0.05921459
v -0.14120418 0.03188485 -0.05886292
v -0.14120418 0.03290039 -0.05921459
v -0.13209426 0.03188485 -0.05893427
v -0.13209426 0.03299195 -0.05921459
v -0.12298429 0.03188485 -0.05873036
v -0.12298429 0.03529102 -0.05921459
v -0.11387438 0.03188485 -0.05858737
v -0.11387438 0.03549045 -0.05921459
v -0.10476440 0.03188485 -0.05820978
v -0.10476440 0.03739637 -0.05921459
v -0.09565443 0.03188485 -0.05816120
v -0.09565443 0.03856432 -0.05921459
v -0.08654451 0.03188485 -0.05802339
v -0.08654451 0.03997296 -0.05921459
v -0.07743454 0.03188485 -0.05790538
v -0.06832457 0.03188485 -0.05756158
v -0.05921465 0.03188485 -0.05620450
v -0.05010468 0.03188485 -0.05454975
v -0.04099476 0.03188485 -0.05189133
v 0.05010474 0.03188485 -0.05052978
v 0.05921459 0.03188485 -0.05198890
v 0.14120424 0.03188485 -0.05709851
v 0.14135492 0.03188485 -0.05921459
v 0.21408367 0.03188485 -0.05285871
v 0.20637441 0.03188485 -0.05921459
v 0.39628267 0.03754163 -0.05921459
v 0.39345181 0.03188485 -0.05921459
v 0.40539265 0.03617418 -0.05921459
v 0.41450262 0.03953928 -0.05921459
v 0.42361248 0.03262645 -0.05921459
v 0.43272245 0.03188485 -0.05862856
v 0.42514896 0.03188485 -0.05921459
v 0.44183242 0.03188485 -0.05786085
v 0.45094240 0.03188485 -0.05896848
v 0.46005237 0.03984612 -0.05921459
v 0.45206559 0.03188485 -0.05921459
v 0.46916234 0.03188485 -0.05568624
v 0.46523440 0.03188485 -0.05921459
v 0.47827220 0.03188485 -0.05829716
v 0.48738217 0.03188485 -0.05842882
v -0.14120418 0.02277488 -0.05257249
v -0.13209426 0.02277488 -0.05423498
v -0.12298429 0.02277488 -0.05532146
v -0.11387438 0.02277488 -0.05543160
v -0.10476440 0.02277488 -0.05573571
v -0.09565443 0.02277488 -0.05596107
v -0.08654451 0.02277488 -0.05580652
v -0.07743454 0.02277488 -0.05540746
v -0.06832457 0.02277488 -0.05484939
v -0.05921465 0.02277488 -0.05387843
v -0.05010468 0.02277488 -0.05231827
v 0.05010474 0.02277488 -0.05371910
v 0.05921459 0.02277488 -0.05337614
v 0.13209426 0.02277488 -0.05710667
v 0.14120424 0.03152359 -0.05921459
v 0.13278937 0.02277488 -0.05921459
v 0.21408367 0.02277488 -0.05888087
v 0.21395278 0.02277488 -0.05921459
v 0.22319365 0.02277488 -0.05107343
v 0.39473188 0.02277488 -0.05921459
v 0.43272245 0.03044540 -0.05921459
v 0.44183242 0.02782553 -0.05921459
v 0.45094240 0.03034693 -0.05921459
v 0.46916234 0.02277488 -0.05480677
v 0.46554720 0.02277488 -0.05921459
v 0.47827220 0.02369326 -0.05921459
v 0.47780144 0.02277488 -0.05921459
v 0.48738217 0.02277488 -0.05696189
v 0.47870505 0.02277488 -0.05921459
v 0.05010474 0.01366490 -0.05510098
v 0.05921459 0.01366490 -0.05495691
v 0.07743454 0.01366490 -0.05204034
v 0.08654451 0.01366490 -0.05314237
v 0.13209426 0.01661408 -0.05921459
v 0.13055909 0.01366490 -0.05921459
v 0.21408367 0.02268326 -0.05921459
v 0.22319365 0.01366490 -0.05787653
v 0.22234452 0.01366490 -0.05921459
v 0.39628267 0.01366490 -0.05578184
v 0.39628267 0.02089775 -0.05921459
v 0.40539265 0.01366490 -0.05842435
v 0.40539265 0.01516169 -0.05921459
v 0.41450262 0.01366490 -0.05866176
v 0.41450262 0.01514393 -0.05921459
v 0.41597438 0.01366490 -0.05921459
v 0.43272245 0.01366490 -0.05901974
v 0.43272245 0.01422483 -0.05921459
v 0.43217504 0.01366490 -0.05921459
v 0.43600309 0.01366490 -0.05921459
v 0.45094240 0.01366490 -0.05820942
v 0.45094240 0.01679492 -0.05921459
v 0.44451118 0.01366490 -0.05921459
v 0.46005237 0.01366490 -0.05870372
v 0.46005237 0.01492453 -0.05921459
v 0.47827220 0.01366490 -0.05616695
v 0.47827220 0.02233422 -0.05921459
v 0.05010474 0.00455499 -0.05448568
v 0.05921459 0.00455499 -0.05431092
v 0.07743454 0.00455499 -0.05169350
v 0.08654451 0.00455499 -0.05157590
v 0.12948859 0.00455499 -0.05921459
v 0.21408367 0.00455499 -0.05661821
v 0.21408367 0.00488806 -0.05921459
v 0.21328962 0.00455499 -0.05921459
v 0.40539265 0.00455499 -0.05171967
v 0.41450262 0.00455499 -0.05687040
v 0.42361248 0.00455499 -0.05691564
v 0.42361248 0.00811994 -0.05921459
v 0.43272245 0.00455499 -0.05821049
v 0.44183242 0.00455499 -0.05705482
v 0.44183242 0.01201099 -0.05921459
v 0.45094240 0.00455499 -0.05463696
v 0.46005237 0.00455499 -0.05509788
v 0.47827220 0.00455499 -0.05692458
v 0.05010474 -0.00455493 -0.05278170
v 0.05921459 -0.00455493 -0.05309641
v 0.12878013 -0.00455493 -0.05921459
v 0.20743048 -0.00455493 -0.05921459
v 0.42361248 -0.00455493 -0.05257738
v 0.43272245 -0.00455493 -0.05542207
v -0.05921465 -0.01366490 -0.05028564
v -0.05010468 -0.01366490 -0.05188984
v -0.04099476 -0.01366490 -0.05112123
v 0.05010474 -0.01366490 -0.05032277
v 0.05921459 -0.01366490 -0.05387700
v 0.06832457 -0.01366490 -0.05106920
v 0.13209426 -0.01366490 -0.05905396
v 0.13209426 -0.01268733 -0.05921459
v 0.13213456 -0.01366490 -0.05921459
v 0.21408367 -0.01366490 -0.05812430
v 0.20874572 -0.01366490 -0.05921459
v 0.22319365 -0.01366490 -0.05393016
v 0.05921459 -0.02277488 -0.05283749
v 0.13209426 -0.01471096 -0.05921459
v 0.12892854 -0.02277488 -0.05921459
v 0.21270347 -0.02277488 -0.05921459
v -0.16853404 -0.03188485 -0.05093664
v -0.15942407 -0.03188485 -0.05227470
v -0.15031409 -0.03188485 -0.05356282
v -0.14120418 -0.03188485 -0.05389595
v -0.13209426 -0.03188485 -0.05462205
v -0.12298429 -0.03188485 -0.05539203
v -0.11387438 -0.03188485 -0.05658150
v -0.10476440 -0.03188485 -0.05696291
v -0.09565443 -0.03188485 -0.05374140
v -0.08654451 -0.03188485 -0.05516654
v -0.07743454 -0.03188485 -0.05603731
v -0.06832457 -0.03188485 -0.05611104
v -0.05921465 -0.03188485 -0.05510086
v -0.05010468 -0.03188485 -0.05387425
v -0.04099476 -0.03188485 -0.05191547
v 0.05921459 -0.03188485 -0.05275863
v 0.12513816 -0.03188485 -0.05921459
v 0.21408367 -0.03188485 -0.05708611
v 0.21382940 -0.03188485 -0.05921459
v -0.22319376 -0.04099482 -0.05329204
v -0.21408379 -0.04099482 -0.05490071
v -0.20497382 -0.04099482 -0.05558032
v -0.19586390 -0.04099482 -0.05692577
v -0.18675393 -0.04099482 -0.05769080
v -0.17764395 -0.04099482 -0.05795532
v -0.16853404 -0.04099482 -0.05804825
v -0.15942407 -0.04099482 -0.05802763
v -0.15031409 -0.04099482 -0.05802900
v -0.14120418 -0.04099482 -0.05792797
v -0.13209426 -0.04099482 -0.05798322
v -0.12298429 -0.04099482 -0.05807048
v -0.11387438 -0.04099482 -0.05841875
v -0.10476440 -0.04099482 -0.05849040
v -0.09565443 -0.04099482 -0.05785972
v -0.08654451 -0.04099482 -0.05838484
v -0.07743454 -0.04099482 -0.05825126
v -0.06832457 -0.04099482 -0.05794466
v -0.05921465 -0.04099482 -0.05698657
v -0.05010468 -0.04099482 -0.05507535
v -0.04099476 -0.04099482 -0.05412102
v -0.03188485 -0.04099482 -0.05102736
v 0.05921459 -0.04099482 -0.05019367
v 0.12499702 -0.04099482 -0.05921459
v 0.21408367 -0.03508550 -0.05921459
v 0.21953738 -0.04099482 -0.05921459
v -0.25052351 -0.05010474 -0.05229694
v -0.24141359 -0.05010474 -0.05538195
v -0.23230368 -0.05010474 -0.05682540
v -0.22319376 -0.05010474 -0.05765325
v -0.21408379 -0.05010474 -0.05849111
v -0.20497382 -0.04905832 -0.05921459
v -0.20748949 -0.05010474 -0.05921459
v -0.19586390 -0.04638511 -0.05921459
v -0.18675393 -0.04491925 -0.05921459
v -0.17764395 -0.04420042 -0.05921459
v -0.16853404 -0.04406571 -0.05921459
v -0.15942407 -0.04467201 -0.05921459
v -0.15031409 -0.04594094 -0.05921459
v -0.14120418 -0.04719657 -0.05921459
v -0.13209426 -0.05010474 -0.05906796
v -0.13386971 -0.05010474 -0.05921459
v -0.12298429 -0.05010474 -0.05847019
v -0.11387438 -0.05010474 -0.05849022
v -0.10476440 -0.05010474 -0.05853635
v -0.09565443 -0.05010474 -0.05892277
v -0.08654451 -0.05010474 -0.05875218
v -0.07743454 -0.05010474 -0.05844080
v -0.06832457 -0.05010474 -0.05788589
v -0.05921465 -0.05010474 -0.05658716
v -0.05010468 -0.05010474 -0.05379266
v -0.04099476 -0.05010474 -0.05041373
v 0.12782824 -0.05010474 -0.05921459
v 0.21408367 -0.05010474 -0.05267102
v 0.21408367 -0.04647774 -0.05921459
v 0.21377170 -0.05010474 -0.05921459
v -0.26874346 -0.05921459 -0.05213225
v -0.25963348 -0.05921459 -0.05465502
v -0.25052351 -0.05921459 -0.05618393
v -0.24141359 -0.05921459 -0.05694455
v -0.23230368 -0.05921459 -0.05784488
v -0.22319376 -0.05921459 -0.05842072
v -0.21408379 -0.05921459 -0.05891591
v -0.20952016 -0.05921459 -0.05921459
v -0.15031409 -0.05921459 -0.05919129
v -0.15031409 -0.05904627 -0.05921459
v -0.15053135 -0.05921459 -0.05921459
v -0.14120418 -0.05921459 -0.05848730
v -0.14120418 -0.05464309 -0.05921459
v -0.13209426 -0.05921459 -0.05802441
v -0.12298429 -0.05921459 -0.05744272
v -0.11387438 -0.05921459 -0.05724162
v -0.10476440 -0.05921459 -0.05707681
v -0.09565443 -0.05921459 -0.05864835
v -0.08654451 -0.05921459 -0.05769306
v -0.07743454 -0.05921459 -0.05758560
v -0.06832457 -0.05921459 -0.05643648
v -0.05921465 -0.05921459 -0.05321610
v 0.13209426 -0.05478042 -0.05921459
v 0.13375545 -0.05921459 -0.05921459
v 0.20986915 -0.05921459 -0.05921459
v -0.27785337 -0.06832457 -0.05243546
v -0.26874346 -0.06832457 -0.05404854
v -0.25963348 -0.06832457 -0.05455673
v -0.25052351 -0.06832457 -0.05531162
v -0.24141359 -0.06832457 -0.05588359
v -0.23230368 -0.06832457 -0.05730391
v -0.22319376 -0.06832457 -0.05782849
v -0.21408379 -0.06832457 -0.05813396
v -0.20497382 -0.06832457 -0.05856371
v -0.20497382 -0.06202811 -0.05921459
v -0.19586390 -0.06832457 -0.05890805
v -0.19586390 -0.06603849 -0.05921459
v -0.18675393 -0.06832457 -0.05882365
v -0.18675393 -0.06664115 -0.05921459
v -0.17764395 -0.06832457 -0.05840683
v -0.17764395 -0.06590849 -0.05921459
v -0.16853404 -0.06832457 -0.05745351
v -0.16853404 -0.06395870 -0.05921459
v -0.15942407 -0.06832457 -0.05630946
v -0.15942407 -0.06218886 -0.05921459
v -0.15031409 -0.06832457 -0.05561548
v -0.14120418 -0.06832457 -0.05548388
v -0.13209426 -0.06832457 -0.05448216
v -0.12298429 -0.06832457 -0.05291528
v -0.11387438 -0.06832457 -0.05286735
v -0.10476440 -0.06832457 -0.05392408
v -0.09565443 -0.06832457 -0.05830723
v -0.08654451 -0.06832457 -0.05858737
v -0.07743454 -0.06832457 -0.05658674
v 0.14120424 -0.06832457 -0.05489999
v 0.14120424 -0.06736267 -0.05921459
v 0.14193106 -0.06832457 -0.05921459
v 0.19586384 -0.06832457 -0.05651450
v 0.19586384 -0.06599253 -0.05921459
v 0.19252133 -0.06832457 -0.05921459
v 0.20497382 -0.06422704 -0.05921459
v -0.47827226 -0.07021338 -0.05921459
v -0.48549816 -0.07743454 -0.05921459
v -0.46916229 -0.06992996 -0.05921459
v -0.46005234 -0.06997830 -0.05921459
v -0.45094243 -0.07743454 -0.05528092
v -0.45094243 -0.07533312 -0.05921459
v -0.44183245 -0.07743454 -0.05074966
v -0.44883075 -0.07743454 -0.05921459
v -0.28696334 -0.07743454 -0.05083072
v -0.27785337 -0.07743454 -0.05197459
v -0.26874346 -0.07743454 -0.05224901
v -0.25963348 -0.07743454 -0.05243391
v -0.25052351 -0.07743454 -0.05333310
v -0.24141359 -0.07743454 -0.05552208
v -0.23230368 -0.07743454 -0.05654371
v -0.22319376 -0.07743454 -0.05671608
v -0.21408379 -0.07743454 -0.05694479
v -0.20497382 -0.07743454 -0.05755317
v -0.19586390 -0.07743454 -0.05712390
v -0.18675393 -0.07743454 -0.05593318
v -0.17764395 -0.07743454 -0.05462825
v -0.16853404 -0.07743454 -0.05362016
v -0.15942407 -0.07743454 -0.05304033
v -0.15031409 -0.07743454 -0.05319732
v -0.14120418 -0.07743454 -0.05149150
v -0.13209426 -0.07743454 -0.05109280
v -0.12298429 -0.07743454 -0.05171156
v -0.09565443 -0.07743454 -0.05633849
v 0.14232850 -0.07743454 -0.05921459
v 0.18675399 -0.07743454 -0.05831200
v 0.18675399 -0.07446164 -0.05921459
v 0.18428516 -0.07743454 -0.05921459
v -0.48735267 -0.08654451 -0.05921459
v -0.44183245 -0.08026338 -0.05921459
v -0.43272254 -0.08654451 -0.05837560
v -0.43510643 -0.08654451 -0.05921459
v -0.24141359 -0.08654451 -0.05135149
v -0.23230368 -0.08654451 -0.05302769
v -0.22319376 -0.08654451 -0.05333734
v -0.21408379 -0.08654451 -0.05355513
v -0.20497382 -0.08654451 -0.05347103
v -0.19586390 -0.08654451 -0.05088490
v 0.14276433 -0.08654451 -0.05921459
v 0.17764401 -0.08654451 -0.05845058
v 0.17764401 -0.08519173 -0.05921459
v 0.17506564 -0.08654451 -0.05921459
v -0.48738220 -0.08670789 -0.05921459
v -0.49454689 -0.09565449 -0.05921459
v -0.43272254 -0.09017229 -0.05921459
v -0.42777953 -0.09565449 -0.05921459
v 0.14787805 -0.09565449 -0.05921459
v 0.16853404 -0.09565449 -0.05559176
v 0.17764401 -0.09565449 -0.05497199
v 0.17764401 -0.08973700 -0.05921459
v 0.18117511 -0.09565449 -0.05921459
v -0.49503794 -0.10476446 -0.05921459
v -0.43272254 -0.10476446 -0.05862969
v -0.43272254 -0.10140789 -0.05921459
v -0.43377930 -0.10476446 -0.05921459
v 0.15031421 -0.09810740 -0.05921459
v 0.15942407 -0.09901941 -0.05921459
v 0.16853404 -0.09819531 -0.05921459
v 0.17764401 -0.09896880 -0.05921459
v -0.49405727 -0.11387432 -0.05921459
v -0.44183245 -0.11323106 -0.05921459
v -0.44246167 -0.11387432 -0.05921459
v -0.48738220 -0.12052172 -0.05921459
v -0.48674425 -0.12298429 -0.05921459
v -0.46005234 -0.12298429 -0.05103320
v -0.45094243 -0.12165272 -0.05921459
v -0.45330772 -0.12298429 -0.05921459
v -0.47827226 -0.13154495 -0.05921459
v -0.46916229 -0.13135111 -0.05921459
v -0.46005234 -0.12956810 -0.05921459
v -0.47827226 0.12298429 -0.06007147
v -0.47827226 0.12870842 -0.06832457
v -0.48423916 0.12298429 -0.06832457
v -0.46916229 0.12298429 -0.06260329
v -0.46916229 0.12765408 -0.06832457
v -0.46417806 0.12298429 -0.06832457
v -0.48738220 0.11387438 -0.06057012
v -0.48738220 0.11897969 -0.06832457
v -0.49270755 0.11387438 -0.06832457
v -0.46005234 0.12154162 -0.06832457
v -0.45251766 0.11387438 -0.06832457
v 0.15942407 0.11387438 -0.06070352
v 0.16853404 0.11387438 -0.06092507
v 0.17764401 0.11387438 -0.05928165
v -0.49556404 0.10476440 -0.06832457
v -0.45094243 0.11236840 -0.06832457
v -0.44322506 0.10476440 -0.06832457
v -0.43272254 0.10476440 -0.05978245
v 0.15942407 0.10476440 -0.05960011
v -0.49532777 0.09565443 -0.06832457
v -0.44183245 0.09996819 -0.06832457
v -0.43272254 0.09565443 -0.06818885
v -0.43445256 0.09565443 -0.06832457
v -0.42361256 0.09565443 -0.06570941
v 0.15031421 0.09565443 -0.06168360
v 0.15942407 0.09565443 -0.05930144
v 0.17764401 0.09565443 -0.06255281
v -0.49518552 0.08654451 -0.06832457
v -0.43272254 0.08654451 -0.06813490
v -0.43400550 0.08654451 -0.06832457
v -0.42361256 0.08654451 -0.06628954
v -0.41450259 0.08654451 -0.06306607
v 0.15031421 0.08654451 -0.06764102
v 0.15942407 0.09220225 -0.06832457
v 0.15209937 0.08654451 -0.06832457
v 0.16853404 0.08913934 -0.06832457
v 0.17764401 0.08654451 -0.05980247
v 0.17206156 0.08654451 -0.06832457
v -0.48975033 0.07743454 -0.06832457
v -0.43272254 0.07743454 -0.06740105
v -0.43843594 0.07743454 -0.06832457
v -0.42361256 0.07743454 -0.06564707
v -0.21408379 0.07743454 -0.06249505
v -0.20497382 0.07743454 -0.06398267
v -0.19586390 0.07743454 -0.06254441
v -0.15942407 0.07743454 -0.06002784
v -0.15031409 0.07743454 -0.06123036
v -0.14120418 0.07743454 -0.05974543
v -0.13209426 0.07743454 -0.05942005
v 0.15031421 0.08545697 -0.06832457
v 0.14426661 0.07743454 -0.06832457
v 0.17764401 0.08581793 -0.06832457
v 0.18675399 0.08552748 -0.06832457
v 0.19586384 0.07743454 -0.06512463
v 0.19487143 0.07743454 -0.06832457
v -0.48738220 0.07512081 -0.06832457
v -0.48515043 0.06832457 -0.06832457
v -0.45094243 0.06832457 -0.06765997
v -0.45094243 0.06847650 -0.06832457
v -0.45147759 0.06832457 -0.06832457
v -0.44183245 0.07475924 -0.06832457
v -0.22319376 0.06832457 -0.06196404
v -0.21408379 0.06832457 -0.06400186
v -0.20497382 0.06832457 -0.06512821
v -0.19586390 0.06832457 -0.06581497
v -0.18675393 0.06832457 -0.06525832
v -0.17764395 0.06832457 -0.06335908
v -0.16853404 0.06832457 -0.06278628
v -0.15942407 0.06832457 -0.06226033
v -0.15031409 0.06832457 -0.06216162
v -0.14120418 0.06832457 -0.06226099
v -0.13209426 0.06832457 -0.06327331
v -0.12298429 0.06832457 -0.06226116
v -0.11387438 0.06832457 -0.06164908
v -0.10476440 0.06832457 -0.06502324
v -0.09565443 0.06832457 -0.05995721
v 0.14120424 0.06832457 -0.06218088
v 0.14208758 0.06832457 -0.06832457
v 0.19586384 0.07193881 -0.06832457
v 0.20497382 0.06832457 -0.05953610
v 0.19839776 0.06832457 -0.06832457
v -0.47827226 0.05921465 -0.06485581
v -0.47827226 0.06092846 -0.06832457
v -0.46916229 0.05921465 -0.06599057
v -0.46916229 0.06025511 -0.06832457
v -0.46005234 0.05921465 -0.06288004
v -0.46005234 0.06120533 -0.06832457
v -0.25052351 0.05921465 -0.06156754
v -0.24141359 0.05921465 -0.06312281
v -0.23230368 0.05921465 -0.06389046
v -0.22319376 0.05921465 -0.06431454
v -0.21408379 0.05921465 -0.06444669
v -0.20497382 0.05921465 -0.06501132
v -0.19586390 0.05921465 -0.06463140
v -0.18675393 0.05921465 -0.06497353
v -0.17764395 0.05921465 -0.06589586
v -0.16853404 0.05921465 -0.06541461
v -0.15942407 0.05921465 -0.06455994
v -0.15031409 0.05921465 -0.06389719
v -0.14120418 0.05921465 -0.06408453
v -0.13209426 0.05921465 -0.06420547
v -0.12298429 0.05921465 -0.06406885
v -0.11387438 0.05921465 -0.06429362
v -0.10476440 0.05921465 -0.06496805
v -0.09565443 0.05921465 -0.06693763
v -0.08654451 0.05921465 -0.05949390
v 0.14207494 0.05921465 -0.06832457
v 0.20497382 0.05921465 -0.06095523
v 0.20351386 0.05921465 -0.06832457
v 0.41450262 0.05921465 -0.06230688
v 0.42361248 0.05921465 -0.06096184
v 0.43272245 0.05921465 -0.06246394
v -0.23230368 0.05010468 -0.06248194
v -0.22319376 0.05010468 -0.06461960
v -0.21408379 0.05010468 -0.06551069
v -0.20497382 0.05010468 -0.06636047
v -0.19586390 0.05010468 -0.06608593
v -0.18675393 0.05010468 -0.06440747
v -0.17764395 0.05010468 -0.06369615
v -0.16853404 0.05010468 -0.06404239
v -0.15942407 0.05010468 -0.06429851
v -0.15031409 0.05010468 -0.06450891
v -0.14120418 0.05010468 -0.06423742
v -0.13209426 0.05010468 -0.06353652
v -0.12298429 0.05010468 -0.06287712
v -0.11387438 0.05010468 -0.06306267
v -0.10476440 0.05010468 -0.06389970
v -0.09565443 0.05010468 -0.06507891
v -0.08654451 0.05010468 -0.06333315
v 0.14265597 0.05010468 -0.06832457
v 0.20272636 0.05010468 -0.06832457
v 0.41450262 0.05010468 -0.06246984
v 0.42361248 0.05010468 -0.06061912
v 0.47827220 0.05010468 -0.06144619
v -0.21408379 0.04099476 -0.06039184
v -0.20497382 0.04099476 -0.06371731
v -0.19586390 0.04099476 -0.06480098
v -0.18675393 0.04099476 -0.06502491
v -0.17764395 0.04099476 -0.06483424
v -0.16853404 0.04099476 -0.06452870
v -0.15942407 0.04099476 -0.06409025
v -0.15031409 0.04099476 -0.06391436
v -0.14120418 0.04099476 -0.06351960
v -0.13209426 0.04099476 -0.06250054
v -0.12298429 0.04099476 -0.06081635
v -0.11387438 0.04099476 -0.06145853
v -0.10476440 0.04099476 -0.06147659
v -0.09565443 0.04099476 -0.06113029
v -0.08654451 0.04099476 -0.05992424
v 0.15031421 0.04099476 -0.06826174
v 0.15031421 0.04101002 -0.06832457
v 0.15040541 0.04099476 -0.06832457
v 0.19586384 0.04099476 -0.06574363
v 0.19586384 0.04247111 -0.06832457
v 0.19035244 0.04099476 -0.06832457
v 0.20497382 0.04099476 -0.06361711
v 0.15031421 0.04098481 -0.06832457
v 0.14205861 0.03188485 -0.06832457
v 0.19586384 0.03966874 -0.06832457
v 0.20497382 0.03188485 -0.06094891
v 0.20319629 0.03188485 -0.06832457
v 0.39628267 0.03188485 -0.06207001
v 0.40539265 0.03188485 -0.06233895
v 0.41450262 0.03188485 -0.06374902
v 0.42361248 0.03188485 -0.05970830
v 0.46005237 0.03188485 -0.06393975
v 0.14120424 0.02919364 -0.06832457
v 0.13518202 0.02277488 -0.06832457
v 0.20497382 0.02950126 -0.06832457
v 0.21146691 0.02277488 -0.06832457
v 0.39628267 0.02277488 -0.06076324
v 0.40539265 0.02277488 -0.06495404
v 0.41450262 0.02277488 -0.06465453
v 0.42361248 0.02277488 -0.06501681
v 0.43272245 0.02277488 -0.06454098
v 0.44183242 0.02277488 -0.06286818
v 0.45094240 0.02277488 -0.06310219
v 0.46005237 0.02277488 -0.06444854
v 0.47827220 0.02277488 -0.05964297
v 0.13209426 0.01366490 -0.06098646
v 0.13277972 0.01366490 -0.06832457
v 0.21408367 0.01670378 -0.06832457
v 0.21679378 0.01366490 -0.06832457
v 0.42361248 0.01366490 -0.06471997
v 0.44183242 0.01366490 -0.06048191
v 0.13209426 0.00455499 -0.06247908
v 0.13273752 0.00455499 -0.06832457
v 0.21408367 0.01079357 -0.06832457
v 0.20901942 0.00455499 -0.06832457
v 0.13209426 -0.00455493 -0.06329364
v 0.13275874 -0.00455493 -0.06832457
v 0.19586384 -0.00455493 -0.06749362
v 0.19586384 -0.00416487 -0.06832457
v 0.19382739 -0.00455493 -0.06832457
v 0.20497382 -0.00455493 -0.06223464
v 0.20497382 0.00006437 -0.06832457
v 0.13312674 -0.01366490 -0.06832457
v 0.19586384 -0.01366490 -0.06773686
v 0.19433880 -0.01366490 -0.06832457
v 0.20497382 -0.01366490 -0.06291157
v 0.13209426 -0.02277488 -0.06377399
v 0.13232374 -0.02277488 -0.06832457
v 0.18675399 -0.02277488 -0.06816983
v 0.18675399 -0.02253062 -0.06832457
v 0.18645680 -0.02277488 -0.06832457
v 0.19586384 -0.01615399 -0.06832457
v 0.18720007 -0.02277488 -0.06832457
v 0.20497382 -0.01749247 -0.06832457
v 0.21017790 -0.02277488 -0.06832457
v 0.13209426 -0.02764463 -0.06832457
v 0.12922794 -0.03188485 -0.06832457
v 0.18675399 -0.02304679 -0.06832457
v 0.21381640 -0.03188485 -0.06832457
v 0.13002241 -0.04099482 -0.06832457
v 0.21408367 -0.04099482 -0.06476092
v 0.21379244 -0.04099482 -0.06832457
v -0.20497382 -0.05010474 -0.06011111
v -0.19586390 -0.05010474 -0.06195509
v -0.18675393 -0.05010474 -0.06242090
v -0.17764395 -0.05010474 -0.06265712
v -0.16853404 -0.05010474 -0.06285429
v -0.15942407 -0.05010474 -0.06253052
v -0.15031409 -0.05010474 -0.06181943
v -0.14120418 -0.05010474 -0.06076336
v 0.13209426 -0.05010474 -0.06436878
v 0.13209426 -0.04375356 -0.06832457
v 0.13252449 -0.05010474 -0.06832457
v 0.21338260 -0.05010474 -0.06832457
v -0.20497382 -0.05921459 -0.06026781
v -0.19586390 -0.05921459 -0.06157678
v -0.18675393 -0.05921459 -0.06237262
v -0.17764395 -0.05921459 -0.06250519
v -0.16853404 -0.05921459 -0.06210184
v -0.15942407 -0.05921459 -0.06141174
v 0.13596499 -0.05921459 -0.06832457
v 0.18675399 -0.05921459 -0.06377059
v 0.18675399 -0.05814099 -0.06832457
v 0.17983103 -0.05921459 -0.06832457
v 0.19016445 -0.05921459 -0.06832457
v 0.20497382 -0.05921459 -0.06477356
v 0.20497382 -0.05867773 -0.06832457
v 0.20044076 -0.05921459 -0.06832457
v 0.14120424 -0.06465566 -0.06832457
v 0.14416170 -0.06832457 -0.06832457
v 0.16853404 -0.06832457 -0.06749481
v 0.16853404 -0.06767476 -0.06832457
v 0.16592383 -0.06832457 -0.06832457
v 0.17764401 -0.06832457 -0.06825560
v 0.17764401 -0.06452584 -0.06832457
v 0.18675399 -0.06832457 -0.06482244
v 0.19586384 -0.06325036 -0.06832457
v -0.47827226 -0.07075775 -0.06832457
v -0.48499429 -0.07743454 -0.06832457
v -0.46916229 -0.07035941 -0.06832457
v -0.46005234 -0.07090080 -0.06832457
v -0.45094243 -0.07743454 -0.06263632
v -0.45243743 -0.07743454 -0.06832457
v 0.14469767 -0.07743454 -0.06832457
v 0.16853404 -0.07428151 -0.06832457
v 0.17764401 -0.07743454 -0.06629080
v 0.17054880 -0.07743454 -0.06832457
v -0.48730049 -0.08654451 -0.06832457
v -0.45094243 -0.07775956 -0.06832457
v -0.44183245 -0.08225042 -0.06832457
v -0.43755579 -0.08654451 -0.06832457
v 0.14523077 -0.08654451 -0.06832457
v 0.17764401 -0.08654451 -0.06061989
v 0.17764401 -0.07954013 -0.06832457
v 0.18356657 -0.08654451 -0.06832457
v -0.48738220 -0.08689374 -0.06832457
v -0.49465442 -0.09565449 -0.06832457
v -0.43272254 -0.09565449 -0.06412858
v -0.43379763 -0.09565449 -0.06832457
v 0.15031421 -0.09565449 -0.06188148
v 0.15031421 -0.09190583 -0.06832457
v 0.15942407 -0.09565449 -0.06282341
v 0.15942407 -0.09184855 -0.06832457
v 0.16853404 -0.09565449 -0.06741047
v 0.16853404 -0.09536284 -0.06832457
v 0.17764401 -0.09565449 -0.06389016
v 0.17764401 -0.09344262 -0.06832457
v -0.49504304 -0.10476446 -0.06832457
v -0.43366191 -0.10476446 -0.06832457
v -0.49403653 -0.11387432 -0.06832457
v -0.44183245 -0.11354858 -0.06832457
v -0.44243088 -0.11387432 -0.06832457
v -0.48738220 -0.12103260 -0.06832457
v -0.48694769 -0.12298429 -0.06832457
v -0.45094243 -0.12173319 -0.06832457
v -0.45241186 -0.12298429 -0.06832457
v -0.47827226 -0.13209426 -0.06564385
v -0.48044136 -0.13209426 -0.06832457
v -0.46916229 -0.13209426 -0.06447935
v -0.46005234 -0.13033402 -0.06832457
v -0.46602556 -0.13209426 -0.06832457
v -0.47827226 -0.13412297 -0.06832457
v -0.46916229 -0.13506293 -0.06832457
v -0.47827226 0.13075101 -0.07743454
v -0.48625925 0.12298429 -0.07743454
v -0.46916229 0.12910390 -0.07743454
v -0.46255320 0.12298429 -0.07743454
v -0.48738220 0.12197387 -0.07743454
v -0.49516687 0.11387438 -0.07743454
v -0.46005234 0.12187970 -0.07743454
v -0.45231977 0.11387438 -0.07743454
v -0.49594632 0.10476440 -0.07743454
v -0.45094243 0.11227775 -0.07743454
v -0.44342217 0.10476440 -0.07743454
v -0.49562114 0.09565443 -0.07743454
v -0.44183245 0.10083026 -0.07743454
v -0.43672651 0.09565443 -0.07743454
v -0.49509495 0.08654451 -0.07743454
v -0.43982431 0.08654451 -0.07743454
v 0.15942407 0.08654451 -0.07410663
v 0.16853404 0.08654451 -0.07193917
v -0.48738220 0.07743454 -0.07316679
v -0.48738220 0.07795471 -0.07743454
v -0.48720583 0.07743454 -0.07743454
v -0.44183245 0.07743454 -0.07122046
v -0.44183245 0.08431256 -0.07743454
v -0.44302785 0.07743454 -0.07743454
v 0.15031421 0.07743454 -0.07465953
v 0.15942407 0.08256710 -0.07743454
v 0.15500259 0.07743454 -0.07743454
v 0.16853404 0.08491433 -0.07743454
v 0.17764401 0.07743454 -0.07727164
v 0.17722940 0.07743454 -0.07743454
v 0.18675399 0.08087242 -0.07743454
v 0.17897964 0.07743454 -0.07743454
v 0.19003785 0.07743454 -0.07743454
v -0.48094621 0.06832457 -0.07743454
v -0.46005234 0.06832457 -0.07585162
v -0.46005234 0.06885654 -0.07743454
v -0.46601072 0.06832457 -0.07743454
v -0.45094243 0.06966019 -0.07743454
v 0.15031421 0.06988347 -0.07743454
v 0.14896452 0.06832457 -0.07743454
v 0.17764401 0.07725853 -0.07743454
v 0.19586384 0.06832457 -0.07092774
v 0.19426429 0.06832457 -0.07743454
v -0.47827226 0.06566381 -0.07743454
v -0.46916229 0.06576681 -0.07743454
v 0.14792752 0.05921465 -0.07743454
v 0.19586384 0.06288761 -0.07743454
v 0.19928300 0.05921465 -0.07743454
v 0.15031421 0.05010468 -0.07686955
v 0.15031421 0.05450571 -0.07743454
v 0.15263462 0.05010468 -0.07743454
v 0.19888866 0.05010468 -0.07743454
v 0.15942407 0.04099476 -0.07610774
v 0.15942407 0.04215968 -0.07743454
v 0.16087818 0.04099476 -0.07743454
v 0.19586384 0.04099476 -0.07135296
v 0.20497382 0.04099476 -0.07541007
v 0.20497382 0.04279989 -0.07743454
v 0.20675504 0.04099476 -0.07743454
v 0.15031421 0.03628355 -0.07743454
v 0.14648664 0.03188485 -0.07743454
v 0.15942407 0.04052895 -0.07743454
v 0.20497382 0.03875589 -0.07743454
v 0.20271599 0.03188485 -0.07743454
v 0.14120424 0.02277488 -0.07510030
v 0.14168227 0.02277488 -0.07743454
v 0.20497382 0.02277488 -0.07602686
v 0.20450306 0.02277488 -0.07743454
v 0.14120424 0.01971161 -0.07743454
v 0.13605261 0.01366490 -0.07743454
v 0.20497382 0.02151424 -0.07743454
v 0.21408367 0.01366490 -0.07111633
v 0.21147525 0.01366490 -0.07743454
v 0.13507426 0.00455499 -0.07743454
v 0.19586384 0.00455499 -0.07716417
v 0.19586384 0.00512552 -0.07743454
v 0.19566023 0.00455499 -0.07743454
v 0.20497382 0.00455499 -0.07286882
v 0.20497382 0.00670636 -0.07743454
v 0.13395309 -0.00455493 -0.07743454
v 0.19389379 -0.00455493 -0.07743454
v 0.13390541 -0.01366490 -0.07743454
v 0.19586384 -0.01366490 -0.07305199
v 0.19586384 -0.01041448 -0.07743454
v 0.19856906 -0.01366490 -0.07743454
v 0.13280046 -0.02277488 -0.07743454
v 0.18675399 -0.02277488 -0.06866676
v 0.19586384 -0.02277488 -0.07442588
v 0.19586384 -0.01743722 -0.07743454
v 0.19338572 -0.02277488 -0.07743454
v 0.20497382 -0.02277488 -0.07403642
v 0.13209426 -0.03188485 -0.07166564
v 0.13249981 -0.03188485 -0.07743454
v 0.18675399 -0.03188485 -0.07643163
v 0.18675399 -0.03064889 -0.07743454
v 0.18602407 -0.03188485 -0.07743454
v 0.19586384 -0.02384174 -0.07743454
v 0.18723464 -0.03188485 -0.07743454
v 0.20497382 -0.02506256 -0.07743454
v 0.21139109 -0.03188485 -0.07743454
v 0.13209426 -0.04099482 -0.07063884
v 0.13248277 -0.04099482 -0.07743454
v 0.18675399 -0.03332567 -0.07743454
v 0.21282887 -0.04099482 -0.07743454
v 0.13329768 -0.05010474 -0.07743454
v 0.18675399 -0.05010474 -0.07690096
v 0.18675399 -0.04883313 -0.07743454
v 0.18602681 -0.05010474 -0.07743454
v 0.18728828 -0.05010474 -0.07743454
v 0.20497382 -0.05010474 -0.07691664
v 0.20497382 -0.04915857 -0.07743454
v 0.20337343 -0.05010474 -0.07743454
v 0.14120424 -0.05921459 -0.07552606
v 0.14120424 -0.05873716 -0.07743454
v 0.14203215 -0.05921459 -0.07743454
v 0.18551421 -0.05921459 -0.07743454
v 0.19586384 -0.05921459 -0.07252991
v 0.19586384 -0.05733061 -0.07743454
v 0.15031421 -0.06832457 -0.07549584
v 0.15031421 -0.06718439 -0.07743454
v 0.15942407 -0.06832457 -0.07283515
v 0.15942407 -0.06533849 -0.07743454
v 0.16853404 -0.06832457 -0.07263255
v 0.16575480 -0.06832457 -0.07743454
v 0.17764401 -0.06832457 -0.06839395
v 0.18659365 -0.06832457 -0.07743454
v -0.47827226 -0.07105947 -0.07743454
v -0.48472145 -0.07743454 -0.07743454
v -0.46916229 -0.07094955 -0.07743454
v -0.46005234 -0.07414657 -0.07743454
v -0.45669550 -0.07743454 -0.07743454
v 0.15031421 -0.07743454 -0.07461005
v 0.15942407 -0.07743454 -0.07476425
v 0.16853404 -0.07743454 -0.06996077
v 0.16853404 -0.07119930 -0.07743454
v 0.17764401 -0.07743454 -0.07691628
v 0.17723918 -0.07743454 -0.07743454
v 0.17792976 -0.07743454 -0.07743454
v -0.48723617 -0.08654451 -0.07743454
v -0.45094243 -0.07836133 -0.07743454
v -0.44183245 -0.08654451 -0.07264292
v -0.44278249 -0.08654451 -0.07743454
v 0.15031421 -0.08654451 -0.07352847
v 0.15942407 -0.08654451 -0.07354712
v 0.16853404 -0.08654451 -0.07383484
v 0.17764401 -0.08654451 -0.07434487
v 0.17764401 -0.07774538 -0.07743454
v -0.48738220 -0.08715570 -0.07743454
v -0.49502665 -0.09565449 -0.07743454
v -0.44183245 -0.09565449 -0.07732046
v -0.44191200 -0.09565449 -0.07743454
v -0.49546850 -0.10476446 -0.07743454
v -0.44183245 -0.09588921 -0.07743454
v -0.43471390 -0.10476446 -0.07743454
v -0.49479198 -0.11387432 -0.07743454
v -0.44183245 -0.11224872 -0.07743454
v -0.44276738 -0.11387432 -0.07743454
v -0.48738220 -0.12240058 -0.07743454
v -0.48730838 -0.12298429 -0.07743454
v -0.45094243 -0.12209690 -0.07743454
v -0.45222297 -0.12298429 -0.07743454
v -0.48443964 -0.13209426 -0.07743454
v -0.46005234 -0.13069272 -0.07743454
v -0.46284312 -0.13209426 -0.07743454
v -0.47827226 -0.13804853 -0.07743454
v -0.46916229 -0.13801634 -0.07743454
v -0.47827226 0.13200682 -0.08654451
v -0.48734471 0.12298429 -0.08654451
v -0.46916229 0.13010943 -0.08654451
v -0.46221709 0.12298429 -0.08654451
v -0.48738220 0.12295085 -0.08654451
v -0.49578249 0.11387438 -0.08654451
v -0.46005234 0.12045360 -0.08654451
v -0.45369381 0.11387438 -0.08654451
v -0.49611902 0.10476440 -0.08654451
v -0.45094243 0.10825104 -0.08654451
v -0.44746238 0.10476440 -0.08654451
v -0.49589059 0.09565443 -0.08654451
v -0.44183245 0.09565443 -0.08256060
v -0.44278017 0.09565443 -0.08654451
v -0.49459466 0.08654451 -0.08654451
v -0.44183245 0.08654451 -0.07945019
v -0.44377580 0.08654451 -0.08654451
v -0.48738220 0.07925493 -0.08654451
v -0.48670295 0.07743454 -0.08654451
v -0.45094243 0.07743454 -0.08550024
v -0.45094243 0.07897502 -0.08654451
v -0.45322630 0.07743454 -0.08654451
v 0.15942407 0.07743454 -0.08159631
v 0.16853404 0.07743454 -0.08440775
v 0.18675399 0.07743454 -0.08090723
v -0.47827226 0.06832457 -0.08079189
v -0.47827226 0.06889600 -0.08654451
v -0.46916229 0.06832457 -0.08010721
v -0.46916229 0.06939596 -0.08654451
v -0.46005234 0.07113749 -0.08654451
v 0.15031421 0.06832457 -0.07878304
v 0.15942407 0.06832457 -0.08587110
v 0.16853404 0.07262594 -0.08654451
v 0.16292298 0.06832457 -0.08654451
v 0.17764401 0.06832457 -0.08575827
v 0.17350113 0.06832457 -0.08654451
v 0.18675399 0.06832457 -0.08637518
v 0.15031421 0.05921465 -0.07982856
v 0.15942407 0.05921465 -0.08646965
v 0.15989304 0.05921465 -0.08654451
v 0.17764401 0.05921465 -0.08649039
v 0.17733526 0.05921465 -0.08654451
v 0.18675399 0.06480777 -0.08654451
v 0.17889762 0.05921465 -0.08654451
v 0.19586384 0.05921465 -0.08106852
v 0.18786490 0.05921465 -0.08654451
v 0.15942407 0.05010468 -0.08313024
v 0.16762781 0.05010468 -0.08654451
v 0.17764401 0.05915391 -0.08654451
v 0.19586384 0.05010468 -0.08114654
v 0.18938613 0.05010468 -0.08654451
v 0.16038227 0.04099476 -0.08654451
v 0.19586384 0.04954344 -0.08654451
v 0.20497382 0.04569101 -0.08654451
v 0.20964956 0.04099476 -0.08654451
v 0.15031421 0.03188485 -0.08142322
v 0.15942407 0.03188485 -0.08570516
v 0.16092014 0.03188485 -0.08654451
v 0.19586384 0.03188485 -0.08652544
v 0.19586384 0.03188878 -0.08654451
v 0.19585133 0.03188485 -0.08654451
v 0.20497382 0.03611988 -0.08654451
v 0.15031421 0.02277488 -0.08652347
v 0.15942407 0.03100216 -0.08654451
v 0.15041304 0.02277488 -0.08654451
v 0.19586384 0.03184074 -0.08654451
v 0.20037627 0.02277488 -0.08654451
v 0.14120424 0.01366490 -0.08278435
v 0.15031421 0.02273703 -0.08654451
v 0.14231646 0.01366490 -0.08654451
v 0.20497382 0.01366490 -0.08451623
v 0.19638216 0.01366490 -0.08654451
v 0.14120424 0.00455499 -0.08435702
v 0.14256680 0.00455499 -0.08654451
v 0.19586384 0.01328468 -0.08654451
v 0.19137645 0.00455499 -0.08654451
v 0.14120424 -0.00088197 -0.08654451
v 0.13844895 -0.00455493 -0.08654451
v 0.19552195 -0.00455493 -0.08654451
v 0.13726878 -0.01366490 -0.08654451
v 0.19586384 -0.00814003 -0.08654451
v 0.19971097 -0.01366490 -0.08654451
v 0.13509917 -0.02277488 -0.08654451
v 0.19586384 -0.01781887 -0.08654451
v 0.19511449 -0.02277488 -0.08654451
v 0.13386035 -0.03188485 -0.08654451
v 0.18675399 -0.03188485 -0.08251458
v 0.19586384 -0.03188485 -0.08528274
v 0.18871832 -0.03188485 -0.08654451
v 0.20497382 -0.03188485 -0.08389956
v 0.13418198 -0.04099482 -0.08654451
v 0.18675399 -0.04099482 -0.08293039
v 0.18675399 -0.03356797 -0.08654451
v 0.17977011 -0.04099482 -0.08654451
v 0.19586384 -0.03576738 -0.08654451
v 0.19107151 -0.04099482 -0.08654451
v 0.20497382 -0.04099482 -0.08531415
v 0.20036483 -0.04099482 -0.08654451
v 0.14120424 -0.05010474 -0.08621949
v 0.14120424 -0.04949927 -0.08654451
v 0.14157152 -0.05010474 -0.08654451
v 0.18577480 -0.05010474 -0.08654451
v 0.19586384 -0.05010474 -0.08461010
v 0.19586384 -0.04563892 -0.08654451
v 0.15031421 -0.05921459 -0.08620578
v 0.15031421 -0.05899882 -0.08654451
v 0.15942407 -0.05921459 -0.08477706
v 0.15942407 -0.05824399 -0.08654451
v 0.16203380 -0.05921459 -0.08654451
v 0.18675399 -0.05921459 -0.07894897
v 0.18675399 -0.05099535 -0.08654451
v 0.19380879 -0.05921459 -0.08654451
v 0.16063082 -0.06832457 -0.08654451
v 0.18675399 -0.06832457 -0.07775831
v 0.19464707 -0.06832457 -0.08654451
v -0.47827226 -0.07137692 -0.08654451
v -0.48438618 -0.07743454 -0.08654451
v -0.46916229 -0.07256496 -0.08654451
v -0.46005234 -0.07743454 -0.08128774
v -0.46371886 -0.07743454 -0.08654451
v 0.16853404 -0.07664841 -0.08654451
v 0.16988730 -0.07743454 -0.08654451
v 0.18675399 -0.07627702 -0.08654451
v 0.18462861 -0.07743454 -0.08654451
v -0.48724028 -0.08654451 -0.08654451
v -0.46005234 -0.07844800 -0.08654451
v -0.45094243 -0.08297569 -0.08654451
v -0.44737160 -0.08654451 -0.08654451
v 0.17764401 -0.08437443 -0.08654451
v -0.48738220 -0.08710796 -0.08654451
v -0.49533838 -0.09565449 -0.08654451
v -0.44349417 -0.09565449 -0.08654451
v -0.49577516 -0.10476446 -0.08654451
v -0.44183245 -0.10476446 -0.08470839
v -0.44258499 -0.10476446 -0.08654451
v -0.49537948 -0.11387432 -0.08654451
v -0.44316345 -0.11387432 -0.08654451
v -0.48738220 -0.12298429 -0.08140063
v -0.48969248 -0.12298429 -0.08654451
v -0.45094243 -0.12170517 -0.08654451
v -0.45313418 -0.12298429 -0.08654451
v -0.48738220 -0.12541986 -0.08654451
v -0.48575792 -0.13209426 -0.08654451
v -0.46005234 -0.13013947 -0.08654451
v -0.46227041 -0.13209426 -0.08654451
v -0.47827226 -0.13942969 -0.08654451
v -0.46916229 -0.13866937 -0.08654451
v -0.47827226 0.13209426 -0.08736593
v -0.47827226 0.13622779 -0.09565449
v -0.48258728 0.13209426 -0.09565449
v -0.47296032 0.13209426 -0.09565449
v -0.48738220 0.12298429 -0.08712345
v -0.48738220 0.12625664 -0.09565449
v -0.49088186 0.12298429 -0.09565449
v -0.46916229 0.13068753 -0.09565449
v -0.46193841 0.12298429 -0.09565449
v -0.49602997 0.11387438 -0.09565449
v -0.46005234 0.12042701 -0.09565449
v -0.45386666 0.11387438 -0.09565449
v -0.49619082 0.10476440 -0.09565449
v -0.45094243 0.10476440 -0.09326422
v -0.45110378 0.10476440 -0.09565449
v -0.49596998 0.09565443 -0.09565449
v -0.45094243 0.10363340 -0.09565449
v -0.44540641 0.09565443 -0.09565449
v -0.49393737 0.08654451 -0.09565449
v -0.45094243 0.08654451 -0.09396344
v -0.45094243 0.08973747 -0.09565449
v -0.45260698 0.08654451 -0.09565449
v -0.48738220 0.08001667 -0.09565449
v -0.48547667 0.07743454 -0.09565449
v -0.46005234 0.07743454 -0.09321630
v -0.46005234 0.07906514 -0.09565449
v -0.46319807 0.07743454 -0.09565449
v -0.47827226 0.07024384 -0.09565449
v -0.46916229 0.07188714 -0.09565449
v 0.16853404 0.06832457 -0.08981216
v 0.16853404 0.05921465 -0.09008026
v 0.18675399 0.05921465 -0.08769149
v 0.16853404 0.05010468 -0.08755195
v 0.17764401 0.05755496 -0.09565449
v 0.16987896 0.05010468 -0.09565449
v 0.18675399 0.05608523 -0.09565449
v 0.19321263 0.05010468 -0.09565449
v 0.16853404 0.04838747 -0.09565449
v 0.16177380 0.04099476 -0.09565449
v 0.19586384 0.04924667 -0.09565449
v 0.20497382 0.04099476 -0.09175980
v 0.20401084 0.04099476 -0.09565449
v 0.16460180 0.03188485 -0.09565449
v 0.19586384 0.03188485 -0.08669949
v 0.19787741 0.03188485 -0.09565449
v 0.15942407 0.02277488 -0.09351480
v 0.16758871 0.02277488 -0.09565449
v 0.19586384 0.02277488 -0.09161085
v 0.19586384 0.02951390 -0.09565449
v 0.19191539 0.02277488 -0.09565449
v 0.15031421 0.01366490 -0.09453273
v 0.15942407 0.01366490 -0.09527034
v 0.16397977 0.01366490 -0.09565449
v 0.17764401 0.01366490 -0.09355289
v 0.17764401 0.01765376 -0.09565449
v 0.17273593 0.01366490 -0.09565449
v 0.18325984 0.01366490 -0.09565449
v 0.19586384 0.01366490 -0.08695406
v 0.18934858 0.01366490 -0.09565449
v 0.15031421 0.00455499 -0.09400082
v 0.15942407 0.00455499 -0.09550309
v 0.16051567 0.00455499 -0.09565449
v 0.17764401 0.01150829 -0.09565449
v 0.18675399 0.00455499 -0.09281236
v 0.18675399 0.00964761 -0.09565449
v 0.18496335 0.00455499 -0.09565449
v 0.14120424 -0.00455493 -0.08931601
v 0.15031421 -0.00025845 -0.09565449
v 0.14647460 -0.00455493 -0.09565449
v 0.15942407 0.00406569 -0.09565449
v 0.18675399 0.00434333 -0.09565449
v 0.19557822 -0.00455493 -0.09565449
v 0.14120424 -0.01366490 -0.09048778
v 0.14926279 -0.01366490 -0.09565449
v 0.19586384 -0.01353496 -0.09565449
v 0.19594526 -0.01366490 -0.09565449
v 0.14120424 -0.02277488 -0.09267890
v 0.14648557 -0.02277488 -0.09565449
v 0.19586384 -0.01375294 -0.09565449
v 0.19547236 -0.02277488 -0.09565449
v 0.14120424 -0.03188485 -0.09391910
v 0.14608431 -0.03188485 -0.09565449
v 0.19280159 -0.03188485 -0.09565449
v 0.14120424 -0.04099482 -0.09359276
v 0.14427233 -0.04099482 -0.09565449
v 0.16853404 -0.04099482 -0.09334201
v 0.16853404 -0.03315490 -0.09565449
v 0.16605926 -0.04099482 -0.09565449
v 0.17764401 -0.04099482 -0.09113210
v 0.17764401 -0.04041660 -0.09565449
v 0.18675399 -0.03820264 -0.09565449
v 0.19586384 -0.04099482 -0.09099883
v 0.15031421 -0.05010474 -0.09515917
v 0.15031421 -0.04878718 -0.09565449
v 0.15942407 -0.05010474 -0.09511995
v 0.15942407 -0.04900384 -0.09565449
v 0.16853404 -0.05010474 -0.09282249
v 0.17764401 -0.04144037 -0.09565449
v 0.16897631 -0.05010474 -0.09565449
v 0.18675399 -0.05010474 -0.08775783
v 0.18675399 -0.04340100 -0.09565449
v 0.19318700 -0.05010474 -0.09565449
v 0.16853404 -0.05158824 -0.09565449
v 0.16322792 -0.05921459 -0.09565449
v 0.19487488 -0.05921459 -0.09565449
v 0.16232204 -0.06832457 -0.09565449
v 0.19269025 -0.06832457 -0.09565449
v -0.47827226 -0.07375425 -0.09565449
v -0.48200893 -0.07743454 -0.09565449
v -0.46916229 -0.07743454 -0.09563655
v -0.46919277 -0.07743454 -0.09565449
v 0.16853404 -0.07458019 -0.09565449
v 0.17764401 -0.07743454 -0.09429097
v 0.17764401 -0.07695818 -0.09565449
v 0.18675399 -0.07431906 -0.09565449
v -0.48707622 -0.08654451 -0.09565449
v -0.46916229 -0.07743734 -0.09565449
v -0.46005234 -0.08226818 -0.09565449
v -0.45094243 -0.08654451 -0.09010506
v -0.45585558 -0.08654451 -0.09565449
v -0.48738220 -0.08718389 -0.09565449
v -0.49553764 -0.09565449 -0.09565449
v -0.45094243 -0.09565449 -0.09413248
v -0.45295116 -0.09565449 -0.09565449
v -0.49596792 -0.10476446 -0.09565449
v -0.45094243 -0.10476446 -0.09562367
v -0.45096400 -0.10476446 -0.09565449
v -0.49570498 -0.11387432 -0.09565449
v -0.45094243 -0.10493112 -0.09565449
v -0.44506434 -0.11387432 -0.09565449
v -0.49218372 -0.12298429 -0.09565449
v -0.45094243 -0.12014544 -0.09565449
v -0.45156804 -0.12298429 -0.09565449
v -0.48738220 -0.12804157 -0.09565449
v -0.48592839 -0.13209426 -0.09565449
v -0.46005234 -0.13141501 -0.09565449
v -0.46254203 -0.13209426 -0.09565449
v -0.47827226 -0.13958836 -0.09565449
v -0.46916229 -0.13857365 -0.09565449
v -0.47827226 0.13878393 -0.10476446
v -0.48517287 0.13209426 -0.10476446
v -0.46980470 0.13209426 -0.10476446
v -0.48738220 0.12787873 -0.10476446
v -0.49244893 0.12298429 -0.10476446
v -0.46916229 0.13188082 -0.10476446
v -0.46078536 0.12298429 -0.10476446
v -0.49612466 0.11387438 -0.10476446
v -0.46005234 0.12141353 -0.10476446
v -0.45292318 0.11387438 -0.10476446
v -0.49615255 0.10476440 -0.10476446
v -0.45191112 0.10476440 -0.10476446
v -0.49568489 0.09565443 -0.10476446
v -0.45094243 0.09565443 -0.10134184
v -0.45207119 0.09565443 -0.10476446
v -0.48758626 0.08654451 -0.10476446
v -0.45510167 0.08654451 -0.10476446
v -0.48738220 0.08634466 -0.10476446
v -0.48363858 0.07743454 -0.10476446
v -0.46005234 0.08158213 -0.10476446
v -0.46843910 0.07743454 -0.10476446
v -0.47827226 0.07213038 -0.10476446
v -0.46916229 0.07671583 -0.10476446
v 0.17764401 0.05010468 -0.10251474
v 0.18675399 0.05010468 -0.10145634
v 0.16853404 0.04099476 -0.10209584
v 0.17764401 0.04099476 -0.10409343
v 0.18675399 0.04099476 -0.10442829
v 0.19586384 0.04099476 -0.10371196
v 0.16853404 0.03188485 -0.09940863
v 0.17764401 0.03188485 -0.10404295
v 0.18675399 0.03188485 -0.10390425
v 0.19586384 0.03188485 -0.09766328
v 0.16853404 0.02277488 -0.09641975
v 0.17764401 0.02277488 -0.09972590
v 0.18675399 0.02911848 -0.10476446
v 0.18064666 0.02277488 -0.10476446
v 0.19321918 0.02277488 -0.10476446
v 0.16853404 0.01366490 -0.09871233
v 0.17976725 0.01366490 -0.10476446
v 0.19339204 0.01366490 -0.10476446
v 0.16853404 0.00455499 -0.09882879
v 0.17764401 0.00455499 -0.10175389
v 0.18675399 0.00703180 -0.10476446
v 0.15031421 -0.00455493 -0.09957343
v 0.15942407 -0.00455493 -0.10078180
v 0.16853404 -0.00455493 -0.09898800
v 0.17764401 -0.00455493 -0.10401428
v 0.18675399 -0.00455493 -0.10432345
v 0.15031421 -0.01366490 -0.09667748
v 0.15942407 -0.01366490 -0.10268676
v 0.16853404 -0.01366490 -0.10372257
v 0.17764401 -0.01366490 -0.10437596
v 0.18675399 -0.01366490 -0.10461593
v 0.19586384 -0.01366490 -0.09573478
v 0.15031421 -0.02277488 -0.09944576
v 0.15942407 -0.02277488 -0.10258514
v 0.16853404 -0.02277488 -0.10157579
v 0.17764401 -0.02277488 -0.10415184
v 0.18675399 -0.02277488 -0.10435891
v 0.15031421 -0.03188485 -0.09986001
v 0.15942407 -0.03188485 -0.10223657
v 0.16853404 -0.03188485 -0.09633356
v 0.17764401 -0.03188485 -0.10287058
v 0.18675399 -0.03188485 -0.10173345
v 0.15031421 -0.04099482 -0.10169071
v 0.15942407 -0.04099482 -0.10089922
v 0.17764401 -0.05010474 -0.10332566
v 0.18675399 -0.05010474 -0.10213745
v 0.16853404 -0.05921459 -0.10091406
v 0.17764401 -0.05921459 -0.10417879
v 0.18675399 -0.05921459 -0.10380560
v 0.16853404 -0.06832457 -0.10191464
v 0.17764401 -0.06832457 -0.10396981
v 0.18675399 -0.06832457 -0.10164654
v -0.47827226 -0.07743454 -0.10212374
v -0.47827226 -0.07762724 -0.10476446
v -0.48678860 -0.08654451 -0.10476446
v -0.46916229 -0.07841450 -0.10476446
v -0.46005234 -0.08390898 -0.10476446
v -0.45742291 -0.08654451 -0.10476446
v -0.48738220 -0.08803141 -0.10476446
v -0.49511296 -0.09565449 -0.10476446
v -0.45261022 -0.09565449 -0.10476446
v -0.49550059 -0.10476446 -0.10476446
v -0.45094544 -0.10476446 -0.10476446
v -0.49445510 -0.11387432 -0.10476446
v -0.45094243 -0.11387432 -0.10293663
v -0.45133534 -0.11387432 -0.10476446
v -0.48738220 -0.12298429 -0.10290819
v -0.48738220 -0.12227672 -0.10476446
v -0.48735300 -0.12298429 -0.10476446
v -0.45335287 -0.12298429 -0.10476446
v -0.48657653 -0.13209426 -0.10476446
v -0.46005234 -0.12991196 -0.10476446
v -0.46134287 -0.13209426 -0.10476446
v -0.47827226 -0.14033508 -0.10476446
v -0.46916229 -0.13978672 -0.10476446
v -0.47827226 0.13929617 -0.11387432
v -0.48558927 0.13209426 -0.11387432
v -0.46916229 0.13209426 -0.10928679
v -0.46916229 0.13367260 -0.11387432
v -0.46756741 0.13209426 -0.11387432
v -0.48738220 0.12768811 -0.11387432
v -0.49222112 0.12298429 -0.11387432
v -0.46054098 0.12298429 -0.11387432
v -0.49592841 0.11387438 -0.11387432
v -0.46005234 0.12085646 -0.11387432
v -0.45376757 0.11387438 -0.11387432
v -0.49578118 0.10476440 -0.11387432
v -0.45291570 0.10476440 -0.11387432
v -0.49444824 0.09565443 -0.11387432
v -0.45350528 0.09565443 -0.11387432
v -0.48738220 0.08654451 -0.10498309
v -0.48738220 0.08856362 -0.11387432
v -0.48656633 0.08654451 -0.11387432
v -0.46005234 0.08654451 -0.11127621
v -0.46005234 0.08797795 -0.11387432
v -0.46098897 0.08654451 -0.11387432
v -0.47827226 0.07743454 -0.11071420
v -0.47827226 0.07812601 -0.11387432
v -0.46916229 0.07743454 -0.10551935
v -0.46916229 0.07913268 -0.11387432
v 0.18675399 0.02277488 -0.11063331
v 0.18675399 0.01366490 -0.11134768
v -0.47827226 -0.07898879 -0.11387432
v -0.48582801 -0.08654451 -0.11387432
v -0.46916229 -0.07997811 -0.11387432
v -0.46005234 -0.08654451 -0.10817689
v -0.46196020 -0.08654451 -0.11387432
v -0.48738220 -0.09119684 -0.11387432
v -0.49208671 -0.09565449 -0.11387432
v -0.46005234 -0.08926642 -0.11387432
v -0.45444617 -0.09565449 -0.11387432
v -0.49277601 -0.10476446 -0.11387432
v -0.45226830 -0.10476446 -0.11387432
v -0.48738220 -0.11387432 -0.11338139
v -0.48738220 -0.11277080 -0.11387432
v -0.48735148 -0.11387432 -0.11387432
v -0.45224443 -0.11387432 -0.11387432
v -0.48720855 -0.12298429 -0.11387432
v -0.45429575 -0.12298429 -0.11387432
v -0.48555583 -0.13209426 -0.11387432
v -0.46005234 -0.12883800 -0.11387432
v -0.46175084 -0.13209426 -0.11387432
v -0.47827226 -0.13924146 -0.11387432
v -0.46916229 -0.13944101 -0.11387432
v -0.47827226 0.13789690 -0.12298429
v -0.48419392 0.13209426 -0.12298429
v -0.46916229 0.13209426 -0.11869931
v -0.47003996 0.13209426 -0.12298429
v -0.48738220 0.12298429 -0.12231970
v -0.48735514 0.12298429 -0.12298429
v -0.46916229 0.13189816 -0.12298429
v -0.46094829 0.12298429 -0.12298429
v -0.48738220 0.12280065 -0.12298429
v -0.49475420 0.11387438 -0.12298429
v -0.46005234 0.11396360 -0.12298429
v -0.45996648 0.11387438 -0.12298429
v -0.49430233 0.10476440 -0.12298429
v -0.45610297 0.10476440 -0.12298429
v -0.48911765 0.09565443 -0.12298429
v -0.46005234 0.09565443 -0.12285715
v -0.46005234 0.09607422 -0.12298429
v -0.46009555 0.09565443 -0.12298429
v -0.48738220 0.09398276 -0.12298429
v -0.48420742 0.08654451 -0.12298429
v -0.46745601 0.08654451 -0.12298429
v -0.47827226 0.08068061 -0.12298429
v -0.46916229 0.08485985 -0.12298429
v -0.47827226 -0.08283579 -0.12298429
v -0.48203772 -0.08654451 -0.12298429
v -0.46916229 -0.08620113 -0.12298429
v -0.46881589 -0.08654451 -0.12298429
v -0.48738220 -0.09565449 -0.11937720
v -0.48691159 -0.09565449 -0.12298429
v -0.46005234 -0.09565449 -0.12258750
v -0.46017483 -0.09565449 -0.12298429
v -0.48738220 -0.10476446 -0.11988920
v -0.48707086 -0.10476446 -0.12298429
v -0.46005234 -0.09607548 -0.12298429
v -0.45457625 -0.10476446 -0.12298429
v -0.48697981 -0.11387432 -0.12298429
v -0.45432615 -0.11387432 -0.12298429
v -0.48678601 -0.12298429 -0.12298429
v -0.46005234 -0.12298429 -0.12214607
v -0.46005234 -0.12213206 -0.12298429
v -0.46021092 -0.12298429 -0.12298429
v -0.47827226 -0.13209426 -0.12248272
v -0.47827226 -0.13195217 -0.12298429
v -0.47348416 -0.13209426 -0.12298429
v -0.46770957 -0.13209426 -0.12298429
v -0.46916229 -0.13354170 -0.12298429
v -0.47827226 0.13209426 -0.13064504
v -0.47827226 0.13189805 -0.13209426
v -0.48686582 0.12298429 -0.13209426
v -0.46916229 0.12942040 -0.13209426
v -0.46292216 0.12298429 -0.13209426
v -0.48738220 0.11387438 -0.13074517
v -0.48710167 0.11387438 -0.13209426
v -0.46005234 0.11387438 -0.12306726
v -0.46134582 0.11387438 -0.13209426
v -0.48738220 0.10476440 -0.13078558
v -0.48713076 0.10476440 -0.13209426
v -0.46005234 0.10476440 -0.12693602
v -0.46147972 0.10476440 -0.13209426
v -0.48738220 0.09565443 -0.12475193
v -0.48649544 0.09565443 -0.13209426
v -0.46288311 0.09565443 -0.13209426
v -0.47827226 0.08654451 -0.12945998
v -0.47827226 0.08728021 -0.13209426
v -0.46916229 0.08654451 -0.12468725
v -0.46916229 0.08938164 -0.13209426
v -0.47827226 -0.08654451 -0.12711245
v -0.46916229 -0.08654451 -0.12333399
v -0.47827226 -0.08825999 -0.13209426
v -0.48546860 -0.09565449 -0.13209426
v -0.46916229 -0.09232908 -0.13209426
v -0.46584561 -0.09565449 -0.13209426
v -0.48629928 -0.10476446 -0.13209426
v -0.46005234 -0.10476446 -0.12876147
v -0.46214795 -0.10476446 -0.13209426
v -0.48587129 -0.11387432 -0.13209426
v -0.46005234 -0.11387432 -0.12892801
v -0.46179163 -0.11387432 -0.13209426
v -0.48342904 -0.12298429 -0.13209426
v -0.46343422 -0.12298429 -0.13209426
v -0.47827226 -0.12799525 -0.13209426
v -0.46916229 -0.13209426 -0.12448466
v -0.46916229 -0.12879050 -0.13209426
v -0.47827226 0.12851119 -0.14120424
v -0.48388442 0.12298429 -0.14120424
v -0.46916229 0.12298429 -0.13881683
v -0.47224867 0.12298429 -0.14120424
v -0.48571476 0.11387438 -0.14120424
v -0.46916229 0.11387438 -0.14076161
v -0.46978989 0.11387438 -0.14120424
v -0.48543328 0.10476440 -0.14120424
v -0.46916229 0.10476440 -0.14065874
v -0.46997961 0.10476440 -0.14120424
v -0.48215300 0.09565443 -0.14120424
v -0.46916229 0.09565443 -0.13873780
v -0.47403842 0.09565443 -0.14120424
v -0.47827226 0.09188479 -0.14120424
v -0.47827226 -0.09565449 -0.14031458
v -0.46916229 -0.09565449 -0.13554060
v -0.47827226 -0.10476446 -0.14100242
v -0.46916229 -0.10476446 -0.13930964
v -0.47827226 -0.11387432 -0.14006233
v -0.46916229 -0.11387432 -0.13977635
v -0.47827226 -0.12298429 -0.13713729
v -0.46916229 -0.12298429 -0.13797736
v -0.47827226 0.12298429 -0.14681220
v -0.47827226 0.11387438 -0.14884698
v -0.47827226 0.10476440 -0.14847910
v -0.47827226 0.09565443 -0.14500093
f 3 2 1
f 2 4 1
f 7 6 5
f 6 3 1
f 6 1 5
f 5 1 8
f 4 10 9
f 4 9 1
f 1 9 8
f 10 12 11
f 9 10 11
f 12 13 11
f 16 15 14
f 15 18 17
f 14 15 17
f 18 20 19
f 17 18 19
f 20 21 19
f 23 7 5
f 22 23 5
f 5 8 22
f 8 24 22
f 25 26 24
f 25 24 9
f 9 24 8
f 9 11 27
f 25 9 27
f 11 13 27
f 29 16 14
f 28 29 14
f 14 17 28
f 17 30 28
f 17 19 30
f 19 31 30
f 21 33 32
f 21 32 19
f 19 32 31
f 33 34 32
f 37 36 35
f 36 38 35
f 40 23 22
f 39 40 22
f 22 24 39
f 24 41 39
f 26 42 41
f 24 26 41
f 45 44 43
f 44 47 46
f 43 44 46
f 47 48 46
f 51 50 49
f 50 29 28
f 50 28 49
f 49 28 52
f 28 30 52
f 30 53 52
f 30 31 53
f 31 54 53
f 31 32 54
f 32 55 54
f 34 56 55
f 32 34 55
f 58 37 35
f 57 58 35
f 38 59 57
f 35 38 57
f 61 40 39
f 60 61 39
f 39 41 60
f 41 62 60
f 42 63 62
f 41 42 62
f 65 45 43
f 64 65 43
f 43 46 64
f 46 66 64
f 48 68 67
f 48 67 46
f 46 67 66
f 68 69 67
f 51 49 70
f 72 70 49
f 72 49 71
f 71 49 52
f 52 53 71
f 53 73 71
f 53 54 73
f 54 74 73
f 54 55 74
f 55 75 74
f 56 76 75
f 55 56 75
f 78 58 57
f 77 78 57
f 59 79 77
f 57 59 77
f 81 61 60
f 80 81 60
f 60 62 80
f 62 82 80
f 63 83 82
f 62 63 82
f 85 65 64
f 84 85 64
f 64 66 84
f 66 86 84
f 87 88 86
f 87 86 67
f 67 86 66
f 67 69 87
f 90 72 71
f 89 90 71
f 71 73 89
f 73 91 89
f 73 74 91
f 74 92 91
f 93 94 92
f 93 92 75
f 75 92 74
f 75 76 93
f 78 77 95
f 77 79 95
f 81 80 96
f 80 82 97
f 96 80 97
f 82 83 97
f 85 84 98
f 84 86 99
f 98 84 99
f 86 88 99
f 90 89 100
f 102 100 89
f 102 89 101
f 101 89 91
f 103 104 101
f 103 101 92
f 92 101 91
f 92 94 103
f 107 106 105
f 106 108 105
f 110 102 101
f 109 110 101
f 104 111 109
f 101 104 109
f 107 105 112
f 105 108 112
f 110 109 113
f 109 111 113
f 116 115 114
f 115 117 114
f 120 119 118
f 119 122 121
f 118 119 121
f 122 123 121
f 126 125 124
f 125 127 124
f 130 129 128
f 129 116 114
f 129 114 128
f 128 114 131
f 117 133 132
f 117 132 114
f 114 132 131
f 133 134 132
f 137 136 135
f 136 138 135
f 140 120 118
f 139 140 118
f 118 121 139
f 121 141 139
f 123 142 141
f 121 123 141
f 144 126 124
f 143 144 124
f 127 146 145
f 127 145 124
f 124 145 143
f 146 148 147
f 145 146 147
f 148 149 147
f 151 130 128
f 150 151 128
f 128 131 150
f 131 152 150
f 153 154 152
f 153 152 132
f 132 152 131
f 132 134 153
f 156 137 135
f 155 156 135
f 138 157 155
f 135 138 155
f 159 140 139
f 158 159 139
f 3 141 2
f 3 158 141
f 158 139 141
f 2 160 4
f 141 160 2
f 141 161 160
f 141 142 161
f 161 144 143
f 161 143 160
f 160 143 162
f 143 145 162
f 145 163 162
f 145 147 163
f 147 164 163
f 149 165 164
f 147 149 164
f 168 167 166
f 167 151 150
f 167 150 166
f 166 150 169
f 170 171 169
f 170 169 152
f 152 169 150
f 152 154 170
f 174 173 172
f 173 175 172
f 177 156 155
f 176 177 155
f 157 178 176
f 155 157 176
f 158 6 7
f 158 7 159
f 159 7 179
f 158 3 6
f 160 10 4
f 162 10 160
f 12 10 162
f 12 180 13
f 12 162 180
f 162 163 180
f 163 164 180
f 164 181 180
f 165 182 181
f 164 165 181
f 184 168 166
f 183 184 166
f 16 169 15
f 16 183 169
f 183 166 169
f 171 15 169
f 171 185 15
f 185 18 15
f 185 186 18
f 18 186 20
f 187 21 20
f 187 20 188
f 188 20 186
f 189 190 187
f 189 187 172
f 188 174 187
f 174 172 187
f 172 175 189
f 193 192 191
f 192 177 176
f 192 176 191
f 191 176 194
f 178 196 195
f 178 195 176
f 176 195 194
f 196 23 195
f 196 179 23
f 179 7 23
f 25 197 26
f 27 197 25
f 198 197 27
f 13 198 27
f 13 180 198
f 180 199 198
f 180 181 199
f 181 200 199
f 182 202 201
f 182 201 181
f 181 201 200
f 202 204 203
f 201 202 203
f 204 205 203
f 207 184 183
f 206 207 183
f 183 29 206
f 16 29 183
f 187 33 21
f 33 208 34
f 187 208 33
f 187 209 208
f 187 190 209
f 209 211 210
f 208 209 210
f 211 213 212
f 210 211 212
f 213 215 214
f 212 213 214
f 215 217 216
f 214 215 216
f 217 193 191
f 217 191 216
f 216 191 218
f 37 194 36
f 37 218 194
f 218 191 194
f 36 219 38
f 36 194 219
f 194 195 219
f 195 40 219
f 23 40 195
f 220 26 197
f 42 26 220
f 45 198 44
f 45 220 198
f 220 197 198
f 199 44 198
f 47 44 199
f 47 221 48
f 47 199 221
f 199 200 221
f 200 201 221
f 201 222 221
f 201 203 222
f 203 223 222
f 205 224 223
f 203 205 223
f 227 226 225
f 226 229 228
f 225 226 228
f 229 231 230
f 228 229 230
f 231 232 230
f 206 50 51
f 206 51 207
f 207 51 233
f 206 29 50
f 234 34 208
f 56 34 234
f 208 210 234
f 210 235 234
f 210 212 235
f 212 236 235
f 212 214 236
f 214 237 236
f 214 216 237
f 216 238 237
f 216 218 238
f 218 239 238
f 218 58 239
f 37 58 218
f 240 38 219
f 59 38 240
f 219 61 240
f 40 61 219
f 241 42 220
f 63 42 241
f 220 65 241
f 45 65 220
f 221 68 48
f 68 242 69
f 68 221 242
f 221 222 242
f 222 223 242
f 223 243 242
f 224 245 244
f 224 244 223
f 223 244 243
f 245 246 244
f 227 225 247
f 225 228 248
f 247 225 248
f 228 230 249
f 248 228 249
f 230 232 249
f 70 250 251
f 70 251 51
f 51 251 233
f 70 72 250
f 252 56 234
f 76 56 252
f 234 235 252
f 235 253 252
f 235 236 253
f 236 254 253
f 236 237 254
f 237 255 254
f 237 238 255
f 238 256 255
f 238 239 256
f 239 257 256
f 239 78 257
f 58 78 239
f 258 59 240
f 79 59 258
f 240 81 258
f 61 81 240
f 259 63 241
f 83 63 259
f 241 85 259
f 65 85 241
f 87 260 88
f 69 260 87
f 69 242 260
f 242 261 260
f 242 243 261
f 243 262 261
f 263 264 262
f 263 262 244
f 244 262 243
f 244 246 263
f 266 251 250
f 265 266 250
f 250 90 265
f 72 90 250
f 93 267 94
f 267 268 269
f 93 268 267
f 93 252 268
f 93 76 252
f 252 253 270
f 268 252 270
f 253 254 271
f 270 253 271
f 254 255 272
f 271 254 272
f 255 256 273
f 272 255 273
f 275 273 256
f 275 256 274
f 274 256 257
f 95 257 78
f 95 276 257
f 276 274 257
f 79 276 95
f 79 258 276
f 258 277 276
f 96 258 81
f 96 278 258
f 278 277 258
f 97 278 96
f 279 278 97
f 83 279 97
f 83 259 279
f 259 280 279
f 98 259 85
f 98 281 259
f 281 280 259
f 99 281 98
f 282 281 99
f 88 282 99
f 88 260 282
f 260 283 282
f 260 261 283
f 261 284 283
f 261 262 284
f 262 285 284
f 264 286 285
f 262 264 285
f 266 265 287
f 289 100 288
f 287 100 289
f 287 90 100
f 287 265 90
f 100 102 288
f 103 290 104
f 94 290 103
f 94 267 290
f 267 291 290
f 269 293 292
f 269 292 267
f 267 292 291
f 293 294 292
f 275 274 295
f 274 276 296
f 295 274 296
f 298 296 276
f 298 276 297
f 297 276 277
f 277 278 297
f 278 299 297
f 278 279 299
f 279 300 299
f 107 280 106
f 107 300 280
f 300 279 280
f 106 301 108
f 106 280 301
f 280 281 301
f 281 282 301
f 282 302 301
f 282 283 302
f 283 303 302
f 304 305 303
f 304 303 284
f 284 303 283
f 284 285 306
f 304 284 306
f 285 286 306
f 308 289 288
f 307 308 288
f 288 110 307
f 102 110 288
f 309 104 290
f 111 104 309
f 310 311 309
f 310 309 291
f 291 309 290
f 313 310 291
f 313 291 312
f 312 291 292
f 294 314 312
f 292 294 312
f 316 298 297
f 315 316 297
f 317 318 315
f 317 315 299
f 299 315 297
f 299 300 319
f 317 299 319
f 321 112 320
f 319 112 321
f 319 107 112
f 319 300 107
f 108 320 112
f 108 301 320
f 301 322 320
f 301 302 322
f 302 323 322
f 302 303 323
f 303 324 323
f 305 325 324
f 303 305 324
f 327 308 307
f 326 327 307
f 113 307 110
f 113 328 307
f 328 326 307
f 111 328 113
f 111 309 328
f 309 329 328
f 311 330 329
f 309 311 329
f 313 312 331
f 312 314 331
f 316 315 332
f 315 318 332
f 321 320 333
f 320 322 334
f 333 320 334
f 322 323 335
f 334 322 335
f 323 324 336
f 335 323 336
f 324 325 336
f 338 327 326
f 337 338 326
f 326 328 337
f 328 339 337
f 328 329 339
f 329 340 339
f 330 341 340
f 329 330 340
f 343 338 337
f 342 343 337
f 337 339 342
f 339 344 342
f 345 346 344
f 345 344 340
f 340 344 339
f 340 341 345
f 343 342 347
f 342 344 348
f 347 342 348
f 344 346 348
f 351 350 349
f 350 353 352
f 349 350 352
f 353 355 354
f 352 353 354
f 355 356 354
f 359 358 357
f 358 361 360
f 357 358 360
f 361 362 360
f 365 364 363
f 364 367 366
f 363 364 366
f 367 369 368
f 366 367 368
f 369 371 370
f 368 369 370
f 371 372 370
f 375 374 373
f 374 376 373
f 379 378 377
f 378 381 380
f 377 378 380
f 381 383 382
f 380 381 382
f 383 384 382
f 387 386 385
f 386 388 385
f 390 351 349
f 389 390 349
f 116 352 115
f 116 389 352
f 389 349 352
f 115 391 117
f 115 352 391
f 352 354 391
f 356 393 392
f 356 392 354
f 354 392 391
f 393 394 392
f 397 396 395
f 396 398 395
f 401 400 399
f 400 403 402
f 399 400 402
f 403 405 404
f 402 403 404
f 405 406 404
f 357 119 120
f 357 120 359
f 359 120 407
f 360 119 357
f 122 119 360
f 122 408 123
f 360 408 122
f 360 409 408
f 360 362 409
f 363 125 126
f 365 363 126
f 365 126 408
f 365 408 409
f 125 410 127
f 125 363 410
f 363 366 410
f 366 368 410
f 368 411 410
f 368 370 411
f 370 412 411
f 372 414 413
f 372 413 370
f 370 413 412
f 414 375 373
f 414 373 413
f 413 373 415
f 376 417 416
f 376 416 373
f 373 416 415
f 417 419 418
f 416 417 418
f 419 420 418
f 423 422 421
f 422 425 424
f 421 422 424
f 425 427 426
f 424 425 426
f 427 379 377
f 427 377 426
f 426 377 428
f 377 380 428
f 380 429 428
f 380 382 429
f 382 430 429
f 384 431 430
f 382 384 430
f 434 433 432
f 433 387 385
f 433 385 432
f 432 385 435
f 388 437 436
f 388 436 385
f 385 436 435
f 389 129 130
f 390 389 130
f 390 130 436
f 390 436 437
f 389 116 129
f 391 133 117
f 133 438 134
f 133 391 438
f 391 392 438
f 394 440 439
f 394 439 392
f 392 439 438
f 440 397 395
f 440 395 439
f 439 395 441
f 398 443 442
f 398 442 395
f 395 442 441
f 443 445 444
f 442 443 444
f 445 401 399
f 445 399 444
f 444 399 446
f 399 402 446
f 402 447 446
f 137 404 136
f 137 447 404
f 447 402 404
f 136 448 138
f 404 448 136
f 404 449 448
f 404 406 449
f 449 140 448
f 449 407 140
f 407 120 140
f 450 123 408
f 142 123 450
f 408 144 450
f 126 144 408
f 410 146 127
f 411 146 410
f 148 146 411
f 148 451 149
f 148 411 451
f 411 412 451
f 412 413 451
f 413 452 451
f 413 415 452
f 415 453 452
f 415 416 453
f 416 454 453
f 416 418 454
f 418 455 454
f 420 456 455
f 418 420 455
f 423 421 457
f 459 457 421
f 459 421 458
f 458 421 424
f 424 426 458
f 426 460 458
f 461 462 460
f 461 460 428
f 428 460 426
f 428 429 463
f 461 428 463
f 465 463 429
f 465 429 464
f 464 429 430
f 431 466 464
f 430 431 464
f 468 434 432
f 467 468 432
f 432 435 467
f 435 469 467
f 435 436 469
f 436 470 469
f 436 151 470
f 130 151 436
f 153 471 154
f 134 471 153
f 134 438 471
f 438 472 471
f 438 439 472
f 439 473 472
f 439 441 473
f 441 474 473
f 475 476 474
f 475 474 442
f 442 474 441
f 442 444 477
f 475 442 477
f 479 477 444
f 479 444 478
f 478 444 446
f 446 447 478
f 447 480 478
f 447 156 480
f 137 156 447
f 481 138 448
f 157 138 481
f 448 159 481
f 140 159 448
f 450 161 142
f 450 144 161
f 482 149 451
f 165 149 482
f 451 452 482
f 452 483 482
f 452 453 483
f 453 484 483
f 485 486 484
f 485 484 454
f 454 484 453
f 454 455 487
f 485 454 487
f 455 456 487
f 490 489 488
f 489 459 458
f 489 458 488
f 488 458 491
f 458 460 491
f 460 492 491
f 462 494 493
f 462 493 460
f 460 493 492
f 494 495 493
f 465 464 496
f 464 466 496
f 498 468 467
f 497 498 467
f 467 469 497
f 469 499 497
f 168 470 167
f 168 499 470
f 499 469 470
f 470 151 167
f 170 500 171
f 154 500 170
f 154 471 500
f 471 501 500
f 471 472 501
f 472 502 501
f 174 473 173
f 174 502 473
f 502 472 473
f 173 503 175
f 173 473 503
f 473 474 503
f 476 504 503
f 474 476 503
f 479 478 505
f 507 505 478
f 507 478 506
f 506 478 480
f 480 177 506
f 156 177 480
f 508 157 481
f 178 157 508
f 481 179 508
f 159 179 481
f 509 165 482
f 182 165 509
f 482 483 509
f 483 510 509
f 483 484 510
f 484 511 510
f 486 513 512
f 486 512 484
f 484 512 511
f 513 515 514
f 512 513 514
f 515 516 514
f 518 490 488
f 517 518 488
f 488 491 517
f 491 519 517
f 491 492 519
f 492 520 519
f 521 522 520
f 521 520 493
f 493 520 492
f 525 521 493
f 525 493 523
f 495 524 493
f 524 523 493
f 524 527 526
f 523 524 526
f 527 529 528
f 526 527 528
f 529 498 497
f 529 497 528
f 528 497 530
f 497 499 530
f 499 531 530
f 499 184 531
f 168 184 499
f 500 185 171
f 501 185 500
f 186 185 501
f 502 186 501
f 188 186 502
f 188 502 174
f 190 189 532
f 175 532 189
f 175 503 532
f 503 533 532
f 504 535 534
f 504 534 503
f 503 534 533
f 535 537 536
f 534 535 536
f 537 539 538
f 536 537 538
f 506 192 193
f 507 506 193
f 507 193 538
f 507 538 539
f 506 177 192
f 508 196 178
f 508 179 196
f 509 202 182
f 510 202 509
f 204 202 510
f 204 540 205
f 204 510 540
f 510 511 540
f 511 512 540
f 512 541 540
f 542 543 541
f 542 541 514
f 514 541 512
f 514 516 542
f 546 545 544
f 545 548 547
f 544 545 547
f 548 518 517
f 548 517 547
f 547 517 549
f 517 519 549
f 519 550 549
f 519 520 550
f 520 551 550
f 522 553 552
f 522 552 520
f 520 552 551
f 553 525 523
f 553 523 552
f 552 523 554
f 523 526 554
f 526 555 554
f 526 528 555
f 528 556 555
f 528 530 556
f 530 557 556
f 530 531 557
f 531 558 557
f 531 207 558
f 184 207 531
f 532 209 190
f 533 209 532
f 211 209 533
f 534 211 533
f 213 211 534
f 536 213 534
f 215 213 536
f 538 215 536
f 217 215 538
f 538 193 217
f 559 205 540
f 224 205 559
f 540 541 559
f 541 560 559
f 543 562 561
f 543 561 541
f 541 561 560
f 562 564 563
f 561 562 563
f 564 565 563
f 567 546 544
f 566 567 544
f 544 547 566
f 547 568 566
f 547 549 568
f 549 569 568
f 549 550 569
f 550 570 569
f 550 551 570
f 551 571 570
f 227 552 226
f 227 571 552
f 571 551 552
f 554 226 552
f 229 226 554
f 555 229 554
f 231 229 555
f 231 572 232
f 231 555 572
f 555 556 572
f 556 557 572
f 557 573 572
f 557 558 573
f 558 574 573
f 558 233 574
f 207 233 558
f 559 245 224
f 245 575 246
f 245 559 575
f 559 560 575
f 560 561 575
f 561 576 575
f 561 563 576
f 563 577 576
f 565 578 577
f 563 565 577
f 580 567 566
f 579 580 566
f 566 568 579
f 568 581 579
f 568 569 581
f 569 582 581
f 569 570 582
f 570 583 582
f 570 571 583
f 571 584 583
f 247 571 227
f 247 585 571
f 585 584 571
f 248 585 247
f 586 585 248
f 249 586 248
f 587 586 249
f 232 587 249
f 232 572 587
f 572 588 587
f 572 573 588
f 573 589 588
f 573 574 589
f 574 590 589
f 574 251 590
f 233 251 574
f 263 591 264
f 246 591 263
f 246 575 591
f 575 592 591
f 575 576 592
f 576 593 592
f 594 595 593
f 594 593 577
f 577 593 576
f 577 578 594
f 580 579 596
f 579 581 597
f 596 579 597
f 599 597 581
f 599 581 598
f 598 581 582
f 582 583 598
f 583 600 598
f 583 584 600
f 584 601 600
f 584 585 601
f 585 602 601
f 585 586 602
f 586 603 602
f 586 587 603
f 587 604 603
f 587 588 604
f 588 605 604
f 588 589 605
f 589 606 605
f 589 590 606
f 590 607 606
f 590 266 607
f 251 266 590
f 268 608 269
f 270 608 268
f 609 608 270
f 271 609 270
f 610 609 271
f 272 610 271
f 611 610 272
f 273 611 272
f 612 611 273
f 273 275 612
f 613 264 591
f 286 264 613
f 591 592 613
f 592 614 613
f 615 616 614
f 615 614 593
f 593 614 592
f 593 595 615
f 619 618 617
f 618 599 598
f 618 598 617
f 617 598 620
f 598 600 620
f 600 621 620
f 600 601 621
f 601 622 621
f 601 602 622
f 602 623 622
f 624 625 623
f 624 623 603
f 603 623 602
f 603 604 626
f 624 603 626
f 604 605 627
f 626 604 627
f 629 627 605
f 629 605 628
f 628 605 606
f 606 607 628
f 607 630 628
f 287 607 266
f 287 631 607
f 631 630 607
f 287 289 631
f 608 293 269
f 293 632 294
f 293 608 632
f 608 609 632
f 633 634 632
f 633 632 610
f 610 632 609
f 610 611 635
f 633 610 635
f 611 612 636
f 635 611 636
f 638 295 637
f 636 295 638
f 636 275 295
f 636 612 275
f 296 637 295
f 639 637 296
f 296 298 639
f 304 640 305
f 306 640 304
f 641 640 306
f 286 641 306
f 286 613 641
f 613 642 641
f 613 614 642
f 614 643 642
f 616 644 643
f 614 616 643
f 646 619 617
f 645 646 617
f 617 620 645
f 620 647 645
f 620 621 647
f 621 648 647
f 621 622 648
f 622 649 648
f 650 651 649
f 650 649 623
f 623 649 622
f 623 625 650
f 654 653 652
f 653 655 652
f 657 629 628
f 656 657 628
f 628 630 656
f 630 658 656
f 630 631 658
f 631 659 658
f 631 308 659
f 289 308 631
f 310 660 311
f 310 313 660
f 661 294 632
f 314 294 661
f 634 663 662
f 634 662 632
f 632 662 661
f 663 665 664
f 662 663 664
f 665 667 666
f 664 665 666
f 667 638 637
f 667 637 666
f 666 637 668
f 669 670 668
f 669 668 639
f 639 668 637
f 639 671 669
f 639 298 671
f 298 316 671
f 317 672 318
f 319 672 317
f 673 672 319
f 319 321 673
f 674 305 640
f 325 305 674
f 640 641 674
f 641 675 674
f 641 642 675
f 642 676 675
f 677 678 676
f 677 676 643
f 643 676 642
f 643 644 677
f 680 646 645
f 679 680 645
f 645 647 679
f 647 681 679
f 647 648 681
f 648 682 681
f 648 649 682
f 649 683 682
f 651 685 684
f 651 684 649
f 649 684 683
f 685 687 686
f 684 685 686
f 687 654 652
f 687 652 686
f 686 652 688
f 655 690 689
f 655 689 652
f 652 689 688
f 690 657 656
f 690 656 689
f 689 656 691
f 656 658 691
f 658 692 691
f 658 659 692
f 659 693 692
f 659 327 693
f 308 327 659
f 694 311 660
f 330 311 694
f 331 660 313
f 331 695 660
f 695 694 660
f 314 695 331
f 314 661 695
f 661 696 695
f 661 662 696
f 662 697 696
f 662 664 697
f 664 698 697
f 664 666 698
f 666 699 698
f 666 668 699
f 668 700 699
f 670 701 700
f 668 670 700
f 332 702 703
f 332 703 316
f 316 703 671
f 318 702 332
f 318 672 702
f 672 704 702
f 672 673 704
f 673 705 704
f 333 673 321
f 333 706 673
f 706 705 673
f 334 706 333
f 707 706 334
f 335 707 334
f 708 707 335
f 336 708 335
f 709 708 336
f 325 709 336
f 325 674 709
f 674 710 709
f 674 675 710
f 675 711 710
f 675 676 711
f 676 712 711
f 678 713 712
f 676 678 712
f 715 680 679
f 714 715 679
f 679 681 714
f 681 716 714
f 681 682 716
f 682 717 716
f 682 683 717
f 683 718 717
f 683 684 718
f 684 719 718
f 684 686 719
f 686 720 719
f 686 688 720
f 688 721 720
f 688 689 721
f 689 722 721
f 689 691 722
f 691 723 722
f 691 692 723
f 692 724 723
f 692 693 724
f 693 725 724
f 693 338 725
f 327 338 693
f 726 330 694
f 341 330 726
f 694 695 726
f 695 727 726
f 695 696 727
f 696 728 727
f 696 697 728
f 697 729 728
f 697 698 729
f 698 730 729
f 698 699 730
f 699 731 730
f 699 700 731
f 700 732 731
f 701 733 732
f 700 701 732
f 735 703 702
f 734 735 702
f 702 704 734
f 704 736 734
f 704 705 736
f 705 737 736
f 705 706 737
f 706 738 737
f 706 707 738
f 707 739 738
f 707 708 739
f 708 740 739
f 708 709 740
f 709 741 740
f 709 710 741
f 710 742 741
f 710 711 742
f 711 743 742
f 711 712 743
f 712 744 743
f 713 745 744
f 712 713 744
f 715 714 746
f 714 716 747
f 746 714 747
f 749 747 716
f 749 716 748
f 748 716 717
f 717 718 748
f 718 750 748
f 718 719 750
f 719 751 750
f 719 720 751
f 720 752 751
f 720 721 752
f 721 753 752
f 754 755 753
f 754 753 722
f 722 753 721
f 722 723 756
f 754 722 756
f 723 724 757
f 756 723 757
f 724 725 758
f 757 724 758
f 725 759 758
f 725 338 759
f 338 343 759
f 345 760 346
f 341 760 345
f 341 726 760
f 726 761 760
f 762 763 761
f 762 761 727
f 727 761 726
f 727 728 764
f 762 727 764
f 728 729 765
f 764 728 765
f 729 730 766
f 765 729 766
f 730 731 767
f 766 730 767
f 731 732 768
f 767 731 768
f 732 733 768
f 735 734 769
f 771 769 734
f 771 734 770
f 770 734 736
f 736 737 770
f 737 772 770
f 773 774 772
f 773 772 738
f 738 772 737
f 738 739 775
f 773 738 775
f 739 740 776
f 775 739 776
f 740 741 777
f 776 740 777
f 741 742 778
f 777 741 778
f 742 743 779
f 778 742 779
f 743 744 780
f 779 743 780
f 744 745 780
f 749 748 781
f 748 750 782
f 781 748 782
f 750 751 783
f 782 750 783
f 751 752 784
f 783 751 784
f 752 753 785
f 784 752 785
f 753 755 785
f 347 786 787
f 347 787 343
f 343 787 759
f 348 786 347
f 788 786 348
f 346 788 348
f 346 760 788
f 760 789 788
f 790 791 789
f 790 789 761
f 761 789 760
f 761 763 790
f 771 770 792
f 770 772 793
f 792 770 793
f 772 774 793
f 787 786 794
f 786 788 795
f 794 786 795
f 788 789 796
f 795 788 796
f 789 791 796
f 799 798 797
f 798 801 800
f 797 798 800
f 801 803 802
f 800 801 802
f 803 805 804
f 802 803 804
f 805 806 804
f 809 808 807
f 808 811 810
f 807 808 810
f 811 812 810
f 815 814 813
f 814 817 816
f 813 814 816
f 817 819 818
f 816 817 818
f 819 821 820
f 818 819 820
f 821 823 822
f 820 821 822
f 823 825 824
f 822 823 824
f 825 827 826
f 824 825 826
f 827 829 828
f 826 827 828
f 829 830 828
f 797 350 351
f 797 351 799
f 799 351 831
f 800 350 797
f 353 350 800
f 802 353 800
f 355 353 802
f 355 832 356
f 355 802 832
f 802 804 832
f 806 834 833
f 806 833 804
f 804 833 832
f 834 836 835
f 833 834 835
f 836 838 837
f 835 836 837
f 838 840 839
f 837 838 839
f 840 842 841
f 839 840 841
f 842 844 843
f 841 842 843
f 844 846 845
f 843 844 845
f 846 847 845
f 807 358 359
f 807 359 809
f 809 359 848
f 810 358 807
f 361 358 810
f 361 849 362
f 810 849 361
f 810 850 849
f 810 812 850
f 365 849 850
f 365 850 364
f 364 850 851
f 851 852 364
f 364 852 367
f 852 853 367
f 367 853 369
f 853 854 369
f 369 854 371
f 855 372 371
f 855 371 856
f 856 371 854
f 375 855 856
f 375 856 374
f 374 856 857
f 858 376 374
f 858 374 859
f 859 374 857
f 859 861 860
f 858 859 860
f 861 863 862
f 860 861 862
f 863 864 862
f 866 815 813
f 865 866 813
f 813 816 865
f 816 867 865
f 816 818 867
f 818 868 867
f 818 820 868
f 820 869 868
f 379 822 378
f 379 869 822
f 869 820 822
f 824 378 822
f 381 378 824
f 826 381 824
f 383 381 826
f 383 870 384
f 383 826 870
f 826 828 870
f 830 872 871
f 830 871 828
f 828 871 870
f 387 871 872
f 387 872 386
f 386 872 873
f 874 388 386
f 874 386 875
f 875 386 873
f 875 390 874
f 875 831 390
f 831 351 390
f 832 393 356
f 393 876 394
f 393 832 876
f 832 833 876
f 397 835 396
f 397 876 835
f 876 833 835
f 396 877 398
f 396 835 877
f 835 837 877
f 837 839 877
f 839 878 877
f 401 841 400
f 401 878 841
f 878 839 841
f 843 400 841
f 403 400 843
f 845 403 843
f 405 403 845
f 405 879 406
f 845 879 405
f 845 880 879
f 845 847 880
f 880 407 879
f 880 848 407
f 848 359 407
f 849 409 362
f 849 365 409
f 855 414 372
f 855 375 414
f 858 417 376
f 860 417 858
f 419 417 860
f 419 881 420
f 419 860 881
f 860 862 881
f 864 883 882
f 864 882 862
f 862 882 881
f 883 885 884
f 882 883 884
f 885 886 884
f 889 888 887
f 888 891 890
f 887 888 890
f 891 866 865
f 891 865 890
f 890 865 892
f 423 867 422
f 423 892 867
f 892 865 867
f 868 422 867
f 425 422 868
f 869 425 868
f 427 425 869
f 869 379 427
f 893 384 870
f 431 384 893
f 434 871 433
f 434 893 871
f 893 870 871
f 871 387 433
f 874 437 388
f 874 390 437
f 876 440 394
f 876 397 440
f 877 443 398
f 878 443 877
f 445 443 878
f 878 401 445
f 879 449 406
f 879 407 449
f 894 420 881
f 456 420 894
f 881 882 894
f 882 895 894
f 882 884 895
f 884 896 895
f 886 897 896
f 884 886 896
f 899 889 887
f 898 899 887
f 887 890 898
f 890 900 898
f 890 892 900
f 892 901 900
f 457 892 423
f 457 902 892
f 902 901 892
f 457 459 902
f 461 903 462
f 463 903 461
f 904 903 463
f 463 465 904
f 905 431 893
f 466 431 905
f 893 468 905
f 434 468 893
f 475 906 476
f 477 906 475
f 907 906 477
f 477 479 907
f 485 908 486
f 487 908 485
f 909 908 487
f 456 909 487
f 456 894 909
f 894 910 909
f 894 895 910
f 895 911 910
f 895 896 911
f 896 912 911
f 897 913 912
f 896 897 912
f 915 899 898
f 914 915 898
f 898 900 914
f 900 916 914
f 900 901 916
f 901 917 916
f 490 902 489
f 490 917 902
f 917 901 902
f 902 459 489
f 903 494 462
f 494 918 495
f 494 903 918
f 903 904 918
f 465 918 904
f 465 919 918
f 465 496 919
f 920 918 919
f 466 919 496
f 466 921 919
f 466 905 921
f 921 922 919
f 905 498 921
f 468 498 905
f 923 476 906
f 923 924 476
f 924 504 476
f 906 907 925
f 923 906 925
f 927 505 926
f 925 505 927
f 925 479 505
f 925 907 479
f 505 507 926
f 908 513 486
f 909 513 908
f 515 513 909
f 515 928 516
f 515 909 928
f 909 910 928
f 910 911 928
f 911 929 928
f 911 912 929
f 912 930 929
f 913 931 930
f 912 913 930
f 934 933 932
f 933 915 914
f 933 914 932
f 932 914 935
f 914 916 935
f 916 936 935
f 916 917 936
f 917 937 936
f 917 518 937
f 490 518 917
f 521 938 522
f 495 918 524
f 521 525 938
f 920 524 918
f 920 939 524
f 939 527 524
f 921 939 922
f 921 529 939
f 529 527 939
f 921 498 529
f 924 535 504
f 940 535 924
f 940 941 535
f 535 941 537
f 926 941 927
f 926 539 941
f 539 537 941
f 926 507 539
f 542 942 543
f 942 943 944
f 542 943 942
f 542 928 943
f 542 516 928
f 928 929 945
f 943 928 945
f 929 930 946
f 945 929 946
f 930 931 946
f 948 934 932
f 947 948 932
f 932 935 947
f 935 949 947
f 546 936 545
f 546 949 936
f 949 935 936
f 937 545 936
f 548 545 937
f 937 518 548
f 938 553 522
f 938 525 553
f 942 562 543
f 944 562 942
f 944 950 562
f 950 564 562
f 951 565 564
f 951 564 952
f 952 564 950
f 952 953 951
f 956 955 954
f 955 958 957
f 954 955 957
f 958 959 957
f 961 948 947
f 960 961 947
f 947 949 960
f 949 962 960
f 949 567 962
f 546 567 949
f 963 565 951
f 578 565 963
f 953 965 964
f 953 964 951
f 951 964 963
f 965 956 954
f 965 954 964
f 964 954 966
f 967 968 966
f 967 966 957
f 957 966 954
f 957 959 967
f 961 960 969
f 971 969 960
f 971 960 970
f 970 960 962
f 962 580 970
f 567 580 962
f 594 972 595
f 578 972 594
f 578 963 972
f 963 973 972
f 974 975 973
f 974 973 964
f 964 973 963
f 964 966 976
f 974 964 976
f 966 968 976
f 971 970 977
f 979 596 978
f 977 596 979
f 977 580 596
f 977 970 580
f 597 978 596
f 980 978 597
f 597 599 980
f 615 981 616
f 595 981 615
f 595 972 981
f 972 982 981
f 983 984 982
f 983 982 973
f 973 982 972
f 973 975 983
f 987 986 985
f 986 979 978
f 986 978 985
f 985 978 988
f 619 980 618
f 619 988 980
f 988 978 980
f 980 599 618
f 624 989 625
f 989 990 991
f 989 624 990
f 624 626 990
f 993 627 992
f 993 990 627
f 990 626 627
f 627 629 992
f 633 994 634
f 635 994 633
f 995 994 635
f 636 995 635
f 996 995 636
f 636 638 996
f 997 616 981
f 644 616 997
f 981 982 997
f 982 998 997
f 984 1000 999
f 984 999 982
f 982 999 998
f 1000 1001 999
f 987 985 1002
f 1004 1002 985
f 1004 985 1003
f 1003 985 988
f 988 646 1003
f 619 646 988
f 650 1005 651
f 625 1005 650
f 625 989 1005
f 989 1006 1005
f 991 1007 653
f 991 653 1006
f 991 1006 989
f 1006 653 654
f 993 992 1008
f 993 1008 653
f 993 653 1007
f 655 653 1008
f 992 657 1008
f 629 657 992
f 994 663 634
f 995 663 994
f 665 663 995
f 996 665 995
f 667 665 996
f 996 638 667
f 669 1009 670
f 669 671 1009
f 677 1010 678
f 644 1010 677
f 644 997 1010
f 997 1011 1010
f 997 998 1011
f 998 1012 1011
f 1013 1014 1012
f 1013 1012 999
f 999 1012 998
f 999 1001 1013
f 1017 1016 1015
f 1016 1019 1018
f 1015 1016 1018
f 1019 1004 1003
f 1019 1003 1018
f 1018 1003 1020
f 1003 680 1020
f 646 680 1003
f 1005 685 651
f 1006 685 1005
f 687 685 1006
f 1006 654 687
f 1008 690 655
f 1008 657 690
f 1021 670 1009
f 701 670 1021
f 1009 703 1021
f 671 703 1009
f 1022 678 1010
f 713 678 1022
f 1010 1011 1022
f 1011 1023 1022
f 1011 1012 1023
f 1012 1024 1023
f 1014 1026 1025
f 1014 1025 1012
f 1012 1025 1024
f 1026 1027 1025
f 1029 1017 1015
f 1028 1029 1015
f 1015 1018 1028
f 1018 1030 1028
f 1018 1020 1030
f 1020 1031 1030
f 1020 715 1031
f 680 715 1020
f 1032 701 1021
f 1032 1033 701
f 1033 733 701
f 1021 1034 1032
f 1021 703 1034
f 703 735 1034
f 1035 713 1022
f 745 713 1035
f 1022 1023 1035
f 1023 1036 1035
f 1023 1024 1036
f 1024 1037 1036
f 1024 1025 1037
f 1025 1038 1037
f 1027 1039 1038
f 1025 1027 1038
f 1029 1028 1040
f 1028 1030 1041
f 1040 1028 1041
f 1043 1041 1030
f 1043 1030 1042
f 1042 1030 1031
f 746 1031 715
f 746 1044 1031
f 1044 1042 1031
f 747 1044 746
f 1045 1044 747
f 747 749 1045
f 754 1046 755
f 756 1046 754
f 1047 1046 756
f 757 1047 756
f 1048 1047 757
f 758 1048 757
f 1049 1048 758
f 758 759 1049
f 762 1050 763
f 764 1050 762
f 1051 1050 764
f 765 1051 764
f 1052 1051 765
f 766 1052 765
f 1053 1052 766
f 767 1053 766
f 1054 1053 767
f 768 1054 767
f 1055 1054 768
f 1055 768 733
f 1055 733 1056
f 1056 733 1033
f 769 1057 1058
f 769 1058 735
f 735 1058 1034
f 769 771 1057
f 773 1059 774
f 775 1059 773
f 1060 1059 775
f 776 1060 775
f 1061 1060 776
f 777 1061 776
f 1062 1061 777
f 778 1062 777
f 1063 1062 778
f 779 1063 778
f 1064 1063 779
f 780 1064 779
f 1065 1064 780
f 745 1065 780
f 745 1035 1065
f 1035 1066 1065
f 1035 1036 1066
f 1036 1067 1066
f 1068 1069 1067
f 1068 1067 1037
f 1037 1067 1036
f 1037 1038 1070
f 1068 1037 1070
f 1038 1039 1070
f 1043 1042 1071
f 1073 1071 1042
f 1073 1042 1072
f 1072 1042 1044
f 1044 1045 1072
f 1045 1074 1072
f 781 1045 749
f 781 1075 1045
f 1075 1074 1045
f 782 1075 781
f 1076 1075 782
f 783 1076 782
f 1077 1076 783
f 784 1077 783
f 1078 1077 784
f 785 1078 784
f 1079 1078 785
f 755 1079 785
f 755 1046 1079
f 1046 1080 1079
f 1081 1082 1080
f 1081 1080 1047
f 1047 1080 1046
f 1047 1048 1083
f 1081 1047 1083
f 1048 1049 1084
f 1083 1048 1084
f 1049 1085 1084
f 1049 759 1085
f 759 787 1085
f 790 1086 791
f 1086 1087 1088
f 790 1087 1086
f 790 1050 1087
f 790 763 1050
f 1090 1087 1050
f 1090 1050 1089
f 1089 1050 1051
f 1091 1092 1089
f 1091 1089 1052
f 1052 1089 1051
f 1052 1053 1093
f 1091 1052 1093
f 1053 1054 1094
f 1093 1053 1094
f 1054 1055 1095
f 1094 1054 1095
f 1055 1056 1095
f 1058 1057 1096
f 1057 771 792
f 1057 792 1096
f 1096 792 1097
f 1097 792 1098
f 792 793 1098
f 774 1059 1099
f 774 1099 793
f 793 1099 1098
f 1059 1060 1100
f 1099 1059 1100
f 1060 1061 1101
f 1100 1060 1101
f 1061 1062 1102
f 1101 1061 1102
f 1062 1063 1103
f 1102 1062 1103
f 1063 1064 1104
f 1103 1063 1104
f 1064 1065 1105
f 1104 1064 1105
f 1065 1066 1106
f 1105 1065 1106
f 1066 1067 1107
f 1106 1066 1107
f 1067 1069 1107
f 1073 1072 1108
f 1110 1108 1072
f 1110 1072 1109
f 1109 1072 1074
f 1111 1112 1109
f 1111 1109 1075
f 1075 1109 1074
f 1075 1076 1113
f 1111 1075 1113
f 1076 1077 1114
f 1113 1076 1114
f 1077 1078 1115
f 1114 1077 1115
f 1078 1079 1116
f 1115 1078 1116
f 1079 1080 1117
f 1116 1079 1117
f 1080 1082 1117
f 794 1118 1119
f 794 1119 787
f 787 1119 1085
f 795 1118 794
f 1120 1118 795
f 796 1120 795
f 1121 1120 796
f 1121 1122 1123
f 796 1122 1121
f 796 1086 1122
f 796 791 1086
f 1086 1088 1122
f 1090 1089 1124
f 1089 1092 1124
f 1110 1109 1125
f 1109 1112 1125
f 1119 1118 1126
f 1118 1120 1127
f 1126 1118 1127
f 1120 1121 1128
f 1127 1120 1128
f 1121 1123 1128
f 1131 1130 1129
f 1130 1133 1132
f 1129 1130 1132
f 1133 1134 1132
f 1137 1136 1135
f 1136 1139 1138
f 1135 1136 1138
f 1139 1141 1140
f 1138 1139 1140
f 1141 1143 1142
f 1140 1141 1142
f 1143 1145 1144
f 1142 1143 1144
f 1145 1131 1129
f 1145 1129 1144
f 1144 1129 1146
f 1129 1132 1146
f 1132 1147 1146
f 1134 1149 1148
f 1134 1148 1132
f 1132 1148 1147
f 1149 1150 1148
f 1153 1152 1151
f 1152 1155 1154
f 1151 1152 1154
f 1155 1156 1154
f 1159 1158 1157
f 1158 1137 1135
f 1158 1135 1157
f 1157 1135 1160
f 1135 1138 1160
f 1138 1161 1160
f 1138 1140 1161
f 1140 1162 1161
f 1140 1142 1162
f 1142 1163 1162
f 1142 1144 1163
f 1144 1164 1163
f 1144 1146 1164
f 1146 1165 1164
f 1146 1147 1165
f 1147 1166 1165
f 1147 1148 1166
f 1148 1167 1166
f 1150 1169 1168
f 1150 1168 1148
f 1148 1168 1167
f 1169 1170 1168
f 1173 1172 1171
f 1172 1175 1174
f 1171 1172 1174
f 1175 1177 1176
f 1174 1175 1176
f 1177 1179 1178
f 1176 1177 1178
f 1179 1180 1178
f 1183 1182 1181
f 1182 1184 1181
f 1187 1186 1185
f 799 1185 1186
f 799 1186 798
f 798 1186 1188
f 1151 1188 1153
f 1151 801 1188
f 801 798 1188
f 1154 801 1151
f 803 801 1154
f 1156 803 1154
f 1156 1189 803
f 1189 805 803
f 805 1189 1190
f 806 805 1190
f 1193 1192 1191
f 1192 1195 1194
f 1191 1192 1194
f 1195 1196 1194
f 1199 1198 1197
f 1198 1200 1197
f 809 1202 1201
f 808 809 1201
f 1201 1203 808
f 808 1203 811
f 811 1203 1204
f 812 811 1204
f 1206 1159 1157
f 1205 1206 1157
f 1157 1160 1205
f 1160 1207 1205
f 1160 1161 1207
f 1161 1208 1207
f 1161 1162 1208
f 1162 1209 1208
f 1162 1163 1209
f 1163 1210 1209
f 1163 1164 1210
f 1164 1211 1210
f 1164 1165 1211
f 1165 1212 1211
f 1165 1166 1212
f 1166 1213 1212
f 1166 1167 1213
f 1167 1214 1213
f 1215 1216 1214
f 1215 1214 1168
f 1168 1214 1167
f 1168 1170 1215
f 1218 1173 1171
f 1217 1218 1171
f 815 1174 814
f 815 1217 1174
f 1217 1171 1174
f 1176 814 1174
f 817 814 1176
f 1178 817 1176
f 819 817 1178
f 1180 819 1178
f 1180 1219 819
f 1219 821 819
f 1219 1220 821
f 821 1220 823
f 1220 1221 823
f 823 1221 825
f 1221 1222 825
f 825 1222 827
f 1181 1222 1183
f 1181 829 1222
f 829 827 1222
f 829 1223 830
f 1181 1223 829
f 1181 1224 1223
f 1181 1184 1224
f 1224 1226 1225
f 1223 1224 1225
f 1226 1187 1185
f 1226 1185 1225
f 1225 1185 1227
f 1185 831 1227
f 799 831 1185
f 1190 834 806
f 1228 834 1190
f 1191 1228 1193
f 1191 836 1228
f 836 834 1228
f 1194 836 1191
f 838 836 1194
f 1196 838 1194
f 1196 1229 838
f 1229 840 838
f 1197 1229 1199
f 1197 842 1229
f 842 840 1229
f 1200 842 1197
f 1200 1230 842
f 1230 844 842
f 1230 1231 844
f 844 1231 846
f 1232 847 846
f 1232 846 1233
f 1233 846 1231
f 1233 848 1232
f 1233 1202 848
f 1202 809 848
f 1204 850 812
f 1234 850 1204
f 1205 1234 1206
f 1205 851 1234
f 851 850 1234
f 1207 851 1205
f 852 851 1207
f 1208 852 1207
f 853 852 1208
f 1209 853 1208
f 854 853 1209
f 1210 854 1209
f 856 854 1210
f 1211 856 1210
f 857 856 1211
f 1212 857 1211
f 859 857 1212
f 1213 859 1212
f 861 859 1213
f 1214 861 1213
f 863 861 1214
f 863 1235 864
f 1214 1235 863
f 1214 1236 1235
f 1214 1216 1236
f 1236 1238 1237
f 1235 1236 1237
f 1238 1240 1239
f 1237 1238 1239
f 1240 1241 1239
f 1244 1243 1242
f 1243 1246 1245
f 1242 1243 1245
f 1246 1218 1217
f 1246 1217 1245
f 1245 1217 1247
f 1217 866 1247
f 815 866 1217
f 1223 872 830
f 1225 872 1223
f 873 872 1225
f 1227 873 1225
f 875 873 1227
f 1227 831 875
f 1232 880 847
f 1232 848 880
f 1235 883 864
f 1237 883 1235
f 885 883 1237
f 885 1248 886
f 885 1237 1248
f 1237 1239 1248
f 1241 1249 1248
f 1239 1241 1248
f 1252 1251 1250
f 1251 1244 1242
f 1251 1242 1250
f 1250 1242 1253
f 889 1245 888
f 889 1253 1245
f 1253 1242 1245
f 1247 888 1245
f 891 888 1247
f 1247 866 891
f 1254 886 1248
f 897 886 1254
f 1249 1256 1255
f 1249 1255 1248
f 1248 1255 1254
f 1256 1258 1257
f 1255 1256 1257
f 1258 1259 1257
f 1261 1252 1250
f 1260 1261 1250
f 1250 1253 1260
f 1253 1262 1260
f 1253 899 1262
f 889 899 1253
f 1263 897 1254
f 913 897 1263
f 1254 1255 1263
f 1255 1264 1263
f 1255 1257 1264
f 1257 1265 1264
f 1259 1266 1265
f 1257 1259 1265
f 1268 1261 1260
f 1267 1268 1260
f 1260 1262 1267
f 1262 1269 1267
f 1262 915 1269
f 899 915 1262
f 919 1270 920
f 919 922 1270
f 923 1271 924
f 925 1271 923
f 1272 1271 925
f 925 927 1272
f 1273 913 1263
f 931 913 1273
f 1263 1264 1273
f 1264 1274 1273
f 1264 1265 1274
f 1265 1275 1274
f 1266 1276 1275
f 1265 1266 1275
f 1278 1268 1267
f 1277 1278 1267
f 934 1269 933
f 934 1277 1269
f 1277 1267 1269
f 1269 915 933
f 1270 939 920
f 1270 922 939
f 1271 940 924
f 1272 940 1271
f 941 940 1272
f 1272 927 941
f 943 1279 944
f 945 1279 943
f 1280 1279 945
f 946 1280 945
f 1281 1280 946
f 931 1281 946
f 931 1273 1281
f 1273 1282 1281
f 1273 1274 1282
f 1274 1283 1282
f 1274 1275 1283
f 1275 1284 1283
f 1276 1285 1284
f 1275 1276 1284
f 1287 1278 1277
f 1286 1287 1277
f 1277 948 1286
f 934 948 1277
f 1279 950 944
f 1280 950 1279
f 952 950 1280
f 952 1288 953
f 952 1280 1288
f 1280 1281 1288
f 956 1282 955
f 956 1288 1282
f 1288 1281 1282
f 1283 955 1282
f 958 955 1283
f 958 1289 959
f 958 1283 1289
f 1283 1284 1289
f 1285 1290 1289
f 1284 1285 1289
f 1292 1287 1286
f 1291 1292 1286
f 1286 961 1291
f 948 961 1286
f 1288 965 953
f 1288 956 965
f 967 1293 968
f 959 1293 967
f 959 1289 1293
f 1289 1294 1293
f 1290 1295 1294
f 1289 1290 1294
f 1292 1291 1296
f 1298 969 1297
f 1296 969 1298
f 1296 961 969
f 1296 1291 961
f 969 971 1297
f 974 1299 975
f 976 1299 974
f 1300 1299 976
f 968 1300 976
f 968 1293 1300
f 1293 1301 1300
f 1293 1294 1301
f 1294 1302 1301
f 1295 1303 1302
f 1294 1295 1302
f 1305 1298 1297
f 1304 1305 1297
f 977 1297 971
f 977 1306 1297
f 1306 1304 1297
f 977 979 1306
f 983 1307 984
f 975 1307 983
f 975 1299 1307
f 1299 1308 1307
f 1299 1300 1308
f 1300 1309 1308
f 1310 1311 1309
f 1310 1309 1301
f 1301 1309 1300
f 1301 1302 1312
f 1310 1301 1312
f 1302 1303 1312
f 1315 1314 1313
f 1314 1305 1304
f 1314 1304 1313
f 1313 1304 1316
f 987 1306 986
f 987 1316 1306
f 1316 1304 1306
f 1306 979 986
f 990 1317 991
f 990 993 1317
f 1307 1000 984
f 1000 1318 1001
f 1000 1307 1318
f 1307 1308 1318
f 1308 1309 1318
f 1309 1319 1318
f 1311 1321 1320
f 1311 1320 1309
f 1309 1320 1319
f 1321 1322 1320
f 1315 1313 1323
f 1325 1323 1313
f 1325 1313 1324
f 1324 1313 1316
f 1002 1316 987
f 1002 1326 1316
f 1326 1324 1316
f 1002 1004 1326
f 1317 1007 991
f 1317 993 1007
f 1013 1327 1014
f 1001 1327 1013
f 1001 1318 1327
f 1318 1328 1327
f 1318 1319 1328
f 1319 1329 1328
f 1330 1331 1329
f 1330 1329 1320
f 1320 1329 1319
f 1320 1322 1330
f 1334 1333 1332
f 1324 1016 1017
f 1325 1324 1017
f 1325 1017 1332
f 1325 1332 1333
f 1326 1016 1324
f 1019 1016 1326
f 1326 1004 1019
f 1327 1026 1014
f 1026 1335 1027
f 1026 1327 1335
f 1327 1328 1335
f 1328 1329 1335
f 1329 1336 1335
f 1331 1337 1336
f 1329 1331 1336
f 1339 1334 1332
f 1338 1339 1332
f 1332 1029 1338
f 1017 1029 1332
f 1032 1340 1033
f 1032 1034 1340
f 1341 1027 1335
f 1039 1027 1341
f 1335 1336 1341
f 1336 1342 1341
f 1337 1343 1342
f 1336 1337 1342
f 1345 1339 1338
f 1344 1345 1338
f 1040 1338 1029
f 1040 1346 1338
f 1346 1344 1338
f 1041 1346 1040
f 1347 1346 1041
f 1041 1043 1347
f 1348 1033 1340
f 1056 1033 1348
f 1340 1058 1348
f 1034 1058 1340
f 1068 1349 1069
f 1070 1349 1068
f 1350 1349 1070
f 1039 1350 1070
f 1039 1341 1350
f 1341 1351 1350
f 1352 1353 1351
f 1352 1351 1342
f 1342 1351 1341
f 1342 1343 1352
f 1345 1344 1354
f 1356 1354 1344
f 1356 1344 1355
f 1355 1344 1346
f 1346 1347 1355
f 1347 1357 1355
f 1071 1347 1043
f 1071 1358 1347
f 1358 1357 1347
f 1071 1073 1358
f 1081 1359 1082
f 1083 1359 1081
f 1360 1359 1083
f 1084 1360 1083
f 1361 1360 1084
f 1084 1085 1361
f 1087 1362 1088
f 1087 1090 1362
f 1091 1363 1092
f 1093 1363 1091
f 1364 1363 1093
f 1094 1364 1093
f 1365 1364 1094
f 1365 1366 1367
f 1365 1094 1366
f 1094 1095 1366
f 1056 1348 1368
f 1056 1368 1095
f 1095 1368 1366
f 1370 1096 1369
f 1368 1096 1370
f 1368 1058 1096
f 1368 1348 1058
f 1097 1369 1096
f 1371 1369 1097
f 1098 1371 1097
f 1372 1371 1098
f 1099 1372 1098
f 1373 1372 1099
f 1100 1373 1099
f 1374 1373 1100
f 1101 1374 1100
f 1375 1374 1101
f 1102 1375 1101
f 1376 1375 1102
f 1103 1376 1102
f 1377 1376 1103
f 1104 1377 1103
f 1378 1377 1104
f 1378 1379 1380
f 1378 1104 1379
f 1104 1105 1379
f 1379 1105 1381
f 1105 1106 1381
f 1381 1106 1382
f 1106 1107 1382
f 1069 1349 1383
f 1069 1383 1107
f 1107 1383 1382
f 1349 1350 1384
f 1383 1349 1384
f 1350 1351 1385
f 1384 1350 1385
f 1351 1353 1385
f 1387 1356 1355
f 1386 1387 1355
f 1388 1389 1386
f 1388 1386 1357
f 1357 1386 1355
f 1391 1388 1357
f 1391 1357 1390
f 1390 1357 1358
f 1108 1358 1073
f 1108 1392 1358
f 1392 1390 1358
f 1108 1110 1392
f 1111 1393 1112
f 1113 1393 1111
f 1394 1393 1113
f 1114 1394 1113
f 1395 1394 1114
f 1395 1396 1397
f 1395 1114 1396
f 1114 1115 1396
f 1396 1115 1398
f 1115 1116 1398
f 1400 1117 1399
f 1400 1398 1117
f 1398 1116 1117
f 1082 1399 1117
f 1082 1359 1399
f 1359 1401 1399
f 1359 1360 1401
f 1360 1402 1401
f 1360 1361 1402
f 1361 1403 1402
f 1361 1119 1403
f 1085 1119 1361
f 1122 1404 1123
f 1404 1405 1406
f 1122 1405 1404
f 1122 1362 1405
f 1122 1088 1362
f 1362 1090 1124
f 1362 1124 1405
f 1405 1124 1407
f 1092 1363 1408
f 1092 1408 1124
f 1124 1408 1407
f 1363 1364 1409
f 1408 1363 1409
f 1364 1365 1410
f 1409 1364 1410
f 1365 1367 1410
f 1370 1369 1411
f 1369 1371 1412
f 1411 1369 1412
f 1371 1372 1413
f 1412 1371 1413
f 1415 1413 1372
f 1415 1372 1414
f 1414 1372 1373
f 1373 1374 1414
f 1374 1416 1414
f 1374 1375 1416
f 1375 1417 1416
f 1375 1376 1417
f 1376 1418 1417
f 1376 1377 1418
f 1377 1419 1418
f 1377 1378 1419
f 1378 1420 1419
f 1380 1422 1421
f 1380 1421 1378
f 1378 1421 1420
f 1422 1424 1423
f 1421 1422 1423
f 1424 1426 1425
f 1423 1424 1425
f 1426 1428 1427
f 1425 1426 1427
f 1428 1430 1429
f 1427 1428 1429
f 1430 1431 1429
f 1387 1386 1432
f 1386 1389 1432
f 1434 1391 1390
f 1433 1434 1390
f 1390 1392 1433
f 1392 1435 1433
f 1125 1392 1110
f 1125 1436 1392
f 1436 1435 1392
f 1112 1436 1125
f 1112 1393 1436
f 1393 1437 1436
f 1393 1394 1437
f 1394 1438 1437
f 1394 1395 1438
f 1395 1439 1438
f 1397 1440 1439
f 1395 1397 1439
f 1400 1399 1441
f 1399 1401 1442
f 1441 1399 1442
f 1401 1402 1443
f 1442 1401 1443
f 1402 1403 1444
f 1443 1402 1444
f 1403 1119 1126
f 1403 1126 1444
f 1444 1126 1445
f 1447 1127 1446
f 1447 1445 1127
f 1445 1126 1127
f 1128 1446 1127
f 1448 1446 1128
f 1448 1449 1450
f 1128 1449 1448
f 1128 1404 1449
f 1128 1123 1404
f 1404 1406 1449
f 1415 1414 1451
f 1414 1416 1452
f 1451 1414 1452
f 1416 1417 1453
f 1452 1416 1453
f 1417 1418 1454
f 1453 1417 1454
f 1418 1419 1455
f 1454 1418 1455
f 1419 1420 1456
f 1455 1419 1456
f 1420 1421 1457
f 1456 1420 1457
f 1421 1423 1458
f 1457 1421 1458
f 1423 1425 1459
f 1458 1423 1459
f 1425 1427 1460
f 1459 1425 1460
f 1427 1429 1461
f 1460 1427 1461
f 1429 1431 1461
f 1434 1433 1462
f 1433 1435 1463
f 1462 1433 1463
f 1435 1436 1464
f 1463 1435 1464
f 1436 1437 1465
f 1464 1436 1465
f 1437 1438 1466
f 1465 1437 1466
f 1438 1439 1467
f 1466 1438 1467
f 1439 1440 1467
f 1447 1446 1468
f 1446 1448 1469
f 1468 1446 1469
f 1448 1450 1469
f 1472 1471 1470
f 1471 1474 1473
f 1470 1471 1473
f 1474 1476 1475
f 1473 1474 1475
f 1476 1478 1477
f 1475 1476 1477
f 1478 1480 1479
f 1477 1478 1479
f 1480 1482 1481
f 1479 1480 1481
f 1482 1483 1481
f 1486 1485 1484
f 1485 1488 1487
f 1484 1485 1487
f 1488 1490 1489
f 1487 1488 1489
f 1490 1492 1491
f 1489 1490 1491
f 1492 1472 1470
f 1492 1470 1491
f 1491 1470 1493
f 1131 1473 1130
f 1131 1493 1473
f 1493 1470 1473
f 1475 1130 1473
f 1133 1130 1475
f 1133 1494 1134
f 1133 1475 1494
f 1475 1477 1494
f 1477 1479 1494
f 1479 1495 1494
f 1479 1481 1495
f 1481 1496 1495
f 1483 1497 1496
f 1481 1483 1496
f 1500 1499 1498
f 1499 1502 1501
f 1498 1499 1501
f 1484 1136 1137
f 1486 1484 1137
f 1486 1137 1501
f 1486 1501 1502
f 1487 1136 1484
f 1139 1136 1487
f 1489 1139 1487
f 1141 1139 1489
f 1491 1141 1489
f 1143 1141 1491
f 1493 1143 1491
f 1145 1143 1493
f 1493 1131 1145
f 1494 1149 1134
f 1149 1503 1150
f 1149 1494 1503
f 1494 1495 1503
f 1495 1496 1503
f 1496 1504 1503
f 1497 1505 1504
f 1496 1497 1504
f 1508 1507 1506
f 1507 1510 1509
f 1506 1507 1509
f 1510 1512 1511
f 1509 1510 1511
f 1512 1514 1513
f 1511 1512 1513
f 1514 1516 1515
f 1513 1514 1515
f 1516 1518 1517
f 1515 1516 1517
f 1518 1520 1519
f 1517 1518 1519
f 1520 1521 1519
f 1524 1523 1522
f 1523 1525 1522
f 1153 1527 1526
f 1152 1153 1526
f 1526 1528 1152
f 1152 1528 1155
f 1529 1156 1155
f 1529 1155 1530
f 1530 1155 1528
f 1530 1531 1529
f 1534 1533 1532
f 1533 1536 1535
f 1532 1533 1535
f 1536 1538 1537
f 1535 1536 1537
f 1538 1500 1498
f 1538 1498 1537
f 1537 1498 1539
f 1159 1501 1158
f 1159 1539 1501
f 1539 1498 1501
f 1501 1137 1158
f 1503 1169 1150
f 1169 1540 1170
f 1169 1503 1540
f 1503 1504 1540
f 1505 1542 1541
f 1505 1541 1504
f 1504 1541 1540
f 1542 1543 1541
f 1546 1545 1544
f 1545 1508 1506
f 1545 1506 1544
f 1544 1506 1547
f 1173 1509 1172
f 1173 1547 1509
f 1547 1506 1509
f 1511 1172 1509
f 1175 1172 1511
f 1513 1175 1511
f 1177 1175 1513
f 1515 1177 1513
f 1179 1177 1515
f 1179 1548 1180
f 1179 1515 1548
f 1515 1517 1548
f 1517 1519 1548
f 1519 1549 1548
f 1521 1551 1550
f 1521 1550 1519
f 1519 1550 1549
f 1551 1552 1550
f 1183 1554 1553
f 1182 1183 1553
f 1555 1184 1182
f 1555 1182 1556
f 1556 1182 1553
f 1556 1558 1557
f 1555 1556 1557
f 1522 1186 1187
f 1524 1522 1187
f 1524 1187 1557
f 1524 1557 1558
f 1525 1186 1522
f 1525 1559 1186
f 1559 1188 1186
f 1559 1153 1188
f 1527 1153 1559
f 1529 1189 1156
f 1189 1560 1190
f 1529 1560 1189
f 1529 1561 1560
f 1529 1531 1561
f 1193 1560 1561
f 1193 1561 1192
f 1192 1561 1562
f 1562 1563 1192
f 1192 1563 1195
f 1564 1196 1195
f 1564 1195 1565
f 1565 1195 1563
f 1199 1564 1565
f 1199 1565 1198
f 1198 1565 1566
f 1198 1566 1567
f 1200 1198 1567
f 1569 1534 1532
f 1568 1569 1532
f 1202 1535 1201
f 1202 1568 1535
f 1568 1532 1535
f 1537 1201 1535
f 1203 1201 1537
f 1203 1570 1204
f 1203 1537 1570
f 1537 1539 1570
f 1539 1206 1570
f 1159 1206 1539
f 1215 1571 1216
f 1170 1571 1215
f 1170 1540 1571
f 1540 1572 1571
f 1540 1541 1572
f 1541 1573 1572
f 1543 1574 1573
f 1541 1543 1573
f 1577 1576 1575
f 1576 1546 1544
f 1576 1544 1575
f 1575 1544 1578
f 1544 1547 1578
f 1547 1579 1578
f 1547 1218 1579
f 1173 1218 1547
f 1548 1219 1180
f 1549 1219 1548
f 1220 1219 1549
f 1550 1220 1549
f 1221 1220 1550
f 1552 1221 1550
f 1552 1580 1221
f 1580 1222 1221
f 1580 1183 1222
f 1554 1183 1580
f 1555 1224 1184
f 1557 1224 1555
f 1226 1224 1557
f 1557 1187 1226
f 1560 1228 1190
f 1560 1193 1228
f 1564 1229 1196
f 1564 1199 1229
f 1567 1230 1200
f 1581 1230 1567
f 1581 1582 1230
f 1230 1582 1231
f 1568 1582 1569
f 1568 1233 1582
f 1233 1231 1582
f 1568 1202 1233
f 1570 1234 1204
f 1570 1206 1234
f 1571 1236 1216
f 1572 1236 1571
f 1238 1236 1572
f 1573 1238 1572
f 1240 1238 1573
f 1240 1583 1241
f 1573 1583 1240
f 1573 1584 1583
f 1573 1574 1584
f 1584 1586 1585
f 1583 1584 1585
f 1586 1587 1585
f 1590 1589 1588
f 1589 1577 1575
f 1589 1575 1588
f 1588 1575 1591
f 1244 1578 1243
f 1244 1591 1578
f 1591 1575 1578
f 1579 1243 1578
f 1246 1243 1579
f 1579 1218 1246
f 1592 1241 1583
f 1249 1241 1592
f 1583 1585 1592
f 1585 1593 1592
f 1587 1594 1593
f 1585 1587 1593
f 1596 1590 1588
f 1595 1596 1588
f 1252 1591 1251
f 1252 1595 1591
f 1595 1588 1591
f 1591 1244 1251
f 1592 1256 1249
f 1593 1256 1592
f 1258 1256 1593
f 1258 1597 1259
f 1593 1597 1258
f 1593 1598 1597
f 1593 1594 1598
f 1598 1599 1597
f 1601 1596 1595
f 1600 1601 1595
f 1595 1261 1600
f 1252 1261 1595
f 1602 1259 1597
f 1266 1259 1602
f 1599 1603 1602
f 1597 1599 1602
f 1606 1605 1604
f 1605 1601 1600
f 1605 1600 1604
f 1604 1600 1607
f 1600 1268 1607
f 1261 1268 1600
f 1608 1266 1602
f 1276 1266 1608
f 1603 1609 1608
f 1602 1603 1608
f 1606 1604 1610
f 1612 1610 1604
f 1612 1604 1611
f 1611 1604 1607
f 1607 1278 1611
f 1268 1278 1607
f 1613 1276 1608
f 1285 1276 1613
f 1609 1615 1614
f 1609 1614 1608
f 1608 1614 1613
f 1615 1616 1614
f 1618 1612 1611
f 1617 1618 1611
f 1611 1287 1617
f 1278 1287 1611
f 1619 1285 1613
f 1290 1285 1619
f 1613 1614 1619
f 1614 1620 1619
f 1616 1621 1620
f 1614 1616 1620
f 1623 1618 1617
f 1622 1623 1617
f 1617 1292 1622
f 1287 1292 1617
f 1624 1290 1619
f 1295 1290 1624
f 1619 1620 1624
f 1620 1625 1624
f 1621 1626 1625
f 1620 1621 1625
f 1623 1622 1627
f 1629 1296 1628
f 1627 1296 1629
f 1627 1292 1296
f 1627 1622 1292
f 1296 1298 1628
f 1630 1295 1624
f 1303 1295 1630
f 1631 1632 1630
f 1631 1630 1625
f 1625 1630 1624
f 1625 1626 1631
f 1634 1629 1628
f 1633 1634 1628
f 1628 1305 1633
f 1298 1305 1628
f 1310 1635 1311
f 1312 1635 1310
f 1636 1635 1312
f 1636 1637 1638
f 1312 1637 1636
f 1312 1630 1637
f 1312 1303 1630
f 1630 1632 1637
f 1641 1640 1639
f 1633 1314 1315
f 1634 1633 1315
f 1634 1315 1639
f 1634 1639 1640
f 1633 1305 1314
f 1635 1321 1311
f 1321 1642 1322
f 1321 1635 1642
f 1635 1636 1642
f 1638 1643 1642
f 1636 1638 1642
f 1645 1641 1639
f 1644 1645 1639
f 1323 1639 1315
f 1323 1646 1639
f 1646 1644 1639
f 1323 1325 1646
f 1330 1647 1331
f 1322 1647 1330
f 1322 1642 1647
f 1642 1648 1647
f 1643 1649 1648
f 1642 1643 1648
f 1651 1645 1644
f 1650 1651 1644
f 1334 1646 1333
f 1334 1650 1646
f 1650 1644 1646
f 1646 1325 1333
f 1652 1331 1647
f 1337 1331 1652
f 1647 1648 1652
f 1648 1653 1652
f 1649 1654 1653
f 1648 1649 1653
f 1657 1656 1655
f 1656 1651 1650
f 1656 1650 1655
f 1655 1650 1658
f 1650 1339 1658
f 1334 1339 1650
f 1659 1337 1652
f 1343 1337 1659
f 1652 1653 1659
f 1653 1660 1659
f 1654 1661 1660
f 1653 1654 1660
f 1657 1655 1662
f 1664 1662 1655
f 1664 1655 1663
f 1663 1655 1658
f 1658 1345 1663
f 1339 1345 1658
f 1352 1665 1353
f 1343 1665 1352
f 1343 1659 1665
f 1659 1666 1665
f 1659 1660 1666
f 1660 1667 1666
f 1661 1668 1667
f 1660 1661 1667
f 1670 1664 1663
f 1669 1670 1663
f 1354 1663 1345
f 1354 1671 1663
f 1671 1669 1663
f 1354 1356 1671
f 1366 1672 1367
f 1368 1672 1366
f 1673 1672 1368
f 1368 1370 1673
f 1379 1674 1380
f 1381 1674 1379
f 1675 1674 1381
f 1382 1675 1381
f 1676 1675 1382
f 1383 1676 1382
f 1677 1676 1383
f 1384 1677 1383
f 1678 1677 1384
f 1385 1678 1384
f 1679 1678 1385
f 1353 1679 1385
f 1353 1665 1679
f 1665 1680 1679
f 1681 1682 1680
f 1681 1680 1666
f 1666 1680 1665
f 1666 1667 1683
f 1681 1666 1683
f 1667 1668 1683
f 1670 1669 1684
f 1686 1684 1669
f 1686 1669 1685
f 1685 1669 1671
f 1671 1387 1685
f 1356 1387 1671
f 1388 1687 1389
f 1388 1391 1687
f 1396 1688 1397
f 1398 1688 1396
f 1689 1688 1398
f 1398 1400 1689
f 1405 1690 1406
f 1407 1690 1405
f 1691 1690 1407
f 1408 1691 1407
f 1692 1691 1408
f 1409 1692 1408
f 1693 1692 1409
f 1693 1694 1695
f 1693 1409 1694
f 1409 1410 1694
f 1367 1672 1696
f 1367 1696 1410
f 1410 1696 1694
f 1698 1696 1672
f 1698 1672 1697
f 1697 1672 1673
f 1411 1673 1370
f 1411 1699 1673
f 1699 1697 1673
f 1412 1699 1411
f 1700 1699 1412
f 1413 1700 1412
f 1701 1700 1413
f 1413 1415 1701
f 1674 1422 1380
f 1675 1422 1674
f 1424 1422 1675
f 1676 1424 1675
f 1426 1424 1676
f 1677 1426 1676
f 1428 1426 1677
f 1678 1428 1677
f 1430 1428 1678
f 1430 1702 1431
f 1430 1678 1702
f 1678 1679 1702
f 1679 1680 1702
f 1680 1703 1702
f 1682 1704 1703
f 1680 1682 1703
f 1686 1685 1705
f 1707 1432 1706
f 1705 1432 1707
f 1705 1387 1432
f 1705 1685 1387
f 1389 1706 1432
f 1389 1687 1706
f 1687 1708 1706
f 1687 1434 1708
f 1391 1434 1687
f 1709 1397 1688
f 1440 1397 1709
f 1688 1689 1709
f 1689 1710 1709
f 1400 1710 1689
f 1400 1711 1710
f 1400 1441 1711
f 1712 1710 1711
f 1711 1441 1713
f 1441 1442 1713
f 1713 1442 1714
f 1442 1443 1714
f 1714 1443 1715
f 1443 1444 1715
f 1715 1444 1716
f 1444 1445 1716
f 1445 1717 1716
f 1447 1717 1445
f 1449 1718 1450
f 1718 1719 1720
f 1449 1719 1718
f 1449 1690 1719
f 1449 1406 1690
f 1690 1691 1721
f 1719 1690 1721
f 1691 1692 1722
f 1721 1691 1722
f 1692 1693 1723
f 1722 1692 1723
f 1693 1695 1723
f 1698 1697 1724
f 1697 1699 1725
f 1724 1697 1725
f 1699 1700 1726
f 1725 1699 1726
f 1700 1701 1727
f 1726 1700 1727
f 1729 1451 1728
f 1727 1451 1729
f 1727 1415 1451
f 1727 1701 1415
f 1452 1728 1451
f 1730 1728 1452
f 1453 1730 1452
f 1731 1730 1453
f 1454 1731 1453
f 1732 1731 1454
f 1455 1732 1454
f 1733 1732 1455
f 1456 1733 1455
f 1734 1733 1456
f 1457 1734 1456
f 1735 1734 1457
f 1458 1735 1457
f 1736 1735 1458
f 1459 1736 1458
f 1737 1736 1459
f 1460 1737 1459
f 1738 1737 1460
f 1461 1738 1460
f 1739 1738 1461
f 1431 1739 1461
f 1431 1702 1739
f 1702 1740 1739
f 1741 1742 1740
f 1741 1740 1703
f 1703 1740 1702
f 1703 1704 1741
f 1707 1706 1743
f 1706 1708 1744
f 1743 1706 1744
f 1746 1462 1745
f 1744 1462 1746
f 1744 1434 1462
f 1744 1708 1434
f 1463 1745 1462
f 1747 1745 1463
f 1464 1747 1463
f 1748 1747 1464
f 1465 1748 1464
f 1749 1748 1465
f 1466 1749 1465
f 1750 1749 1466
f 1467 1750 1466
f 1751 1750 1467
f 1751 1752 1753
f 1467 1752 1751
f 1467 1709 1752
f 1467 1440 1709
f 1709 1710 1754
f 1752 1709 1754
f 1710 1712 1754
f 1468 1755 1756
f 1468 1756 1447
f 1447 1756 1717
f 1469 1755 1468
f 1757 1755 1469
f 1757 1758 1759
f 1469 1758 1757
f 1469 1718 1758
f 1469 1450 1718
f 1718 1720 1758
f 1729 1728 1760
f 1728 1730 1761
f 1760 1728 1761
f 1763 1761 1730
f 1763 1730 1762
f 1762 1730 1731
f 1764 1765 1762
f 1764 1762 1732
f 1732 1762 1731
f 1732 1733 1766
f 1764 1732 1766
f 1733 1734 1767
f 1766 1733 1767
f 1734 1735 1768
f 1767 1734 1768
f 1770 1768 1735
f 1770 1735 1769
f 1769 1735 1736
f 1736 1737 1769
f 1737 1771 1769
f 1772 1773 1771
f 1772 1771 1738
f 1738 1771 1737
f 1738 1739 1774
f 1772 1738 1774
f 1739 1740 1775
f 1774 1739 1775
f 1740 1742 1775
f 1746 1745 1776
f 1745 1747 1777
f 1776 1745 1777
f 1747 1748 1778
f 1777 1747 1778
f 1748 1749 1779
f 1778 1748 1779
f 1749 1750 1780
f 1779 1749 1780
f 1750 1751 1781
f 1780 1750 1781
f 1751 1753 1781
f 1756 1755 1782
f 1755 1757 1783
f 1782 1755 1783
f 1757 1759 1783
f 1763 1762 1784
f 1762 1765 1784
f 1770 1769 1785
f 1769 1771 1786
f 1785 1769 1786
f 1771 1773 1786
f 1789 1788 1787
f 1788 1791 1790
f 1787 1788 1790
f 1791 1793 1792
f 1790 1791 1792
f 1793 1795 1794
f 1792 1793 1794
f 1795 1796 1794
f 1799 1798 1797
f 1472 1797 1798
f 1472 1798 1471
f 1471 1798 1800
f 1800 1801 1471
f 1471 1801 1474
f 1787 1801 1789
f 1787 1476 1801
f 1476 1474 1801
f 1790 1476 1787
f 1478 1476 1790
f 1792 1478 1790
f 1480 1478 1792
f 1794 1480 1792
f 1482 1480 1794
f 1482 1802 1483
f 1794 1802 1482
f 1794 1803 1802
f 1794 1796 1803
f 1803 1804 1802
f 1807 1806 1805
f 1486 1805 1806
f 1486 1806 1485
f 1485 1806 1808
f 1808 1809 1485
f 1485 1809 1488
f 1809 1810 1488
f 1488 1810 1490
f 1797 1810 1799
f 1797 1492 1810
f 1492 1490 1810
f 1797 1472 1492
f 1811 1483 1802
f 1497 1483 1811
f 1804 1812 1811
f 1802 1804 1811
f 1815 1814 1813
f 1814 1817 1816
f 1813 1814 1816
f 1817 1818 1816
f 1821 1820 1819
f 1820 1823 1822
f 1819 1820 1822
f 1823 1824 1822
f 1827 1826 1825
f 1500 1825 1826
f 1500 1826 1499
f 1499 1826 1828
f 1805 1828 1807
f 1805 1502 1828
f 1502 1499 1828
f 1805 1486 1502
f 1829 1497 1811
f 1505 1497 1829
f 1812 1831 1830
f 1812 1830 1811
f 1811 1830 1829
f 1831 1832 1830
f 1835 1834 1833
f 1508 1833 1834
f 1508 1834 1507
f 1507 1834 1836
f 1836 1837 1507
f 1507 1837 1510
f 1837 1838 1510
f 1510 1838 1512
f 1813 1838 1815
f 1813 1514 1838
f 1514 1512 1838
f 1816 1514 1813
f 1516 1514 1816
f 1818 1516 1816
f 1818 1839 1516
f 1839 1518 1516
f 1839 1840 1518
f 1518 1840 1520
f 1841 1521 1520
f 1841 1520 1842
f 1842 1520 1840
f 1842 1843 1841
f 1846 1845 1844
f 1524 1844 1845
f 1524 1845 1523
f 1523 1845 1847
f 1848 1525 1523
f 1848 1523 1849
f 1849 1523 1847
f 1819 1526 1527
f 1821 1819 1527
f 1821 1527 1848
f 1821 1848 1849
f 1822 1526 1819
f 1528 1526 1822
f 1824 1528 1822
f 1824 1850 1528
f 1850 1530 1528
f 1851 1531 1530
f 1851 1530 1852
f 1852 1530 1850
f 1852 1854 1853
f 1851 1852 1853
f 1854 1855 1853
f 1858 1857 1856
f 1857 1859 1856
f 1862 1861 1860
f 1534 1860 1861
f 1534 1861 1533
f 1533 1861 1863
f 1863 1864 1533
f 1533 1864 1536
f 1825 1864 1827
f 1825 1538 1864
f 1538 1536 1864
f 1825 1500 1538
f 1829 1542 1505
f 1542 1865 1543
f 1542 1829 1865
f 1829 1830 1865
f 1832 1867 1866
f 1832 1866 1830
f 1830 1866 1865
f 1867 1868 1866
f 1871 1870 1869
f 1870 1873 1872
f 1869 1870 1872
f 1833 1545 1546
f 1835 1833 1546
f 1835 1546 1872
f 1835 1872 1873
f 1833 1508 1545
f 1841 1551 1521
f 1551 1874 1552
f 1841 1874 1551
f 1841 1875 1874
f 1841 1843 1875
f 1554 1874 1875
f 1554 1875 1553
f 1877 1876 1875
f 1876 1553 1875
f 1876 1879 1878
f 1876 1878 1553
f 1553 1878 1556
f 1844 1878 1846
f 1844 1558 1878
f 1558 1556 1878
f 1844 1524 1558
f 1848 1559 1525
f 1848 1527 1559
f 1851 1561 1531
f 1853 1561 1851
f 1562 1561 1853
f 1855 1562 1853
f 1855 1880 1562
f 1880 1563 1562
f 1856 1880 1858
f 1856 1565 1880
f 1565 1563 1880
f 1859 1565 1856
f 1859 1881 1565
f 1881 1566 1565
f 1566 1881 1882
f 1567 1566 1882
f 1884 1862 1860
f 1883 1884 1860
f 1860 1569 1883
f 1534 1569 1860
f 1885 1543 1865
f 1574 1543 1885
f 1865 1866 1885
f 1866 1886 1885
f 1868 1887 1886
f 1866 1868 1886
f 1890 1889 1888
f 1889 1871 1869
f 1889 1869 1888
f 1888 1869 1891
f 1577 1872 1576
f 1577 1891 1872
f 1891 1869 1872
f 1872 1546 1576
f 1874 1580 1552
f 1877 1892 1876
f 1874 1554 1580
f 1876 1892 1879
f 1882 1581 1567
f 1893 1581 1882
f 1883 1893 1884
f 1883 1582 1893
f 1582 1581 1893
f 1883 1569 1582
f 1885 1584 1574
f 1886 1584 1885
f 1586 1584 1886
f 1586 1886 1887
f 1586 1887 1587
f 1587 1887 1894
f 1897 1896 1895
f 1896 1890 1888
f 1896 1888 1895
f 1895 1888 1898
f 1590 1891 1589
f 1590 1898 1891
f 1898 1888 1891
f 1891 1577 1589
f 1901 1899 1900
f 1900 1899 1902
f 1903 1894 1904
f 1903 1594 1894
f 1594 1587 1894
f 1904 1905 1903
f 1907 1897 1895
f 1906 1907 1895
f 1895 1898 1906
f 1898 1908 1906
f 1898 1596 1908
f 1590 1596 1898
f 1901 1909 1899
f 1899 1909 1902
f 1903 1598 1594
f 1598 1910 1599
f 1903 1910 1598
f 1903 1911 1910
f 1903 1905 1911
f 1911 1912 1910
f 1914 1907 1906
f 1913 1914 1906
f 1906 1908 1913
f 1908 1915 1913
f 1908 1601 1915
f 1596 1601 1908
f 1916 1599 1910
f 1603 1599 1916
f 1912 1918 1917
f 1912 1917 1910
f 1910 1917 1916
f 1918 1919 1917
f 1921 1914 1913
f 1920 1921 1913
f 1606 1915 1605
f 1606 1920 1915
f 1920 1913 1915
f 1915 1601 1605
f 1922 1603 1916
f 1609 1603 1922
f 1916 1917 1922
f 1917 1923 1922
f 1919 1924 1923
f 1917 1919 1923
f 1926 1921 1920
f 1925 1926 1920
f 1610 1920 1606
f 1610 1927 1920
f 1927 1925 1920
f 1610 1612 1927
f 1922 1615 1609
f 1615 1928 1616
f 1615 1922 1928
f 1922 1923 1928
f 1924 1929 1928
f 1923 1924 1928
f 1926 1925 1930
f 1932 1930 1925
f 1932 1925 1931
f 1931 1925 1927
f 1927 1618 1931
f 1612 1618 1927
f 1933 1616 1928
f 1621 1616 1933
f 1929 1934 1933
f 1928 1929 1933
f 1932 1931 1935
f 1931 1936 1935
f 1931 1618 1936
f 1618 1623 1936
f 1937 1621 1933
f 1626 1621 1937
f 1934 1938 1937
f 1933 1934 1937
f 1627 1939 1940
f 1627 1940 1623
f 1623 1940 1936
f 1627 1629 1939
f 1631 1941 1632
f 1626 1941 1631
f 1626 1937 1941
f 1937 1942 1941
f 1938 1943 1942
f 1937 1938 1942
f 1945 1940 1939
f 1944 1945 1939
f 1939 1634 1944
f 1629 1634 1939
f 1637 1946 1638
f 1632 1946 1637
f 1632 1941 1946
f 1941 1947 1946
f 1948 1949 1947
f 1948 1947 1942
f 1942 1947 1941
f 1942 1943 1948
f 1952 1951 1950
f 1944 1640 1641
f 1945 1944 1641
f 1945 1641 1950
f 1945 1950 1951
f 1944 1634 1640
f 1953 1638 1946
f 1643 1638 1953
f 1954 1955 1953
f 1954 1953 1947
f 1947 1953 1946
f 1947 1949 1954
f 1957 1952 1950
f 1956 1957 1950
f 1950 1645 1956
f 1641 1645 1950
f 1958 1643 1953
f 1649 1643 1958
f 1955 1959 1958
f 1953 1955 1958
f 1961 1957 1956
f 1960 1961 1956
f 1956 1651 1960
f 1645 1651 1956
f 1962 1649 1958
f 1654 1649 1962
f 1959 1963 1962
f 1958 1959 1962
f 1966 1965 1964
f 1960 1656 1657
f 1961 1960 1657
f 1961 1657 1964
f 1961 1964 1965
f 1960 1651 1656
f 1967 1654 1962
f 1661 1654 1967
f 1963 1968 1967
f 1962 1963 1967
f 1970 1966 1964
f 1969 1970 1964
f 1662 1964 1657
f 1662 1971 1964
f 1971 1969 1964
f 1662 1664 1971
f 1972 1661 1967
f 1972 1973 1661
f 1973 1668 1661
f 1967 1968 1972
f 1970 1969 1974
f 1976 1974 1969
f 1976 1969 1975
f 1975 1969 1971
f 1971 1670 1975
f 1664 1670 1971
f 1681 1977 1682
f 1683 1977 1681
f 1978 1977 1683
f 1978 1683 1668
f 1978 1668 1979
f 1979 1668 1973
f 1981 1976 1975
f 1980 1981 1975
f 1684 1975 1670
f 1684 1982 1975
f 1982 1980 1975
f 1684 1686 1982
f 1695 1983 1984
f 1694 1983 1695
f 1986 1696 1985
f 1986 1983 1696
f 1983 1694 1696
f 1696 1698 1985
f 1987 1682 1977
f 1704 1682 1987
f 1977 1978 1987
f 1978 1988 1987
f 1979 1989 1988
f 1978 1979 1988
f 1981 1980 1990
f 1992 1990 1980
f 1992 1980 1991
f 1991 1980 1982
f 1705 1982 1686
f 1705 1993 1982
f 1993 1991 1982
f 1705 1707 1993
f 1712 1994 1995
f 1711 1994 1712
f 1997 1713 1996
f 1997 1994 1713
f 1994 1711 1713
f 1714 1996 1713
f 1998 1996 1714
f 1715 1998 1714
f 1999 1998 1715
f 1716 1999 1715
f 2000 1999 1716
f 1716 1717 2000
f 1719 2001 1720
f 1721 2001 1719
f 2002 2001 1721
f 1722 2002 1721
f 2003 2002 1722
f 2003 2004 2005
f 2003 1722 2004
f 1722 1723 2004
f 2004 1723 1695
f 1984 2004 1695
f 1986 1985 2006
f 1985 1698 1724
f 1985 1724 2006
f 2006 1724 2007
f 2009 1725 2008
f 2009 2007 1725
f 2007 1724 1725
f 1726 2008 1725
f 2010 2008 1726
f 1727 2010 1726
f 2011 2010 1727
f 1727 1729 2011
f 1741 2012 1742
f 1704 2012 1741
f 1704 1987 2012
f 1987 2013 2012
f 2014 2015 2013
f 2014 2013 1988
f 1988 2013 1987
f 1988 1989 2014
f 1992 1991 2016
f 1991 1993 2017
f 2016 1991 2017
f 2019 1743 2018
f 2017 1743 2019
f 2017 1707 1743
f 2017 1993 1707
f 1744 2018 1743
f 2020 2018 1744
f 1744 1746 2020
f 1752 2021 1753
f 2021 2022 2023
f 2021 1752 2022
f 1752 1754 2022
f 2022 1754 1712
f 1995 2022 1712
f 1997 1996 2024
f 1996 1998 2025
f 2024 1996 2025
f 1998 1999 2026
f 2025 1998 2026
f 1999 2000 2027
f 2026 1999 2027
f 2000 2028 2027
f 2000 1717 2028
f 1717 1756 2028
f 1759 2029 2030
f 1758 2029 1759
f 1720 2001 2031
f 1720 2031 1758
f 1758 2031 2029
f 2001 2002 2032
f 2031 2001 2032
f 2002 2003 2033
f 2032 2002 2033
f 2003 2005 2033
f 2009 2008 2034
f 2008 2010 2035
f 2034 2008 2035
f 2010 2011 2036
f 2035 2010 2036
f 2011 1729 1760
f 2011 1760 2036
f 2036 1760 2037
f 2039 1761 2038
f 2039 2037 1761
f 2037 1760 1761
f 1761 1763 2038
f 1764 2040 1765
f 1766 2040 1764
f 2041 2040 1766
f 1767 2041 1766
f 2042 2041 1767
f 1768 2042 1767
f 2043 2042 1768
f 1768 1770 2043
f 1772 2044 1773
f 2044 2045 2046
f 2044 1772 2045
f 1772 1774 2045
f 2045 1774 2047
f 1774 1775 2047
f 1742 2012 2048
f 1742 2048 1775
f 1775 2048 2047
f 2012 2013 2049
f 2048 2012 2049
f 2013 2015 2049
f 2019 2018 2050
f 2018 2020 2051
f 2050 2018 2051
f 2020 1746 1776
f 2020 1776 2051
f 2051 1776 2052
f 2052 1776 2053
f 1776 1777 2053
f 2053 1777 2054
f 1777 1778 2054
f 2056 1779 2055
f 2056 2054 1779
f 2054 1778 1779
f 1780 2055 1779
f 2057 2055 1780
f 2057 2058 2059
f 2057 1780 2058
f 1780 1781 2058
f 1753 2021 2060
f 1753 2060 1781
f 1781 2060 2058
f 2021 2023 2060
f 2028 1756 1782
f 2061 2028 1782
f 2061 1782 2062
f 1782 1783 2062
f 2062 1783 1759
f 2030 2062 1759
f 2039 2038 2063
f 2038 1763 1784
f 2038 1784 2063
f 2063 1784 2064
f 1765 2040 2065
f 1765 2065 1784
f 1784 2065 2064
f 2040 2041 2066
f 2065 2040 2066
f 2041 2042 2067
f 2066 2041 2067
f 2042 2043 2068
f 2067 2042 2068
f 2043 1770 1785
f 2043 1785 2068
f 2068 1785 2069
f 2071 1786 2070
f 2071 2069 1786
f 2069 1785 1786
f 2070 2072 2073
f 1786 2072 2070
f 1786 2044 2072
f 1786 1773 2044
f 2044 2046 2072
f 2076 2075 2074
f 2075 2077 2074
f 2056 2055 2078
f 2055 2057 2079
f 2078 2055 2079
f 2057 2059 2079
f 2071 2070 2080
f 2070 2073 2080
f 2076 2074 2081
f 2074 2077 2081
f 2084 2083 2082
f 2083 2086 2085
f 2082 2083 2085
f 2086 2088 2087
f 2085 2086 2087
f 2088 2090 2089
f 2087 2088 2089
f 2090 2092 2091
f 2089 2090 2091
f 2092 2093 2091
f 2096 2095 2094
f 2095 2098 2097
f 2094 2095 2097
f 2098 2084 2082
f 2098 2082 2097
f 2097 2082 2099
f 1789 2085 1788
f 1789 2099 2085
f 2099 2082 2085
f 2087 1788 2085
f 1791 1788 2087
f 2089 1791 2087
f 1793 1791 2089
f 2091 1793 2089
f 1795 1793 2091
f 1795 2100 1796
f 2091 2100 1795
f 2091 2101 2100
f 2091 2093 2101
f 2101 2102 2100
f 2105 2104 2103
f 2104 2107 2106
f 2103 2104 2106
f 2107 2108 2106
f 2094 1798 1799
f 2094 1799 2096
f 2096 1799 2109
f 2097 1798 2094
f 1800 1798 2097
f 2099 1800 2097
f 1801 1800 2099
f 2099 1789 1801
f 2100 1803 1796
f 1803 2100 2102
f 1803 2102 1804
f 1804 2102 2110
f 2113 2112 2111
f 2112 2105 2103
f 2112 2103 2111
f 2111 2103 2114
f 1807 2106 1806
f 1807 2114 2106
f 2114 2103 2106
f 2108 1806 2106
f 2108 2115 1806
f 2115 1808 1806
f 2115 2116 1808
f 1808 2116 1809
f 2116 2117 1809
f 1809 2117 1810
f 2117 1799 1810
f 2109 1799 2117
f 2118 2110 2119
f 2118 1812 2110
f 1812 1804 2110
f 2119 2120 2118
f 2123 2122 2121
f 2122 2125 2124
f 2121 2122 2124
f 2125 2127 2126
f 2124 2125 2126
f 2127 2129 2128
f 2126 2127 2128
f 1815 2128 2129
f 1815 2129 1814
f 1814 2129 2130
f 2132 2131 1817
f 2132 1817 2130
f 2130 1817 1814
f 1817 2131 1818
f 2135 2134 2133
f 2134 2136 2133
f 1821 2138 2137
f 1820 1821 2137
f 2137 2139 1820
f 1820 2139 1823
f 1823 2139 2140
f 1824 1823 2140
f 2143 2142 2141
f 2142 2145 2144
f 2141 2142 2144
f 2111 1826 1827
f 2113 2111 1827
f 2113 1827 2144
f 2113 2144 2145
f 2114 1826 2111
f 1828 1826 2114
f 2114 1807 1828
f 2118 1831 1812
f 1831 2146 1832
f 2118 2146 1831
f 2118 2147 2146
f 2118 2120 2147
f 2147 2148 2146
f 2151 2150 2149
f 2150 2153 2152
f 2149 2150 2152
f 2121 1834 1835
f 2123 2121 1835
f 2123 1835 2152
f 2123 2152 2153
f 2124 1834 2121
f 1836 1834 2124
f 2126 1836 2124
f 1837 1836 2126
f 2128 1837 2126
f 1838 1837 2128
f 2128 1815 1838
f 2132 2154 2131
f 2131 1839 1818
f 2131 2154 1839
f 2154 2155 1839
f 2155 2156 1839
f 1839 2156 1840
f 2158 2157 1842
f 2158 1842 2156
f 2156 1842 1840
f 1842 2157 1843
f 2161 2160 2159
f 2160 2163 2162
f 2159 2160 2162
f 1846 2162 2163
f 1846 2163 1845
f 1845 2163 2164
f 2133 2164 2135
f 2133 1847 2164
f 1847 1845 2164
f 2136 1847 2133
f 2136 2165 1847
f 2165 1849 1847
f 2165 1821 1849
f 2138 1821 2165
f 2140 1850 1824
f 2166 1850 2140
f 2166 2167 1850
f 1850 2167 1852
f 2167 2168 1852
f 1852 2168 1854
f 2169 1855 1854
f 2169 1854 2170
f 2170 1854 2168
f 1858 2169 2170
f 1858 2170 1857
f 1857 2170 2171
f 1857 2171 2172
f 1859 1857 2172
f 1862 2174 2173
f 1861 1862 2173
f 2141 2173 2143
f 2141 1863 2173
f 1863 1861 2173
f 2144 1863 2141
f 1864 1863 2144
f 2144 1827 1864
f 2146 1867 1832
f 1867 2146 2148
f 1867 2148 1868
f 1868 2148 2175
f 2178 2177 2176
f 2149 1870 1871
f 2151 2149 1871
f 2151 1871 2176
f 2151 2176 2177
f 2152 1870 2149
f 1873 1870 2152
f 2152 1835 1873
f 2158 2179 2157
f 2157 1875 1843
f 2157 2179 1875
f 2179 2180 1875
f 2161 2159 2181
f 2161 2181 1875
f 2161 1875 2180
f 1877 1875 2181
f 1879 2162 1878
f 1879 2181 2162
f 2181 2159 2162
f 2162 1846 1878
f 2169 1880 1855
f 2169 1858 1880
f 2172 1881 1859
f 2182 1881 2172
f 2183 1882 1881
f 2183 1881 2184
f 2184 1881 2182
f 2184 1884 2183
f 2184 2174 1884
f 2174 1862 1884
f 2175 2185 1868
f 2185 1887 1868
f 2188 2187 2186
f 2176 1889 1890
f 2178 2176 1890
f 2178 1890 2186
f 2178 2186 2187
f 2176 1871 1889
f 2181 1892 1877
f 2181 1879 1892
f 2183 1893 1882
f 2183 1884 1893
f 2189 2185 2190
f 2189 1894 2185
f 1894 1887 2185
f 2190 2192 2191
f 2189 2190 2191
f 2192 2193 2191
f 2186 1896 1897
f 2186 1897 2188
f 2188 1897 2194
f 2186 1890 1896
f 1900 2195 1901
f 1900 1902 2195
f 2189 1904 1894
f 1904 2196 1905
f 1904 2189 2196
f 2189 2191 2196
f 2193 2198 2197
f 2193 2197 2191
f 2191 2197 2196
f 2198 2199 2197
f 2202 2201 2200
f 2201 1907 2200
f 2201 2194 1907
f 2194 1897 1907
f 2195 1909 1901
f 2195 1902 1909
f 2196 1911 1905
f 1911 2203 1912
f 1911 2196 2203
f 2196 2197 2203
f 2199 2204 2203
f 2197 2199 2203
f 2206 2202 2200
f 2205 2206 2200
f 2200 1914 2205
f 1907 1914 2200
f 2203 1918 1912
f 1918 2207 1919
f 2203 2207 1918
f 2203 2208 2207
f 2203 2204 2208
f 2208 2209 2207
f 2212 2211 2210
f 2211 2206 2205
f 2211 2205 2210
f 2210 2205 2213
f 2205 1921 2213
f 1914 1921 2205
f 2214 1919 2207
f 1924 1919 2214
f 2209 2215 2214
f 2207 2209 2214
f 2212 2210 2216
f 2218 2216 2210
f 2218 2210 2217
f 2217 2210 2213
f 2213 1926 2217
f 1921 1926 2213
f 2219 1924 2214
f 1929 1924 2219
f 2215 2220 2219
f 2214 2215 2219
f 2218 2217 2221
f 2223 1930 2222
f 2221 1930 2223
f 2221 1926 1930
f 2221 2217 1926
f 1930 1932 2222
f 2224 1929 2219
f 1934 1929 2224
f 2220 2225 2224
f 2219 2220 2224
f 2223 2222 2226
f 2228 1935 2227
f 2226 1935 2228
f 2226 1932 1935
f 2226 2222 1932
f 1935 1936 2227
f 2229 1934 2224
f 1938 1934 2229
f 2225 2230 2229
f 2224 2225 2229
f 2228 2227 2231
f 2227 2232 2231
f 2227 1936 2232
f 1936 1940 2232
f 2233 1938 2229
f 1943 1938 2233
f 2230 2234 2233
f 2229 2230 2233
f 2237 2236 2235
f 2236 1945 2235
f 2236 2232 1945
f 2232 1940 1945
f 1948 2238 1949
f 2238 2239 2240
f 1948 2239 2238
f 1948 2233 2239
f 1948 1943 2233
f 2233 2234 2239
f 2243 2242 2241
f 2235 1951 1952
f 2237 2235 1952
f 2237 1952 2241
f 2237 2241 2242
f 2235 1945 1951
f 1954 2244 1955
f 2244 2245 2246
f 1954 2245 2244
f 1954 2238 2245
f 1954 1949 2238
f 2238 2240 2245
f 2249 2248 2247
f 2248 2243 2241
f 2248 2241 2247
f 2247 2241 2250
f 2241 1957 2250
f 1952 1957 2241
f 2251 1955 2244
f 1959 1955 2251
f 2246 2252 2251
f 2244 2246 2251
f 2255 2254 2253
f 2254 2249 2247
f 2254 2247 2253
f 2253 2247 2256
f 2247 2250 2256
f 2250 2257 2256
f 2250 1961 2257
f 1957 1961 2250
f 2258 1959 2251
f 1963 1959 2258
f 2252 2259 2258
f 2251 2252 2258
f 2262 2261 2260
f 2261 2255 2253
f 2261 2253 2260
f 2260 2253 2263
f 2253 2256 2263
f 2256 2264 2263
f 1966 2257 1965
f 1966 2264 2257
f 2264 2256 2257
f 2257 1961 1965
f 2265 1963 2258
f 1968 1963 2265
f 2259 2266 2265
f 2258 2259 2265
f 2262 2260 2267
f 2260 2263 2268
f 2267 2260 2268
f 2270 2268 2263
f 2270 2263 2269
f 2269 2263 2264
f 2264 1970 2269
f 1966 1970 2264
f 1972 2271 1973
f 2271 2272 2273
f 1972 2272 2271
f 1972 2265 2272
f 1972 1968 2265
f 2265 2266 2272
f 2275 2270 2269
f 2274 2275 2269
f 1974 2269 1970
f 1974 2276 2269
f 2276 2274 2269
f 1974 1976 2276
f 2277 1973 2271
f 2277 2278 1973
f 2278 1979 1973
f 2271 2273 2277
f 2280 2275 2274
f 2279 2280 2274
f 2274 2276 2279
f 2276 2281 2279
f 2276 1981 2281
f 1976 1981 2276
f 1983 2282 1984
f 1983 1986 2282
f 2278 2283 1979
f 2283 1989 1979
f 2280 2279 2284
f 2286 2284 2279
f 2286 2279 2285
f 2285 2279 2281
f 1990 2281 1981
f 1990 2287 2281
f 2287 2285 2281
f 1990 1992 2287
f 1994 2288 1995
f 1994 1997 2288
f 2005 2289 2290
f 2004 2289 2005
f 1984 2282 2291
f 1984 2291 2004
f 2004 2291 2289
f 2282 1986 2006
f 2282 2006 2291
f 2291 2006 2292
f 2292 2006 2293
f 2006 2007 2293
f 2007 2294 2293
f 2009 2294 2007
f 2014 2295 2015
f 2295 2014 1989
f 2295 1989 2296
f 2296 1989 2283
f 2286 2285 2297
f 2285 2287 2298
f 2297 2285 2298
f 2300 2016 2299
f 2298 2016 2300
f 2298 1992 2016
f 2298 2287 1992
f 2017 2299 2016
f 2301 2299 2017
f 2017 2019 2301
f 2304 2302 2303
f 2023 2303 2302
f 2023 2022 2303
f 2022 2305 2303
f 1995 2288 2306
f 1995 2306 2022
f 2022 2306 2305
f 2288 1997 2024
f 2288 2024 2306
f 2306 2024 2307
f 2307 2024 2308
f 2024 2025 2308
f 2308 2025 2309
f 2025 2026 2309
f 2311 2027 2310
f 2311 2309 2027
f 2309 2026 2027
f 2027 2028 2310
f 2029 2312 2030
f 2312 2313 2314
f 2312 2029 2313
f 2029 2031 2313
f 2313 2031 2315
f 2031 2032 2315
f 2315 2032 2316
f 2032 2033 2316
f 2316 2033 2005
f 2290 2316 2005
f 2294 2009 2034
f 2317 2294 2034
f 2317 2034 2318
f 2034 2035 2318
f 2318 2035 2319
f 2035 2036 2319
f 2321 2037 2320
f 2321 2319 2037
f 2319 2036 2037
f 2037 2039 2320
f 2045 2322 2046
f 2047 2322 2045
f 2323 2322 2047
f 2048 2323 2047
f 2324 2323 2048
f 2049 2324 2048
f 2325 2324 2049
f 2325 2326 2327
f 2049 2326 2325
f 2049 2295 2326
f 2049 2015 2295
f 2295 2296 2326
f 2300 2299 2328
f 2299 2301 2329
f 2328 2299 2329
f 2331 2050 2330
f 2329 2050 2331
f 2329 2019 2050
f 2329 2301 2019
f 2051 2330 2050
f 2332 2330 2051
f 2052 2332 2051
f 2333 2332 2052
f 2053 2333 2052
f 2334 2333 2053
f 2054 2334 2053
f 2335 2334 2054
f 2335 2054 2056
f 2338 2336 2337
f 2337 2339 2340
f 2336 2339 2337
f 2059 2340 2339
f 2059 2058 2340
f 2058 2341 2340
f 2302 2304 2341
f 2302 2341 2060
f 2060 2341 2058
f 2302 2060 2023
f 2311 2310 2342
f 2344 2061 2343
f 2342 2061 2344
f 2342 2028 2061
f 2342 2310 2028
f 2062 2343 2061
f 2345 2343 2062
f 2345 2346 2347
f 2062 2346 2345
f 2062 2312 2346
f 2062 2030 2312
f 2312 2314 2346
f 2321 2320 2348
f 2350 2063 2349
f 2348 2063 2350
f 2348 2039 2063
f 2348 2320 2039
f 2064 2349 2063
f 2351 2349 2064
f 2351 2352 2353
f 2351 2064 2352
f 2064 2065 2352
f 2352 2065 2354
f 2065 2066 2354
f 2356 2067 2355
f 2356 2354 2067
f 2354 2066 2067
f 2068 2355 2067
f 2357 2355 2068
f 2069 2357 2068
f 2358 2357 2069
f 2069 2071 2358
f 2072 2359 2073
f 2046 2359 2072
f 2046 2322 2359
f 2322 2360 2359
f 2076 2323 2075
f 2076 2360 2323
f 2360 2322 2323
f 2075 2361 2077
f 2075 2323 2361
f 2323 2324 2361
f 2362 2363 2361
f 2362 2361 2325
f 2325 2361 2324
f 2325 2327 2362
f 2331 2330 2364
f 2330 2332 2365
f 2364 2330 2365
f 2367 2365 2332
f 2367 2332 2366
f 2366 2332 2333
f 2333 2334 2366
f 2334 2368 2366
f 2334 2335 2368
f 2335 2369 2368
f 2338 2370 2078
f 2338 2078 2336
f 2370 2369 2078
f 2056 2078 2335
f 2369 2335 2078
f 2339 2336 2078
f 2079 2339 2078
f 2339 2079 2059
f 2344 2343 2371
f 2343 2345 2372
f 2371 2343 2372
f 2345 2347 2372
f 2350 2349 2373
f 2349 2351 2374
f 2373 2349 2374
f 2351 2353 2374
f 2356 2355 2375
f 2355 2357 2376
f 2375 2355 2376
f 2357 2358 2377
f 2376 2357 2377
f 2379 2080 2378
f 2377 2080 2379
f 2377 2071 2080
f 2377 2358 2071
f 2378 2380 2381
f 2080 2380 2378
f 2080 2359 2380
f 2080 2073 2359
f 2383 2380 2359
f 2383 2359 2382
f 2382 2359 2360
f 2081 2360 2076
f 2081 2384 2360
f 2384 2382 2360
f 2384 2385 2386
f 2081 2385 2384
f 2081 2361 2385
f 2081 2077 2361
f 2361 2363 2385
f 2367 2366 2387
f 2366 2368 2388
f 2387 2366 2388
f 2368 2369 2389
f 2388 2368 2389
f 2369 2370 2389
f 2379 2378 2390
f 2378 2381 2390
f 2383 2382 2391
f 2382 2384 2392
f 2391 2382 2392
f 2384 2386 2392
f 2395 2394 2393
f 2394 2396 2393
f 2399 2398 2397
f 2398 2401 2400
f 2397 2398 2400
f 2401 2402 2400
f 2405 2404 2403
f 2404 2407 2406
f 2403 2404 2406
f 2407 2409 2408
f 2406 2407 2408
f 2084 2408 2409
f 2084 2409 2083
f 2083 2409 2410
f 2410 2411 2083
f 2083 2411 2086
f 2393 2411 2395
f 2393 2088 2411
f 2088 2086 2411
f 2396 2088 2393
f 2396 2412 2088
f 2412 2090 2088
f 2412 2413 2090
f 2090 2413 2092
f 2092 2413 2414
f 2093 2092 2414
f 2417 2416 2415
f 2416 2399 2397
f 2416 2397 2415
f 2415 2397 2418
f 2397 2400 2418
f 2400 2419 2418
f 2402 2421 2420
f 2402 2420 2400
f 2400 2420 2419
f 2421 2423 2422
f 2420 2421 2422
f 2423 2405 2403
f 2423 2403 2422
f 2422 2403 2424
f 2096 2406 2095
f 2096 2424 2406
f 2424 2403 2406
f 2408 2095 2406
f 2098 2095 2408
f 2408 2084 2098
f 2414 2101 2093
f 2425 2101 2414
f 2101 2425 2426
f 2102 2101 2426
f 2428 2417 2415
f 2427 2428 2415
f 2105 2418 2104
f 2105 2427 2418
f 2427 2415 2418
f 2419 2104 2418
f 2107 2104 2419
f 2107 2429 2108
f 2107 2419 2429
f 2419 2420 2429
f 2420 2422 2429
f 2422 2430 2429
f 2422 2424 2430
f 2424 2431 2430
f 2424 2109 2431
f 2096 2109 2424
f 2432 2426 2433
f 2432 2110 2426
f 2110 2102 2426
f 2433 2434 2432
f 2437 2436 2435
f 2436 2438 2435
f 2441 2440 2439
f 2427 2112 2113
f 2428 2427 2113
f 2428 2113 2439
f 2428 2439 2440
f 2427 2105 2112
f 2429 2115 2108
f 2430 2115 2429
f 2116 2115 2430
f 2431 2116 2430
f 2117 2116 2431
f 2431 2109 2117
f 2432 2119 2110
f 2119 2442 2120
f 2432 2442 2119
f 2432 2443 2442
f 2432 2434 2443
f 2443 2444 2442
f 2447 2446 2445
f 2123 2445 2446
f 2123 2446 2122
f 2122 2446 2448
f 2448 2449 2122
f 2122 2449 2125
f 2449 2450 2125
f 2125 2450 2127
f 2450 2451 2127
f 2127 2451 2129
f 2451 2452 2129
f 2129 2452 2130
f 2453 2132 2130
f 2453 2130 2454
f 2454 2130 2452
f 2454 2455 2453
f 2135 2457 2456
f 2134 2135 2456
f 2458 2136 2134
f 2458 2134 2459
f 2459 2134 2456
f 2435 2137 2138
f 2437 2435 2138
f 2437 2138 2458
f 2437 2458 2459
f 2438 2137 2435
f 2438 2460 2137
f 2460 2139 2137
f 2461 2140 2139
f 2461 2139 2462
f 2462 2139 2460
f 2462 2463 2461
f 2466 2465 2464
f 2465 2467 2464
f 2143 2469 2468
f 2142 2143 2468
f 2439 2468 2441
f 2439 2145 2468
f 2145 2142 2468
f 2439 2113 2145
f 2442 2147 2120
f 2147 2442 2444
f 2147 2444 2148
f 2148 2444 2470
f 2473 2472 2471
f 2151 2471 2472
f 2151 2472 2150
f 2150 2472 2474
f 2445 2474 2447
f 2445 2153 2474
f 2153 2150 2474
f 2445 2123 2153
f 2453 2154 2132
f 2455 2154 2453
f 2455 2475 2154
f 2475 2155 2154
f 2475 2476 2155
f 2155 2476 2156
f 2477 2158 2156
f 2477 2156 2478
f 2478 2156 2476
f 2478 2480 2479
f 2477 2478 2479
f 2161 2479 2480
f 2161 2480 2160
f 2160 2480 2481
f 2481 2482 2160
f 2160 2482 2163
f 2482 2483 2163
f 2163 2483 2164
f 2483 2135 2164
f 2457 2135 2483
f 2458 2165 2136
f 2458 2138 2165
f 2461 2166 2140
f 2463 2166 2461
f 2463 2484 2166
f 2484 2167 2166
f 2484 2485 2167
f 2167 2485 2168
f 2485 2486 2168
f 2168 2486 2170
f 2486 2487 2170
f 2170 2487 2171
f 2488 2172 2171
f 2488 2171 2489
f 2489 2171 2487
f 2489 2466 2464
f 2489 2464 2488
f 2488 2464 2490
f 2467 2491 2173
f 2467 2173 2490
f 2467 2490 2464
f 2490 2173 2174
f 2491 2143 2173
f 2469 2143 2491
f 2492 2470 2493
f 2492 2175 2470
f 2175 2148 2470
f 2493 2494 2492
f 2497 2496 2495
f 2471 2177 2178
f 2473 2471 2178
f 2473 2178 2495
f 2473 2495 2496
f 2471 2151 2177
f 2477 2179 2158
f 2479 2179 2477
f 2180 2179 2479
f 2479 2161 2180
f 2488 2182 2172
f 2490 2182 2488
f 2184 2182 2490
f 2490 2174 2184
f 2498 2175 2492
f 2185 2175 2498
f 2494 2499 2498
f 2492 2494 2498
f 2502 2501 2500
f 2501 2504 2503
f 2500 2501 2503
f 2504 2506 2505
f 2503 2504 2505
f 2495 2187 2188
f 2497 2495 2188
f 2497 2188 2505
f 2497 2505 2506
f 2495 2178 2187
f 2498 2190 2185
f 2499 2190 2498
f 2499 2507 2190
f 2507 2192 2190
f 2192 2507 2508
f 2193 2192 2508
f 2511 2510 2509
f 2510 2513 2512
f 2509 2510 2512
f 2513 2502 2500
f 2513 2500 2512
f 2512 2500 2514
f 2500 2503 2514
f 2503 2515 2514
f 2503 2505 2515
f 2505 2516 2515
f 2505 2194 2516
f 2188 2194 2505
f 2508 2198 2193
f 2517 2198 2508
f 2198 2517 2518
f 2199 2198 2518
f 2520 2511 2509
f 2519 2520 2509
f 2509 2512 2519
f 2512 2521 2519
f 2512 2514 2521
f 2514 2522 2521
f 2514 2515 2522
f 2515 2523 2522
f 2202 2516 2201
f 2202 2523 2516
f 2523 2515 2516
f 2516 2194 2201
f 2524 2518 2525
f 2524 2204 2518
f 2204 2199 2518
f 2525 2526 2524
f 2528 2520 2519
f 2527 2528 2519
f 2519 2521 2527
f 2521 2529 2527
f 2521 2522 2529
f 2522 2530 2529
f 2522 2523 2530
f 2523 2531 2530
f 2523 2206 2531
f 2202 2206 2523
f 2524 2208 2204
f 2208 2532 2209
f 2524 2532 2208
f 2524 2533 2532
f 2524 2526 2533
f 2533 2534 2532
f 2528 2527 2535
f 2537 2535 2527
f 2537 2527 2536
f 2536 2527 2529
f 2529 2530 2536
f 2530 2538 2536
f 2212 2531 2211
f 2212 2538 2531
f 2538 2530 2531
f 2531 2206 2211
f 2539 2209 2532
f 2215 2209 2539
f 2534 2540 2539
f 2532 2534 2539
f 2537 2536 2541
f 2543 2541 2536
f 2543 2536 2542
f 2542 2536 2538
f 2216 2538 2212
f 2216 2544 2538
f 2544 2542 2538
f 2216 2218 2544
f 2545 2215 2539
f 2220 2215 2545
f 2540 2547 2546
f 2540 2546 2539
f 2539 2546 2545
f 2547 2548 2546
f 2543 2542 2549
f 2542 2544 2550
f 2549 2542 2550
f 2552 2221 2551
f 2550 2221 2552
f 2550 2218 2221
f 2550 2544 2218
f 2221 2223 2551
f 2553 2220 2545
f 2225 2220 2553
f 2545 2546 2553
f 2546 2554 2553
f 2548 2555 2554
f 2546 2548 2554
f 2552 2551 2556
f 2558 2226 2557
f 2556 2226 2558
f 2556 2223 2226
f 2556 2551 2223
f 2226 2228 2557
f 2559 2225 2553
f 2230 2225 2559
f 2553 2554 2559
f 2554 2560 2559
f 2555 2561 2560
f 2554 2555 2560
f 2558 2557 2562
f 2564 2231 2563
f 2562 2231 2564
f 2562 2228 2231
f 2562 2557 2228
f 2231 2232 2563
f 2565 2230 2559
f 2234 2230 2565
f 2566 2567 2565
f 2566 2565 2560
f 2560 2565 2559
f 2560 2561 2566
f 2563 2236 2237
f 2563 2237 2564
f 2564 2237 2568
f 2563 2232 2236
f 2239 2569 2240
f 2569 2570 2571
f 2239 2570 2569
f 2239 2565 2570
f 2239 2234 2565
f 2565 2567 2570
f 2574 2573 2572
f 2243 2572 2573
f 2243 2573 2242
f 2242 2573 2575
f 2575 2237 2242
f 2568 2237 2575
f 2245 2576 2246
f 2240 2576 2245
f 2240 2569 2576
f 2569 2577 2576
f 2571 2578 2577
f 2569 2571 2577
f 2581 2580 2579
f 2580 2583 2582
f 2579 2580 2582
f 2583 2585 2584
f 2582 2583 2584
f 2572 2248 2249
f 2574 2572 2249
f 2574 2249 2584
f 2574 2584 2585
f 2572 2243 2248
f 2586 2246 2576
f 2252 2246 2586
f 2587 2588 2586
f 2587 2586 2577
f 2577 2586 2576
f 2577 2578 2587
f 2591 2590 2589
f 2590 2581 2579
f 2590 2579 2589
f 2589 2579 2592
f 2579 2582 2592
f 2582 2593 2592
f 2255 2584 2254
f 2255 2593 2584
f 2593 2582 2584
f 2584 2249 2254
f 2594 2252 2586
f 2259 2252 2594
f 2588 2595 2594
f 2586 2588 2594
f 2598 2597 2596
f 2597 2591 2589
f 2597 2589 2596
f 2596 2589 2599
f 2589 2592 2599
f 2592 2600 2599
f 2262 2593 2261
f 2262 2600 2593
f 2600 2592 2593
f 2593 2255 2261
f 2601 2259 2594
f 2601 2602 2259
f 2602 2266 2259
f 2594 2595 2601
f 2604 2598 2596
f 2603 2604 2596
f 2596 2599 2603
f 2599 2605 2603
f 2599 2600 2605
f 2600 2606 2605
f 2267 2600 2262
f 2267 2607 2600
f 2607 2606 2600
f 2268 2607 2267
f 2608 2607 2268
f 2268 2270 2608
f 2272 2609 2273
f 2609 2272 2266
f 2609 2266 2610
f 2610 2266 2602
f 2604 2603 2611
f 2613 2611 2603
f 2613 2603 2612
f 2612 2603 2605
f 2605 2606 2612
f 2606 2614 2612
f 2606 2607 2614
f 2607 2615 2614
f 2607 2608 2615
f 2608 2616 2615
f 2608 2275 2616
f 2270 2275 2608
f 2277 2617 2278
f 2617 2618 2619
f 2277 2618 2617
f 2277 2609 2618
f 2277 2273 2609
f 2609 2610 2618
f 2613 2612 2620
f 2612 2614 2621
f 2620 2612 2621
f 2623 2621 2614
f 2623 2614 2622
f 2622 2614 2615
f 2615 2616 2622
f 2616 2624 2622
f 2616 2280 2624
f 2275 2280 2616
f 2625 2278 2617
f 2625 2626 2278
f 2626 2283 2278
f 2617 2619 2625
f 2623 2622 2627
f 2622 2624 2628
f 2627 2622 2628
f 2630 2284 2629
f 2628 2284 2630
f 2628 2280 2284
f 2628 2624 2280
f 2284 2286 2629
f 2290 2631 2632
f 2289 2631 2290
f 2631 2289 2633
f 2289 2291 2633
f 2635 2292 2634
f 2635 2633 2292
f 2633 2291 2292
f 2634 2636 2637
f 2634 2292 2636
f 2292 2293 2636
f 2293 2638 2636
f 2294 2638 2293
f 2626 2639 2283
f 2639 2296 2283
f 2630 2629 2640
f 2629 2286 2297
f 2629 2297 2640
f 2640 2297 2641
f 2643 2298 2642
f 2643 2641 2298
f 2641 2297 2298
f 2298 2300 2642
f 2303 2644 2304
f 2305 2644 2303
f 2645 2644 2305
f 2306 2645 2305
f 2646 2645 2306
f 2307 2646 2306
f 2647 2646 2307
f 2308 2647 2307
f 2648 2647 2308
f 2309 2648 2308
f 2649 2648 2309
f 2309 2311 2649
f 2314 2650 2651
f 2313 2650 2314
f 2650 2313 2652
f 2313 2315 2652
f 2652 2315 2653
f 2315 2316 2653
f 2653 2316 2290
f 2632 2653 2290
f 2635 2634 2654
f 2634 2637 2654
f 2638 2294 2317
f 2655 2638 2317
f 2655 2317 2656
f 2317 2318 2656
f 2656 2318 2657
f 2318 2319 2657
f 2319 2658 2657
f 2321 2658 2319
f 2326 2659 2327
f 2659 2326 2296
f 2659 2296 2660
f 2660 2296 2639
f 2643 2642 2661
f 2642 2300 2328
f 2642 2328 2661
f 2661 2328 2662
f 2664 2329 2663
f 2664 2662 2329
f 2662 2328 2329
f 2329 2331 2663
f 2337 2665 2338
f 2340 2665 2337
f 2666 2665 2340
f 2341 2666 2340
f 2667 2666 2341
f 2304 2667 2341
f 2304 2644 2667
f 2644 2668 2667
f 2644 2645 2668
f 2645 2669 2668
f 2670 2671 2669
f 2670 2669 2646
f 2646 2669 2645
f 2646 2647 2672
f 2670 2646 2672
f 2647 2648 2673
f 2672 2647 2673
f 2648 2649 2674
f 2673 2648 2674
f 2649 2311 2342
f 2649 2342 2674
f 2674 2342 2675
f 2342 2676 2675
f 2344 2676 2342
f 2347 2677 2678
f 2346 2677 2347
f 2677 2346 2314
f 2651 2677 2314
f 2348 2679 2680
f 2348 2680 2321
f 2321 2680 2658
f 2348 2350 2679
f 2352 2681 2353
f 2354 2681 2352
f 2682 2681 2354
f 2354 2356 2682
f 2362 2683 2363
f 2683 2684 2685
f 2362 2684 2683
f 2362 2659 2684
f 2362 2327 2659
f 2659 2660 2684
f 2664 2663 2686
f 2688 2364 2687
f 2686 2364 2688
f 2686 2331 2364
f 2686 2663 2331
f 2365 2687 2364
f 2689 2687 2365
f 2365 2367 2689
f 2690 2338 2665
f 2370 2338 2690
f 2665 2666 2690
f 2666 2691 2690
f 2692 2693 2691
f 2692 2691 2667
f 2667 2691 2666
f 2667 2668 2694
f 2692 2667 2694
f 2668 2669 2695
f 2694 2668 2695
f 2669 2671 2695
f 2676 2344 2371
f 2696 2676 2371
f 2696 2371 2697
f 2371 2372 2697
f 2697 2372 2347
f 2678 2697 2347
f 2680 2679 2698
f 2700 2373 2699
f 2698 2373 2700
f 2698 2350 2373
f 2698 2679 2350
f 2374 2699 2373
f 2701 2699 2374
f 2701 2702 2703
f 2374 2702 2701
f 2374 2681 2702
f 2374 2353 2681
f 2705 2702 2681
f 2705 2681 2704
f 2704 2681 2682
f 2375 2682 2356
f 2375 2706 2682
f 2706 2704 2682
f 2376 2706 2375
f 2707 2706 2376
f 2377 2707 2376
f 2708 2707 2377
f 2377 2379 2708
f 2380 2709 2381
f 2380 2383 2709
f 2385 2710 2386
f 2710 2711 2712
f 2385 2711 2710
f 2385 2683 2711
f 2385 2363 2683
f 2683 2685 2711
f 2688 2687 2713
f 2687 2689 2714
f 2713 2687 2714
f 2689 2367 2387
f 2689 2387 2714
f 2714 2387 2715
f 2715 2387 2716
f 2387 2388 2716
f 2716 2388 2717
f 2388 2389 2717
f 2370 2690 2718
f 2370 2718 2389
f 2389 2718 2717
f 2690 2691 2719
f 2718 2690 2719
f 2691 2693 2719
f 2700 2699 2720
f 2699 2701 2721
f 2720 2699 2721
f 2701 2703 2721
f 2705 2704 2722
f 2704 2706 2723
f 2722 2704 2723
f 2706 2707 2724
f 2723 2706 2724
f 2707 2708 2725
f 2724 2707 2725
f 2708 2379 2390
f 2708 2390 2725
f 2725 2390 2726
f 2381 2709 2727
f 2381 2727 2390
f 2390 2727 2726
f 2709 2383 2391
f 2709 2391 2727
f 2727 2391 2728
f 2728 2391 2729
f 2391 2392 2729
f 2386 2710 2730
f 2386 2730 2392
f 2392 2730 2729
f 2710 2712 2730
f 2733 2732 2731
f 2732 2734 2731
f 2737 2736 2735
f 2736 2739 2738
f 2735 2736 2738
f 2739 2741 2740
f 2738 2739 2740
f 2395 2740 2741
f 2395 2741 2394
f 2394 2741 2742
f 2743 2396 2394
f 2743 2394 2744
f 2744 2394 2742
f 2744 2746 2745
f 2743 2744 2745
f 2746 2747 2745
f 2750 2749 2748
f 2731 2398 2399
f 2733 2731 2399
f 2733 2399 2748
f 2733 2748 2749
f 2734 2398 2731
f 2734 2751 2398
f 2751 2401 2398
f 2752 2402 2401
f 2752 2401 2753
f 2753 2401 2751
f 2753 2755 2754
f 2752 2753 2754
f 2405 2754 2755
f 2405 2755 2404
f 2404 2755 2756
f 2756 2757 2404
f 2404 2757 2407
f 2735 2757 2737
f 2735 2409 2757
f 2409 2407 2757
f 2738 2409 2735
f 2410 2409 2738
f 2740 2410 2738
f 2411 2410 2740
f 2740 2395 2411
f 2743 2412 2396
f 2745 2412 2743
f 2413 2412 2745
f 2413 2758 2414
f 2745 2758 2413
f 2745 2759 2758
f 2745 2747 2759
f 2759 2760 2758
f 2763 2762 2761
f 2748 2416 2417
f 2750 2748 2417
f 2750 2417 2761
f 2750 2761 2762
f 2748 2399 2416
f 2752 2421 2402
f 2754 2421 2752
f 2423 2421 2754
f 2754 2405 2423
f 2758 2425 2414
f 2425 2758 2760
f 2425 2760 2426
f 2426 2760 2764
f 2766 2763 2761
f 2765 2766 2761
f 2761 2428 2765
f 2417 2428 2761
f 2764 2433 2426
f 2767 2433 2764
f 2433 2767 2768
f 2434 2433 2768
f 2771 2770 2769
f 2770 2773 2772
f 2769 2770 2772
f 2773 2775 2774
f 2772 2773 2774
f 2775 2776 2774
f 2779 2778 2777
f 2778 2781 2780
f 2777 2778 2780
f 2437 2780 2781
f 2437 2781 2436
f 2436 2781 2782
f 2783 2438 2436
f 2783 2436 2784
f 2784 2436 2782
f 2784 2785 2783
f 2765 2440 2441
f 2765 2441 2766
f 2766 2441 2786
f 2765 2428 2440
f 2768 2443 2434
f 2787 2443 2768
f 2443 2787 2788
f 2444 2443 2788
f 2791 2790 2789
f 2790 2793 2792
f 2789 2790 2792
f 2447 2792 2793
f 2447 2793 2446
f 2446 2793 2794
f 2794 2795 2446
f 2446 2795 2448
f 2769 2795 2771
f 2769 2449 2795
f 2449 2448 2795
f 2772 2449 2769
f 2450 2449 2772
f 2774 2450 2772
f 2451 2450 2774
f 2776 2451 2774
f 2776 2796 2451
f 2796 2452 2451
f 2796 2797 2452
f 2452 2797 2454
f 2798 2455 2454
f 2798 2454 2799
f 2799 2454 2797
f 2799 2801 2800
f 2798 2799 2800
f 2801 2803 2802
f 2800 2801 2802
f 2803 2804 2802
f 2807 2806 2805
f 2777 2456 2457
f 2779 2777 2457
f 2779 2457 2805
f 2779 2805 2806
f 2780 2456 2777
f 2459 2456 2780
f 2780 2437 2459
f 2783 2460 2438
f 2785 2460 2783
f 2785 2808 2460
f 2808 2462 2460
f 2462 2808 2809
f 2463 2462 2809
f 2812 2811 2810
f 2811 2814 2813
f 2810 2811 2813
f 2466 2813 2814
f 2466 2814 2465
f 2465 2814 2815
f 2465 2815 2816
f 2467 2465 2816
f 2469 2818 2817
f 2468 2469 2817
f 2817 2441 2468
f 2786 2441 2817
f 2819 2788 2820
f 2819 2470 2788
f 2470 2444 2788
f 2820 2821 2819
f 2824 2823 2822
f 2789 2472 2473
f 2791 2789 2473
f 2791 2473 2822
f 2791 2822 2823
f 2792 2472 2789
f 2474 2472 2792
f 2792 2447 2474
f 2798 2475 2455
f 2800 2475 2798
f 2476 2475 2800
f 2802 2476 2800
f 2478 2476 2802
f 2804 2478 2802
f 2804 2825 2478
f 2825 2480 2478
f 2825 2826 2480
f 2480 2826 2481
f 2826 2827 2481
f 2481 2827 2482
f 2805 2827 2807
f 2805 2483 2827
f 2483 2482 2827
f 2805 2457 2483
f 2809 2484 2463
f 2828 2484 2809
f 2828 2829 2484
f 2484 2829 2485
f 2829 2830 2485
f 2485 2830 2486
f 2810 2830 2812
f 2810 2487 2830
f 2487 2486 2830
f 2813 2487 2810
f 2489 2487 2813
f 2813 2466 2489
f 2816 2491 2467
f 2831 2491 2816
f 2831 2469 2491
f 2818 2469 2831
f 2819 2493 2470
f 2493 2819 2821
f 2493 2821 2494
f 2494 2821 2832
f 2835 2834 2833
f 2834 2837 2836
f 2833 2834 2836
f 2837 2839 2838
f 2836 2837 2838
f 2839 2841 2840
f 2838 2839 2840
f 2841 2843 2842
f 2840 2841 2842
f 2822 2496 2497
f 2824 2822 2497
f 2824 2497 2842
f 2824 2842 2843
f 2822 2473 2496
f 2844 2832 2845
f 2844 2499 2832
f 2499 2494 2832
f 2845 2846 2844
f 2849 2848 2847
f 2848 2851 2850
f 2847 2848 2850
f 2851 2835 2833
f 2851 2833 2850
f 2850 2833 2852
f 2833 2836 2852
f 2836 2853 2852
f 2502 2838 2501
f 2502 2853 2838
f 2853 2836 2838
f 2840 2501 2838
f 2504 2501 2840
f 2842 2504 2840
f 2506 2504 2842
f 2842 2497 2506
f 2844 2507 2499
f 2507 2854 2508
f 2844 2854 2507
f 2844 2855 2854
f 2844 2846 2855
f 2855 2856 2854
f 2859 2858 2857
f 2858 2849 2847
f 2858 2847 2857
f 2857 2847 2860
f 2847 2850 2860
f 2850 2861 2860
f 2511 2852 2510
f 2511 2861 2852
f 2861 2850 2852
f 2853 2510 2852
f 2513 2510 2853
f 2853 2502 2513
f 2854 2517 2508
f 2517 2862 2518
f 2854 2862 2517
f 2854 2863 2862
f 2854 2856 2863
f 2863 2864 2862
f 2866 2859 2857
f 2865 2866 2857
f 2857 2860 2865
f 2860 2867 2865
f 2860 2861 2867
f 2861 2868 2867
f 2861 2520 2868
f 2511 2520 2861
f 2862 2525 2518
f 2525 2869 2526
f 2862 2869 2525
f 2862 2870 2869
f 2862 2864 2870
f 2870 2871 2869
f 2873 2866 2865
f 2872 2873 2865
f 2865 2867 2872
f 2867 2874 2872
f 2867 2868 2874
f 2868 2875 2874
f 2868 2528 2875
f 2520 2528 2868
f 2869 2533 2526
f 2533 2876 2534
f 2869 2876 2533
f 2869 2877 2876
f 2869 2871 2877
f 2877 2878 2876
f 2873 2872 2879
f 2872 2874 2880
f 2879 2872 2880
f 2882 2880 2874
f 2882 2874 2881
f 2881 2874 2875
f 2535 2875 2528
f 2535 2883 2875
f 2883 2881 2875
f 2535 2537 2883
f 2884 2534 2876
f 2540 2534 2884
f 2878 2885 2884
f 2876 2878 2884
f 2882 2881 2886
f 2888 2886 2881
f 2888 2881 2887
f 2887 2881 2883
f 2541 2883 2537
f 2541 2889 2883
f 2889 2887 2883
f 2541 2543 2889
f 2884 2547 2540
f 2547 2884 2885
f 2547 2885 2548
f 2548 2885 2890
f 2888 2887 2891
f 2893 2891 2887
f 2893 2887 2892
f 2892 2887 2889
f 2549 2889 2543
f 2549 2894 2889
f 2894 2892 2889
f 2550 2894 2549
f 2895 2894 2550
f 2550 2552 2895
f 2890 2896 2548
f 2896 2555 2548
f 2893 2892 2897
f 2892 2894 2898
f 2897 2892 2898
f 2894 2895 2899
f 2898 2894 2899
f 2895 2552 2556
f 2895 2556 2899
f 2899 2556 2900
f 2556 2901 2900
f 2558 2901 2556
f 2896 2902 2555
f 2902 2561 2555
f 2562 2903 2904
f 2562 2904 2558
f 2558 2904 2901
f 2562 2564 2903
f 2566 2905 2567
f 2905 2566 2561
f 2905 2561 2906
f 2906 2561 2902
f 2909 2908 2907
f 2908 2904 2903
f 2908 2903 2907
f 2907 2903 2910
f 2903 2568 2910
f 2564 2568 2903
f 2570 2911 2571
f 2567 2911 2570
f 2567 2905 2911
f 2905 2912 2911
f 2906 2913 2912
f 2905 2906 2912
f 2916 2915 2914
f 2907 2573 2574
f 2909 2907 2574
f 2909 2574 2914
f 2909 2914 2915
f 2910 2573 2907
f 2575 2573 2910
f 2910 2568 2575
f 2917 2571 2911
f 2917 2918 2571
f 2918 2578 2571
f 2911 2912 2919
f 2917 2911 2919
f 2912 2913 2919
f 2922 2921 2920
f 2581 2920 2921
f 2581 2921 2580
f 2580 2921 2923
f 2923 2924 2580
f 2580 2924 2583
f 2914 2924 2916
f 2914 2585 2924
f 2585 2583 2924
f 2914 2574 2585
f 2588 2925 2926
f 2587 2925 2588
f 2925 2587 2578
f 2918 2925 2578
f 2929 2928 2927
f 2928 2931 2930
f 2927 2928 2930
f 2931 2933 2932
f 2930 2931 2932
f 2920 2590 2591
f 2922 2920 2591
f 2922 2591 2932
f 2922 2932 2933
f 2920 2581 2590
f 2926 2934 2588
f 2934 2595 2588
f 2937 2936 2935
f 2936 2929 2927
f 2936 2927 2935
f 2935 2927 2938
f 2927 2930 2938
f 2930 2939 2938
f 2598 2932 2597
f 2598 2939 2932
f 2939 2930 2932
f 2932 2591 2597
f 2602 2940 2941
f 2601 2940 2602
f 2940 2601 2595
f 2934 2940 2595
f 2943 2937 2935
f 2942 2943 2935
f 2935 2938 2942
f 2938 2944 2942
f 2938 2939 2944
f 2939 2945 2944
f 2939 2604 2945
f 2598 2604 2939
f 2941 2946 2602
f 2946 2610 2602
f 2948 2943 2942
f 2947 2948 2942
f 2942 2944 2947
f 2944 2949 2947
f 2944 2945 2949
f 2945 2950 2949
f 2611 2945 2604
f 2611 2951 2945
f 2951 2950 2945
f 2611 2613 2951
f 2619 2952 2953
f 2618 2952 2619
f 2952 2618 2610
f 2946 2952 2610
f 2948 2947 2954
f 2956 2954 2947
f 2956 2947 2955
f 2955 2947 2949
f 2949 2950 2955
f 2950 2957 2955
f 2950 2951 2957
f 2951 2958 2957
f 2620 2951 2613
f 2620 2959 2951
f 2959 2958 2951
f 2621 2959 2620
f 2960 2959 2621
f 2621 2623 2960
f 2625 2961 2626
f 2961 2625 2619
f 2961 2619 2962
f 2962 2619 2953
f 2956 2955 2963
f 2955 2957 2964
f 2963 2955 2964
f 2966 2964 2957
f 2966 2957 2965
f 2965 2957 2958
f 2958 2959 2965
f 2959 2967 2965
f 2959 2960 2967
f 2960 2968 2967
f 2627 2960 2623
f 2627 2969 2960
f 2969 2968 2960
f 2628 2969 2627
f 2970 2969 2628
f 2628 2630 2970
f 2631 2971 2632
f 2633 2971 2631
f 2972 2971 2633
f 2633 2635 2972
f 2637 2973 2974
f 2636 2973 2637
f 2636 2975 2973
f 2638 2975 2636
f 2976 2626 2961
f 2976 2977 2626
f 2977 2639 2626
f 2961 2962 2976
f 2966 2965 2978
f 2965 2967 2979
f 2978 2965 2979
f 2967 2968 2980
f 2979 2967 2980
f 2968 2969 2981
f 2980 2968 2981
f 2969 2970 2982
f 2981 2969 2982
f 2984 2640 2983
f 2982 2640 2984
f 2982 2630 2640
f 2982 2970 2630
f 2641 2983 2640
f 2985 2983 2641
f 2641 2643 2985
f 2650 2986 2651
f 2652 2986 2650
f 2987 2986 2652
f 2987 2988 2989
f 2987 2652 2988
f 2652 2653 2988
f 2632 2971 2990
f 2632 2990 2653
f 2653 2990 2988
f 2992 2990 2971
f 2992 2971 2991
f 2991 2971 2972
f 2635 2991 2972
f 2635 2993 2991
f 2635 2654 2993
f 2994 2991 2993
f 2993 2654 2637
f 2974 2993 2637
f 2975 2638 2655
f 2995 2975 2655
f 2997 2656 2996
f 2997 2995 2656
f 2995 2655 2656
f 2657 2996 2656
f 2998 2996 2657
f 2657 2658 2998
f 2977 2999 2639
f 2999 2660 2639
f 2984 2983 3000
f 2983 2985 3001
f 3000 2983 3001
f 3003 2661 3002
f 3001 2661 3003
f 3001 2643 2661
f 3001 2985 2643
f 2662 3002 2661
f 3004 3002 2662
f 2662 2664 3004
f 2670 3005 2671
f 3005 3006 3007
f 3005 2670 3006
f 2670 2672 3006
f 3006 2672 3008
f 2672 2673 3008
f 3010 2674 3009
f 3010 3008 2674
f 3008 2673 2674
f 2675 3009 2674
f 3011 3009 2675
f 2675 2676 3011
f 2678 3012 3013
f 2677 3012 2678
f 2651 2986 3014
f 2651 3014 2677
f 2677 3014 3012
f 2986 2987 3015
f 3014 2986 3015
f 2987 2989 3015
f 2992 2991 3016
f 2991 2994 3016
f 2997 2996 3017
f 3019 3017 2996
f 3019 2996 3018
f 3018 2996 2998
f 2998 2680 3018
f 2658 2680 2998
f 2685 3020 3021
f 2684 3020 2685
f 3020 2684 2660
f 2999 3020 2660
f 3003 3002 3022
f 3002 3004 3023
f 3022 3002 3023
f 3025 2686 3024
f 3023 2686 3025
f 3023 2664 2686
f 3023 3004 2664
f 2686 2688 3024
f 2692 3026 2693
f 3026 3027 3028
f 3026 2692 3027
f 2692 2694 3027
f 3027 2694 3029
f 2694 2695 3029
f 2671 3005 3030
f 2671 3030 2695
f 2695 3030 3029
f 3005 3007 3030
f 3010 3009 3031
f 3009 3011 3032
f 3031 3009 3032
f 3011 2676 2696
f 3011 2696 3032
f 3032 2696 3033
f 3033 2696 3034
f 2696 2697 3034
f 3034 2697 2678
f 3013 3034 2678
f 3019 3018 3035
f 3037 2698 3036
f 3035 2698 3037
f 3035 2680 2698
f 3035 3018 2680
f 2698 2700 3036
f 2702 3038 2703
f 2702 2705 3038
f 2712 3039 3040
f 2711 3039 2712
f 3039 2711 2685
f 3021 3039 2685
f 3025 3024 3041
f 3024 2688 2713
f 3024 2713 3041
f 3041 2713 3042
f 3042 2713 3043
f 2713 2714 3043
f 3043 2714 3044
f 2714 2715 3044
f 3044 2715 3045
f 2715 2716 3045
f 3045 2716 3046
f 2716 2717 3046
f 3046 2717 3047
f 2717 2718 3047
f 3047 2718 3048
f 2718 2719 3048
f 2693 3026 3049
f 2693 3049 2719
f 2719 3049 3048
f 3026 3028 3049
f 3037 3036 3050
f 3036 2700 2720
f 3036 2720 3050
f 3050 2720 3051
f 3051 2720 3052
f 2720 2721 3052
f 2703 3038 3053
f 2703 3053 2721
f 2721 3053 3052
f 3038 2705 2722
f 3038 2722 3053
f 3053 2722 3054
f 3054 2722 3055
f 2722 2723 3055
f 3057 2724 3056
f 3057 3055 2724
f 3055 2723 2724
f 2725 3056 2724
f 3058 3056 2725
f 2726 3058 2725
f 3059 3058 2726
f 2727 3059 2726
f 3060 3059 2727
f 2728 3060 2727
f 3061 3060 2728
f 3061 3062 3063
f 3061 2728 3062
f 2728 2729 3062
f 3062 2729 3064
f 2729 2730 3064
f 3064 2730 2712
f 3040 3064 2712
f 3057 3056 3065
f 3056 3058 3066
f 3065 3056 3066
f 3058 3059 3067
f 3066 3058 3067
f 3059 3060 3068
f 3067 3059 3068
f 3060 3061 3069
f 3068 3060 3069
f 3061 3063 3069
f 3072 3071 3070
f 2733 3070 3071
f 2733 3071 2732
f 2732 3071 3073
f 3074 2734 2732
f 3074 2732 3075
f 3075 2732 3073
f 3075 3077 3076
f 3074 3075 3076
f 3077 3078 3076
f 3081 3080 3079
f 3080 3082 3079
f 2737 3084 3083
f 2736 2737 3083
f 3083 3085 2736
f 2736 3085 2739
f 3085 3086 2739
f 2739 3086 2741
f 3086 3087 2741
f 2741 3087 2742
f 3087 3088 2742
f 2742 3088 2744
f 3090 3089 2746
f 3090 2746 3088
f 3088 2746 2744
f 2746 3089 2747
f 3093 3092 3091
f 3092 3095 3094
f 3091 3092 3094
f 3070 2749 2750
f 3072 3070 2750
f 3072 2750 3094
f 3072 3094 3095
f 3070 2733 2749
f 3074 2751 2734
f 3076 2751 3074
f 2753 2751 3076
f 3078 2753 3076
f 3078 3096 2753
f 3096 2755 2753
f 3079 3096 3081
f 3079 2756 3096
f 2756 2755 3096
f 3082 2756 3079
f 3082 3097 2756
f 3097 2757 2756
f 3097 2737 2757
f 3084 2737 3097
f 3090 3098 3089
f 3100 3099 2759
f 3098 3100 2759
f 3098 2759 2747
f 3098 2747 3089
f 2759 3099 2760
f 3102 3093 3091
f 3101 3102 3091
f 2763 3094 2762
f 2763 3101 3094
f 3101 3091 3094
f 3094 2750 2762
f 3100 3103 3099
f 3099 3103 3104
f 3099 3104 2760
f 2760 3104 2764
f 3106 3102 3101
f 3105 3106 3101
f 3101 2766 3105
f 2763 2766 3101
f 3104 2767 2764
f 3107 2767 3104
f 2767 3107 3108
f 2768 2767 3108
f 3111 3110 3109
f 2771 3109 3110
f 2771 3110 2770
f 2770 3110 3112
f 3112 3113 2770
f 2770 3113 2773
f 3115 3114 2775
f 3115 2775 3113
f 3113 2775 2773
f 2775 3114 2776
f 2778 2779 3116
f 3116 3118 3117
f 3116 3117 2778
f 2778 3117 2781
f 3120 3119 2782
f 3120 2782 3117
f 3117 2782 2781
f 2784 2782 3119
f 3121 2784 3119
f 2784 3121 2785
f 3124 3123 3122
f 3123 3126 3125
f 3122 3123 3125
f 3126 3127 3125
f 3129 3106 3105
f 3128 3129 3105
f 3105 2786 3128
f 2766 2786 3105
f 3108 2787 2768
f 3130 2787 3108
f 2787 3130 3131
f 2788 2787 3131
f 3134 3133 3132
f 2791 3132 3133
f 2791 3133 2790
f 2790 3133 3135
f 3135 3136 2790
f 2790 3136 2793
f 3136 3137 2793
f 2793 3137 2794
f 3109 3137 3111
f 3109 2795 3137
f 2795 2794 3137
f 3109 2771 2795
f 3115 3138 3114
f 3114 2796 2776
f 3114 3138 2796
f 3138 3139 2796
f 3139 3140 2796
f 2796 3140 2797
f 3142 3141 2799
f 3142 2799 3140
f 3140 2799 2797
f 2801 2799 3141
f 3143 2801 3141
f 2803 2801 3143
f 3144 2803 3143
f 2803 3144 2804
f 2807 3146 3145
f 2806 2807 3145
f 2779 3147 3116
f 2779 2806 3147
f 2806 3145 3147
f 3116 3147 3118
f 3120 3148 3119
f 3119 3149 3121
f 3148 3149 3119
f 3121 2808 2785
f 3121 3149 2808
f 3149 3150 2808
f 2808 3150 3151
f 2809 2808 3151
f 3122 2811 2812
f 3122 2812 3124
f 3124 2812 3152
f 3125 2811 3122
f 2814 2811 3125
f 3127 2814 3125
f 3127 3153 2814
f 3153 2815 2814
f 2815 3153 3154
f 2816 2815 3154
f 3128 2817 2818
f 3128 2818 3129
f 3129 2818 3155
f 3128 2786 2817
f 2820 3157 3156
f 2820 2788 3157
f 2788 3131 3157
f 2820 3156 2821
f 3160 3159 3158
f 3159 3162 3161
f 3158 3159 3161
f 3162 3164 3163
f 3161 3162 3163
f 3164 3166 3165
f 3163 3164 3165
f 3166 3168 3167
f 3165 3166 3167
f 3168 3170 3169
f 3167 3168 3169
f 3132 2823 2824
f 3134 3132 2824
f 3134 2824 3169
f 3134 3169 3170
f 3132 2791 2823
f 3142 3171 3141
f 3141 3172 3143
f 3171 3172 3141
f 3143 3173 3144
f 3172 3173 3143
f 3144 2825 2804
f 3144 3173 2825
f 3173 3174 2825
f 3174 3175 2825
f 2825 3175 2826
f 3175 3176 2826
f 2826 3176 2827
f 3176 2807 2827
f 3146 2807 3176
f 3151 2828 2809
f 3177 2828 3151
f 3177 3178 2828
f 2828 3178 2829
f 3178 3179 2829
f 2829 3179 2830
f 3179 2812 2830
f 3152 2812 3179
f 3154 2831 2816
f 3180 2831 3154
f 3180 2818 2831
f 3155 2818 3180
f 3157 3181 3156
f 3156 3181 3182
f 3156 3182 2821
f 2821 3182 2832
f 3185 3184 3183
f 3184 3187 3186
f 3183 3184 3186
f 3187 3160 3158
f 3187 3158 3186
f 3186 3158 3188
f 2835 3161 2834
f 2835 3188 3161
f 3188 3158 3161
f 3163 2834 3161
f 2837 2834 3163
f 3165 2837 3163
f 2839 2837 3165
f 3167 2839 3165
f 2841 2839 3167
f 3169 2841 3167
f 2843 2841 3169
f 3169 2824 2843
f 3182 2845 2832
f 3189 2845 3182
f 2845 3189 3190
f 2846 2845 3190
f 3193 3192 3191
f 3192 3195 3194
f 3191 3192 3194
f 3195 3185 3183
f 3195 3183 3194
f 3194 3183 3196
f 2849 3186 2848
f 2849 3196 3186
f 3196 3183 3186
f 3188 2848 3186
f 2851 2848 3188
f 3188 2835 2851
f 3190 2855 2846
f 3197 2855 3190
f 2855 3197 3198
f 2856 2855 3198
f 3200 3193 3191
f 3199 3200 3191
f 3191 3194 3199
f 3194 3201 3199
f 2859 3196 2858
f 2859 3201 3196
f 3201 3194 3196
f 3196 2849 2858
f 3198 2863 2856
f 3202 2863 3198
f 2863 3202 3203
f 2864 2863 3203
f 3205 3200 3199
f 3204 3205 3199
f 3199 3201 3204
f 3201 3206 3204
f 3201 2866 3206
f 2859 2866 3201
f 3203 2870 2864
f 3207 2870 3203
f 3208 2871 2870
f 3208 2870 3209
f 3209 2870 3207
f 3209 3210 3208
f 3212 3205 3204
f 3211 3212 3204
f 3204 3206 3211
f 3206 3213 3211
f 3206 2873 3213
f 2866 2873 3206
f 3208 2877 2871
f 2877 3214 2878
f 3208 3214 2877
f 3208 3215 3214
f 3208 3210 3215
f 3215 3217 3216
f 3214 3215 3216
f 3217 3218 3216
f 3212 3211 3219
f 3221 3219 3211
f 3221 3211 3220
f 3220 3211 3213
f 2879 3213 2873
f 2879 3222 3213
f 3222 3220 3213
f 2880 3222 2879
f 3223 3222 2880
f 2880 2882 3223
f 3224 2878 3214
f 2885 2878 3224
f 3214 3216 3224
f 3216 3225 3224
f 3218 3226 3225
f 3216 3218 3225
f 3229 3228 3227
f 3228 3231 3230
f 3227 3228 3230
f 3231 3232 3230
f 3221 3220 3233
f 3220 3222 3234
f 3233 3220 3234
f 3236 3234 3222
f 3236 3222 3235
f 3235 3222 3223
f 2886 3223 2882
f 2886 3237 3223
f 3237 3235 3223
f 2886 2888 3237
f 3238 2885 3224
f 2890 2885 3238
f 3224 3225 3238
f 3225 3239 3238
f 3226 3240 3239
f 3225 3226 3239
f 3242 3229 3227
f 3241 3242 3227
f 3227 3230 3241
f 3230 3243 3241
f 3232 3245 3244
f 3232 3244 3230
f 3230 3244 3243
f 3245 3246 3244
f 3236 3235 3247
f 3249 3247 3235
f 3249 3235 3248
f 3248 3235 3237
f 2891 3237 2888
f 2891 3250 3237
f 3250 3248 3237
f 2891 2893 3250
f 3251 2890 3238
f 2896 2890 3251
f 3238 3239 3251
f 3239 3252 3251
f 3240 3253 3252
f 3239 3240 3252
f 3255 3242 3241
f 3254 3255 3241
f 3241 3243 3254
f 3243 3256 3254
f 3243 3244 3256
f 3244 3257 3256
f 3246 3259 3258
f 3246 3258 3244
f 3244 3258 3257
f 3259 3260 3258
f 3249 3248 3261
f 3248 3250 3262
f 3261 3248 3262
f 3250 2893 2897
f 3250 2897 3262
f 3262 2897 3263
f 3263 2897 3264
f 2897 2898 3264
f 3264 2898 3265
f 2898 2899 3265
f 3267 2900 3266
f 3267 3265 2900
f 3265 2899 2900
f 2900 2901 3266
f 3268 2896 3251
f 2902 2896 3268
f 3251 3252 3268
f 3252 3269 3268
f 3253 3270 3269
f 3252 3253 3269
f 3255 3254 3271
f 3254 3256 3272
f 3271 3254 3272
f 3256 3257 3273
f 3272 3256 3273
f 3257 3258 3274
f 3273 3257 3274
f 3258 3260 3274
f 3267 3266 3275
f 3266 3276 3275
f 3266 2901 3276
f 2901 2904 3276
f 3277 2902 3268
f 3277 3278 2902
f 3278 2906 2902
f 3268 3269 3279
f 3277 3268 3279
f 3269 3270 3279
f 2909 3281 3280
f 2908 2909 3280
f 3280 2904 2908
f 3276 2904 3280
f 3278 3282 2906
f 3282 2913 2906
f 3285 3284 3283
f 3284 3287 3286
f 3283 3284 3286
f 2916 3286 3287
f 2916 3287 2915
f 2915 3287 3288
f 3288 2909 2915
f 3281 2909 3288
f 2917 3289 2918
f 3289 3290 3291
f 3289 2917 3290
f 2917 2919 3290
f 3290 2919 2913
f 3282 3290 2913
f 3294 3293 3292
f 3293 3296 3295
f 3292 3293 3295
f 2922 3295 3296
f 2922 3296 2921
f 2921 3296 3297
f 3283 3297 3285
f 3283 2923 3297
f 2923 2921 3297
f 3286 2923 3283
f 2924 2923 3286
f 3286 2916 2924
f 2926 3298 3299
f 2925 3298 2926
f 2918 3289 3300
f 2918 3300 2925
f 2925 3300 3298
f 3289 3291 3300
f 3303 3302 3301
f 3302 3305 3304
f 3301 3302 3304
f 2929 3304 3305
f 2929 3305 2928
f 2928 3305 3306
f 3292 3306 3294
f 3292 2931 3306
f 2931 2928 3306
f 3295 2931 3292
f 2933 2931 3295
f 3295 2922 2933
f 3299 3307 2926
f 3307 2934 2926
f 3310 3309 3308
f 3309 3303 3301
f 3309 3301 3308
f 3308 3301 3311
f 2937 3304 2936
f 2937 3311 3304
f 3311 3301 3304
f 3304 2929 2936
f 2941 3312 3313
f 2940 3312 2941
f 3312 2940 2934
f 3307 3312 2934
f 3316 3315 3314
f 3315 3310 3308
f 3315 3308 3314
f 3314 3308 3317
f 3308 3311 3317
f 3311 3318 3317
f 3311 2943 3318
f 2937 2943 3311
f 3321 3319 3320
f 3320 3319 2946
f 3320 2946 3313
f 3313 2946 2941
f 3323 3316 3314
f 3322 3323 3314
f 3314 3317 3322
f 3317 3324 3322
f 3317 3318 3324
f 3318 3325 3324
f 3318 2948 3325
f 2943 2948 3318
f 3319 2953 2952
f 3319 3321 2953
f 3321 3326 2953
f 3319 2952 2946
f 3323 3322 3327
f 3329 3327 3322
f 3329 3322 3328
f 3328 3322 3324
f 3324 3325 3328
f 3325 3330 3328
f 2954 3325 2948
f 2954 3331 3325
f 3331 3330 3325
f 2954 2956 3331
f 3334 3332 3333
f 3333 3332 2962
f 3333 2962 3326
f 3326 2962 2953
f 3329 3328 3335
f 3328 3330 3336
f 3335 3328 3336
f 3338 3336 3330
f 3338 3330 3337
f 3337 3330 3331
f 2963 3331 2956
f 2963 3339 3331
f 3339 3337 3331
f 2964 3339 2963
f 3340 3339 2964
f 2964 2966 3340
f 3343 3341 3342
f 3345 3342 3341
f 3344 2974 2973
f 2973 2975 3344
f 3332 2977 2976
f 3332 3334 2977
f 3334 3346 2977
f 3332 2976 2962
f 3338 3337 3347
f 3337 3339 3348
f 3347 3337 3348
f 3350 3348 3339
f 3350 3339 3349
f 3349 3339 3340
f 2978 3340 2966
f 2978 3351 3340
f 3351 3349 3340
f 2979 3351 2978
f 3352 3351 2979
f 2980 3352 2979
f 3353 3352 2980
f 2981 3353 2980
f 3354 3353 2981
f 2982 3354 2981
f 3355 3354 2982
f 2982 2984 3355
f 2989 3356 3357
f 2988 3356 2989
f 3356 2988 3358
f 2988 2990 3358
f 2990 3359 3358
f 2992 3359 2990
f 3341 2994 2993
f 3341 3343 2994
f 3343 3360 2994
f 2974 3344 3361
f 2974 3361 2993
f 3345 3341 3361
f 3341 2993 3361
f 3363 2995 3362
f 3361 2995 3363
f 3361 2975 2995
f 3361 3344 2975
f 2995 2997 3362
f 3346 3364 2977
f 3364 2999 2977
f 3350 3349 3365
f 3349 3351 3366
f 3365 3349 3366
f 3351 3352 3367
f 3366 3351 3367
f 3352 3353 3368
f 3367 3352 3368
f 3353 3354 3369
f 3368 3353 3369
f 3354 3355 3370
f 3369 3354 3370
f 3372 3000 3371
f 3370 3000 3372
f 3370 2984 3000
f 3370 3355 2984
f 3001 3371 3000
f 3373 3371 3001
f 3001 3003 3373
f 3007 3374 3375
f 3006 3374 3007
f 3374 3006 3376
f 3006 3008 3376
f 3008 3377 3376
f 3010 3377 3008
f 3013 3378 3379
f 3012 3378 3013
f 3378 3012 3380
f 3012 3014 3380
f 3380 3014 3381
f 3014 3015 3381
f 3381 3015 2989
f 3357 3381 2989
f 3359 2992 3016
f 3382 3359 3016
f 3382 3016 2994
f 3360 3382 2994
f 3363 3362 3383
f 3385 3017 3384
f 3383 3017 3385
f 3383 2997 3017
f 3383 3362 2997
f 3017 3019 3384
f 3388 3386 3387
f 3021 3387 3386
f 3021 3020 3387
f 3020 3389 3387
f 3389 3020 2999
f 3364 3389 2999
f 3372 3371 3390
f 3371 3373 3391
f 3390 3371 3391
f 3373 3003 3022
f 3373 3022 3391
f 3391 3022 3392
f 3394 3023 3393
f 3394 3392 3023
f 3392 3022 3023
f 3023 3025 3393
f 3028 3395 3396
f 3027 3395 3028
f 3395 3027 3397
f 3027 3029 3397
f 3397 3029 3398
f 3029 3030 3398
f 3398 3030 3007
f 3375 3398 3007
f 3377 3010 3031
f 3399 3377 3031
f 3399 3031 3400
f 3031 3032 3400
f 3400 3032 3401
f 3032 3033 3401
f 3401 3033 3402
f 3033 3034 3402
f 3402 3034 3013
f 3379 3402 3013
f 3404 3385 3384
f 3403 3404 3384
f 3035 3384 3019
f 3035 3405 3384
f 3405 3403 3384
f 3035 3037 3405
f 3408 3406 3407
f 3386 3040 3039
f 3388 3040 3386
f 3388 3406 3040
f 3388 3407 3406
f 3386 3039 3021
f 3394 3393 3409
f 3393 3025 3041
f 3393 3041 3409
f 3409 3041 3410
f 3410 3041 3411
f 3041 3042 3411
f 3411 3042 3412
f 3042 3043 3412
f 3412 3043 3413
f 3043 3044 3413
f 3413 3044 3414
f 3044 3045 3414
f 3414 3045 3415
f 3045 3046 3415
f 3415 3046 3416
f 3046 3047 3416
f 3416 3047 3417
f 3047 3048 3417
f 3417 3048 3418
f 3048 3049 3418
f 3418 3049 3028
f 3396 3418 3028
f 3404 3403 3419
f 3403 3405 3420
f 3419 3403 3420
f 3405 3037 3050
f 3405 3050 3420
f 3420 3050 3421
f 3423 3051 3422
f 3423 3421 3051
f 3421 3050 3051
f 3052 3422 3051
f 3424 3422 3052
f 3424 3425 3426
f 3424 3052 3425
f 3052 3053 3425
f 3428 3054 3427
f 3428 3425 3054
f 3425 3053 3054
f 3055 3427 3054
f 3429 3427 3055
f 3055 3057 3429
f 3432 3430 3431
f 3431 3433 3434
f 3430 3433 3431
f 3063 3434 3433
f 3063 3062 3434
f 3062 3435 3434
f 3406 3408 3435
f 3406 3435 3064
f 3064 3435 3062
f 3406 3064 3040
f 3423 3422 3436
f 3422 3424 3437
f 3436 3422 3437
f 3424 3426 3437
f 3428 3427 3438
f 3427 3429 3439
f 3438 3427 3439
f 3429 3057 3065
f 3429 3065 3439
f 3439 3065 3440
f 3440 3065 3441
f 3065 3066 3441
f 3441 3066 3442
f 3066 3067 3442
f 3430 3432 3442
f 3430 3442 3068
f 3068 3442 3067
f 3433 3430 3068
f 3069 3433 3068
f 3433 3069 3063
f 3445 3444 3443
f 3444 3447 3446
f 3443 3444 3446
f 3072 3446 3447
f 3072 3447 3071
f 3071 3447 3448
f 3448 3449 3071
f 3071 3449 3073
f 3449 3450 3073
f 3073 3450 3075
f 3450 3451 3075
f 3075 3451 3077
f 3452 3078 3077
f 3452 3077 3453
f 3453 3077 3451
f 3081 3452 3453
f 3081 3453 3080
f 3080 3453 3454
f 3455 3082 3080
f 3455 3080 3456
f 3456 3080 3454
f 3084 3455 3456
f 3084 3456 3083
f 3083 3456 3457
f 3457 3458 3083
f 3083 3458 3085
f 3458 3459 3085
f 3085 3459 3086
f 3461 3460 3087
f 3461 3087 3459
f 3459 3087 3086
f 3088 3087 3460
f 3462 3088 3460
f 3088 3462 3090
f 3465 3464 3463
f 3443 3092 3093
f 3445 3443 3093
f 3445 3093 3463
f 3445 3463 3464
f 3446 3092 3443
f 3095 3092 3446
f 3446 3072 3095
f 3452 3096 3078
f 3452 3081 3096
f 3455 3097 3082
f 3455 3084 3097
f 3461 3466 3460
f 3460 3467 3462
f 3466 3467 3460
f 3462 3098 3090
f 3462 3467 3098
f 3467 3468 3098
f 3098 3468 3469
f 3100 3098 3469
f 3472 3471 3470
f 3471 3465 3463
f 3471 3463 3470
f 3470 3463 3473
f 3463 3102 3473
f 3093 3102 3463
f 3469 3103 3100
f 3474 3103 3469
f 3103 3474 3475
f 3104 3103 3475
f 3477 3472 3470
f 3476 3477 3470
f 3470 3473 3476
f 3473 3478 3476
f 3473 3106 3478
f 3102 3106 3473
f 3107 3480 3479
f 3107 3104 3480
f 3104 3475 3480
f 3107 3479 3108
f 3483 3482 3481
f 3111 3481 3482
f 3111 3482 3110
f 3110 3482 3484
f 3486 3485 3112
f 3486 3112 3484
f 3484 3112 3110
f 3113 3112 3485
f 3487 3113 3485
f 3113 3487 3115
f 3117 3118 3488
f 3117 3488 3120
f 3124 3490 3489
f 3123 3124 3489
f 3489 3491 3123
f 3123 3491 3126
f 3477 3476 3492
f 3477 3492 3126
f 3477 3126 3491
f 3127 3126 3492
f 3476 3478 3492
f 3478 3493 3492
f 3478 3129 3493
f 3106 3129 3478
f 3480 3494 3479
f 3496 3495 3130
f 3494 3496 3130
f 3494 3130 3108
f 3494 3108 3479
f 3130 3495 3131
f 3499 3498 3497
f 3498 3501 3500
f 3497 3498 3500
f 3501 3503 3502
f 3500 3501 3502
f 3503 3505 3504
f 3502 3503 3504
f 3134 3504 3505
f 3134 3505 3133
f 3133 3505 3506
f 3506 3507 3133
f 3133 3507 3135
f 3507 3508 3135
f 3135 3508 3136
f 3481 3508 3483
f 3481 3137 3508
f 3137 3136 3508
f 3481 3111 3137
f 3486 3509 3485
f 3485 3510 3487
f 3509 3510 3485
f 3487 3138 3115
f 3487 3510 3138
f 3510 3511 3138
f 3511 3512 3138
f 3138 3512 3139
f 3512 3513 3139
f 3139 3513 3140
f 3140 3513 3514
f 3142 3140 3514
f 3146 3516 3515
f 3145 3146 3515
f 3515 3517 3145
f 3145 3517 3147
f 3118 3518 3488
f 3118 3147 3518
f 3147 3517 3518
f 3488 3148 3120
f 3488 3518 3148
f 3518 3519 3148
f 3519 3520 3148
f 3148 3520 3149
f 3520 3521 3149
f 3149 3521 3150
f 3150 3521 3522
f 3151 3150 3522
f 3490 3124 3523
f 3523 3124 3152
f 3492 3153 3127
f 3153 3524 3154
f 3153 3492 3524
f 3492 3493 3524
f 3493 3155 3524
f 3129 3155 3493
f 3496 3525 3495
f 3495 3525 3526
f 3495 3526 3131
f 3131 3526 3157
f 3529 3528 3527
f 3528 3531 3530
f 3527 3528 3530
f 3531 3533 3532
f 3530 3531 3532
f 3160 3532 3533
f 3160 3533 3159
f 3159 3533 3534
f 3534 3535 3159
f 3159 3535 3162
f 3497 3535 3499
f 3497 3164 3535
f 3164 3162 3535
f 3500 3164 3497
f 3166 3164 3500
f 3502 3166 3500
f 3168 3166 3502
f 3504 3168 3502
f 3170 3168 3504
f 3504 3134 3170
f 3514 3171 3142
f 3536 3171 3514
f 3536 3537 3171
f 3171 3537 3172
f 3537 3538 3172
f 3172 3538 3173
f 3538 3539 3173
f 3173 3539 3174
f 3539 3540 3174
f 3174 3540 3175
f 3540 3541 3175
f 3175 3541 3176
f 3541 3146 3176
f 3516 3146 3541
f 3522 3177 3151
f 3542 3177 3522
f 3542 3543 3177
f 3177 3543 3178
f 3543 3544 3178
f 3178 3544 3179
f 3544 3152 3179
f 3523 3152 3544
f 3524 3180 3154
f 3524 3155 3180
f 3526 3181 3157
f 3545 3181 3526
f 3181 3545 3546
f 3182 3181 3546
f 3549 3548 3547
f 3548 3551 3550
f 3547 3548 3550
f 3551 3529 3527
f 3551 3527 3550
f 3550 3527 3552
f 3185 3530 3184
f 3185 3552 3530
f 3552 3527 3530
f 3532 3184 3530
f 3187 3184 3532
f 3532 3160 3187
f 3189 3554 3553
f 3189 3182 3554
f 3182 3546 3554
f 3189 3553 3190
f 3557 3556 3555
f 3556 3549 3547
f 3556 3547 3555
f 3555 3547 3558
f 3193 3550 3192
f 3193 3558 3550
f 3558 3547 3550
f 3552 3192 3550
f 3195 3192 3552
f 3552 3185 3195
f 3554 3559 3553
f 3561 3560 3197
f 3559 3561 3197
f 3559 3197 3190
f 3559 3190 3553
f 3197 3560 3198
f 3564 3563 3562
f 3563 3566 3565
f 3562 3563 3565
f 3566 3568 3567
f 3565 3566 3567
f 3568 3557 3555
f 3568 3555 3567
f 3567 3555 3569
f 3555 3558 3569
f 3558 3570 3569
f 3558 3200 3570
f 3193 3200 3558
f 3561 3571 3560
f 3560 3202 3198
f 3560 3571 3202
f 3571 3572 3202
f 3202 3572 3573
f 3203 3202 3573
f 3564 3562 3574
f 3562 3565 3575
f 3574 3562 3575
f 3577 3575 3565
f 3577 3565 3576
f 3576 3565 3567
f 3567 3569 3576
f 3569 3578 3576
f 3569 3570 3578
f 3570 3579 3578
f 3570 3205 3579
f 3200 3205 3570
f 3573 3207 3203
f 3580 3207 3573
f 3580 3581 3207
f 3207 3581 3209
f 3582 3210 3209
f 3582 3209 3583
f 3583 3209 3581
f 3583 3585 3584
f 3582 3583 3584
f 3585 3586 3584
f 3589 3588 3587
f 3588 3591 3590
f 3587 3588 3590
f 3591 3593 3592
f 3590 3591 3592
f 3593 3594 3592
f 3577 3576 3595
f 3597 3595 3576
f 3597 3576 3596
f 3596 3576 3578
f 3578 3579 3596
f 3579 3598 3596
f 3579 3212 3598
f 3205 3212 3579
f 3582 3215 3210
f 3584 3215 3582
f 3217 3215 3584
f 3217 3599 3218
f 3584 3599 3217
f 3584 3600 3599
f 3584 3586 3600
f 3600 3589 3587
f 3600 3587 3599
f 3599 3587 3601
f 3587 3590 3601
f 3590 3602 3601
f 3590 3592 3602
f 3592 3603 3602
f 3594 3605 3604
f 3594 3604 3592
f 3592 3604 3603
f 3605 3607 3606
f 3604 3605 3606
f 3607 3608 3606
f 3610 3597 3596
f 3609 3610 3596
f 3596 3598 3609
f 3598 3611 3609
f 3219 3598 3212
f 3219 3612 3598
f 3612 3611 3598
f 3219 3221 3612
f 3613 3218 3599
f 3226 3218 3613
f 3229 3601 3228
f 3229 3613 3601
f 3613 3599 3601
f 3602 3228 3601
f 3231 3228 3602
f 3231 3614 3232
f 3231 3602 3614
f 3602 3603 3614
f 3603 3604 3614
f 3604 3615 3614
f 3604 3606 3615
f 3606 3616 3615
f 3608 3618 3617
f 3608 3617 3606
f 3606 3617 3616
f 3618 3619 3617
f 3610 3609 3620
f 3609 3611 3621
f 3620 3609 3621
f 3623 3621 3611
f 3623 3611 3622
f 3622 3611 3612
f 3233 3612 3221
f 3233 3624 3612
f 3624 3622 3612
f 3234 3624 3233
f 3625 3624 3234
f 3234 3236 3625
f 3626 3226 3613
f 3240 3226 3626
f 3613 3242 3626
f 3229 3242 3613
f 3614 3245 3232
f 3245 3627 3246
f 3245 3614 3627
f 3614 3615 3627
f 3615 3616 3627
f 3616 3628 3627
f 3616 3617 3628
f 3617 3629 3628
f 3619 3630 3629
f 3617 3619 3629
f 3623 3622 3631
f 3622 3624 3632
f 3631 3622 3632
f 3624 3625 3633
f 3632 3624 3633
f 3635 3247 3634
f 3633 3247 3635
f 3633 3236 3247
f 3633 3625 3236
f 3247 3249 3634
f 3636 3240 3626
f 3253 3240 3636
f 3626 3255 3636
f 3242 3255 3626
f 3627 3259 3246
f 3259 3637 3260
f 3259 3627 3637
f 3627 3628 3637
f 3628 3629 3637
f 3629 3638 3637
f 3630 3639 3638
f 3629 3630 3638
f 3635 3634 3640
f 3634 3249 3261
f 3634 3261 3640
f 3640 3261 3641
f 3641 3261 3642
f 3261 3262 3642
f 3642 3262 3643
f 3262 3263 3643
f 3643 3263 3644
f 3263 3264 3644
f 3646 3265 3645
f 3646 3644 3265
f 3644 3264 3265
f 3265 3267 3645
f 3647 3253 3636
f 3647 3648 3253
f 3648 3270 3253
f 3650 3271 3649
f 3647 3271 3650
f 3647 3255 3271
f 3647 3636 3255
f 3272 3649 3271
f 3651 3649 3272
f 3273 3651 3272
f 3652 3651 3273
f 3274 3652 3273
f 3653 3652 3274
f 3260 3653 3274
f 3260 3637 3653
f 3637 3654 3653
f 3637 3638 3654
f 3638 3655 3654
f 3639 3656 3655
f 3638 3639 3655
f 3646 3645 3657
f 3645 3267 3275
f 3645 3275 3657
f 3657 3275 3658
f 3275 3659 3658
f 3276 3659 3275
f 3277 3660 3278
f 3279 3660 3277
f 3661 3660 3279
f 3661 3279 3270
f 3661 3270 3662
f 3662 3270 3648
f 3664 3650 3649
f 3663 3664 3649
f 3649 3651 3663
f 3651 3665 3663
f 3651 3652 3665
f 3652 3666 3665
f 3652 3653 3666
f 3653 3667 3666
f 3653 3654 3667
f 3654 3668 3667
f 3669 3670 3668
f 3669 3668 3655
f 3655 3668 3654
f 3655 3656 3669
f 3673 3672 3671
f 3281 3671 3672
f 3281 3672 3280
f 3280 3672 3674
f 3674 3276 3280
f 3659 3276 3674
f 3675 3278 3660
f 3675 3676 3278
f 3676 3282 3278
f 3660 3661 3677
f 3675 3660 3677
f 3661 3662 3677
f 3664 3663 3678
f 3663 3665 3679
f 3678 3663 3679
f 3665 3666 3680
f 3679 3665 3680
f 3666 3667 3681
f 3680 3666 3681
f 3667 3668 3682
f 3681 3667 3682
f 3668 3670 3682
f 3685 3684 3683
f 3684 3687 3686
f 3683 3684 3686
f 3285 3686 3687
f 3285 3687 3284
f 3284 3687 3688
f 3688 3689 3284
f 3284 3689 3287
f 3671 3689 3673
f 3671 3288 3689
f 3288 3287 3689
f 3671 3281 3288
f 3291 3690 3691
f 3290 3690 3291
f 3690 3290 3282
f 3676 3690 3282
f 3694 3693 3692
f 3693 3696 3695
f 3692 3693 3695
f 3294 3695 3696
f 3294 3696 3293
f 3293 3696 3697
f 3683 3697 3685
f 3683 3296 3697
f 3296 3293 3697
f 3686 3296 3683
f 3297 3296 3686
f 3686 3285 3297
f 3299 3698 3699
f 3298 3698 3299
f 3698 3298 3700
f 3298 3300 3700
f 3700 3300 3291
f 3691 3700 3291
f 3703 3702 3701
f 3702 3705 3704
f 3701 3702 3704
f 3303 3704 3705
f 3303 3705 3302
f 3302 3705 3706
f 3692 3706 3694
f 3692 3305 3706
f 3305 3302 3706
f 3695 3305 3692
f 3306 3305 3695
f 3695 3294 3306
f 3709 3707 3708
f 3708 3707 3307
f 3708 3307 3699
f 3699 3307 3299
f 3712 3711 3710
f 3711 3714 3713
f 3710 3711 3713
f 3714 3703 3701
f 3714 3701 3713
f 3713 3701 3715
f 3310 3704 3309
f 3310 3715 3704
f 3715 3701 3704
f 3704 3303 3309
f 3718 3716 3717
f 3707 3313 3312
f 3709 3313 3707
f 3709 3716 3313
f 3709 3717 3716
f 3707 3312 3307
f 3721 3720 3719
f 3720 3712 3710
f 3720 3710 3719
f 3719 3710 3722
f 3710 3713 3722
f 3713 3723 3722
f 3316 3715 3315
f 3316 3723 3715
f 3723 3713 3715
f 3715 3310 3315
f 3726 3724 3725
f 3716 3321 3320
f 3718 3321 3716
f 3718 3724 3321
f 3718 3725 3724
f 3716 3320 3313
f 3728 3721 3719
f 3727 3728 3719
f 3719 3722 3727
f 3722 3729 3727
f 3722 3723 3729
f 3723 3730 3729
f 3723 3323 3730
f 3316 3323 3723
f 3732 3724 3726
f 3731 3724 3732
f 3724 3731 3326
f 3321 3724 3326
f 3735 3734 3733
f 3734 3728 3727
f 3734 3727 3733
f 3733 3727 3736
f 3727 3729 3736
f 3729 3737 3736
f 3729 3730 3737
f 3730 3738 3737
f 3327 3730 3323
f 3327 3739 3730
f 3739 3738 3730
f 3327 3329 3739
f 3731 3334 3333
f 3731 3732 3334
f 3732 3740 3334
f 3731 3333 3326
f 3735 3733 3741
f 3733 3736 3742
f 3741 3733 3742
f 3744 3742 3736
f 3744 3736 3743
f 3743 3736 3737
f 3737 3738 3743
f 3738 3745 3743
f 3738 3739 3745
f 3739 3746 3745
f 3335 3739 3329
f 3335 3747 3739
f 3747 3746 3739
f 3336 3747 3335
f 3748 3747 3336
f 3336 3338 3748
f 3342 3749 3343
f 3342 3345 3749
f 3752 3750 3751
f 3751 3750 3346
f 3751 3346 3740
f 3740 3346 3334
f 3744 3743 3753
f 3743 3745 3754
f 3753 3743 3754
f 3745 3746 3755
f 3754 3745 3755
f 3746 3747 3756
f 3755 3746 3756
f 3758 3756 3747
f 3758 3747 3757
f 3757 3747 3748
f 3347 3748 3338
f 3347 3759 3748
f 3759 3757 3748
f 3348 3759 3347
f 3760 3759 3348
f 3348 3350 3760
f 3763 3761 3762
f 3357 3762 3761
f 3357 3356 3762
f 3356 3764 3762
f 3766 3358 3765
f 3766 3764 3358
f 3764 3356 3358
f 3765 3358 3359
f 3769 3767 3768
f 3767 3770 3768
f 3767 3343 3770
f 3767 3360 3343
f 3749 3770 3343
f 3772 3361 3771
f 3770 3361 3772
f 3770 3345 3361
f 3770 3749 3345
f 3361 3363 3771
f 3775 3773 3774
f 3774 3776 3777
f 3773 3776 3774
f 3777 3778 3779
f 3776 3778 3777
f 3779 3750 3752
f 3779 3778 3750
f 3778 3780 3750
f 3750 3780 3364
f 3346 3750 3364
f 3758 3757 3781
f 3757 3759 3782
f 3781 3757 3782
f 3759 3760 3783
f 3782 3759 3783
f 3760 3350 3365
f 3760 3365 3783
f 3783 3365 3784
f 3786 3366 3785
f 3786 3784 3366
f 3784 3365 3366
f 3367 3785 3366
f 3787 3785 3367
f 3368 3787 3367
f 3788 3787 3368
f 3369 3788 3368
f 3789 3788 3369
f 3370 3789 3369
f 3790 3789 3370
f 3370 3372 3790
f 3793 3791 3792
f 3792 3794 3795
f 3791 3794 3792
f 3795 3796 3797
f 3794 3796 3795
f 3375 3797 3796
f 3375 3374 3797
f 3374 3798 3797
f 3798 3374 3799
f 3374 3376 3799
f 3800 3376 3377
f 3800 3801 3376
f 3801 3799 3376
f 3801 3800 3802
f 3379 3803 3804
f 3378 3803 3379
f 3803 3378 3805
f 3378 3380 3805
f 3761 3763 3805
f 3761 3805 3381
f 3381 3805 3380
f 3761 3381 3357
f 3766 3765 3806
f 3767 3769 3806
f 3767 3806 3382
f 3765 3359 3806
f 3359 3382 3806
f 3767 3382 3360
f 3772 3771 3807
f 3809 3383 3808
f 3807 3383 3809
f 3807 3363 3383
f 3807 3771 3363
f 3383 3385 3808
f 3812 3810 3811
f 3811 3810 3814
f 3775 3813 3773
f 3816 3773 3813
f 3816 3815 3773
f 3815 3776 3773
f 3388 3387 3778
f 3388 3778 3815
f 3815 3778 3776
f 3780 3778 3387
f 3389 3780 3387
f 3780 3389 3364
f 3786 3785 3817
f 3785 3787 3818
f 3817 3785 3818
f 3787 3788 3819
f 3818 3787 3819
f 3788 3789 3820
f 3819 3788 3820
f 3789 3790 3821
f 3820 3789 3821
f 3790 3372 3390
f 3790 3390 3821
f 3821 3390 3822
f 3822 3390 3823
f 3390 3391 3823
f 3823 3391 3824
f 3391 3392 3824
f 3392 3825 3824
f 3394 3825 3392
f 3828 3826 3827
f 3827 3829 3830
f 3826 3829 3827
f 3830 3831 3832
f 3829 3831 3830
f 3791 3396 3395
f 3793 3396 3791
f 3793 3831 3396
f 3793 3832 3831
f 3794 3791 3395
f 3397 3794 3395
f 3796 3794 3397
f 3398 3796 3397
f 3796 3398 3375
f 3800 3377 3399
f 3802 3800 3399
f 3802 3399 3833
f 3833 3399 3400
f 3833 3400 3834
f 3400 3401 3834
f 3834 3401 3835
f 3401 3402 3835
f 3835 3402 3379
f 3804 3835 3379
f 3837 3809 3808
f 3836 3837 3808
f 3808 3404 3836
f 3385 3404 3808
f 3840 3838 3839
f 3839 3810 3812
f 3839 3838 3810
f 3838 3841 3810
f 3814 3842 3843
f 3814 3810 3842
f 3810 3841 3842
f 3815 3408 3407
f 3816 3408 3815
f 3816 3842 3408
f 3816 3843 3842
f 3815 3407 3388
f 3825 3394 3409
f 3844 3825 3409
f 3844 3409 3845
f 3409 3410 3845
f 3845 3410 3846
f 3410 3411 3846
f 3846 3411 3847
f 3411 3412 3847
f 3847 3412 3848
f 3412 3413 3848
f 3848 3413 3849
f 3413 3414 3849
f 3849 3414 3850
f 3414 3415 3850
f 3826 3828 3850
f 3826 3850 3416
f 3416 3850 3415
f 3829 3826 3416
f 3417 3829 3416
f 3831 3829 3417
f 3418 3831 3417
f 3831 3418 3396
f 3837 3836 3851
f 3853 3419 3852
f 3851 3419 3853
f 3851 3404 3419
f 3851 3836 3404
f 3420 3852 3419
f 3854 3852 3420
f 3854 3855 3856
f 3854 3420 3855
f 3420 3421 3855
f 3421 3857 3855
f 3423 3857 3421
f 3426 3858 3859
f 3425 3858 3426
f 3425 3860 3858
f 3428 3860 3425
f 3863 3861 3862
f 3862 3864 3865
f 3861 3864 3862
f 3865 3866 3867
f 3864 3866 3865
f 3838 3432 3431
f 3840 3432 3838
f 3840 3866 3432
f 3840 3867 3866
f 3841 3838 3431
f 3434 3841 3431
f 3842 3841 3434
f 3435 3842 3434
f 3842 3435 3408
f 3853 3852 3868
f 3852 3854 3869
f 3868 3852 3869
f 3854 3856 3869
f 3857 3423 3436
f 3870 3857 3436
f 3870 3436 3871
f 3436 3437 3871
f 3871 3437 3426
f 3859 3871 3426
f 3860 3428 3438
f 3872 3860 3438
f 3872 3438 3873
f 3438 3439 3873
f 3861 3863 3873
f 3861 3873 3440
f 3440 3873 3439
f 3864 3861 3440
f 3441 3864 3440
f 3866 3864 3441
f 3442 3866 3441
f 3866 3442 3432
f 3876 3875 3874
f 3445 3874 3875
f 3445 3875 3444
f 3444 3875 3877
f 3877 3878 3444
f 3444 3878 3447
f 3878 3879 3447
f 3447 3879 3448
f 3879 3880 3448
f 3448 3880 3449
f 3880 3881 3449
f 3449 3881 3450
f 3881 3882 3450
f 3450 3882 3451
f 3884 3883 3453
f 3884 3453 3882
f 3882 3453 3451
f 3883 3886 3885
f 3883 3885 3453
f 3453 3885 3454
f 3885 3887 3454
f 3454 3887 3456
f 3887 3888 3456
f 3456 3888 3457
f 3890 3889 3458
f 3890 3458 3888
f 3888 3458 3457
f 3459 3458 3889
f 3891 3459 3889
f 3459 3891 3461
f 3894 3893 3892
f 3874 3464 3465
f 3876 3874 3465
f 3876 3465 3892
f 3876 3892 3893
f 3874 3445 3464
f 3884 3895 3883
f 3883 3895 3886
f 3890 3896 3889
f 3889 3897 3891
f 3896 3897 3889
f 3891 3466 3461
f 3891 3897 3466
f 3897 3898 3466
f 3900 3899 3467
f 3900 3467 3898
f 3898 3467 3466
f 3468 3467 3899
f 3901 3468 3899
f 3468 3901 3469
f 3904 3903 3902
f 3892 3471 3472
f 3894 3892 3472
f 3894 3472 3902
f 3894 3902 3903
f 3892 3465 3471
f 3900 3905 3899
f 3899 3906 3901
f 3905 3906 3899
f 3908 3907 3474
f 3906 3908 3474
f 3906 3474 3469
f 3906 3469 3901
f 3474 3907 3475
f 3910 3904 3902
f 3909 3910 3902
f 3902 3477 3909
f 3472 3477 3902
f 3912 3907 3908
f 3911 3907 3912
f 3907 3911 3480
f 3475 3907 3480
f 3915 3914 3913
f 3483 3913 3914
f 3483 3914 3482
f 3482 3914 3916
f 3916 3917 3482
f 3482 3917 3484
f 3918 3486 3484
f 3918 3484 3919
f 3919 3484 3917
f 3919 3920 3918
f 3490 3922 3921
f 3489 3490 3921
f 3909 3921 3910
f 3909 3491 3921
f 3491 3489 3921
f 3909 3477 3491
f 3912 3923 3911
f 3925 3924 3494
f 3923 3925 3494
f 3923 3494 3480
f 3923 3480 3911
f 3494 3924 3496
f 3928 3927 3926
f 3927 3930 3929
f 3926 3927 3929
f 3499 3929 3930
f 3499 3930 3498
f 3498 3930 3931
f 3931 3932 3498
f 3498 3932 3501
f 3932 3933 3501
f 3501 3933 3503
f 3933 3934 3503
f 3503 3934 3505
f 3934 3935 3505
f 3505 3935 3506
f 3935 3936 3506
f 3506 3936 3507
f 3913 3936 3915
f 3913 3508 3936
f 3508 3507 3936
f 3913 3483 3508
f 3918 3509 3486
f 3920 3509 3918
f 3920 3937 3509
f 3937 3510 3509
f 3937 3938 3510
f 3510 3938 3511
f 3938 3939 3511
f 3511 3939 3512
f 3939 3940 3512
f 3512 3940 3513
f 3941 3514 3513
f 3941 3513 3942
f 3942 3513 3940
f 3942 3944 3943
f 3941 3942 3943
f 3944 3945 3943
f 3516 3947 3946
f 3515 3516 3946
f 3946 3948 3515
f 3515 3948 3517
f 3948 3949 3517
f 3517 3949 3518
f 3949 3950 3518
f 3518 3950 3519
f 3950 3951 3519
f 3519 3951 3520
f 3951 3952 3520
f 3520 3952 3521
f 3521 3952 3953
f 3522 3521 3953
f 3956 3955 3954
f 3955 3957 3954
f 3922 3490 3958
f 3958 3490 3523
f 3925 3959 3924
f 3961 3960 3525
f 3959 3961 3525
f 3959 3525 3496
f 3959 3496 3924
f 3525 3960 3526
f 3964 3963 3962
f 3963 3966 3965
f 3962 3963 3965
f 3966 3968 3967
f 3965 3966 3967
f 3529 3967 3968
f 3529 3968 3528
f 3528 3968 3969
f 3969 3970 3528
f 3528 3970 3531
f 3970 3971 3531
f 3531 3971 3533
f 3926 3971 3928
f 3926 3534 3971
f 3534 3533 3971
f 3929 3534 3926
f 3535 3534 3929
f 3929 3499 3535
f 3941 3536 3514
f 3943 3536 3941
f 3537 3536 3943
f 3945 3537 3943
f 3945 3972 3537
f 3972 3538 3537
f 3974 3973 3539
f 3974 3539 3972
f 3972 3539 3538
f 3973 3976 3975
f 3973 3975 3539
f 3539 3975 3540
f 3975 3977 3540
f 3540 3977 3541
f 3977 3516 3541
f 3947 3516 3977
f 3953 3542 3522
f 3978 3542 3953
f 3954 3978 3956
f 3954 3543 3978
f 3543 3542 3978
f 3957 3543 3954
f 3957 3979 3543
f 3979 3544 3543
f 3979 3523 3544
f 3958 3523 3979
f 3961 3980 3960
f 3982 3981 3545
f 3980 3982 3545
f 3980 3545 3526
f 3980 3526 3960
f 3545 3981 3546
f 3985 3984 3983
f 3984 3987 3986
f 3983 3984 3986
f 3987 3964 3962
f 3987 3962 3986
f 3986 3962 3988
f 3549 3965 3548
f 3549 3988 3965
f 3988 3962 3965
f 3967 3548 3965
f 3551 3548 3967
f 3967 3529 3551
f 3974 3989 3973
f 3973 3989 3976
f 3991 3981 3982
f 3990 3981 3991
f 3981 3990 3554
f 3546 3981 3554
f 3994 3993 3992
f 3993 3996 3995
f 3992 3993 3995
f 3996 3998 3997
f 3995 3996 3997
f 3998 4000 3999
f 3997 3998 3999
f 4000 4002 4001
f 3999 4000 4001
f 4002 4004 4003
f 4001 4002 4003
f 4004 4005 4003
f 4008 4007 4006
f 4007 4010 4009
f 4006 4007 4009
f 4010 4012 4011
f 4009 4010 4011
f 4012 4014 4013
f 4011 4012 4013
f 4014 3985 3983
f 4014 3983 4013
f 4013 3983 4015
f 3983 3986 4015
f 3986 4016 4015
f 3557 3988 3556
f 3557 4016 3988
f 4016 3986 3988
f 3988 3549 3556
f 4019 4017 4018
f 4018 3990 3991
f 4018 4017 3990
f 4017 4020 3990
f 3559 3554 3990
f 3559 3990 4021
f 4021 3990 4020
f 3559 4021 3561
f 4023 3994 3992
f 4022 4023 3992
f 3992 3995 4022
f 3995 4024 4022
f 3995 3997 4024
f 3997 4025 4024
f 3997 3999 4025
f 3999 4026 4025
f 3999 4001 4026
f 4001 4027 4026
f 4001 4003 4027
f 4003 4028 4027
f 4005 4030 4029
f 4005 4029 4003
f 4003 4029 4028
f 4030 4031 4029
f 4008 4006 4032
f 4034 4032 4006
f 4034 4006 4033
f 4033 4006 4009
f 4009 4011 4033
f 4011 4035 4033
f 3564 4013 3563
f 3564 4035 4013
f 4035 4011 4013
f 4015 3563 4013
f 3566 3563 4015
f 4016 3566 4015
f 3568 3566 4016
f 4016 3557 3568
f 4019 4036 4017
f 4017 4037 4020
f 4036 4037 4017
f 4020 4038 4021
f 4037 4038 4020
f 4040 4039 3571
f 4038 4040 3571
f 4038 3571 3561
f 4038 3561 4021
f 4039 4042 4041
f 4039 4041 3571
f 3571 4041 3572
f 3572 4041 4043
f 3573 3572 4043
f 4046 4045 4044
f 4045 4048 4047
f 4044 4045 4047
f 4048 4050 4049
f 4047 4048 4049
f 4050 4052 4051
f 4049 4050 4051
f 4052 4053 4051
f 4023 4022 4054
f 4022 4024 4055
f 4054 4022 4055
f 4024 4025 4056
f 4055 4024 4056
f 4025 4026 4057
f 4056 4025 4057
f 4026 4027 4058
f 4057 4026 4058
f 4060 4058 4027
f 4060 4027 4059
f 4059 4027 4028
f 4028 4029 4059
f 4029 4061 4059
f 4031 4063 4062
f 4031 4062 4029
f 4029 4062 4061
f 4063 4065 4064
f 4062 4063 4064
f 4066 4067 4064
f 4066 4064 4033
f 4065 4034 4064
f 4034 4033 4064
f 4069 4066 4033
f 4069 4033 4068
f 4068 4033 4035
f 3574 4035 3564
f 3574 4070 4035
f 4070 4068 4035
f 3575 4070 3574
f 4071 4070 3575
f 3575 3577 4071
f 4040 4072 4039
f 4039 4072 4042
f 4043 3580 3573
f 4073 3580 4043
f 4073 4074 3580
f 3580 4074 3581
f 4074 4075 3581
f 3581 4075 3583
f 4075 4076 3583
f 3583 4076 3585
f 4077 3586 3585
f 4077 3585 4078
f 4078 3585 4076
f 4044 3588 3589
f 4046 4044 3589
f 4046 3589 4077
f 4046 4077 4078
f 4047 3588 4044
f 3591 3588 4047
f 4049 3591 4047
f 3593 3591 4049
f 3593 4079 3594
f 3593 4049 4079
f 4049 4051 4079
f 4053 4081 4080
f 4053 4080 4051
f 4051 4080 4079
f 4081 4083 4082
f 4080 4081 4082
f 4083 4084 4082
f 4060 4059 4085
f 4059 4061 4086
f 4085 4059 4086
f 4061 4062 4087
f 4086 4061 4087
f 4089 4087 4062
f 4089 4062 4088
f 4088 4062 4064
f 4067 4091 4090
f 4067 4090 4064
f 4064 4090 4088
f 4091 4069 4068
f 4091 4068 4090
f 4090 4068 4092
f 4068 4070 4092
f 4070 4093 4092
f 4070 4071 4093
f 4071 4094 4093
f 3595 4071 3577
f 3595 4095 4071
f 4095 4094 4071
f 3595 3597 4095
f 4077 3600 3586
f 4077 3589 3600
f 4079 3605 3594
f 4080 3605 4079
f 3607 3605 4080
f 3607 4096 3608
f 3607 4080 4096
f 4080 4082 4096
f 4084 4098 4097
f 4084 4097 4082
f 4082 4097 4096
f 4098 4099 4097
f 4089 4088 4100
f 4088 4090 4101
f 4100 4088 4101
f 4103 4101 4090
f 4103 4090 4102
f 4102 4090 4092
f 4092 4093 4102
f 4093 4104 4102
f 4093 4094 4104
f 4094 4105 4104
f 4094 4095 4105
f 4095 4106 4105
f 4095 3610 4106
f 3597 3610 4095
f 4096 3618 3608
f 3618 4107 3619
f 3618 4096 4107
f 4096 4097 4107
f 4099 4109 4108
f 4099 4108 4097
f 4097 4108 4107
f 4109 4110 4108
f 4103 4102 4111
f 4102 4104 4112
f 4111 4102 4112
f 4104 4105 4113
f 4112 4104 4113
f 4105 4106 4114
f 4113 4105 4114
f 4116 3620 4115
f 4114 3620 4116
f 4114 3610 3620
f 4114 4106 3610
f 3621 4115 3620
f 4117 4115 3621
f 3621 3623 4117
f 4118 3619 4107
f 3630 3619 4118
f 4107 4108 4118
f 4108 4119 4118
f 4110 4120 4119
f 4108 4110 4119
f 4116 4115 4121
f 4115 4117 4122
f 4121 4115 4122
f 4117 3623 3631
f 4117 3631 4122
f 4122 3631 4123
f 4123 3631 4124
f 3631 3632 4124
f 4126 3633 4125
f 4126 4124 3633
f 4124 3632 3633
f 3633 3635 4125
f 4127 3630 4118
f 3639 3630 4127
f 4128 4129 4127
f 4128 4127 4119
f 4119 4127 4118
f 4119 4120 4128
f 4126 4125 4130
f 4125 3635 3640
f 4125 3640 4130
f 4130 3640 4131
f 4131 3640 4132
f 3640 3641 4132
f 4132 3641 4133
f 3641 3642 4133
f 4133 3642 4134
f 3642 3643 4134
f 4134 3643 4135
f 3643 3644 4135
f 3644 4136 4135
f 3646 4136 3644
f 3647 4137 3648
f 3647 3650 4137
f 4138 3639 4127
f 3656 3639 4138
f 4129 4139 4138
f 4127 4129 4138
f 4136 3646 3657
f 4140 4136 3657
f 4140 3657 4141
f 3657 3658 4141
f 3658 4142 4141
f 3659 4142 3658
f 4143 3648 4137
f 3662 3648 4143
f 4137 3664 4143
f 3650 3664 4137
f 3669 4144 3670
f 4144 4145 4146
f 3669 4145 4144
f 3669 4138 4145
f 3669 3656 4138
f 4138 4139 4145
f 4149 4148 4147
f 3673 4147 4148
f 3673 4148 3672
f 3672 4148 4150
f 4150 4151 3672
f 3672 4151 3674
f 4151 3659 3674
f 4142 3659 4151
f 4154 4152 4153
f 4156 4153 4152
f 4155 3676 3675
f 4155 4157 4158
f 4155 3675 4157
f 3675 3677 4157
f 3662 4143 4159
f 3662 4159 3677
f 3677 4159 4157
f 4161 3678 4160
f 4159 3678 4161
f 4159 3664 3678
f 4159 4143 3664
f 3679 4160 3678
f 4162 4160 3679
f 3680 4162 3679
f 4163 4162 3680
f 3681 4163 3680
f 4164 4163 3681
f 4164 4165 4166
f 4164 3681 4165
f 3681 3682 4165
f 3670 4144 4167
f 3670 4167 3682
f 3682 4167 4165
f 4144 4146 4167
f 4170 4169 4168
f 3685 4168 4169
f 3685 4169 3684
f 3684 4169 4171
f 4171 4172 3684
f 3684 4172 3687
f 4172 4173 3687
f 3687 4173 3688
f 4147 4173 4149
f 4147 3689 4173
f 3689 3688 4173
f 4147 3673 3689
f 4176 4174 4175
f 4175 4177 4178
f 4174 4177 4175
f 4152 3691 3690
f 4154 3691 4152
f 4154 4177 3691
f 4154 4178 4177
f 3676 4155 4179
f 3676 4179 3690
f 4156 4152 4179
f 4152 3690 4179
f 4155 4158 4179
f 4161 4160 4180
f 4182 4180 4160
f 4182 4160 4181
f 4181 4160 4162
f 4162 4163 4181
f 4163 4183 4181
f 4184 4185 4183
f 4184 4183 4164
f 4164 4183 4163
f 4164 4166 4184
f 4188 4187 4186
f 3694 4186 4187
f 3694 4187 3693
f 3693 4187 4189
f 4189 4190 3693
f 3693 4190 3696
f 4168 4190 4170
f 4168 3697 4190
f 3697 3696 4190
f 4168 3685 3697
f 4193 4191 4192
f 4192 4194 4195
f 4191 4194 4192
f 4174 3699 3698
f 4176 3699 4174
f 4176 4194 3699
f 4176 4195 4194
f 4177 4174 3698
f 3700 4177 3698
f 4177 3700 3691
f 4182 4181 4196
f 4181 4183 4197
f 4196 4181 4197
f 4183 4185 4197
f 4200 4199 4198
f 3703 4198 4199
f 3703 4199 3702
f 3702 4199 4201
f 4201 4202 3702
f 3702 4202 3705
f 4186 4202 4188
f 4186 3706 4202
f 3706 3705 4202
f 4186 3694 3706
f 4205 4203 4204
f 4204 4191 4193
f 4204 4203 4191
f 4203 4206 4191
f 3709 3708 4194
f 3709 4194 4206
f 4206 4194 4191
f 4194 3708 3699
f 4209 4208 4207
f 4208 4211 4210
f 4207 4208 4210
f 3712 4210 4211
f 3712 4211 3711
f 3711 4211 4212
f 4198 4212 4200
f 4198 3714 4212
f 3714 3711 4212
f 4198 3703 3714
f 4214 4203 4205
f 4213 4203 4214
f 3718 3717 4206
f 3718 4206 4213
f 4213 4206 4203
f 4206 3717 3709
f 4217 4216 4215
f 4216 4219 4218
f 4215 4216 4218
f 4219 4221 4220
f 4218 4219 4220
f 4221 4223 4222
f 4220 4221 4222
f 4223 4209 4207
f 4223 4207 4222
f 4222 4207 4224
f 3721 4210 3720
f 3721 4224 4210
f 4224 4207 4210
f 4210 3712 3720
f 4227 4225 4226
f 4213 3726 3725
f 4214 3726 4213
f 4214 4225 3726
f 4214 4226 4225
f 4213 3725 3718
f 4230 4229 4228
f 4229 4232 4231
f 4228 4229 4231
f 4232 4234 4233
f 4231 4232 4233
f 4234 4236 4235
f 4233 4234 4235
f 4236 4238 4237
f 4235 4236 4237
f 4238 4240 4239
f 4237 4238 4239
f 4240 4217 4215
f 4240 4215 4239
f 4239 4215 4241
f 4215 4218 4241
f 4218 4242 4241
f 4218 4220 4242
f 4220 4243 4242
f 4220 4222 4243
f 4222 4244 4243
f 4222 4224 4244
f 4224 4245 4244
f 4224 3728 4245
f 3721 3728 4224
f 4247 4225 4227
f 4246 4225 4247
f 4225 4246 3732
f 3726 4225 3732
f 4250 4249 4248
f 4249 4252 4251
f 4248 4249 4251
f 4252 4254 4253
f 4251 4252 4253
f 4254 4256 4255
f 4253 4254 4255
f 4256 4230 4228
f 4256 4228 4255
f 4255 4228 4257
f 4228 4231 4257
f 4231 4258 4257
f 4231 4233 4258
f 4233 4259 4258
f 4233 4235 4259
f 4235 4260 4259
f 4235 4237 4260
f 4237 4261 4260
f 4237 4239 4261
f 4239 4262 4261
f 4239 4241 4262
f 4241 4263 4262
f 4241 4242 4263
f 4242 4264 4263
f 4242 4243 4264
f 4243 4265 4264
f 4243 4244 4265
f 4244 4266 4265
f 3735 4245 3734
f 3735 4266 4245
f 4266 4244 4245
f 4245 3728 3734
f 4268 4246 4247
f 4267 4246 4268
f 4246 4267 3740
f 3732 4246 3740
f 4270 4250 4248
f 4269 4270 4248
f 4248 4251 4269
f 4251 4271 4269
f 4251 4253 4271
f 4253 4272 4271
f 4253 4255 4272
f 4255 4273 4272
f 4255 4257 4273
f 4257 4274 4273
f 4257 4258 4274
f 4258 4275 4274
f 4258 4259 4275
f 4259 4276 4275
f 4259 4260 4276
f 4260 4277 4276
f 4260 4261 4277
f 4261 4278 4277
f 4261 4262 4278
f 4262 4279 4278
f 4262 4263 4279
f 4263 4280 4279
f 4263 4264 4280
f 4264 4281 4280
f 4264 4265 4281
f 4265 4282 4281
f 4265 4266 4282
f 4266 4283 4282
f 3741 4266 3735
f 3741 4284 4266
f 4284 4283 4266
f 3742 4284 3741
f 4285 4284 3742
f 3742 3744 4285
f 4288 4286 4287
f 4267 3752 3751
f 4268 3752 4267
f 4268 4286 3752
f 4268 4287 4286
f 4267 3751 3740
f 4290 4270 4269
f 4289 4290 4269
f 4269 4271 4289
f 4271 4291 4289
f 4271 4272 4291
f 4272 4292 4291
f 4272 4273 4292
f 4273 4293 4292
f 4273 4274 4293
f 4274 4294 4293
f 4274 4275 4294
f 4275 4295 4294
f 4275 4276 4295
f 4276 4296 4295
f 4276 4277 4296
f 4277 4297 4296
f 4277 4278 4297
f 4278 4298 4297
f 4278 4279 4298
f 4279 4299 4298
f 4279 4280 4299
f 4280 4300 4299
f 4280 4281 4300
f 4281 4301 4300
f 4281 4282 4301
f 4282 4302 4301
f 4282 4283 4302
f 4283 4303 4302
f 4283 4284 4303
f 4284 4304 4303
f 4284 4285 4304
f 4285 4305 4304
f 3753 4285 3744
f 3753 4306 4285
f 4306 4305 4285
f 3754 4306 3753
f 4307 4306 3754
f 3755 4307 3754
f 4308 4307 3755
f 3756 4308 3755
f 4309 4308 3756
f 3756 3758 4309
f 4312 4310 4311
f 4311 4313 4314
f 4310 4313 4311
f 4314 4315 4316
f 4313 4315 4314
f 4316 4315 4317
f 3763 4318 4319
f 3762 4318 3763
f 4318 3762 4320
f 3762 3764 4320
f 4321 3764 3766
f 4321 4322 3764
f 4322 4320 3764
f 3769 4322 4321
f 3769 3768 4322
f 3768 4323 4322
f 4325 3770 4324
f 4325 4323 3770
f 4323 3768 3770
f 3770 3772 4324
f 4328 4326 4327
f 3775 4327 4326
f 3775 3774 4327
f 3774 4329 4327
f 4329 3774 4330
f 3774 3777 4330
f 4286 4288 4330
f 4286 4330 3779
f 3779 4330 3777
f 4286 3779 3752
f 4290 4289 4331
f 4289 4291 4332
f 4331 4289 4332
f 4291 4292 4333
f 4332 4291 4333
f 4335 4333 4292
f 4335 4292 4334
f 4334 4292 4293
f 4293 4294 4334
f 4294 4336 4334
f 4294 4295 4336
f 4295 4337 4336
f 4295 4296 4337
f 4296 4338 4337
f 4296 4297 4338
f 4297 4339 4338
f 4297 4298 4339
f 4298 4340 4339
f 4341 4342 4340
f 4341 4340 4299
f 4299 4340 4298
f 4299 4300 4343
f 4341 4299 4343
f 4300 4301 4344
f 4343 4300 4344
f 4301 4302 4345
f 4344 4301 4345
f 4302 4303 4346
f 4345 4302 4346
f 4303 4304 4347
f 4346 4303 4347
f 4304 4305 4348
f 4347 4304 4348
f 4305 4306 4349
f 4348 4305 4349
f 4306 4307 4350
f 4349 4306 4350
f 4307 4308 4351
f 4350 4307 4351
f 4308 4309 4352
f 4351 4308 4352
f 4309 3758 3781
f 4309 3781 4352
f 4352 3781 4353
f 4353 3781 4354
f 3781 3782 4354
f 4356 3783 4355
f 4356 4354 3783
f 4354 3782 3783
f 3784 4355 3783
f 4357 4355 3784
f 3784 3786 4357
f 3793 4358 4359
f 3792 4358 3793
f 4310 4312 4358
f 4310 4358 3795
f 3795 4358 3792
f 4313 4310 3795
f 3797 4313 3795
f 4315 4313 3797
f 3798 4315 3797
f 4317 4315 3798
f 4317 3798 4360
f 4360 3798 3799
f 4360 3799 4361
f 3799 3801 4361
f 3801 4362 4361
f 3802 4362 3801
f 4365 4363 4364
f 3804 4364 4363
f 3804 3803 4364
f 3803 4366 4364
f 4366 3803 4367
f 3803 3805 4367
f 4367 3805 3763
f 4319 4367 3763
f 4321 3766 3806
f 4321 3806 3769
f 4325 4324 4368
f 4370 3807 4369
f 4368 3807 4370
f 4368 3772 3807
f 4368 4324 3772
f 3807 3809 4369
f 4373 4371 4372
f 4326 3812 3811
f 4328 3812 4326
f 4328 4371 3812
f 4328 4372 4371
f 3813 3775 4326
f 3813 4326 4374
f 3811 3814 4326
f 3814 4374 4326
f 3813 4374 3816
f 4335 4334 4375
f 4334 4336 4376
f 4375 4334 4376
f 4336 4337 4377
f 4376 4336 4377
f 4337 4338 4378
f 4377 4337 4378
f 4338 4339 4379
f 4378 4338 4379
f 4339 4340 4380
f 4379 4339 4380
f 4340 4342 4380
f 4356 4355 4381
f 4355 4357 4382
f 4381 4355 4382
f 4357 3786 3817
f 4357 3817 4382
f 4382 3817 4383
f 4383 3817 4384
f 3817 3818 4384
f 4384 3818 4385
f 3818 3819 4385
f 4385 3819 4386
f 3819 3820 4386
f 4386 3820 4387
f 3820 3821 4387
f 4387 3821 4388
f 3821 3822 4388
f 4388 3822 4389
f 3822 3823 4389
f 4391 3824 4390
f 4391 4389 3824
f 4389 3823 3824
f 3824 3825 4390
f 3827 4392 3828
f 3830 4392 3827
f 4393 4392 3830
f 4393 4394 4395
f 4393 3830 4394
f 3830 3832 4394
f 4394 3832 3793
f 4359 4394 3793
f 4362 3802 3833
f 4396 4362 3833
f 4396 3833 4397
f 3833 3834 4397
f 4363 4365 4397
f 4363 4397 3835
f 3835 4397 3834
f 4363 3835 3804
f 4399 4370 4369
f 4398 4399 4369
f 4369 3837 4398
f 3809 3837 4369
f 4371 3840 3839
f 4371 4373 3840
f 4373 4400 3840
f 4371 3839 3812
f 4374 3814 3843
f 4374 3843 3816
f 4391 4390 4401
f 4390 3825 3844
f 4390 3844 4401
f 4401 3844 4402
f 4402 3844 4403
f 3844 3845 4403
f 4403 3845 4404
f 3845 3846 4404
f 4404 3846 4405
f 3846 3847 4405
f 4405 3847 4406
f 3847 3848 4406
f 4406 3848 4407
f 3848 3849 4407
f 4407 3849 4408
f 3849 3850 4408
f 3828 4392 4409
f 3828 4409 3850
f 3850 4409 4408
f 4392 4393 4410
f 4409 4392 4410
f 4393 4395 4410
f 4399 4398 4411
f 4413 3851 4412
f 4411 3851 4413
f 4411 3837 3851
f 4411 4398 3837
f 3851 3853 4412
f 3855 4414 3856
f 3855 3857 4414
f 3859 4415 4416
f 3858 4415 3859
f 3858 4417 4415
f 3860 4417 3858
f 3863 4418 4419
f 3862 4418 3863
f 4418 3862 4420
f 3862 3865 4420
f 4420 3865 4421
f 3865 3867 4421
f 4421 3867 3840
f 4400 4421 3840
f 4413 4412 4422
f 4412 3853 3868
f 4412 3868 4422
f 4422 3868 4423
f 4423 3868 4424
f 3868 3869 4424
f 3856 4414 4425
f 3856 4425 3869
f 3869 4425 4424
f 4414 3857 3870
f 4414 3870 4425
f 4425 3870 4426
f 4426 3870 4427
f 3870 3871 4427
f 4427 3871 3859
f 4416 4427 3859
f 4417 3860 3872
f 4428 4417 3872
f 4428 3872 4429
f 3872 3873 4429
f 4429 3873 3863
f 4419 4429 3863
f 4432 4431 4430
f 3876 4430 4431
f 3876 4431 3875
f 3875 4431 4433
f 4433 4434 3875
f 3875 4434 3877
f 4434 4435 3877
f 3877 4435 3878
f 4435 4436 3878
f 3878 4436 3879
f 4436 4437 3879
f 3879 4437 3880
f 4437 4438 3880
f 3880 4438 3881
f 4438 4439 3881
f 3881 4439 3882
f 3882 4439 4440
f 3884 3882 4440
f 3885 3886 4441
f 4441 4443 4442
f 4441 4442 3885
f 3885 4442 3887
f 4445 4444 3888
f 4445 3888 4442
f 4442 3888 3887
f 3888 4444 3890
f 4448 4447 4446
f 4430 3893 3894
f 4432 4430 3894
f 4432 3894 4446
f 4432 4446 4447
f 4430 3876 3893
f 4440 3895 3884
f 4449 3895 4440
f 3886 4450 4441
f 3886 3895 4450
f 3895 4449 4450
f 4441 4450 4443
f 4445 4451 4444
f 4444 3896 3890
f 4444 4451 3896
f 4451 4452 3896
f 4454 4453 3897
f 4454 3897 4452
f 4452 3897 3896
f 3898 3897 4453
f 4455 3898 4453
f 3898 4455 3900
f 4458 4457 4456
f 4446 3903 3904
f 4448 4446 3904
f 4448 3904 4456
f 4448 4456 4457
f 4446 3894 3903
f 4454 4459 4453
f 4453 4460 4455
f 4459 4460 4453
f 4462 4461 3905
f 4460 4462 3905
f 4460 3905 3900
f 4460 3900 4455
f 3906 3905 4461
f 4463 3906 4461
f 3906 4463 3908
f 4466 4465 4464
f 4465 4458 4456
f 4465 4456 4464
f 4464 4456 4467
f 4456 3910 4467
f 3904 3910 4456
f 4462 4468 4461
f 4470 4461 4468
f 4470 4469 4461
f 4469 4463 4461
f 4463 4469 3912
f 3908 4463 3912
f 3914 3915 4471
f 3916 3914 4471
f 4472 3916 4471
f 3917 3916 4472
f 4473 3917 4472
f 3919 3917 4473
f 4474 3919 4473
f 3919 4474 3920
f 4476 4466 4464
f 4475 4476 4464
f 3922 4467 3921
f 3922 4475 4467
f 4475 4464 4467
f 4467 3910 3921
f 4478 4469 4470
f 4477 4469 4478
f 3923 3912 4469
f 3923 4469 4479
f 4479 4469 4477
f 3923 4479 3925
f 4482 4481 4480
f 4481 4484 4483
f 4480 4481 4483
f 4484 4486 4485
f 4483 4484 4485
f 3928 4485 4486
f 3928 4486 3927
f 3927 4486 4487
f 4487 4488 3927
f 3927 4488 3930
f 4488 4489 3930
f 3930 4489 3931
f 4489 4490 3931
f 3931 4490 3932
f 4490 4491 3932
f 3932 4491 3933
f 4491 4492 3933
f 3933 4492 3934
f 4492 4493 3934
f 3934 4493 3935
f 4493 4494 3935
f 3935 4494 3936
f 3915 4495 4471
f 3915 3936 4495
f 3936 4494 4495
f 4471 4496 4472
f 4495 4496 4471
f 4472 4497 4473
f 4496 4497 4472
f 4473 4498 4474
f 4497 4498 4473
f 4474 3937 3920
f 4474 4498 3937
f 4498 4499 3937
f 4499 4500 3937
f 3937 4500 3938
f 4500 4501 3938
f 3938 4501 3939
f 4501 4502 3939
f 3939 4502 3940
f 4504 4503 3942
f 4504 3942 4502
f 4502 3942 3940
f 3944 3942 4503
f 4505 3944 4503
f 3944 4505 3945
f 3946 3947 4506
f 4506 4508 4507
f 4506 4507 3946
f 3946 4507 3948
f 4507 4509 3948
f 3948 4509 3949
f 4509 4510 3949
f 3949 4510 3950
f 4510 4511 3950
f 3950 4511 3951
f 4513 4512 3952
f 4513 3952 4511
f 4511 3952 3951
f 3952 4512 3953
f 3955 3956 4514
f 4516 4476 3955
f 4516 3955 4514
f 4476 4475 3955
f 3957 3955 4515
f 4475 4515 3955
f 4475 3958 4515
f 3922 3958 4475
f 4478 4517 4477
f 4519 4477 4517
f 4519 4518 4477
f 4518 4479 4477
f 3959 3925 4479
f 3959 4479 4520
f 4520 4479 4518
f 3959 4520 3961
f 4523 4522 4521
f 4522 4525 4524
f 4521 4522 4524
f 4525 4527 4526
f 4524 4525 4526
f 4527 4529 4528
f 4526 4527 4528
f 4529 4531 4530
f 4528 4529 4530
f 4531 4533 4532
f 4530 4531 4532
f 4533 4535 4534
f 4532 4533 4534
f 4535 4537 4536
f 4534 4535 4536
f 4537 4538 4536
f 4541 4540 4539
f 4540 4543 4542
f 4539 4540 4542
f 4543 4545 4544
f 4542 4543 4544
f 4545 4547 4546
f 4544 4545 4546
f 3964 4546 4547
f 3964 4547 3963
f 3963 4547 4548
f 4548 4549 3963
f 3963 4549 3966
f 4549 4550 3966
f 3966 4550 3968
f 4480 4550 4482
f 4480 3969 4550
f 3969 3968 4550
f 4483 3969 4480
f 3970 3969 4483
f 4485 3970 4483
f 3971 3970 4485
f 4485 3928 3971
f 4504 4551 4503
f 4503 4552 4505
f 4551 4552 4503
f 4554 4553 3972
f 4552 4554 3972
f 4552 3972 3945
f 4552 3945 4505
f 3972 4553 3974
f 3975 3976 4555
f 4555 4557 4556
f 4555 4556 3975
f 3975 4556 3977
f 3947 4558 4506
f 3947 3977 4558
f 3977 4556 4558
f 4506 4558 4508
f 4513 4559 4512
f 4512 3978 3953
f 4512 4559 3978
f 4559 4560 3978
f 3956 4561 4514
f 3956 3978 4561
f 3978 4560 4561
f 4514 4561 4516
f 3957 4515 3979
f 4515 3958 3979
f 4519 4562 4518
f 4518 4563 4520
f 4562 4563 4518
f 4565 4564 3980
f 4563 4565 3980
f 4563 3980 3961
f 4563 3961 4520
f 3980 4564 3982
f 4568 4567 4566
f 4567 4523 4521
f 4567 4521 4566
f 4566 4521 4569
f 4521 4524 4569
f 4524 4570 4569
f 4524 4526 4570
f 4526 4571 4570
f 4526 4528 4571
f 4528 4572 4571
f 4528 4530 4572
f 4530 4573 4572
f 4530 4532 4573
f 4532 4574 4573
f 4532 4534 4574
f 4534 4575 4574
f 4534 4536 4575
f 4536 4576 4575
f 4538 4578 4577
f 4538 4577 4536
f 4536 4577 4576
f 4578 4580 4579
f 4577 4578 4579
f 4580 4582 4581
f 4579 4580 4581
f 4582 4584 4583
f 4581 4582 4583
f 4584 4541 4539
f 4584 4539 4583
f 4583 4539 4585
f 4539 4542 4585
f 4542 4586 4585
f 3985 4544 3984
f 3985 4586 4544
f 4586 4542 4544
f 4546 3984 4544
f 3987 3984 4546
f 4546 3964 3987
f 4554 4587 4553
f 4589 4588 3989
f 4587 4589 3989
f 4587 3989 3974
f 4587 3974 4553
f 4588 4591 4590
f 3989 4588 4590
f 3989 4590 4555
f 3989 4555 3976
f 4555 4590 4557
f 4593 4564 4565
f 4592 4564 4593
f 4564 4592 3991
f 3982 4564 3991
f 4596 4595 4594
f 4595 4598 4597
f 4594 4595 4597
f 4598 4568 4566
f 4598 4566 4597
f 4597 4566 4599
f 4566 4569 4599
f 4569 4600 4599
f 4569 4570 4600
f 4570 4601 4600
f 3994 4571 3993
f 3994 4601 4571
f 4601 4570 4571
f 4572 3993 4571
f 3996 3993 4572
f 4573 3996 4572
f 3998 3996 4573
f 4574 3998 4573
f 4000 3998 4574
f 4575 4000 4574
f 4002 4000 4575
f 4576 4002 4575
f 4004 4002 4576
f 4004 4602 4005
f 4004 4576 4602
f 4576 4577 4602
f 4577 4579 4602
f 4579 4603 4602
f 4008 4581 4007
f 4008 4603 4581
f 4603 4579 4581
f 4583 4007 4581
f 4010 4007 4583
f 4585 4010 4583
f 4012 4010 4585
f 4586 4012 4585
f 4014 4012 4586
f 4586 3985 4014
f 4589 4604 4588
f 4588 4604 4591
f 4592 4019 4018
f 4592 4593 4019
f 4593 4605 4019
f 4592 4018 3991
f 4608 4607 4606
f 4607 4610 4609
f 4606 4607 4609
f 4610 4612 4611
f 4609 4610 4611
f 4612 4614 4613
f 4611 4612 4613
f 4614 4616 4615
f 4613 4614 4615
f 4616 4596 4594
f 4616 4594 4615
f 4615 4594 4617
f 4594 4597 4617
f 4597 4618 4617
f 4597 4599 4618
f 4599 4619 4618
f 4599 4600 4619
f 4600 4620 4619
f 4600 4601 4620
f 4601 4621 4620
f 4601 4023 4621
f 3994 4023 4601
f 4602 4030 4005
f 4030 4622 4031
f 4030 4602 4622
f 4602 4603 4622
f 4032 4603 4008
f 4032 4623 4603
f 4623 4622 4603
f 4032 4034 4623
f 4036 4625 4624
f 4036 4019 4625
f 4019 4605 4625
f 4037 4036 4624
f 4626 4037 4624
f 4038 4037 4626
f 4627 4038 4626
f 4038 4627 4040
f 4041 4042 4628
f 4041 4628 4043
f 4046 4630 4629
f 4045 4046 4629
f 4629 4631 4045
f 4045 4631 4048
f 4631 4632 4048
f 4048 4632 4050
f 4632 4633 4050
f 4050 4633 4052
f 4634 4053 4052
f 4634 4052 4635
f 4635 4052 4633
f 4635 4637 4636
f 4634 4635 4636
f 4637 4638 4636
f 4608 4606 4639
f 4606 4609 4640
f 4639 4606 4640
f 4609 4611 4641
f 4640 4609 4641
f 4611 4613 4642
f 4641 4611 4642
f 4613 4615 4643
f 4642 4613 4643
f 4615 4617 4644
f 4643 4615 4644
f 4646 4644 4617
f 4646 4617 4645
f 4645 4617 4618
f 4618 4619 4645
f 4619 4647 4645
f 4619 4620 4647
f 4620 4648 4647
f 4620 4621 4648
f 4621 4649 4648
f 4054 4621 4023
f 4054 4650 4621
f 4650 4649 4621
f 4055 4650 4054
f 4651 4650 4055
f 4056 4651 4055
f 4652 4651 4056
f 4057 4652 4056
f 4653 4652 4057
f 4058 4653 4057
f 4654 4653 4058
f 4058 4060 4654
f 4622 4063 4031
f 4623 4063 4622
f 4065 4063 4623
f 4065 4623 4034
f 4067 4066 4655
f 4066 4069 4655
f 4625 4656 4624
f 4624 4657 4626
f 4656 4657 4624
f 4626 4658 4627
f 4657 4658 4626
f 4627 4072 4040
f 4627 4658 4072
f 4658 4659 4072
f 4042 4660 4628
f 4042 4072 4660
f 4072 4659 4660
f 4628 4073 4043
f 4628 4660 4073
f 4660 4661 4073
f 4661 4662 4073
f 4073 4662 4074
f 4662 4663 4074
f 4074 4663 4075
f 4663 4664 4075
f 4075 4664 4076
f 4664 4665 4076
f 4076 4665 4078
f 4665 4046 4078
f 4630 4046 4665
f 4634 4081 4053
f 4636 4081 4634
f 4083 4081 4636
f 4083 4666 4084
f 4636 4666 4083
f 4636 4667 4666
f 4636 4638 4667
f 4667 4668 4666
f 4646 4645 4669
f 4645 4647 4670
f 4669 4645 4670
f 4672 4670 4647
f 4672 4647 4671
f 4671 4647 4648
f 4648 4649 4671
f 4649 4673 4671
f 4649 4650 4673
f 4650 4674 4673
f 4650 4651 4674
f 4651 4675 4674
f 4651 4652 4675
f 4652 4676 4675
f 4652 4653 4676
f 4653 4677 4676
f 4653 4654 4677
f 4654 4678 4677
f 4085 4654 4060
f 4085 4679 4654
f 4679 4678 4654
f 4086 4679 4085
f 4680 4679 4086
f 4087 4680 4086
f 4681 4680 4087
f 4087 4089 4681
f 4655 4091 4067
f 4655 4069 4091
f 4666 4098 4084
f 4098 4682 4099
f 4666 4682 4098
f 4666 4683 4682
f 4666 4668 4683
f 4683 4684 4682
f 4672 4671 4685
f 4671 4673 4686
f 4685 4671 4686
f 4673 4674 4687
f 4686 4673 4687
f 4674 4675 4688
f 4687 4674 4688
f 4675 4676 4689
f 4688 4675 4689
f 4676 4677 4690
f 4689 4676 4690
f 4677 4678 4691
f 4690 4677 4691
f 4678 4679 4692
f 4691 4678 4692
f 4679 4680 4693
f 4692 4679 4693
f 4695 4693 4680
f 4695 4680 4694
f 4694 4680 4681
f 4100 4681 4089
f 4100 4696 4681
f 4696 4694 4681
f 4101 4696 4100
f 4697 4696 4101
f 4101 4103 4697
f 4682 4109 4099
f 4109 4682 4684
f 4109 4684 4110
f 4110 4684 4698
f 4695 4694 4699
f 4694 4696 4700
f 4699 4694 4700
f 4696 4697 4701
f 4700 4696 4701
f 4697 4103 4111
f 4697 4111 4701
f 4701 4111 4702
f 4702 4111 4703
f 4111 4112 4703
f 4705 4113 4704
f 4705 4703 4113
f 4703 4112 4113
f 4114 4704 4113
f 4706 4704 4114
f 4114 4116 4706
f 4698 4707 4110
f 4707 4120 4110
f 4705 4704 4708
f 4704 4706 4709
f 4708 4704 4709
f 4706 4116 4121
f 4706 4121 4709
f 4709 4121 4710
f 4710 4121 4711
f 4121 4122 4711
f 4713 4123 4712
f 4713 4711 4123
f 4711 4122 4123
f 4124 4712 4123
f 4714 4712 4124
f 4124 4126 4714
f 4128 4715 4129
f 4715 4128 4120
f 4715 4120 4716
f 4716 4120 4707
f 4713 4712 4717
f 4712 4714 4718
f 4717 4712 4718
f 4714 4126 4130
f 4714 4130 4718
f 4718 4130 4719
f 4719 4130 4720
f 4130 4131 4720
f 4720 4131 4721
f 4131 4132 4721
f 4721 4132 4722
f 4132 4133 4722
f 4722 4133 4723
f 4133 4134 4723
f 4723 4134 4724
f 4134 4135 4724
f 4135 4725 4724
f 4136 4725 4135
f 4726 4129 4715
f 4139 4129 4726
f 4716 4727 4726
f 4715 4716 4726
f 4725 4136 4140
f 4728 4725 4140
f 4728 4140 4729
f 4140 4141 4729
f 4141 4730 4729
f 4142 4730 4141
f 4145 4731 4146
f 4731 4732 4733
f 4145 4732 4731
f 4145 4726 4732
f 4145 4139 4726
f 4726 4727 4732
f 4148 4149 4734
f 4734 4736 4735
f 4734 4735 4148
f 4148 4735 4150
f 4735 4737 4150
f 4150 4737 4151
f 4737 4142 4151
f 4730 4142 4737
f 4154 4738 4739
f 4153 4738 4154
f 4153 4740 4738
f 4156 4740 4153
f 4158 4741 4742
f 4157 4741 4158
f 4741 4157 4743
f 4157 4159 4743
f 4159 4744 4743
f 4161 4744 4159
f 4165 4745 4166
f 4167 4745 4165
f 4746 4745 4167
f 4746 4747 4748
f 4167 4747 4746
f 4167 4731 4747
f 4167 4146 4731
f 4731 4733 4747
f 4751 4750 4749
f 4170 4749 4750
f 4170 4750 4169
f 4169 4750 4752
f 4752 4753 4169
f 4169 4753 4171
f 4753 4754 4171
f 4171 4754 4172
f 4754 4755 4172
f 4172 4755 4173
f 4149 4756 4734
f 4149 4173 4756
f 4173 4755 4756
f 4734 4756 4736
f 4759 4757 4758
f 4758 4760 4761
f 4757 4760 4758
f 4176 4761 4760
f 4176 4175 4761
f 4175 4762 4761
f 4762 4175 4763
f 4175 4178 4763
f 4763 4178 4154
f 4739 4763 4154
f 4740 4156 4179
f 4764 4740 4179
f 4764 4179 4158
f 4742 4764 4158
f 4744 4161 4180
f 4765 4744 4180
f 4180 4766 4765
f 4182 4766 4180
f 4184 4767 4185
f 4767 4768 4769
f 4184 4768 4767
f 4184 4745 4768
f 4184 4166 4745
f 4745 4746 4770
f 4768 4745 4770
f 4746 4748 4770
f 4773 4772 4771
f 4772 4775 4774
f 4771 4772 4774
f 4188 4774 4775
f 4188 4775 4187
f 4187 4775 4776
f 4776 4777 4187
f 4187 4777 4189
f 4749 4777 4751
f 4749 4190 4777
f 4190 4189 4777
f 4749 4170 4190
f 4780 4778 4779
f 4779 4781 4782
f 4778 4781 4779
f 4757 4193 4192
f 4759 4193 4757
f 4759 4781 4193
f 4759 4782 4781
f 4760 4757 4192
f 4195 4760 4192
f 4760 4195 4176
f 4766 4182 4196
f 4783 4766 4196
f 4783 4196 4784
f 4196 4197 4784
f 4185 4767 4785
f 4185 4785 4197
f 4197 4785 4784
f 4767 4769 4785
f 4788 4787 4786
f 4787 4790 4789
f 4786 4787 4789
f 4790 4792 4791
f 4789 4790 4791
f 4200 4791 4792
f 4200 4792 4199
f 4199 4792 4793
f 4771 4793 4773
f 4771 4201 4793
f 4201 4199 4793
f 4774 4201 4771
f 4202 4201 4774
f 4774 4188 4202
f 4795 4778 4780
f 4794 4778 4795
f 4205 4204 4781
f 4205 4781 4794
f 4794 4781 4778
f 4781 4204 4193
f 4798 4797 4796
f 4797 4800 4799
f 4796 4797 4799
f 4800 4802 4801
f 4799 4800 4801
f 4786 4208 4209
f 4788 4786 4209
f 4788 4209 4801
f 4788 4801 4802
f 4789 4208 4786
f 4211 4208 4789
f 4791 4211 4789
f 4212 4211 4791
f 4791 4200 4212
f 4805 4803 4804
f 4804 4794 4795
f 4804 4803 4794
f 4803 4806 4794
f 4794 4806 4214
f 4205 4794 4214
f 4809 4808 4807
f 4808 4811 4810
f 4807 4808 4810
f 4811 4813 4812
f 4810 4811 4812
f 4813 4815 4814
f 4812 4813 4814
f 4815 4817 4816
f 4814 4815 4816
f 4217 4816 4817
f 4217 4817 4216
f 4216 4817 4818
f 4796 4818 4798
f 4796 4219 4818
f 4219 4216 4818
f 4799 4219 4796
f 4221 4219 4799
f 4801 4221 4799
f 4223 4221 4801
f 4801 4209 4223
f 4820 4803 4805
f 4819 4803 4820
f 4227 4226 4806
f 4227 4806 4819
f 4819 4806 4803
f 4806 4226 4214
f 4823 4822 4821
f 4822 4825 4824
f 4821 4822 4824
f 4825 4827 4826
f 4824 4825 4826
f 4827 4829 4828
f 4826 4827 4828
f 4230 4828 4829
f 4230 4829 4229
f 4229 4829 4830
f 4807 4830 4809
f 4807 4232 4830
f 4232 4229 4830
f 4810 4232 4807
f 4234 4232 4810
f 4812 4234 4810
f 4236 4234 4812
f 4814 4236 4812
f 4238 4236 4814
f 4816 4238 4814
f 4240 4238 4816
f 4816 4217 4240
f 4833 4831 4832
f 4832 4834 4835
f 4831 4834 4832
f 4835 4819 4820
f 4835 4834 4819
f 4834 4836 4819
f 4819 4836 4247
f 4227 4819 4247
f 4839 4838 4837
f 4838 4841 4840
f 4837 4838 4840
f 4841 4843 4842
f 4840 4841 4842
f 4843 4845 4844
f 4842 4843 4844
f 4845 4847 4846
f 4844 4845 4846
f 4847 4849 4848
f 4846 4847 4848
f 4849 4851 4850
f 4848 4849 4850
f 4821 4249 4250
f 4823 4821 4250
f 4823 4250 4850
f 4823 4850 4851
f 4824 4249 4821
f 4252 4249 4824
f 4826 4252 4824
f 4254 4252 4826
f 4828 4254 4826
f 4256 4254 4828
f 4828 4230 4256
f 4833 4852 4831
f 4831 4853 4834
f 4852 4853 4831
f 4855 4834 4853
f 4855 4854 4834
f 4854 4836 4834
f 4836 4854 4268
f 4247 4836 4268
f 4858 4857 4856
f 4857 4839 4837
f 4857 4837 4856
f 4856 4837 4859
f 4837 4840 4859
f 4840 4860 4859
f 4840 4842 4860
f 4842 4861 4860
f 4842 4844 4861
f 4844 4862 4861
f 4844 4846 4862
f 4846 4863 4862
f 4846 4848 4863
f 4848 4864 4863
f 4848 4850 4864
f 4850 4865 4864
f 4850 4270 4865
f 4250 4270 4850
f 4868 4866 4867
f 4867 4869 4870
f 4866 4869 4867
f 4854 4288 4287
f 4855 4288 4854
f 4855 4869 4288
f 4855 4870 4869
f 4854 4287 4268
f 4872 4858 4856
f 4871 4872 4856
f 4856 4859 4871
f 4859 4873 4871
f 4859 4860 4873
f 4860 4874 4873
f 4860 4861 4874
f 4861 4875 4874
f 4861 4862 4875
f 4862 4876 4875
f 4862 4863 4876
f 4863 4877 4876
f 4863 4864 4877
f 4864 4878 4877
f 4864 4865 4878
f 4865 4879 4878
f 4865 4290 4879
f 4270 4290 4865
f 4882 4880 4881
f 4312 4881 4880
f 4312 4311 4881
f 4311 4883 4881
f 4883 4311 4884
f 4311 4314 4884
f 4884 4314 4885
f 4314 4316 4885
f 4316 4886 4885
f 4317 4886 4316
f 4889 4887 4888
f 4319 4888 4887
f 4319 4318 4888
f 4318 4890 4888
f 4890 4318 4891
f 4318 4320 4891
f 4891 4320 4892
f 4320 4322 4892
f 4894 4323 4893
f 4894 4892 4323
f 4892 4322 4323
f 4323 4325 4893
f 4897 4895 4896
f 4328 4896 4895
f 4328 4327 4896
f 4327 4898 4896
f 4866 4868 4898
f 4866 4898 4329
f 4329 4898 4327
f 4869 4866 4329
f 4330 4869 4329
f 4869 4330 4288
f 4900 4872 4871
f 4899 4900 4871
f 4871 4873 4899
f 4873 4901 4899
f 4873 4874 4901
f 4874 4902 4901
f 4874 4875 4902
f 4875 4903 4902
f 4875 4876 4903
f 4876 4904 4903
f 4876 4877 4904
f 4877 4905 4904
f 4877 4878 4905
f 4878 4906 4905
f 4878 4879 4906
f 4879 4907 4906
f 4331 4879 4290
f 4331 4908 4879
f 4908 4907 4879
f 4332 4908 4331
f 4909 4908 4332
f 4333 4909 4332
f 4910 4909 4333
f 4333 4335 4910
f 4341 4911 4342
f 4343 4911 4341
f 4912 4911 4343
f 4344 4912 4343
f 4913 4912 4344
f 4345 4913 4344
f 4914 4913 4345
f 4346 4914 4345
f 4915 4914 4346
f 4347 4915 4346
f 4916 4915 4347
f 4348 4916 4347
f 4917 4916 4348
f 4349 4917 4348
f 4918 4917 4349
f 4350 4918 4349
f 4919 4918 4350
f 4351 4919 4350
f 4920 4919 4351
f 4352 4920 4351
f 4921 4920 4352
f 4353 4921 4352
f 4922 4921 4353
f 4354 4922 4353
f 4923 4922 4354
f 4354 4356 4923
f 4926 4924 4925
f 4880 4359 4358
f 4882 4359 4880
f 4882 4924 4359
f 4882 4925 4924
f 4880 4358 4312
f 4886 4317 4360
f 4927 4886 4360
f 4927 4360 4928
f 4360 4361 4928
f 4929 4361 4362
f 4929 4930 4361
f 4930 4928 4361
f 4930 4931 4932
f 4929 4931 4930
f 4365 4932 4931
f 4365 4364 4932
f 4364 4933 4932
f 4933 4364 4934
f 4364 4366 4934
f 4887 4889 4934
f 4887 4934 4367
f 4367 4934 4366
f 4887 4367 4319
f 4894 4893 4935
f 4937 4368 4936
f 4935 4368 4937
f 4935 4325 4368
f 4935 4893 4325
f 4368 4370 4936
f 4940 4938 4939
f 4895 4373 4372
f 4897 4373 4895
f 4897 4938 4373
f 4897 4939 4938
f 4895 4372 4328
f 4900 4899 4941
f 4943 4941 4899
f 4943 4899 4942
f 4942 4899 4901
f 4901 4902 4942
f 4902 4944 4942
f 4945 4946 4944
f 4945 4944 4903
f 4903 4944 4902
f 4903 4904 4947
f 4945 4903 4947
f 4904 4905 4948
f 4947 4904 4948
f 4905 4906 4949
f 4948 4905 4949
f 4906 4907 4950
f 4949 4906 4950
f 4907 4908 4951
f 4950 4907 4951
f 4953 4951 4908
f 4953 4908 4952
f 4952 4908 4909
f 4909 4910 4952
f 4910 4954 4952
f 4375 4910 4335
f 4375 4955 4910
f 4955 4954 4910
f 4376 4955 4375
f 4956 4955 4376
f 4377 4956 4376
f 4957 4956 4377
f 4378 4957 4377
f 4958 4957 4378
f 4379 4958 4378
f 4959 4958 4379
f 4380 4959 4379
f 4960 4959 4380
f 4342 4960 4380
f 4342 4911 4960
f 4911 4961 4960
f 4962 4963 4961
f 4962 4961 4912
f 4912 4961 4911
f 4912 4913 4964
f 4962 4912 4964
f 4913 4914 4965
f 4964 4913 4965
f 4914 4915 4966
f 4965 4914 4966
f 4915 4916 4967
f 4966 4915 4967
f 4916 4917 4968
f 4967 4916 4968
f 4917 4918 4969
f 4968 4917 4969
f 4918 4919 4970
f 4969 4918 4970
f 4919 4920 4971
f 4970 4919 4971
f 4920 4921 4972
f 4971 4920 4972
f 4921 4922 4973
f 4972 4921 4973
f 4922 4923 4974
f 4973 4922 4974
f 4923 4356 4381
f 4923 4381 4974
f 4974 4381 4975
f 4975 4381 4976
f 4381 4382 4976
f 4976 4382 4977
f 4382 4383 4977
f 4977 4383 4978
f 4383 4384 4978
f 4978 4384 4979
f 4384 4385 4979
f 4979 4385 4980
f 4385 4386 4980
f 4982 4387 4981
f 4982 4980 4387
f 4980 4386 4387
f 4981 4983 4984
f 4981 4387 4983
f 4387 4388 4983
f 4983 4388 4985
f 4388 4389 4985
f 4986 4389 4391
f 4986 4987 4389
f 4987 4985 4389
f 4987 4988 4989
f 4986 4988 4987
f 4989 4988 4990
f 4993 4991 4992
f 4992 4994 4995
f 4991 4994 4992
f 4995 4996 4997
f 4994 4996 4995
f 4997 4998 4999
f 4996 4998 4997
f 4999 5000 5001
f 4998 5000 4999
f 4924 4395 4394
f 4926 4395 4924
f 4926 5000 4395
f 4926 5001 5000
f 4924 4394 4359
f 4929 4362 4396
f 4931 4929 4396
f 4397 4931 4396
f 4931 4397 4365
f 5003 4937 4936
f 5002 5003 4936
f 4936 4399 5002
f 4370 4399 4936
f 5006 5004 5005
f 5005 5007 5008
f 5004 5007 5005
f 5008 4938 4940
f 5008 5007 4938
f 5007 5009 4938
f 4938 5009 4400
f 4373 4938 4400
f 4943 4942 5010
f 4942 4944 5011
f 5010 4942 5011
f 4944 4946 5011
f 4953 4952 5012
f 4952 4954 5013
f 5012 4952 5013
f 4954 4955 5014
f 5013 4954 5014
f 4955 4956 5015
f 5014 4955 5015
f 4956 4957 5016
f 5015 4956 5016
f 4957 4958 5017
f 5016 4957 5017
f 4958 4959 5018
f 5017 4958 5018
f 4959 4960 5019
f 5018 4959 5019
f 4960 4961 5020
f 5019 4960 5020
f 4961 4963 5020
f 4982 4981 5021
f 4981 4984 5021
f 4986 4391 4401
f 4988 4986 4401
f 4402 4988 4401
f 4990 4988 4402
f 4990 4402 5022
f 5022 4402 4403
f 5022 4403 5023
f 4403 4404 5023
f 5023 4404 5024
f 4404 4405 5024
f 4991 4993 5024
f 4991 5024 4406
f 4406 5024 4405
f 4994 4991 4406
f 4407 4994 4406
f 4996 4994 4407
f 4408 4996 4407
f 4998 4996 4408
f 4409 4998 4408
f 5000 4998 4409
f 4410 5000 4409
f 5000 4410 4395
f 5003 5002 5025
f 5002 4399 4411
f 5002 4411 5025
f 5025 4411 5026
f 4411 5027 5026
f 4413 5027 4411
f 5030 5028 5029
f 5029 5028 5031
f 4416 5032 5033
f 4415 5032 4416
f 5034 4415 4417
f 5034 5035 4415
f 5035 5032 4415
f 5035 5036 5037
f 5034 5036 5035
f 5004 4419 4418
f 5006 4419 5004
f 5006 5036 4419
f 5006 5037 5036
f 5007 5004 4418
f 4420 5007 4418
f 5009 5007 4420
f 4421 5009 4420
f 5009 4421 4400
f 5027 4413 4422
f 5038 5027 4422
f 5038 4422 5039
f 4422 4423 5039
f 5039 4423 5040
f 4423 4424 5040
f 5040 4424 5041
f 4424 4425 5041
f 5028 5030 5041
f 5028 5041 4426
f 4426 5041 4425
f 5031 5028 4426
f 5031 4426 5042
f 5042 4426 4427
f 5042 4427 4416
f 5033 5042 4416
f 5034 4417 4428
f 5036 5034 4428
f 4429 5036 4428
f 5036 4429 4419
f 4432 5044 5043
f 4431 4432 5043
f 5043 5045 4431
f 4431 5045 4433
f 5045 5046 4433
f 4433 5046 4434
f 5046 5047 4434
f 4434 5047 4435
f 5047 5048 4435
f 4435 5048 4436
f 5048 5049 4436
f 4436 5049 4437
f 5049 5050 4437
f 4437 5050 4438
f 5050 5051 4438
f 4438 5051 4439
f 4439 5051 5052
f 4440 4439 5052
f 4442 4443 5053
f 4442 5053 4445
f 5056 5055 5054
f 4448 5054 5055
f 4448 5055 4447
f 4447 5055 5057
f 5057 4432 4447
f 5044 4432 5057
f 4449 5059 5058
f 4449 4440 5059
f 4440 5052 5059
f 5058 5061 5060
f 5058 5060 4449
f 4449 5060 4450
f 4443 4450 5060
f 4443 5060 5062
f 4443 5062 5053
f 5062 5060 5063
f 4451 4445 5053
f 4451 5053 5064
f 5064 5053 5062
f 4452 4451 5064
f 5065 4452 5064
f 4452 5065 4454
f 5068 5067 5066
f 5054 4457 4458
f 5056 5054 4458
f 5056 4458 5066
f 5056 5066 5067
f 5054 4448 4457
f 5059 5069 5058
f 5058 5069 5061
f 5063 5070 5062
f 5062 5071 5064
f 5070 5071 5062
f 5073 5064 5071
f 5073 5072 5064
f 5072 5065 5064
f 4459 4454 5065
f 4459 5065 5074
f 5074 5065 5072
f 4460 4459 5074
f 5075 4460 5074
f 4460 5075 4462
f 5066 4465 4466
f 5066 4466 5068
f 5068 4466 5076
f 5066 4458 4465
f 5073 5077 5072
f 5072 5078 5074
f 5077 5078 5072
f 5080 5074 5078
f 5080 5079 5074
f 5079 5075 5074
f 4468 4462 5075
f 4468 5075 5081
f 5081 5075 5079
f 4468 5081 4470
f 5084 5083 5082
f 5083 5085 5082
f 5076 4466 5086
f 5086 4466 4476
f 5088 5079 5080
f 5087 5079 5088
f 5079 5087 5081
f 5081 5087 5089
f 5081 5089 4478
f 4470 5081 4478
f 5092 5091 5090
f 5091 5094 5093
f 5090 5091 5093
f 5094 5096 5095
f 5093 5094 5095
f 5096 5098 5097
f 5095 5096 5097
f 5098 5100 5099
f 5097 5098 5099
f 5100 5102 5101
f 5099 5100 5101
f 5102 5104 5103
f 5101 5102 5103
f 5104 5105 5103
f 5108 5107 5106
f 5107 5110 5109
f 5106 5107 5109
f 5110 5112 5111
f 5109 5110 5111
f 5112 5114 5113
f 5111 5112 5113
f 5114 5116 5115
f 5113 5114 5115
f 5116 5118 5117
f 5115 5116 5117
f 5118 5120 5119
f 5117 5118 5119
f 4482 5119 5120
f 4482 5120 4481
f 4481 5120 5121
f 5121 5122 4481
f 4481 5122 4484
f 5122 5123 4484
f 4484 5123 4486
f 5123 5124 4486
f 4486 5124 4487
f 5124 5125 4487
f 4487 5125 4488
f 5125 5126 4488
f 4488 5126 4489
f 5126 5127 4489
f 4489 5127 4490
f 5082 5127 5084
f 5082 4491 5127
f 4491 4490 5127
f 5085 4491 5082
f 5085 5128 4491
f 5128 4492 4491
f 5128 5129 4492
f 4492 5129 4493
f 5129 5130 4493
f 4493 5130 4494
f 5130 5131 4494
f 4494 5131 4495
f 5131 5132 4495
f 4495 5132 4496
f 5132 5133 4496
f 4496 5133 4497
f 5133 5134 4497
f 4497 5134 4498
f 5134 5135 4498
f 4498 5135 4499
f 5135 5136 4499
f 4499 5136 4500
f 5138 5137 4501
f 5138 4501 5136
f 5136 4501 4500
f 4502 4501 5137
f 5139 4502 5137
f 4502 5139 4504
f 4507 4508 5140
f 4509 4507 5140
f 5141 4509 5140
f 4510 4509 5141
f 5142 4510 5141
f 4511 4510 5142
f 5143 4511 5142
f 4511 5143 4513
f 5086 4476 5144
f 5144 4476 4516
f 5088 5145 5087
f 5147 5087 5145
f 5147 5146 5087
f 5146 5089 5087
f 4517 4478 5089
f 4517 5089 5148
f 5148 5089 5146
f 4517 5148 4519
f 5151 5150 5149
f 5150 5152 5149
f 5155 5154 5153
f 5154 5156 5153
f 5159 5158 5157
f 5158 5161 5160
f 5157 5158 5160
f 5161 5163 5162
f 5160 5161 5162
f 5090 4522 4523
f 5092 5090 4523
f 5092 4523 5162
f 5092 5162 5163
f 5093 4522 5090
f 4525 4522 5093
f 5095 4525 5093
f 4527 4525 5095
f 5097 4527 5095
f 4529 4527 5097
f 5099 4529 5097
f 4531 4529 5099
f 5101 4531 5099
f 4533 4531 5101
f 5103 4533 5101
f 4535 4533 5103
f 5105 4535 5103
f 5105 5164 4535
f 5164 4537 4535
f 5165 4538 4537
f 5165 4537 5166
f 5166 4537 5164
f 5166 5168 5167
f 5165 5166 5167
f 5168 5170 5169
f 5167 5168 5169
f 5170 5172 5171
f 5169 5170 5171
f 5106 4540 4541
f 5108 5106 4541
f 5108 4541 5171
f 5108 5171 5172
f 5109 4540 5106
f 4543 4540 5109
f 5111 4543 5109
f 4545 4543 5111
f 5113 4545 5111
f 4547 4545 5113
f 5115 4547 5113
f 4548 4547 5115
f 5117 4548 5115
f 4549 4548 5117
f 5119 4549 5117
f 4550 4549 5119
f 5119 4482 4550
f 5138 5173 5137
f 5137 5174 5139
f 5173 5174 5137
f 5139 4551 4504
f 5139 5174 4551
f 5174 5175 4551
f 5177 5176 4552
f 5177 4552 5175
f 5175 4552 4551
f 4552 5176 4554
f 4557 5179 5178
f 4556 4557 5178
f 5178 5180 4556
f 4556 5180 4558
f 4508 5181 5140
f 4508 4558 5181
f 4558 5180 5181
f 5140 5182 5141
f 5181 5182 5140
f 5141 5183 5142
f 5182 5183 5141
f 5142 5184 5143
f 5183 5184 5142
f 5143 4559 4513
f 5143 5184 4559
f 5184 5185 4559
f 5185 5186 4559
f 4559 5186 4560
f 5186 5187 4560
f 4560 5187 4561
f 5187 4516 4561
f 5144 4516 5187
f 5147 5188 5146
f 5190 5146 5188
f 5190 5189 5146
f 5189 5148 5146
f 4562 4519 5148
f 4562 5148 5191
f 5191 5148 5189
f 4563 4562 5191
f 5192 4563 5191
f 4563 5192 4565
f 5195 5194 5193
f 5194 5151 5149
f 5194 5149 5193
f 5193 5149 5196
f 5152 5198 5197
f 5152 5197 5149
f 5149 5197 5196
f 5198 5200 5199
f 5197 5198 5199
f 5200 5202 5201
f 5199 5200 5201
f 5202 5155 5153
f 5202 5153 5201
f 5201 5153 5203
f 5156 5205 5204
f 5156 5204 5153
f 5153 5204 5203
f 5205 5159 5157
f 5205 5157 5204
f 5204 5157 5206
f 5157 5160 5206
f 5160 5207 5206
f 4568 5162 4567
f 4568 5207 5162
f 5207 5160 5162
f 5162 4523 4567
f 5165 4578 4538
f 5167 4578 5165
f 4580 4578 5167
f 5169 4580 5167
f 4582 4580 5169
f 5171 4582 5169
f 4584 4582 5171
f 5171 4541 4584
f 5177 5208 5176
f 5176 4587 4554
f 5176 5208 4587
f 5208 5209 4587
f 5210 4589 4587
f 5210 4587 5211
f 5211 4587 5209
f 4591 5210 5211
f 4591 5211 4590
f 4590 5211 5212
f 5212 4557 4590
f 5179 4557 5212
f 5215 5213 5214
f 5214 5216 5217
f 5213 5216 5214
f 5217 5189 5190
f 5217 5216 5189
f 5216 5218 5189
f 5189 5218 5191
f 5191 5218 5219
f 5191 5219 5192
f 5192 5219 5220
f 5192 5220 4593
f 4565 5192 4593
f 5222 5195 5193
f 5221 5222 5193
f 5193 5196 5221
f 5196 5223 5221
f 5196 5197 5223
f 5197 5224 5223
f 5197 5199 5224
f 5199 5225 5224
f 5199 5201 5225
f 5201 5226 5225
f 5201 5203 5226
f 5203 5227 5226
f 5203 5204 5227
f 5204 5228 5227
f 4596 5206 4595
f 4596 5228 5206
f 5228 5204 5206
f 5207 4595 5206
f 4598 4595 5207
f 5207 4568 4598
f 5210 4604 4589
f 5210 4591 4604
f 5215 5229 5213
f 5213 5230 5216
f 5229 5230 5213
f 5216 5231 5218
f 5230 5231 5216
f 5233 5218 5231
f 5233 5232 5218
f 5232 5219 5218
f 5219 5232 5220
f 5220 5232 5234
f 5220 5234 4605
f 4593 5220 4605
f 5236 5222 5221
f 5235 5236 5221
f 5221 5223 5235
f 5223 5237 5235
f 4608 5224 4607
f 4608 5237 5224
f 5237 5223 5224
f 5225 4607 5224
f 4610 4607 5225
f 5226 4610 5225
f 4612 4610 5226
f 5227 4612 5226
f 4614 4612 5227
f 5228 4614 5227
f 4616 4614 5228
f 5228 4596 4616
f 5233 5238 5232
f 5240 5232 5238
f 5240 5239 5232
f 5239 5234 5232
f 5234 5239 4625
f 4605 5234 4625
f 5243 5242 5241
f 5242 5245 5244
f 5241 5242 5244
f 4630 5244 5245
f 4630 5245 4629
f 4629 5245 5246
f 5248 5247 4631
f 5248 4631 5246
f 5246 4631 4629
f 5247 5250 5249
f 5247 5249 4631
f 4631 5249 4632
f 5249 5251 4632
f 4632 5251 4633
f 5251 5252 4633
f 4633 5252 4635
f 5252 5253 4635
f 4635 5253 4637
f 5254 4638 4637
f 5254 4637 5255
f 5255 4637 5253
f 5255 5256 5254
f 5258 5236 5235
f 5257 5258 5235
f 5235 5237 5257
f 5237 5259 5257
f 4639 5237 4608
f 4639 5260 5237
f 5260 5259 5237
f 4640 5260 4639
f 5261 5260 4640
f 4641 5261 4640
f 5262 5261 4641
f 4642 5262 4641
f 5263 5262 4642
f 4643 5263 4642
f 5264 5263 4643
f 4644 5264 4643
f 5265 5264 4644
f 4644 4646 5265
f 5267 5239 5240
f 5266 5239 5267
f 4656 4625 5239
f 4656 5239 5268
f 5268 5239 5266
f 4657 4656 5268
f 5269 4657 5268
f 4658 4657 5269
f 5270 4658 5269
f 5270 5272 5271
f 5270 5271 4658
f 4658 5271 4659
f 5274 5273 4660
f 5274 4660 5271
f 5271 4660 4659
f 5273 5276 5275
f 5273 5275 4660
f 4660 5275 4661
f 5275 5277 4661
f 4661 5277 4662
f 5277 5278 4662
f 4662 5278 4663
f 5241 5278 5243
f 5241 4664 5278
f 4664 4663 5278
f 5244 4664 5241
f 4665 4664 5244
f 5244 4630 4665
f 5248 5279 5247
f 5247 5279 5250
f 5254 4667 4638
f 4667 5280 4668
f 5254 5280 4667
f 5254 5281 5280
f 5254 5256 5281
f 5281 5282 5280
f 5258 5257 5283
f 5257 5259 5284
f 5283 5257 5284
f 5286 5284 5259
f 5286 5259 5285
f 5285 5259 5260
f 5260 5261 5285
f 5261 5287 5285
f 5261 5262 5287
f 5262 5288 5287
f 5262 5263 5288
f 5263 5289 5288
f 5263 5264 5289
f 5264 5290 5289
f 5264 5265 5290
f 5265 5291 5290
f 4669 5265 4646
f 4669 5292 5265
f 5292 5291 5265
f 4670 5292 4669
f 5293 5292 4670
f 4670 4672 5293
f 5295 5266 5267
f 5294 5266 5295
f 5296 5294 5297
f 5296 5268 5294
f 5268 5266 5294
f 5268 5298 5269
f 5296 5298 5268
f 5269 5299 5270
f 5298 5299 5269
f 5270 5299 5272
f 5274 5300 5273
f 5273 5300 5276
f 5280 4683 4668
f 4683 5301 4684
f 5280 5301 4683
f 5280 5302 5301
f 5280 5282 5302
f 5302 5303 5301
f 5286 5285 5304
f 5285 5287 5305
f 5304 5285 5305
f 5287 5288 5306
f 5305 5287 5306
f 5288 5289 5307
f 5306 5288 5307
f 5289 5290 5308
f 5307 5289 5308
f 5290 5291 5309
f 5308 5290 5309
f 5291 5292 5310
f 5309 5291 5310
f 5292 5293 5311
f 5310 5292 5311
f 5293 4672 4685
f 5293 4685 5311
f 5311 4685 5312
f 5314 4686 5313
f 5314 5312 4686
f 5312 4685 4686
f 4687 5313 4686
f 5315 5313 4687
f 4688 5315 4687
f 5316 5315 4688
f 4689 5316 4688
f 5317 5316 4689
f 4690 5317 4689
f 5318 5317 4690
f 4691 5318 4690
f 5319 5318 4691
f 4692 5319 4691
f 5320 5319 4692
f 4693 5320 4692
f 5321 5320 4693
f 4693 4695 5321
f 5295 5322 5294
f 5294 5322 5297
f 5323 4684 5301
f 4698 4684 5323
f 5303 5324 5323
f 5301 5303 5323
f 5314 5313 5325
f 5313 5315 5326
f 5325 5313 5326
f 5315 5316 5327
f 5326 5315 5327
f 5316 5317 5328
f 5327 5316 5328
f 5317 5318 5329
f 5328 5317 5329
f 5318 5319 5330
f 5329 5318 5330
f 5319 5320 5331
f 5330 5319 5331
f 5320 5321 5332
f 5331 5320 5332
f 5321 4695 4699
f 5321 4699 5332
f 5332 4699 5333
f 5333 4699 5334
f 4699 4700 5334
f 5334 4700 5335
f 4700 4701 5335
f 5337 4702 5336
f 5337 5335 4702
f 5335 4701 4702
f 4703 5336 4702
f 5338 5336 4703
f 4703 4705 5338
f 5339 4698 5323
f 4707 4698 5339
f 5324 5340 5339
f 5323 5324 5339
f 5337 5336 5341
f 5336 5338 5342
f 5341 5336 5342
f 5338 4705 4708
f 5338 4708 5342
f 5342 4708 5343
f 5343 4708 5344
f 4708 4709 5344
f 5346 4710 5345
f 5346 5344 4710
f 5344 4709 4710
f 4711 5345 4710
f 5347 5345 4711
f 4711 4713 5347
f 5348 4707 5339
f 4716 4707 5348
f 5340 5349 5348
f 5339 5340 5348
f 5346 5345 5350
f 5345 5347 5351
f 5350 5345 5351
f 5347 4713 4717
f 5347 4717 5351
f 5351 4717 5352
f 5352 4717 5353
f 4717 4718 5353
f 5353 4718 5354
f 4718 4719 5354
f 5354 4719 5355
f 4719 4720 5355
f 5355 4720 5356
f 4720 4721 5356
f 5356 4721 5357
f 4721 4722 5357
f 5359 4723 5358
f 5359 5357 4723
f 5357 4722 4723
f 4724 5358 4723
f 5360 5358 4724
f 4724 4725 5360
f 5361 4716 5348
f 4727 4716 5361
f 5349 5362 5361
f 5348 5349 5361
f 5359 5358 5363
f 5358 5360 5364
f 5363 5358 5364
f 5360 4725 4728
f 5360 4728 5364
f 5364 4728 5365
f 5367 4729 5366
f 5367 5365 4729
f 5365 4728 4729
f 4729 4730 5366
f 5370 5368 5369
f 5369 5371 5372
f 5368 5371 5369
f 5372 5371 5373
f 4732 5374 4733
f 5374 5375 5376
f 4732 5375 5374
f 4732 5361 5375
f 4732 4727 5361
f 5361 5362 5375
f 4735 4736 5377
f 5377 5378 5367
f 5377 5367 4737
f 5377 4737 4735
f 4737 5367 5366
f 5366 4730 4737
f 5381 5379 5380
f 5380 5379 5383
f 5370 5382 5368
f 5385 5368 5382
f 5385 5384 5368
f 5384 5371 5368
f 5373 5386 5387
f 5373 5371 5386
f 5371 5384 5386
f 5387 5388 5389
f 5386 5388 5387
f 5389 5388 5390
f 5393 5391 5392
f 5395 5392 5391
f 5394 4739 4738
f 4738 4740 5394
f 4741 5396 4742
f 4743 5396 4741
f 5397 5396 4743
f 4743 4744 5397
f 4747 5398 4748
f 5398 5399 5400
f 4747 5399 5398
f 4747 5374 5399
f 4747 4733 5374
f 5374 5376 5399
f 4751 5402 5401
f 4750 4751 5401
f 5401 5403 4750
f 4750 5403 4752
f 5403 5404 4752
f 4752 5404 4753
f 5404 5405 4753
f 4753 5405 4754
f 5405 5406 4754
f 4754 5406 4755
f 5406 5407 4755
f 4755 5407 4756
f 4736 5408 5377
f 4736 4756 5408
f 4756 5407 5408
f 5377 5408 5378
f 5381 5409 5379
f 5379 5409 5383
f 5411 5384 5385
f 5410 5384 5411
f 5384 5410 5386
f 5386 5410 5412
f 4759 4758 5388
f 4759 5388 5412
f 5412 5388 5386
f 5390 5388 4758
f 5390 4758 5413
f 5413 4758 4761
f 5413 4761 5414
f 4761 4762 5414
f 5391 5393 5414
f 5391 5414 4763
f 4763 5414 4762
f 4739 5394 5415
f 4739 5415 4763
f 5395 5391 5415
f 5391 4763 5415
f 5394 4740 4764
f 5394 4764 5415
f 5415 4764 5416
f 4742 5396 5417
f 4742 5417 4764
f 4764 5417 5416
f 5419 5417 5396
f 5419 5396 5418
f 5418 5396 5397
f 4744 5418 5397
f 4744 5420 5418
f 4744 4765 5420
f 5421 5418 5420
f 5422 4765 4766
f 5422 5423 4765
f 5423 5420 4765
f 5423 5422 5424
f 4768 5425 4769
f 4770 5425 4768
f 5426 5425 4770
f 5426 5427 5428
f 4770 5427 5426
f 4770 5398 5427
f 4770 4748 5398
f 5398 5400 5427
f 5431 5430 5429
f 4773 5429 5430
f 4773 5430 4772
f 4772 5430 5432
f 5432 5433 4772
f 4772 5433 4775
f 5433 5434 4775
f 4775 5434 4776
f 5434 5435 4776
f 4776 5435 4777
f 5435 4751 4777
f 5402 4751 5435
f 5438 5436 5437
f 5437 5439 5440
f 5436 5439 5437
f 5440 5441 5442
f 5439 5441 5440
f 5410 4780 4779
f 5411 4780 5410
f 5411 5441 4780
f 5411 5442 5441
f 5412 5410 4779
f 4782 5412 4779
f 5412 4782 4759
f 5419 5418 5443
f 5418 5421 5443
f 5422 4766 4783
f 5424 5422 4783
f 5424 4783 5444
f 5444 4783 4784
f 5444 4784 5445
f 4784 4785 5445
f 4769 5425 5446
f 4769 5446 4785
f 4785 5446 5445
f 5425 5426 5447
f 5446 5425 5447
f 5426 5428 5447
f 5450 5449 5448
f 4788 5448 5449
f 4788 5449 4787
f 4787 5449 5451
f 5451 5452 4787
f 4787 5452 4790
f 5452 5453 4790
f 4790 5453 4792
f 5429 5453 5431
f 5429 4793 5453
f 4793 4792 5453
f 5429 4773 4793
f 5438 5454 5436
f 5456 5436 5454
f 5456 5455 5436
f 5455 5439 5436
f 5439 5455 5441
f 5441 5455 5457
f 5441 5457 4795
f 4780 5441 4795
f 5460 5459 5458
f 5459 5462 5461
f 5458 5459 5461
f 4798 5461 5462
f 4798 5462 4797
f 4797 5462 5463
f 5463 5464 4797
f 4797 5464 4800
f 5448 5464 5450
f 5448 4802 5464
f 4802 4800 5464
f 5448 4788 4802
f 5466 5455 5456
f 5465 5455 5466
f 4805 4804 5457
f 4805 5457 5465
f 5465 5457 5455
f 5457 4804 4795
f 5469 5468 5467
f 5468 5471 5470
f 5467 5468 5470
f 5471 5473 5472
f 5470 5471 5472
f 4809 5472 5473
f 4809 5473 4808
f 4808 5473 5474
f 5474 5475 4808
f 4808 5475 4811
f 5475 5476 4811
f 4811 5476 4813
f 5476 5477 4813
f 4813 5477 4815
f 5458 5477 5460
f 5458 4817 5477
f 4817 4815 5477
f 5461 4817 5458
f 4818 4817 5461
f 5461 4798 4818
f 5479 5465 5466
f 5478 5465 5479
f 5465 5478 4820
f 4805 5465 4820
f 5482 5481 5480
f 5481 5484 5483
f 5480 5481 5483
f 5484 5486 5485
f 5483 5484 5485
f 5486 5488 5487
f 5485 5486 5487
f 5488 5490 5489
f 5487 5488 5489
f 5490 5492 5491
f 5489 5490 5491
f 5492 5494 5493
f 5491 5492 5493
f 4823 5493 5494
f 4823 5494 4822
f 4822 5494 5495
f 5495 5496 4822
f 4822 5496 4825
f 5467 5496 5469
f 5467 4827 5496
f 4827 4825 5496
f 5470 4827 5467
f 4829 4827 5470
f 5472 4829 5470
f 4830 4829 5472
f 5472 4809 4830
f 5499 5497 5498
f 5498 5500 5501
f 5497 5500 5498
f 4833 5501 5500
f 4833 4832 5501
f 4832 5502 5501
f 5478 5479 5502
f 5478 5502 4835
f 4835 5502 4832
f 5478 4835 4820
f 5505 5504 5503
f 5480 4838 4839
f 5482 5480 4839
f 5482 4839 5503
f 5482 5503 5504
f 5483 4838 5480
f 4841 4838 5483
f 5485 4841 5483
f 4843 4841 5485
f 5487 4843 5485
f 4845 4843 5487
f 5489 4845 5487
f 4847 4845 5489
f 5491 4847 5489
f 4849 4847 5491
f 5493 4849 5491
f 4851 4849 5493
f 5493 4823 4851
f 5499 5506 5497
f 5508 5497 5506
f 5508 5507 5497
f 5507 5500 5497
f 4852 4833 5500
f 4852 5500 5509
f 5509 5500 5507
f 4853 4852 5509
f 5510 4853 5509
f 4853 5510 4855
f 5513 5512 5511
f 5503 4857 4858
f 5505 5503 4858
f 5505 4858 5511
f 5505 5511 5512
f 5503 4839 4857
f 5516 5514 5515
f 5515 5507 5508
f 5515 5514 5507
f 5514 5517 5507
f 4868 4867 5509
f 4868 5509 5517
f 5517 5509 5507
f 5510 5509 4867
f 4870 5510 4867
f 5510 4870 4855
f 5520 5519 5518
f 5519 5522 5521
f 5518 5519 5521
f 5522 5523 5521
f 5525 5513 5511
f 5524 5525 5511
f 5511 4872 5524
f 4858 4872 5511
f 4881 5526 4882
f 5526 5527 5528
f 5526 4881 5527
f 4881 4883 5527
f 5527 4883 5529
f 4883 4884 5529
f 5529 4884 5530
f 4884 4885 5530
f 5531 4885 4886
f 5531 5532 4885
f 5532 5530 4885
f 5532 5531 5533
f 5536 5534 5535
f 4889 5535 5534
f 4889 4888 5535
f 4888 5537 5535
f 5537 4888 5538
f 4888 4890 5538
f 5538 4890 5539
f 4890 4891 5539
f 5541 4892 5540
f 5541 5539 4892
f 5539 4891 4892
f 4892 4894 5540
f 5544 5542 5543
f 5514 4897 4896
f 5516 4897 5514
f 5516 5542 4897
f 5516 5543 5542
f 5517 5514 4896
f 4898 5517 4896
f 5517 4898 4868
f 5547 5546 5545
f 5546 5520 5518
f 5546 5518 5545
f 5545 5518 5548
f 5518 5521 5548
f 5521 5549 5548
f 5523 5550 5549
f 5521 5523 5549
f 5552 5525 5524
f 5551 5552 5524
f 5524 4900 5551
f 4872 4900 5524
f 4926 5553 5554
f 4925 5553 4926
f 4882 5526 5555
f 4882 5555 4925
f 4925 5555 5553
f 5526 5528 5555
f 5531 4886 4927
f 5533 5531 4927
f 5533 4927 5556
f 5556 4927 4928
f 5556 4928 5557
f 4928 4930 5557
f 5557 4930 5558
f 4930 4932 5558
f 5558 4932 5559
f 4932 4933 5559
f 5534 5536 5559
f 5534 5559 4934
f 4934 5559 4933
f 5534 4934 4889
f 5561 5541 5540
f 5560 5561 5540
f 4935 5540 4894
f 4935 5562 5540
f 5562 5560 5540
f 4935 4937 5562
f 5565 5563 5564
f 5542 4940 4939
f 5544 4940 5542
f 5544 5563 4940
f 5544 5564 5563
f 5542 4939 4897
f 5547 5545 5566
f 5568 5566 5545
f 5568 5545 5567
f 5567 5545 5548
f 5569 5570 5567
f 5569 5567 5549
f 5549 5567 5548
f 5549 5550 5569
f 5572 5552 5551
f 5571 5572 5551
f 4941 5551 4900
f 4941 5573 5551
f 5573 5571 5551
f 4941 4943 5573
f 4945 5574 4946
f 4947 5574 4945
f 5575 5574 4947
f 4948 5575 4947
f 5576 5575 4948
f 4949 5576 4948
f 5577 5576 4949
f 4950 5577 4949
f 5578 5577 4950
f 4951 5578 4950
f 5579 5578 4951
f 4951 4953 5579
f 4962 5580 4963
f 4964 5580 4962
f 5581 5580 4964
f 4965 5581 4964
f 5582 5581 4965
f 5582 5583 5584
f 5582 4965 5583
f 4965 4966 5583
f 5583 4966 5585
f 4966 4967 5585
f 5585 4967 5586
f 4967 4968 5586
f 5586 4968 5587
f 4968 4969 5587
f 5587 4969 5588
f 4969 4970 5588
f 5588 4970 5589
f 4970 4971 5589
f 5589 4971 5590
f 4971 4972 5590
f 5590 4972 5591
f 4972 4973 5591
f 5591 4973 5592
f 4973 4974 5592
f 5592 4974 5593
f 4974 4975 5593
f 5593 4975 5594
f 4975 4976 5594
f 5594 4976 5595
f 4976 4977 5595
f 5595 4977 5596
f 4977 4978 5596
f 5596 4978 5597
f 4978 4979 5597
f 5597 4979 5598
f 4979 4980 5598
f 4980 5599 5598
f 4982 5599 4980
f 4984 5600 5601
f 4983 5600 4984
f 5600 4983 5602
f 4983 4985 5602
f 5602 4985 5603
f 4985 4987 5603
f 5603 4987 5604
f 4987 4989 5604
f 4989 5605 5604
f 4990 5605 4989
f 4992 5606 4993
f 4995 5606 4992
f 5607 5606 4995
f 5607 5608 5609
f 5607 4995 5608
f 4995 4997 5608
f 5608 4997 5610
f 4997 4999 5610
f 5610 4999 5611
f 4999 5001 5611
f 5611 5001 4926
f 5554 5611 4926
f 5561 5560 5612
f 5560 5562 5613
f 5612 5560 5613
f 5562 5614 5613
f 5562 4937 5614
f 4937 5003 5614
f 5617 5615 5616
f 5616 5618 5619
f 5615 5618 5616
f 5619 5620 5621
f 5618 5620 5619
f 5006 5621 5620
f 5006 5005 5621
f 5005 5622 5621
f 5563 5565 5622
f 5563 5622 5008
f 5008 5622 5005
f 5563 5008 4940
f 5568 5567 5623
f 5567 5570 5623
f 5572 5571 5624
f 5571 5573 5625
f 5624 5571 5625
f 5627 5010 5626
f 5625 5010 5627
f 5625 4943 5010
f 5625 5573 4943
f 5011 5626 5010
f 5628 5626 5011
f 5628 5629 5630
f 5011 5629 5628
f 5011 5574 5629
f 5011 4946 5574
f 5574 5575 5631
f 5629 5574 5631
f 5575 5576 5632
f 5631 5575 5632
f 5576 5577 5633
f 5632 5576 5633
f 5577 5578 5634
f 5633 5577 5634
f 5578 5579 5635
f 5634 5578 5635
f 5579 4953 5012
f 5579 5012 5635
f 5635 5012 5636
f 5636 5012 5637
f 5012 5013 5637
f 5637 5013 5638
f 5013 5014 5638
f 5638 5014 5639
f 5014 5015 5639
f 5639 5015 5640
f 5015 5016 5640
f 5640 5016 5641
f 5016 5017 5641
f 5641 5017 5642
f 5017 5018 5642
f 5642 5018 5643
f 5018 5019 5643
f 5643 5019 5644
f 5019 5020 5644
f 4963 5580 5645
f 4963 5645 5020
f 5020 5645 5644
f 5580 5581 5646
f 5645 5580 5646
f 5581 5582 5647
f 5646 5581 5647
f 5582 5584 5647
f 5599 4982 5021
f 5648 5599 5021
f 5648 5021 4984
f 5601 5648 4984
f 5605 4990 5022
f 5649 5605 5022
f 5649 5022 5650
f 5022 5023 5650
f 5650 5023 5651
f 5023 5024 5651
f 4993 5606 5652
f 4993 5652 5024
f 5024 5652 5651
f 5606 5607 5653
f 5652 5606 5653
f 5607 5609 5653
f 5614 5003 5025
f 5654 5614 5025
f 5654 5025 5655
f 5025 5026 5655
f 5026 5656 5655
f 5027 5656 5026
f 5030 5657 5658
f 5029 5657 5030
f 5659 5029 5031
f 5659 5660 5029
f 5660 5657 5029
f 5615 5033 5032
f 5617 5033 5615
f 5617 5659 5033
f 5617 5660 5659
f 5618 5615 5032
f 5035 5618 5032
f 5620 5618 5035
f 5037 5620 5035
f 5620 5037 5006
f 5627 5626 5661
f 5626 5628 5662
f 5661 5626 5662
f 5628 5630 5662
f 5656 5027 5038
f 5663 5656 5038
f 5663 5038 5664
f 5038 5039 5664
f 5664 5039 5665
f 5039 5040 5665
f 5665 5040 5666
f 5040 5041 5666
f 5666 5041 5030
f 5658 5666 5030
f 5659 5031 5042
f 5659 5042 5033
f 5044 5668 5667
f 5043 5044 5667
f 5667 5669 5043
f 5043 5669 5045
f 5669 5670 5045
f 5045 5670 5046
f 5670 5671 5046
f 5046 5671 5047
f 5671 5672 5047
f 5047 5672 5048
f 5672 5673 5048
f 5048 5673 5049
f 5675 5674 5050
f 5675 5050 5673
f 5673 5050 5049
f 5051 5050 5674
f 5676 5051 5674
f 5051 5676 5052
f 5056 5678 5677
f 5055 5056 5677
f 5677 5679 5055
f 5055 5679 5057
f 5679 5044 5057
f 5668 5044 5679
f 5675 5680 5674
f 5674 5681 5676
f 5680 5681 5674
f 5676 5681 5682
f 5676 5682 5052
f 5052 5682 5059
f 5060 5061 5683
f 5060 5683 5063
f 5068 5685 5684
f 5067 5068 5684
f 5684 5056 5067
f 5678 5056 5684
f 5682 5069 5059
f 5686 5069 5682
f 5061 5687 5683
f 5061 5069 5687
f 5069 5686 5687
f 5689 5688 5070
f 5687 5689 5070
f 5687 5070 5063
f 5687 5063 5683
f 5071 5070 5688
f 5690 5071 5688
f 5071 5690 5073
f 5685 5068 5691
f 5691 5068 5076
f 5689 5692 5688
f 5694 5688 5692
f 5694 5693 5688
f 5693 5690 5688
f 5077 5073 5690
f 5077 5690 5695
f 5695 5690 5693
f 5078 5077 5695
f 5696 5078 5695
f 5078 5696 5080
f 5699 5698 5697
f 5084 5697 5698
f 5084 5698 5083
f 5083 5698 5700
f 5083 5700 5701
f 5085 5083 5701
f 5691 5076 5702
f 5702 5076 5086
f 5704 5693 5694
f 5703 5693 5704
f 5693 5703 5695
f 5695 5703 5705
f 5695 5705 5696
f 5696 5705 5706
f 5696 5706 5088
f 5080 5696 5088
f 5709 5708 5707
f 5708 5711 5710
f 5707 5708 5710
f 5711 5713 5712
f 5710 5711 5712
f 5092 5712 5713
f 5092 5713 5091
f 5091 5713 5714
f 5714 5715 5091
f 5091 5715 5094
f 5715 5716 5094
f 5094 5716 5096
f 5716 5717 5096
f 5096 5717 5098
f 5717 5718 5098
f 5098 5718 5100
f 5718 5719 5100
f 5100 5719 5102
f 5719 5720 5102
f 5102 5720 5104
f 5721 5105 5104
f 5721 5104 5722
f 5722 5104 5720
f 5722 5724 5723
f 5721 5722 5723
f 5724 5726 5725
f 5723 5724 5725
f 5726 5728 5727
f 5725 5726 5727
f 5728 5730 5729
f 5727 5728 5729
f 5108 5729 5730
f 5108 5730 5107
f 5107 5730 5731
f 5731 5732 5107
f 5107 5732 5110
f 5732 5733 5110
f 5110 5733 5112
f 5733 5734 5112
f 5112 5734 5114
f 5734 5735 5114
f 5114 5735 5116
f 5735 5736 5116
f 5116 5736 5118
f 5736 5737 5118
f 5118 5737 5120
f 5737 5738 5120
f 5120 5738 5121
f 5738 5739 5121
f 5121 5739 5122
f 5739 5740 5122
f 5122 5740 5123
f 5740 5741 5123
f 5123 5741 5124
f 5741 5742 5124
f 5124 5742 5125
f 5742 5743 5125
f 5125 5743 5126
f 5697 5743 5699
f 5697 5127 5743
f 5127 5126 5743
f 5697 5084 5127
f 5701 5128 5085
f 5744 5128 5701
f 5744 5745 5128
f 5128 5745 5129
f 5745 5746 5129
f 5129 5746 5130
f 5746 5747 5130
f 5130 5747 5131
f 5747 5748 5131
f 5131 5748 5132
f 5748 5749 5132
f 5132 5749 5133
f 5749 5750 5133
f 5133 5750 5134
f 5750 5751 5134
f 5134 5751 5135
f 5751 5752 5135
f 5135 5752 5136
f 5136 5752 5753
f 5138 5136 5753
f 5702 5086 5754
f 5754 5086 5144
f 5757 5755 5756
f 5756 5703 5704
f 5756 5755 5703
f 5755 5758 5703
f 5703 5758 5705
f 5705 5758 5759
f 5705 5759 5706
f 5706 5759 5760
f 5145 5088 5706
f 5145 5706 5761
f 5761 5706 5760
f 5145 5761 5147
f 5764 5763 5762
f 5763 5766 5765
f 5762 5763 5765
f 5151 5765 5766
f 5151 5766 5150
f 5150 5766 5767
f 5768 5152 5150
f 5768 5150 5769
f 5769 5150 5767
f 5769 5771 5770
f 5768 5769 5770
f 5771 5773 5772
f 5770 5771 5772
f 5155 5772 5773
f 5155 5773 5154
f 5154 5773 5774
f 5775 5156 5154
f 5775 5154 5776
f 5776 5154 5774
f 5707 5158 5159
f 5709 5707 5159
f 5709 5159 5775
f 5709 5775 5776
f 5710 5158 5707
f 5161 5158 5710
f 5712 5161 5710
f 5163 5161 5712
f 5712 5092 5163
f 5721 5164 5105
f 5723 5164 5721
f 5166 5164 5723
f 5725 5166 5723
f 5168 5166 5725
f 5727 5168 5725
f 5170 5168 5727
f 5729 5170 5727
f 5172 5170 5729
f 5729 5108 5172
f 5753 5173 5138
f 5777 5173 5753
f 5777 5778 5173
f 5173 5778 5174
f 5780 5779 5175
f 5780 5175 5778
f 5778 5175 5174
f 5175 5779 5177
f 5178 5179 5781
f 5781 5783 5782
f 5781 5782 5178
f 5178 5782 5180
f 5782 5784 5180
f 5180 5784 5181
f 5784 5785 5181
f 5181 5785 5182
f 5785 5786 5182
f 5182 5786 5183
f 5786 5787 5183
f 5183 5787 5184
f 5787 5788 5184
f 5184 5788 5185
f 5788 5789 5185
f 5185 5789 5186
f 5791 5790 5187
f 5791 5187 5789
f 5789 5187 5186
f 5793 5754 5144
f 5793 5144 5790
f 5793 5790 5792
f 5187 5790 5144
f 5793 5792 5794
f 5757 5795 5755
f 5755 5796 5758
f 5795 5796 5755
f 5798 5758 5796
f 5798 5797 5758
f 5797 5759 5758
f 5759 5797 5760
f 5760 5797 5799
f 5760 5799 5761
f 5761 5799 5800
f 5188 5147 5761
f 5188 5761 5801
f 5801 5761 5800
f 5188 5801 5190
f 5804 5803 5802
f 5803 5806 5805
f 5802 5803 5805
f 5806 5808 5807
f 5805 5806 5807
f 5808 5810 5809
f 5807 5808 5809
f 5810 5811 5809
f 5814 5813 5812
f 5813 5764 5762
f 5813 5762 5812
f 5812 5762 5815
f 5195 5765 5194
f 5195 5815 5765
f 5815 5762 5765
f 5765 5151 5194
f 5768 5198 5152
f 5770 5198 5768
f 5200 5198 5770
f 5772 5200 5770
f 5202 5200 5772
f 5772 5155 5202
f 5775 5205 5156
f 5775 5159 5205
f 5780 5816 5779
f 5779 5208 5177
f 5779 5816 5208
f 5816 5817 5208
f 5817 5818 5208
f 5208 5818 5209
f 5820 5819 5211
f 5820 5211 5818
f 5818 5211 5209
f 5212 5211 5819
f 5821 5212 5819
f 5821 5823 5822
f 5212 5821 5822
f 5212 5822 5781
f 5212 5781 5179
f 5781 5822 5783
f 5791 5824 5790
f 5790 5825 5792
f 5824 5825 5790
f 5792 5825 5794
f 5828 5826 5827
f 5827 5797 5798
f 5827 5826 5797
f 5826 5829 5797
f 5797 5829 5799
f 5799 5829 5830
f 5215 5214 5800
f 5215 5800 5830
f 5830 5800 5799
f 5801 5800 5214
f 5217 5801 5214
f 5801 5217 5190
f 5832 5804 5802
f 5831 5832 5802
f 5802 5805 5831
f 5805 5833 5831
f 5805 5807 5833
f 5807 5834 5833
f 5807 5809 5834
f 5809 5835 5834
f 5811 5836 5835
f 5809 5811 5835
f 5838 5814 5812
f 5837 5838 5812
f 5812 5815 5837
f 5815 5839 5837
f 5815 5222 5839
f 5195 5222 5815
f 5820 5840 5819
f 5819 5841 5821
f 5840 5841 5819
f 5821 5841 5823
f 5828 5842 5826
f 5826 5843 5829
f 5842 5843 5826
f 5829 5844 5830
f 5843 5844 5829
f 5830 5229 5215
f 5830 5844 5229
f 5844 5845 5229
f 5847 5846 5230
f 5847 5230 5845
f 5845 5230 5229
f 5231 5230 5846
f 5848 5231 5846
f 5231 5848 5233
f 5851 5850 5849
f 5850 5853 5852
f 5849 5850 5852
f 5853 5854 5852
f 5857 5856 5855
f 5856 5859 5858
f 5855 5856 5858
f 5859 5861 5860
f 5858 5859 5860
f 5861 5862 5860
f 5864 5832 5831
f 5863 5864 5831
f 5831 5833 5863
f 5833 5865 5863
f 5833 5834 5865
f 5834 5866 5865
f 5834 5835 5866
f 5835 5867 5866
f 5836 5868 5867
f 5835 5836 5867
f 5870 5838 5837
f 5869 5870 5837
f 5837 5839 5869
f 5839 5871 5869
f 5839 5236 5871
f 5222 5236 5839
f 5873 5846 5847
f 5872 5846 5873
f 5846 5872 5848
f 5848 5872 5874
f 5238 5233 5848
f 5238 5848 5875
f 5875 5848 5874
f 5238 5875 5240
f 5243 5877 5876
f 5242 5243 5876
f 5849 5876 5851
f 5849 5245 5876
f 5245 5242 5876
f 5852 5245 5849
f 5246 5245 5852
f 5246 5878 5248
f 5852 5878 5246
f 5852 5879 5878
f 5852 5854 5879
f 5250 5878 5879
f 5250 5879 5249
f 5249 5879 5880
f 5855 5880 5857
f 5855 5251 5880
f 5251 5249 5880
f 5858 5251 5855
f 5252 5251 5858
f 5860 5252 5858
f 5253 5252 5860
f 5862 5253 5860
f 5862 5881 5253
f 5881 5255 5253
f 5882 5256 5255
f 5882 5255 5883
f 5883 5255 5881
f 5883 5884 5882
f 5864 5863 5885
f 5887 5885 5863
f 5887 5863 5886
f 5886 5863 5865
f 5865 5866 5886
f 5866 5888 5886
f 5889 5890 5888
f 5889 5888 5867
f 5867 5888 5866
f 5867 5868 5889
f 5870 5869 5891
f 5893 5891 5869
f 5893 5869 5892
f 5892 5869 5871
f 5871 5258 5892
f 5236 5258 5871
f 5895 5872 5873
f 5894 5872 5895
f 5896 5894 5897
f 5896 5874 5894
f 5874 5872 5894
f 5899 5874 5896
f 5899 5898 5874
f 5898 5875 5874
f 5875 5898 5267
f 5240 5875 5267
f 5271 5272 5900
f 5271 5900 5274
f 5276 5902 5901
f 5275 5276 5901
f 5901 5903 5275
f 5275 5903 5277
f 5903 5904 5277
f 5277 5904 5278
f 5904 5243 5278
f 5877 5243 5904
f 5878 5279 5248
f 5878 5250 5279
f 5882 5281 5256
f 5281 5905 5282
f 5882 5905 5281
f 5882 5906 5905
f 5882 5884 5906
f 5906 5907 5905
f 5887 5886 5908
f 5886 5888 5909
f 5908 5886 5909
f 5888 5890 5909
f 5893 5892 5910
f 5892 5258 5283
f 5892 5283 5910
f 5910 5283 5911
f 5913 5284 5912
f 5913 5911 5284
f 5911 5283 5284
f 5284 5286 5912
f 5915 5894 5895
f 5914 5894 5915
f 5897 5914 5916
f 5894 5914 5897
f 5918 5898 5899
f 5917 5898 5918
f 5898 5917 5295
f 5267 5898 5295
f 5296 5297 5919
f 5298 5296 5919
f 5920 5298 5919
f 5299 5298 5920
f 5921 5299 5920
f 5921 5923 5922
f 5299 5921 5922
f 5299 5922 5900
f 5299 5900 5272
f 5900 5300 5274
f 5900 5922 5300
f 5922 5924 5300
f 5924 5276 5300
f 5902 5276 5924
f 5905 5302 5282
f 5302 5905 5907
f 5302 5907 5303
f 5303 5907 5925
f 5913 5912 5926
f 5912 5286 5304
f 5912 5304 5926
f 5926 5304 5927
f 5929 5305 5928
f 5929 5927 5305
f 5927 5304 5305
f 5306 5928 5305
f 5930 5928 5306
f 5307 5930 5306
f 5931 5930 5307
f 5308 5931 5307
f 5932 5931 5308
f 5309 5932 5308
f 5933 5932 5309
f 5310 5933 5309
f 5934 5933 5310
f 5311 5934 5310
f 5935 5934 5311
f 5312 5935 5311
f 5936 5935 5312
f 5312 5314 5936
f 5915 5937 5914
f 5916 5914 5937
f 5939 5940 5938
f 5939 5917 5918
f 5939 5938 5917
f 5938 5941 5917
f 5322 5295 5917
f 5322 5917 5942
f 5942 5917 5941
f 5297 5322 5942
f 5297 5942 5919
f 5919 5942 5943
f 5919 5943 5920
f 5920 5943 5944
f 5945 5944 5946
f 5945 5921 5944
f 5921 5920 5944
f 5921 5945 5923
f 5925 5947 5303
f 5947 5324 5303
f 5929 5928 5948
f 5928 5930 5949
f 5948 5928 5949
f 5930 5931 5950
f 5949 5930 5950
f 5931 5932 5951
f 5950 5931 5951
f 5932 5933 5952
f 5951 5932 5952
f 5933 5934 5953
f 5952 5933 5953
f 5934 5935 5954
f 5953 5934 5954
f 5935 5936 5955
f 5954 5935 5955
f 5936 5314 5325
f 5936 5325 5955
f 5955 5325 5956
f 5956 5325 5957
f 5325 5326 5957
f 5957 5326 5958
f 5326 5327 5958
f 5958 5327 5959
f 5327 5328 5959
f 5959 5328 5960
f 5328 5329 5960
f 5960 5329 5961
f 5329 5330 5961
f 5961 5330 5962
f 5330 5331 5962
f 5962 5331 5963
f 5331 5332 5963
f 5963 5332 5964
f 5332 5333 5964
f 5964 5333 5965
f 5333 5334 5965
f 5967 5335 5966
f 5967 5965 5335
f 5965 5334 5335
f 5335 5337 5966
f 5970 5968 5969
f 5969 5938 5940
f 5969 5968 5938
f 5968 5971 5938
f 5938 5971 5941
f 5941 5971 5972
f 5941 5972 5942
f 5942 5972 5973
f 5942 5973 5943
f 5943 5973 5974
f 5943 5974 5944
f 5944 5974 5975
f 5946 5975 5976
f 5944 5975 5946
f 5947 5977 5324
f 5977 5340 5324
f 5967 5966 5978
f 5966 5337 5341
f 5966 5341 5978
f 5978 5341 5979
f 5979 5341 5980
f 5341 5342 5980
f 5980 5342 5981
f 5342 5343 5981
f 5981 5343 5982
f 5343 5344 5982
f 5344 5983 5982
f 5346 5983 5344
f 5970 5984 5968
f 5968 5985 5971
f 5984 5985 5968
f 5987 5971 5985
f 5987 5986 5971
f 5986 5972 5971
f 5972 5986 5973
f 5973 5986 5988
f 5973 5988 5974
f 5974 5988 5989
f 5990 5989 5991
f 5990 5975 5989
f 5975 5974 5989
f 5976 5975 5990
f 5993 5994 5992
f 5993 5992 5995
f 5977 5996 5340
f 5996 5349 5340
f 5983 5346 5350
f 5997 5983 5350
f 5997 5350 5998
f 5350 5351 5998
f 5998 5351 5999
f 5351 5352 5999
f 5999 5352 6000
f 5352 5353 6000
f 6000 5353 6001
f 5353 5354 6001
f 6001 5354 6002
f 5354 5355 6002
f 6002 5355 6003
f 5355 5356 6003
f 6005 5357 6004
f 6005 6003 5357
f 6003 5356 5357
f 5357 5359 6004
f 6007 5986 5987
f 6006 5986 6007
f 5986 6006 5988
f 5988 6006 6008
f 6009 6008 6010
f 6009 5989 6008
f 5989 5988 6008
f 5989 6009 5991
f 6012 5992 5994
f 6011 5992 6012
f 5995 6013 6014
f 5995 5992 6013
f 5992 6011 6013
f 6014 6013 6015
f 5996 6016 5349
f 6016 5362 5349
f 6005 6004 6017
f 6004 5359 5363
f 6004 5363 6017
f 6017 5363 6018
f 6018 5363 6019
f 5363 5364 6019
f 6021 5365 6020
f 6021 6019 5365
f 6019 5364 5365
f 5365 5367 6020
f 6024 6022 6023
f 6023 6006 6007
f 6023 6022 6006
f 6022 6025 6006
f 5370 5369 6008
f 5370 6008 6025
f 6025 6008 6006
f 6010 6008 5369
f 6010 5369 6026
f 6026 5369 5372
f 6027 5372 5373
f 6027 6028 5372
f 6028 6026 5372
f 6028 6011 6012
f 6028 6027 6011
f 6027 6029 6011
f 6011 6029 6013
f 6013 6029 6030
f 6015 6031 6032
f 6015 6013 6031
f 6013 6030 6031
f 6032 6031 6033
f 5375 6034 5376
f 6034 5375 5362
f 6034 5362 6035
f 6035 5362 6016
f 6021 6020 6036
f 6020 5367 5378
f 6020 5378 6038
f 6020 6038 6036
f 6038 5378 6037
f 6038 6037 6039
f 6042 6040 6041
f 6041 6022 6024
f 6041 6040 6022
f 6040 6043 6022
f 5381 5380 6025
f 5381 6025 6043
f 6043 6025 6022
f 5382 5370 6025
f 5382 6025 6044
f 5380 5383 6025
f 5383 6044 6025
f 5382 6044 5385
f 6027 5373 5387
f 6029 6027 5387
f 5389 6029 5387
f 5389 5390 6045
f 5389 6045 6029
f 6029 6045 6030
f 6030 6045 6031
f 6031 6045 6046
f 6033 5392 6047
f 6033 6046 5392
f 6033 6031 6046
f 6046 5393 5392
f 6048 5392 5395
f 6048 6049 5392
f 6049 6047 5392
f 6049 6050 6051
f 6048 6050 6049
f 6051 6050 6052
f 5399 6053 5400
f 6053 6054 6055
f 5399 6054 6053
f 5399 6034 6054
f 5399 5376 6034
f 6034 6035 6054
f 5401 5402 6056
f 6056 6058 6057
f 6056 6057 5401
f 5401 6057 5403
f 6057 6059 5403
f 5403 6059 5404
f 6059 6060 5404
f 5404 6060 5405
f 6060 6061 5405
f 5405 6061 5406
f 6061 6062 5406
f 5406 6062 5407
f 6062 6063 5407
f 5407 6063 5408
f 5378 6064 6037
f 5378 5408 6064
f 5408 6063 6064
f 6037 6064 6039
f 6042 6065 6040
f 6067 6040 6065
f 6067 6066 6040
f 6066 6043 6040
f 5409 5381 6043
f 5409 6043 6068
f 6068 6043 6066
f 5383 5409 6068
f 5383 6068 6044
f 6044 6068 6069
f 6044 6069 5411
f 5385 6044 5411
f 6045 5390 5413
f 6046 6045 5413
f 5414 6046 5413
f 6046 5414 5393
f 6048 5395 5415
f 6050 6048 5415
f 5416 6050 5415
f 6050 5416 5417
f 6050 5417 6071
f 6050 6071 6052
f 6070 6071 5417
f 5417 5419 6070
f 5420 6072 5421
f 6072 6073 6074
f 6072 5420 6073
f 5420 5423 6073
f 6075 5423 5424
f 6075 6076 5423
f 6076 6073 5423
f 6076 6075 6077
f 5428 6078 6079
f 5427 6078 5428
f 5400 6053 6080
f 5400 6080 5427
f 5427 6080 6078
f 6053 6055 6080
f 5430 5431 6081
f 6081 6083 6082
f 6081 6082 5430
f 5430 6082 5432
f 6082 6084 5432
f 5432 6084 5433
f 6084 6085 5433
f 5433 6085 5434
f 6085 6086 5434
f 5434 6086 5435
f 5402 6087 6056
f 5402 5435 6087
f 5435 6086 6087
f 6056 6087 6058
f 6090 6088 6089
f 6066 5438 5437
f 6067 5438 6066
f 6067 6088 5438
f 6067 6089 6088
f 6068 6066 5437
f 5440 6068 5437
f 6069 6068 5440
f 5442 6069 5440
f 6069 5442 5411
f 6071 6070 6091
f 6070 5419 5443
f 6070 5443 6091
f 6091 5443 6092
f 5421 6072 6093
f 5421 6093 5443
f 5443 6093 6092
f 6072 6074 6093
f 6075 5424 5444
f 6077 6075 5444
f 6077 5444 6094
f 6094 5444 5445
f 6094 5445 6095
f 5445 5446 6095
f 6095 5446 6096
f 5446 5447 6096
f 6096 5447 5428
f 6079 6096 5428
f 5450 6098 6097
f 5449 5450 6097
f 6097 6099 5449
f 5449 6099 5451
f 6099 6100 5451
f 5451 6100 5452
f 6100 6101 5452
f 5452 6101 5453
f 5431 6102 6081
f 5431 5453 6102
f 5453 6101 6102
f 6081 6102 6083
f 6090 6103 6088
f 6105 6104 5454
f 6103 6105 5454
f 6103 5454 5438
f 6103 5438 6088
f 5454 6104 5456
f 5460 6107 6106
f 5459 5460 6106
f 6106 6108 5459
f 5459 6108 5462
f 6108 6109 5462
f 5462 6109 5463
f 6109 6110 5463
f 5463 6110 5464
f 6110 5450 5464
f 6098 5450 6110
f 6112 6104 6105
f 6111 6104 6112
f 6104 6111 5466
f 5456 6104 5466
f 6115 6114 6113
f 6114 6117 6116
f 6113 6114 6116
f 5469 6116 6117
f 5469 6117 5468
f 5468 6117 6118
f 6118 6119 5468
f 5468 6119 5471
f 6119 6120 5471
f 5471 6120 5473
f 6120 6121 5473
f 5473 6121 5474
f 6121 6122 5474
f 5474 6122 5475
f 6122 6123 5475
f 5475 6123 5476
f 6123 6124 5476
f 5476 6124 5477
f 6124 5460 5477
f 6107 5460 6124
f 6127 6125 6126
f 6126 6128 6129
f 6125 6128 6126
f 6129 6130 6131
f 6128 6130 6129
f 6131 6111 6112
f 6131 6130 6111
f 6130 6132 6111
f 6111 6132 5479
f 5466 6111 5479
f 6135 6134 6133
f 5482 6133 6134
f 5482 6134 5481
f 5481 6134 6136
f 6136 6137 5481
f 5481 6137 5484
f 6137 6138 5484
f 5484 6138 5486
f 6138 6139 5486
f 5486 6139 5488
f 6139 6140 5488
f 5488 6140 5490
f 6140 6141 5490
f 5490 6141 5492
f 6141 6142 5492
f 5492 6142 5494
f 6113 6142 6115
f 6113 5495 6142
f 5495 5494 6142
f 6116 5495 6113
f 5496 5495 6116
f 6116 5469 5496
f 6145 6143 6144
f 6144 6125 6127
f 6144 6143 6125
f 6143 6146 6125
f 5499 5498 6128
f 5499 6128 6146
f 6146 6128 6125
f 6130 6128 5498
f 5501 6130 5498
f 6132 6130 5501
f 5502 6132 5501
f 6132 5502 5479
f 6133 5504 5505
f 6133 5505 6135
f 6135 5505 6147
f 6133 5482 5504
f 6145 6148 6143
f 6150 6143 6148
f 6150 6149 6143
f 6149 6146 6143
f 5506 5499 6146
f 5506 6146 6151
f 6151 6146 6149
f 5506 6151 5508
f 6154 6153 6152
f 6153 6156 6155
f 6152 6153 6155
f 6156 6158 6157
f 6155 6156 6157
f 6158 6159 6157
f 6162 6161 6160
f 5513 6160 6161
f 5513 6161 5512
f 5512 6161 6163
f 6163 5505 5512
f 6147 5505 6163
f 6166 6164 6165
f 6165 6167 6168
f 6164 6167 6165
f 6168 6169 6170
f 6167 6169 6168
f 6170 6169 6171
f 6174 6172 6173
f 6173 6172 6175
f 6178 6176 6177
f 6177 6179 6180
f 6176 6179 6177
f 6180 6181 6182
f 6179 6181 6180
f 6182 6149 6150
f 6182 6181 6149
f 6181 6183 6149
f 5516 5515 6151
f 5516 6151 6183
f 6183 6151 6149
f 6151 5515 5508
f 6186 6185 6184
f 6152 5519 5520
f 6154 6152 5520
f 6154 5520 6184
f 6154 6184 6185
f 6155 5519 6152
f 5522 5519 6155
f 5522 6187 5523
f 5522 6155 6187
f 6155 6157 6187
f 6159 6189 6188
f 6159 6188 6157
f 6157 6188 6187
f 6189 6162 6160
f 6189 6160 6188
f 6188 6160 6190
f 6160 5525 6190
f 5513 5525 6160
f 6193 6191 6192
f 6164 5528 5527
f 6166 5528 6164
f 6166 6191 5528
f 6166 6192 6191
f 6167 6164 5527
f 5529 6167 5527
f 6169 6167 5529
f 5530 6169 5529
f 6171 6169 5530
f 6171 5530 6194
f 6194 5530 5532
f 6195 5532 5533
f 6195 6196 5532
f 6196 6194 5532
f 6196 6197 6198
f 6195 6197 6196
f 6198 6199 6200
f 6197 6199 6198
f 6200 6201 6202
f 6199 6201 6200
f 5536 6202 6201
f 5536 5535 6202
f 5535 6203 6202
f 6203 5535 6204
f 5535 5537 6204
f 6172 6174 6204
f 6172 6204 5538
f 5538 6204 5537
f 6172 5538 5539
f 6172 5539 6206
f 6172 6206 6175
f 6205 6206 5539
f 5539 5541 6205
f 6178 6207 6176
f 6209 6176 6207
f 6209 6208 6176
f 6208 6179 6176
f 6179 6208 6181
f 6181 6208 6210
f 5544 5543 6183
f 5544 6183 6210
f 6210 6183 6181
f 6183 5543 5516
f 6184 5546 5547
f 6184 5547 6186
f 6186 5547 6211
f 6184 5520 5546
f 6212 5523 6187
f 5550 5523 6212
f 6187 6188 6212
f 6188 6213 6212
f 6188 6190 6213
f 6190 6214 6213
f 6190 5552 6214
f 5525 5552 6190
f 5554 6215 6216
f 5553 6215 5554
f 6191 6193 6215
f 6191 6215 5555
f 5555 6215 5553
f 6191 5555 5528
f 6195 5533 5556
f 6197 6195 5556
f 5557 6197 5556
f 6199 6197 5557
f 5558 6199 5557
f 6201 6199 5558
f 5559 6201 5558
f 6201 5559 5536
f 6206 6205 6217
f 6205 6218 6217
f 6205 5541 6218
f 5541 5561 6218
f 6221 6219 6220
f 6220 6219 6222
f 6224 6208 6209
f 6223 6208 6224
f 5565 5564 6210
f 5565 6210 6223
f 6223 6210 6208
f 6210 5564 5544
f 5566 6225 6226
f 5566 6226 5547
f 5547 6226 6211
f 5566 5568 6225
f 5569 6227 5570
f 5550 6227 5569
f 5550 6212 6227
f 6212 6228 6227
f 6212 6213 6228
f 6213 6229 6228
f 6213 6214 6229
f 6214 6230 6229
f 6214 5572 6230
f 5552 5572 6214
f 5583 6231 5584
f 6231 6232 6233
f 6231 5583 6232
f 5583 5585 6232
f 6232 5585 6234
f 5585 5586 6234
f 6234 5586 6235
f 5586 5587 6235
f 6235 5587 6236
f 5587 5588 6236
f 6236 5588 6237
f 5588 5589 6237
f 6237 5589 6238
f 5589 5590 6238
f 6238 5590 6239
f 5590 5591 6239
f 6239 5591 6240
f 5591 5592 6240
f 6240 5592 6241
f 5592 5593 6241
f 6241 5593 6242
f 5593 5594 6242
f 6242 5594 6243
f 5594 5595 6243
f 6243 5595 6244
f 5595 5596 6244
f 6244 5596 6245
f 5596 5597 6245
f 6245 5597 6246
f 5597 5598 6246
f 5598 6247 6246
f 5599 6247 5598
f 5601 6248 6249
f 5600 6248 5601
f 6248 5600 6250
f 5600 5602 6250
f 6250 5602 6251
f 5602 5603 6251
f 6251 5603 6252
f 5603 5604 6252
f 6253 5604 5605
f 6253 6254 5604
f 6254 6252 5604
f 6254 6255 6256
f 6253 6255 6254
f 6256 6257 6258
f 6255 6257 6256
f 6258 6259 6260
f 6257 6259 6258
f 6260 6261 6262
f 6259 6261 6260
f 5609 6262 6261
f 5609 5608 6262
f 5608 6263 6262
f 6263 5608 6264
f 5608 5610 6264
f 6264 5610 6265
f 5610 5611 6265
f 6265 5611 5554
f 6216 6265 5554
f 5612 6266 6267
f 5612 6267 5561
f 5561 6267 6218
f 5613 6266 5612
f 6268 6266 5613
f 5613 5614 6268
f 6271 6269 6270
f 6270 6269 6272
f 6219 5617 5616
f 6219 6221 5617
f 6221 6273 5617
f 6222 6219 5616
f 6222 5616 6274
f 6274 5616 5619
f 6274 5619 6275
f 5619 5621 6275
f 6223 6224 6275
f 6223 6275 5622
f 5622 6275 5621
f 6223 5622 5565
f 6226 6225 6276
f 6278 5623 6277
f 6276 5623 6278
f 6276 5568 5623
f 6276 6225 5568
f 5570 6277 5623
f 5570 6227 6277
f 6227 6279 6277
f 6280 6281 6279
f 6280 6279 6228
f 6228 6279 6227
f 6228 6229 6282
f 6280 6228 6282
f 6229 6230 6283
f 6282 6229 6283
f 6230 5572 5624
f 6230 5624 6283
f 6283 5624 6284
f 6284 5624 6285
f 5624 5625 6285
f 5625 6286 6285
f 5627 6286 5625
f 5629 6287 5630
f 5631 6287 5629
f 6288 6287 5631
f 5632 6288 5631
f 6289 6288 5632
f 5633 6289 5632
f 6290 6289 5633
f 5634 6290 5633
f 6291 6290 5634
f 5635 6291 5634
f 6292 6291 5635
f 6292 6293 6294
f 6292 5635 6293
f 5635 5636 6293
f 6293 5636 6295
f 5636 5637 6295
f 6297 5638 6296
f 6297 6295 5638
f 6295 5637 5638
f 5639 6296 5638
f 6298 6296 5639
f 5640 6298 5639
f 6299 6298 5640
f 6299 6300 6301
f 6299 5640 6300
f 5640 5641 6300
f 6300 5641 6302
f 5641 5642 6302
f 6302 5642 6303
f 5642 5643 6303
f 6303 5643 6304
f 5643 5644 6304
f 6304 5644 6305
f 5644 5645 6305
f 6305 5645 6306
f 5645 5646 6306
f 6306 5646 6307
f 5646 5647 6307
f 5584 6231 6308
f 5584 6308 5647
f 5647 6308 6307
f 6231 6233 6308
f 6247 5599 5648
f 6309 6247 5648
f 6309 5648 5601
f 6249 6309 5601
f 6253 5605 5649
f 6255 6253 5649
f 5650 6255 5649
f 6257 6255 5650
f 5651 6257 5650
f 6259 6257 5651
f 5652 6259 5651
f 6261 6259 5652
f 5653 6261 5652
f 6261 5653 5609
f 6267 6266 6310
f 6266 6268 6311
f 6310 6266 6311
f 6268 5614 5654
f 6268 5654 6311
f 6311 5654 6312
f 6312 5654 6313
f 5654 5655 6313
f 5655 6314 6313
f 5656 6314 5655
f 6317 6315 6316
f 6316 6318 6319
f 6315 6318 6316
f 6269 5658 5657
f 6271 5658 6269
f 6271 6318 5658
f 6271 6319 6318
f 6272 6269 5657
f 6272 5657 6320
f 6320 5657 5660
f 6320 5660 5617
f 6273 6320 5617
f 6278 6277 6321
f 6277 6279 6322
f 6321 6277 6322
f 6279 6281 6322
f 6286 5627 5661
f 6323 6286 5661
f 6323 5661 6324
f 5661 5662 6324
f 5630 6287 6325
f 5630 6325 5662
f 5662 6325 6324
f 6287 6288 6326
f 6325 6287 6326
f 6288 6289 6327
f 6326 6288 6327
f 6289 6290 6328
f 6327 6289 6328
f 6290 6291 6329
f 6328 6290 6329
f 6291 6292 6330
f 6329 6291 6330
f 6292 6294 6330
f 6297 6296 6331
f 6296 6298 6332
f 6331 6296 6332
f 6298 6299 6333
f 6332 6298 6333
f 6299 6301 6333
f 6314 5656 5663
f 6334 6314 5663
f 6334 5663 6335
f 5663 5664 6335
f 6315 6317 6335
f 6315 6335 5665
f 5665 6335 5664
f 6318 6315 5665
f 5666 6318 5665
f 6318 5666 5658
f 5667 5668 6336
f 6336 6338 6337
f 6336 6337 5667
f 5667 6337 5669
f 6337 6339 5669
f 5669 6339 5670
f 6341 6340 5671
f 6341 5671 6339
f 6339 5671 5670
f 5672 5671 6340
f 6342 5672 6340
f 5673 5672 6342
f 6343 5673 6342
f 5673 6343 5675
f 5678 6345 6344
f 5677 5678 6344
f 6344 6346 5677
f 5677 6346 5679
f 5668 6347 6336
f 5668 5679 6347
f 5679 6346 6347
f 6336 6347 6338
f 6341 6348 6340
f 6340 6349 6342
f 6348 6349 6340
f 6342 6350 6343
f 6349 6350 6342
f 6352 6351 5680
f 6350 6352 5680
f 6350 5680 5675
f 6350 5675 6343
f 5681 5680 6351
f 6353 5681 6351
f 5681 6353 5682
f 5685 6355 6354
f 5684 5685 6354
f 6354 5678 5684
f 6345 5678 6354
f 6352 6356 6351
f 6351 6357 6353
f 6356 6357 6351
f 6359 6358 5686
f 6357 6359 5686
f 6357 5686 5682
f 6357 5682 6353
f 5687 5686 6358
f 6360 5687 6358
f 5687 6360 5689
f 6355 5685 6361
f 6361 5685 5691
f 6363 6358 6359
f 6362 6358 6363
f 6358 6362 6360
f 6360 6362 6364
f 5692 5689 6360
f 5692 6360 6365
f 6365 6360 6364
f 5692 6365 5694
f 5698 5699 6366
f 6366 6368 6367
f 6366 6367 5698
f 5698 6367 5700
f 5700 6367 6369
f 5701 5700 6369
f 6361 5691 6370
f 6370 5691 5702
f 6363 6371 6362
f 6373 6362 6371
f 6373 6372 6362
f 6372 6364 6362
f 6364 6372 6365
f 6365 6372 6374
f 6365 6374 5704
f 5694 6365 5704
f 6377 6376 6375
f 6376 6379 6378
f 6375 6376 6378
f 6379 6381 6380
f 6378 6379 6380
f 6381 6383 6382
f 6380 6381 6382
f 6383 6385 6384
f 6382 6383 6384
f 6385 6387 6386
f 6384 6385 6386
f 6387 6389 6388
f 6386 6387 6388
f 6389 6391 6390
f 6388 6389 6390
f 5709 6390 6391
f 5709 6391 5708
f 5708 6391 6392
f 6392 6393 5708
f 5708 6393 5711
f 6393 6394 5711
f 5711 6394 5713
f 6394 6395 5713
f 5713 6395 5714
f 6395 6396 5714
f 5714 6396 5715
f 6396 6397 5715
f 5715 6397 5716
f 6397 6398 5716
f 5716 6398 5717
f 6398 6399 5717
f 5717 6399 5718
f 6399 6400 5718
f 5718 6400 5719
f 6400 6401 5719
f 5719 6401 5720
f 6401 6402 5720
f 5720 6402 5722
f 6402 6403 5722
f 5722 6403 5724
f 6403 6404 5724
f 5724 6404 5726
f 6404 6405 5726
f 5726 6405 5728
f 6405 6406 5728
f 5728 6406 5730
f 6406 6407 5730
f 5730 6407 5731
f 6407 6408 5731
f 5731 6408 5732
f 6408 6409 5732
f 5732 6409 5733
f 6409 6410 5733
f 5733 6410 5734
f 6410 6411 5734
f 5734 6411 5735
f 6411 6412 5735
f 5735 6412 5736
f 6412 6413 5736
f 5736 6413 5737
f 6413 6414 5737
f 5737 6414 5738
f 6414 6415 5738
f 5738 6415 5739
f 6415 6416 5739
f 5739 6416 5740
f 6416 6417 5740
f 5740 6417 5741
f 6417 6418 5741
f 5741 6418 5742
f 6418 6419 5742
f 5742 6419 5743
f 5699 6420 6366
f 5699 5743 6420
f 5743 6419 6420
f 6366 6420 6368
f 6369 5744 5701
f 6421 5744 6369
f 6421 6422 5744
f 5744 6422 5745
f 6422 6423 5745
f 5745 6423 5746
f 6423 6424 5746
f 5746 6424 5747
f 6424 6425 5747
f 5747 6425 5748
f 6425 6426 5748
f 5748 6426 5749
f 6426 6427 5749
f 5749 6427 5750
f 6429 6428 5751
f 6429 5751 6427
f 6427 5751 5750
f 5752 5751 6428
f 6430 5752 6428
f 5752 6430 5753
f 6370 5702 6431
f 6431 5702 5754
f 6433 6372 6373
f 6432 6372 6433
f 5757 5756 6374
f 5757 6374 6432
f 6432 6374 6372
f 6374 5756 5704
f 6436 6435 6434
f 6435 6438 6437
f 6434 6435 6437
f 6438 6440 6439
f 6437 6438 6439
f 6440 6441 6439
f 6444 6443 6442
f 6375 5763 5764
f 6377 6375 5764
f 6377 5764 6442
f 6377 6442 6443
f 6378 5763 6375
f 5766 5763 6378
f 6380 5766 6378
f 5767 5766 6380
f 6382 5767 6380
f 5769 5767 6382
f 6384 5769 6382
f 5771 5769 6384
f 6386 5771 6384
f 5773 5771 6386
f 6388 5773 6386
f 5774 5773 6388
f 6390 5774 6388
f 5776 5774 6390
f 6390 5709 5776
f 6429 6445 6428
f 6428 6446 6430
f 6445 6446 6428
f 6430 5777 5753
f 6430 6446 5777
f 6446 6447 5777
f 6449 6448 5778
f 6449 5778 6447
f 6447 5778 5777
f 5778 6448 5780
f 5782 5783 6450
f 5784 5782 6450
f 6451 5784 6450
f 5785 5784 6451
f 6452 5785 6451
f 5786 5785 6452
f 6453 5786 6452
f 5787 5786 6453
f 6454 5787 6453
f 5788 5787 6454
f 6455 5788 6454
f 5789 5788 6455
f 6456 5789 6455
f 5789 6456 5791
f 6431 5754 5793
f 6457 6431 5793
f 5793 6458 6457
f 5794 6458 5793
f 6433 6459 6432
f 6432 5795 5757
f 6432 6459 5795
f 6459 6460 5795
f 6462 6461 5796
f 6462 5796 6460
f 6460 5796 5795
f 5796 6461 5798
f 5804 6464 6463
f 5803 5804 6463
f 6434 6463 6436
f 6434 5806 6463
f 5806 5803 6463
f 6437 5806 6434
f 5808 5806 6437
f 6439 5808 6437
f 5810 5808 6439
f 5810 6465 5811
f 6439 6465 5810
f 6439 6466 6465
f 6439 6441 6466
f 6442 5813 5814
f 6444 6442 5814
f 6444 5814 6465
f 6444 6465 6466
f 6442 5764 5813
f 6449 6467 6448
f 6469 6468 5816
f 6467 6469 5816
f 6467 5816 5780
f 6467 5780 6448
f 5817 5816 6468
f 6470 5817 6468
f 5818 5817 6470
f 6471 5818 6470
f 5818 6471 5820
f 5822 5823 6472
f 6472 6474 6473
f 5822 6472 6473
f 5822 6473 6450
f 5822 6450 5783
f 6450 6475 6451
f 6473 6475 6450
f 6451 6476 6452
f 6475 6476 6451
f 6452 6477 6453
f 6476 6477 6452
f 6453 6478 6454
f 6477 6478 6453
f 6454 6479 6455
f 6478 6479 6454
f 6481 6455 6479
f 6481 6480 6455
f 6480 6456 6455
f 5791 6456 6480
f 5791 6480 6482
f 5791 6482 5824
f 6483 6482 6480
f 6482 6484 5824
f 5824 6484 5825
f 6484 5794 5825
f 6458 5794 6484
f 6461 5828 5827
f 6461 6462 5828
f 6462 6485 5828
f 6461 5827 5798
f 6464 5804 6486
f 6486 5804 5832
f 6487 5811 6465
f 5836 5811 6487
f 6465 5838 6487
f 5814 5838 6465
f 6469 6488 6468
f 6468 6489 6470
f 6488 6489 6468
f 6470 6490 6471
f 6489 6490 6470
f 6492 6491 5840
f 6490 6492 5840
f 6490 5840 5820
f 6490 5820 6471
f 6491 6494 6493
f 6491 6493 5840
f 5840 6493 5841
f 5823 6495 6472
f 5823 5841 6495
f 5841 6493 6495
f 6472 6495 6474
f 6497 6480 6481
f 6496 6480 6497
f 6483 6496 6498
f 6480 6496 6483
f 5842 6500 6499
f 5842 5828 6500
f 5828 6485 6500
f 5843 5842 6499
f 6501 5843 6499
f 5844 5843 6501
f 6502 5844 6501
f 5845 5844 6502
f 6503 5845 6502
f 5845 6503 5847
f 5851 6505 6504
f 5850 5851 6504
f 6504 6506 5850
f 5850 6506 5853
f 6507 5854 5853
f 6507 5853 6508
f 6508 5853 6506
f 6508 6509 6507
f 5857 6511 6510
f 5856 5857 6510
f 6510 6512 5856
f 5856 6512 5859
f 6512 6513 5859
f 5859 6513 5861
f 5861 6513 6514
f 5862 5861 6514
f 6486 5832 6515
f 6515 5832 5864
f 6516 5836 6487
f 6516 6517 5836
f 6517 5868 5836
f 6487 6518 6516
f 6487 5838 6518
f 5838 5870 6518
f 6492 6519 6491
f 6491 6519 6494
f 6521 6496 6497
f 6520 6496 6521
f 6498 6520 6522
f 6496 6520 6498
f 6500 6523 6499
f 6499 6524 6501
f 6523 6524 6499
f 6501 6525 6502
f 6524 6525 6501
f 6527 6502 6525
f 6527 6526 6502
f 6526 6503 6502
f 6503 6526 5873
f 5847 6503 5873
f 5877 6529 6528
f 5876 5877 6528
f 6528 5851 5876
f 6505 5851 6528
f 6507 5879 5854
f 6509 5879 6507
f 6509 6530 5879
f 6530 5880 5879
f 6530 5857 5880
f 6511 5857 6530
f 6514 5881 5862
f 6531 5881 6514
f 6531 6532 5881
f 5881 6532 5883
f 5883 6532 6533
f 5884 5883 6533
f 5885 6534 6535
f 5885 6535 5864
f 5864 6535 6515
f 5885 5887 6534
f 5889 6536 5890
f 6536 5889 5868
f 6536 5868 6537
f 6537 5868 6517
f 5891 6538 6539
f 5891 6539 5870
f 5870 6539 6518
f 5891 5893 6538
f 6521 6540 6520
f 6520 6540 6522
f 6543 6541 6542
f 6542 6526 6527
f 6542 6541 6526
f 6541 6544 6526
f 6526 6544 5895
f 5873 6526 5895
f 5896 5897 6545
f 5896 6545 5899
f 5902 6547 6546
f 5901 5902 6546
f 6546 6548 5901
f 5901 6548 5903
f 6548 6549 5903
f 5903 6549 5904
f 6549 5877 5904
f 6529 5877 6549
f 5906 6551 6550
f 5906 5884 6551
f 5884 6533 6551
f 5906 6550 5907
f 6535 6534 6552
f 6554 5908 6553
f 6552 5908 6554
f 6552 5887 5908
f 6552 6534 5887
f 6553 6555 6556
f 6553 5908 6555
f 5908 5909 6555
f 5890 6536 6557
f 5890 6557 5909
f 5909 6557 6555
f 6536 6537 6557
f 6539 6538 6558
f 6538 5893 5910
f 6538 5910 6558
f 6558 5910 6559
f 6559 5910 6560
f 5910 5911 6560
f 5911 6561 6560
f 5913 6561 5911
f 6563 6541 6543
f 6562 6541 6563
f 6541 6562 6544
f 6544 6562 6564
f 6544 6564 5915
f 5895 6544 5915
f 6565 6545 5897
f 5916 6565 5897
f 6545 6565 5918
f 5899 6545 5918
f 5922 5923 6566
f 6566 6568 6567
f 6566 6567 5922
f 5922 6567 5924
f 6567 5902 5924
f 6547 5902 6567
f 6551 6569 6550
f 6550 6569 6570
f 6550 6570 5907
f 5907 6570 5925
f 6554 6553 6571
f 6553 6556 6571
f 6561 5913 5926
f 6572 6561 5926
f 6572 5926 6573
f 5926 5927 6573
f 5927 6574 6573
f 5929 6574 5927
f 6563 6575 6562
f 6577 6562 6575
f 6577 6576 6562
f 6576 6564 6562
f 5937 5915 6564
f 5937 6564 6578
f 6578 6564 6576
f 5940 5939 6565
f 5940 6565 6578
f 5916 5937 6565
f 5937 6578 6565
f 6565 5939 5918
f 5946 6580 6579
f 5945 5946 6579
f 5923 6581 6566
f 5923 5945 6581
f 5945 6579 6581
f 6566 6581 6568
f 6570 6582 5925
f 6582 5947 5925
f 6574 5929 5948
f 6583 6574 5948
f 6583 5948 6584
f 5948 5949 6584
f 6584 5949 6585
f 5949 5950 6585
f 6585 5950 6586
f 5950 5951 6586
f 6586 5951 6587
f 5951 5952 6587
f 6587 5952 6588
f 5952 5953 6588
f 6588 5953 6589
f 5953 5954 6589
f 6589 5954 6590
f 5954 5955 6590
f 6590 5955 6591
f 5955 5956 6591
f 6591 5956 6592
f 5956 5957 6592
f 6592 5957 6593
f 5957 5958 6593
f 6593 5958 6594
f 5958 5959 6594
f 6594 5959 6595
f 5959 5960 6595
f 6595 5960 6596
f 5960 5961 6596
f 6596 5961 6597
f 5961 5962 6597
f 6597 5962 6598
f 5962 5963 6598
f 6598 5963 6599
f 5963 5964 6599
f 6599 5964 6600
f 5964 5965 6600
f 5965 6601 6600
f 5967 6601 5965
f 6604 6602 6603
f 6603 6576 6577
f 6603 6602 6576
f 6602 6605 6576
f 5970 5969 6578
f 5970 6578 6605
f 6605 6578 6576
f 6578 5969 5940
f 6580 5946 6606
f 6606 5946 5976
f 6582 6607 5947
f 6607 5977 5947
f 6601 5967 5978
f 6608 6601 5978
f 6608 5978 6609
f 5978 5979 6609
f 6609 5979 6610
f 5979 5980 6610
f 6610 5980 6611
f 5980 5981 6611
f 6611 5981 6612
f 5981 5982 6612
f 5982 6613 6612
f 5983 6613 5982
f 6615 6602 6604
f 6614 6602 6615
f 6602 6614 6605
f 6605 6614 6616
f 5984 5970 6605
f 5984 6605 6617
f 6617 6605 6616
f 5985 5984 6617
f 6618 5985 6617
f 5985 6618 5987
f 5990 5991 6619
f 5993 6620 6619
f 5993 6619 5994
f 6620 6606 6619
f 5990 6619 5976
f 6606 5976 6619
f 5993 6621 6620
f 5995 6621 5993
f 6607 6622 5977
f 6622 5996 5977
f 6613 5983 5997
f 6623 6613 5997
f 6623 5997 6624
f 5997 5998 6624
f 6624 5998 6625
f 5998 5999 6625
f 6625 5999 6626
f 5999 6000 6626
f 6626 6000 6627
f 6000 6001 6627
f 6627 6001 6628
f 6001 6002 6628
f 6628 6002 6629
f 6002 6003 6629
f 6003 6630 6629
f 6005 6630 6003
f 6615 6631 6614
f 6633 6614 6631
f 6633 6632 6614
f 6632 6616 6614
f 6616 6632 6617
f 6617 6632 6634
f 6617 6634 6618
f 6618 6634 6635
f 6618 6635 6007
f 5987 6618 6007
f 6009 6010 6636
f 5991 6009 6636
f 5991 6636 6619
f 6619 6636 6637
f 6619 6637 6012
f 5994 6619 6012
f 6014 6638 6639
f 6014 6639 5995
f 5995 6639 6621
f 6014 6015 6638
f 6622 6640 5996
f 6640 6016 5996
f 6630 6005 6017
f 6641 6630 6017
f 6641 6017 6642
f 6017 6018 6642
f 6642 6018 6643
f 6018 6019 6643
f 6019 6644 6643
f 6021 6644 6019
f 6646 6632 6633
f 6645 6632 6646
f 6632 6645 6634
f 6634 6645 6647
f 6024 6023 6635
f 6024 6635 6647
f 6647 6635 6634
f 6635 6023 6007
f 6636 6010 6026
f 6637 6636 6026
f 6028 6637 6026
f 6637 6028 6012
f 6639 6638 6648
f 6650 6032 6649
f 6648 6032 6650
f 6648 6015 6032
f 6648 6638 6015
f 6032 6033 6649
f 6653 6651 6652
f 6652 6651 6035
f 6652 6035 6640
f 6640 6035 6016
f 6644 6021 6036
f 6654 6644 6036
f 6654 6036 6655
f 6036 6038 6655
f 6038 6656 6655
f 6039 6656 6038
f 6658 6645 6646
f 6657 6645 6658
f 6042 6041 6647
f 6042 6647 6657
f 6657 6647 6645
f 6647 6041 6024
f 6650 6649 6659
f 6649 6033 6047
f 6649 6047 6659
f 6659 6047 6660
f 6660 6047 6661
f 6047 6049 6661
f 6661 6049 6662
f 6049 6051 6662
f 6051 6663 6662
f 6052 6663 6051
f 6666 6664 6665
f 6651 6055 6054
f 6653 6055 6651
f 6653 6664 6055
f 6653 6665 6664
f 6651 6054 6035
f 6669 6668 6667
f 6058 6667 6668
f 6058 6668 6057
f 6057 6668 6670
f 6670 6671 6057
f 6057 6671 6059
f 6671 6672 6059
f 6059 6672 6060
f 6672 6673 6060
f 6060 6673 6061
f 6673 6674 6061
f 6061 6674 6062
f 6674 6675 6062
f 6062 6675 6063
f 6675 6676 6063
f 6063 6676 6064
f 6676 6039 6064
f 6656 6039 6676
f 6678 6657 6658
f 6677 6657 6678
f 6065 6042 6657
f 6065 6657 6679
f 6679 6657 6677
f 6065 6679 6067
f 6663 6052 6680
f 6680 6052 6071
f 6073 6681 6074
f 6681 6682 6683
f 6681 6073 6682
f 6073 6076 6682
f 6076 6684 6682
f 6077 6684 6076
f 6079 6685 6686
f 6078 6685 6079
f 6664 6666 6685
f 6664 6685 6080
f 6080 6685 6078
f 6664 6080 6055
f 6083 6688 6687
f 6082 6083 6687
f 6687 6689 6082
f 6082 6689 6084
f 6689 6690 6084
f 6084 6690 6085
f 6690 6691 6085
f 6085 6691 6086
f 6667 6691 6669
f 6667 6087 6691
f 6087 6086 6691
f 6667 6058 6087
f 6693 6677 6678
f 6692 6677 6693
f 6090 6089 6679
f 6090 6679 6692
f 6692 6679 6677
f 6679 6089 6067
f 6680 6071 6091
f 6694 6680 6091
f 6694 6091 6695
f 6091 6092 6695
f 6695 6092 6696
f 6092 6093 6696
f 6074 6681 6697
f 6074 6697 6093
f 6093 6697 6696
f 6681 6683 6697
f 6684 6077 6094
f 6698 6684 6094
f 6698 6094 6699
f 6094 6095 6699
f 6699 6095 6700
f 6095 6096 6700
f 6700 6096 6079
f 6686 6700 6079
f 6098 6702 6701
f 6097 6098 6701
f 6701 6703 6097
f 6097 6703 6099
f 6703 6704 6099
f 6099 6704 6100
f 6704 6705 6100
f 6100 6705 6101
f 6705 6706 6101
f 6101 6706 6102
f 6706 6083 6102
f 6688 6083 6706
f 6709 6707 6708
f 6708 6692 6693
f 6708 6707 6692
f 6707 6710 6692
f 6103 6090 6692
f 6103 6692 6711
f 6711 6692 6710
f 6103 6711 6105
f 6714 6713 6712
f 6107 6712 6713
f 6107 6713 6106
f 6106 6713 6715
f 6715 6716 6106
f 6106 6716 6108
f 6716 6717 6108
f 6108 6717 6109
f 6717 6718 6109
f 6109 6718 6110
f 6718 6098 6110
f 6702 6098 6718
f 6720 6707 6709
f 6719 6707 6720
f 6707 6719 6710
f 6710 6719 6721
f 6710 6721 6711
f 6711 6721 6722
f 6711 6722 6112
f 6105 6711 6112
f 6115 6724 6723
f 6114 6115 6723
f 6723 6725 6114
f 6114 6725 6117
f 6725 6726 6117
f 6117 6726 6118
f 6726 6727 6118
f 6118 6727 6119
f 6727 6728 6119
f 6119 6728 6120
f 6728 6729 6120
f 6120 6729 6121
f 6729 6730 6121
f 6121 6730 6122
f 6730 6731 6122
f 6122 6731 6123
f 6712 6731 6714
f 6712 6124 6731
f 6124 6123 6731
f 6712 6107 6124
f 6734 6732 6733
f 6733 6735 6736
f 6732 6735 6733
f 6719 6127 6126
f 6720 6127 6719
f 6720 6735 6127
f 6720 6736 6735
f 6721 6719 6126
f 6129 6721 6126
f 6722 6721 6129
f 6131 6722 6129
f 6722 6131 6112
f 6135 6738 6737
f 6134 6135 6737
f 6737 6739 6134
f 6134 6739 6136
f 6739 6740 6136
f 6136 6740 6137
f 6740 6741 6137
f 6137 6741 6138
f 6741 6742 6138
f 6138 6742 6139
f 6742 6743 6139
f 6139 6743 6140
f 6743 6744 6140
f 6140 6744 6141
f 6744 6745 6141
f 6141 6745 6142
f 6745 6115 6142
f 6724 6115 6745
f 6734 6746 6732
f 6746 6747 6145
f 6746 6145 6735
f 6746 6735 6732
f 6144 6735 6145
f 6735 6144 6127
f 6738 6135 6748
f 6748 6135 6147
f 6751 6749 6750
f 6750 6752 6753
f 6749 6752 6750
f 6753 6754 6755
f 6752 6754 6753
f 6755 6756 6757
f 6754 6756 6755
f 6757 6756 6758
f 6148 6760 6759
f 6148 6145 6760
f 6145 6747 6760
f 6148 6759 6150
f 6154 6762 6761
f 6153 6154 6761
f 6761 6763 6153
f 6153 6763 6156
f 6763 6764 6156
f 6156 6764 6158
f 6158 6764 6765
f 6159 6158 6765
f 6162 6767 6766
f 6161 6162 6766
f 6766 6768 6161
f 6161 6768 6163
f 6768 6147 6163
f 6748 6147 6768
f 6771 6769 6770
f 6770 6749 6751
f 6770 6769 6749
f 6769 6772 6749
f 6166 6165 6752
f 6166 6752 6772
f 6772 6752 6749
f 6754 6752 6165
f 6168 6754 6165
f 6756 6754 6168
f 6170 6756 6168
f 6170 6758 6756
f 6170 6171 6758
f 6171 6773 6758
f 6776 6774 6775
f 6775 6777 6778
f 6774 6777 6775
f 6778 6779 6780
f 6777 6779 6778
f 6780 6781 6782
f 6779 6781 6780
f 6782 6783 6784
f 6781 6783 6782
f 6174 6784 6783
f 6174 6173 6784
f 6173 6785 6784
f 6173 6786 6785
f 6175 6786 6173
f 6178 6787 6788
f 6177 6787 6178
f 6787 6177 6789
f 6177 6180 6789
f 6759 6760 6789
f 6759 6789 6182
f 6182 6789 6180
f 6759 6182 6150
f 6186 6791 6790
f 6185 6186 6790
f 6790 6154 6185
f 6762 6154 6790
f 6765 6189 6159
f 6792 6189 6765
f 6792 6162 6189
f 6767 6162 6792
f 6795 6793 6794
f 6794 6769 6771
f 6794 6793 6769
f 6793 6796 6769
f 6193 6192 6772
f 6193 6772 6796
f 6796 6772 6769
f 6772 6192 6166
f 6773 6171 6194
f 6797 6773 6194
f 6797 6194 6798
f 6194 6196 6798
f 6774 6776 6798
f 6774 6798 6198
f 6198 6798 6196
f 6777 6774 6198
f 6200 6777 6198
f 6779 6777 6200
f 6202 6779 6200
f 6781 6779 6202
f 6203 6781 6202
f 6783 6781 6203
f 6204 6783 6203
f 6783 6204 6174
f 6786 6175 6799
f 6799 6175 6206
f 6802 6800 6801
f 6801 6800 6803
f 6806 6804 6805
f 6805 6807 6808
f 6804 6807 6805
f 6808 6807 6809
f 6808 6809 6178
f 6808 6178 6788
f 6178 6809 6207
f 6207 6809 6209
f 6791 6186 6810
f 6810 6186 6211
f 6813 6811 6812
f 6812 6814 6815
f 6811 6814 6812
f 6815 6793 6795
f 6815 6814 6793
f 6814 6816 6793
f 6216 6215 6796
f 6216 6796 6816
f 6816 6796 6793
f 6796 6215 6193
f 6799 6206 6217
f 6817 6799 6217
f 6217 6818 6817
f 6218 6818 6217
f 6820 6800 6802
f 6819 6800 6820
f 6803 6819 6821
f 6800 6819 6803
f 6804 6221 6220
f 6804 6806 6221
f 6806 6822 6221
f 6220 6222 6823
f 6220 6823 6804
f 6804 6823 6807
f 6807 6823 6809
f 6809 6823 6824
f 6809 6824 6224
f 6209 6809 6224
f 6810 6211 6825
f 6825 6211 6226
f 6233 6826 6827
f 6232 6826 6233
f 6826 6232 6828
f 6232 6234 6828
f 6828 6234 6829
f 6234 6235 6829
f 6829 6235 6830
f 6235 6236 6830
f 6830 6236 6831
f 6236 6237 6831
f 6831 6237 6832
f 6237 6238 6832
f 6832 6238 6833
f 6238 6239 6833
f 6833 6239 6834
f 6239 6240 6834
f 6834 6240 6835
f 6240 6241 6835
f 6835 6241 6836
f 6241 6242 6836
f 6836 6242 6837
f 6242 6243 6837
f 6837 6243 6838
f 6243 6244 6838
f 6838 6244 6839
f 6244 6245 6839
f 6839 6245 6840
f 6245 6246 6840
f 6841 6246 6247
f 6841 6842 6246
f 6842 6840 6246
f 6249 6842 6841
f 6249 6248 6842
f 6248 6843 6842
f 6843 6248 6844
f 6248 6250 6844
f 6844 6250 6845
f 6250 6251 6845
f 6845 6251 6846
f 6251 6252 6846
f 6846 6252 6847
f 6252 6254 6847
f 6847 6254 6848
f 6254 6256 6848
f 6848 6256 6849
f 6256 6258 6849
f 6849 6258 6850
f 6258 6260 6850
f 6850 6260 6851
f 6260 6262 6851
f 6811 6813 6851
f 6811 6851 6263
f 6263 6851 6262
f 6814 6811 6263
f 6264 6814 6263
f 6816 6814 6264
f 6265 6816 6264
f 6816 6265 6216
f 6852 6853 6818
f 6852 6818 6267
f 6267 6818 6218
f 6853 6852 6854
f 6819 6271 6270
f 6819 6820 6271
f 6820 6855 6271
f 6270 6272 6856
f 6819 6270 6856
f 6819 6856 6857
f 6819 6857 6821
f 6857 6856 6273
f 6857 6273 6822
f 6822 6273 6221
f 6823 6222 6274
f 6824 6823 6274
f 6275 6824 6274
f 6824 6275 6224
f 6276 6858 6859
f 6276 6859 6226
f 6226 6859 6825
f 6276 6278 6858
f 6280 6860 6281
f 6860 6861 6862
f 6860 6280 6861
f 6280 6282 6861
f 6861 6282 6863
f 6282 6283 6863
f 6865 6284 6864
f 6865 6863 6284
f 6863 6283 6284
f 6864 6866 6867
f 6864 6284 6866
f 6284 6285 6866
f 6285 6868 6866
f 6286 6868 6285
f 6871 6869 6870
f 6870 6872 6873
f 6869 6872 6870
f 6294 6873 6872
f 6294 6293 6873
f 6293 6874 6873
f 6874 6293 6875
f 6293 6295 6875
f 6876 6295 6297
f 6876 6877 6295
f 6877 6875 6295
f 6877 6878 6879
f 6876 6878 6877
f 6879 6880 6881
f 6878 6880 6879
f 6301 6881 6880
f 6301 6300 6881
f 6300 6882 6881
f 6882 6300 6883
f 6300 6302 6883
f 6883 6302 6884
f 6302 6303 6884
f 6884 6303 6885
f 6303 6304 6885
f 6885 6304 6886
f 6304 6305 6886
f 6886 6305 6887
f 6305 6306 6887
f 6887 6306 6888
f 6306 6307 6888
f 6888 6307 6889
f 6307 6308 6889
f 6889 6308 6233
f 6827 6889 6233
f 6841 6247 6309
f 6841 6309 6249
f 6852 6267 6310
f 6854 6852 6310
f 6854 6310 6890
f 6890 6310 6311
f 6890 6311 6891
f 6311 6312 6891
f 6891 6312 6892
f 6312 6313 6892
f 6893 6313 6314
f 6893 6894 6313
f 6894 6892 6313
f 6894 6895 6896
f 6893 6895 6894
f 6317 6896 6895
f 6317 6316 6896
f 6316 6897 6896
f 6897 6316 6898
f 6316 6319 6898
f 6898 6319 6271
f 6855 6898 6271
f 6856 6272 6320
f 6856 6320 6273
f 6859 6858 6899
f 6858 6278 6321
f 6858 6321 6899
f 6899 6321 6900
f 6900 6321 6901
f 6321 6322 6901
f 6281 6860 6902
f 6281 6902 6322
f 6322 6902 6901
f 6860 6862 6902
f 6865 6864 6903
f 6864 6867 6903
f 6868 6286 6323
f 6904 6868 6323
f 6904 6323 6905
f 6323 6324 6905
f 6905 6324 6906
f 6324 6325 6906
f 6906 6325 6907
f 6325 6326 6907
f 6907 6326 6908
f 6326 6327 6908
f 6908 6327 6909
f 6327 6328 6909
f 6869 6871 6909
f 6869 6909 6329
f 6329 6909 6328
f 6872 6869 6329
f 6330 6872 6329
f 6872 6330 6294
f 6876 6297 6331
f 6878 6876 6331
f 6332 6878 6331
f 6880 6878 6332
f 6333 6880 6332
f 6880 6333 6301
f 6893 6314 6334
f 6895 6893 6334
f 6335 6895 6334
f 6895 6335 6317
f 6337 6338 6910
f 6339 6337 6910
f 6911 6339 6910
f 6339 6911 6341
f 6344 6345 6912
f 6912 6914 6913
f 6912 6913 6344
f 6344 6913 6346
f 6913 6915 6346
f 6346 6915 6347
f 6338 6916 6910
f 6338 6347 6916
f 6347 6915 6916
f 6910 6917 6911
f 6916 6917 6910
f 6911 6348 6341
f 6911 6917 6348
f 6917 6918 6348
f 6920 6919 6349
f 6920 6349 6918
f 6918 6349 6348
f 6350 6349 6919
f 6921 6350 6919
f 6350 6921 6352
f 6354 6355 6922
f 6922 6924 6923
f 6354 6922 6923
f 6354 6923 6912
f 6354 6912 6345
f 6912 6923 6914
f 6920 6925 6919
f 6919 6926 6921
f 6925 6926 6919
f 6928 6927 6356
f 6926 6928 6356
f 6926 6356 6352
f 6926 6352 6921
f 6357 6356 6927
f 6929 6357 6927
f 6357 6929 6359
f 6930 6922 6355
f 6930 6355 6931
f 6931 6355 6361
f 6922 6930 6924
f 6933 6927 6928
f 6932 6927 6933
f 6927 6932 6929
f 6929 6932 6934
f 6929 6934 6363
f 6359 6929 6363
f 6367 6368 6935
f 6367 6935 6369
f 6931 6361 6936
f 6936 6361 6370
f 6933 6937 6932
f 6932 6938 6934
f 6937 6938 6932
f 6940 6939 6371
f 6938 6940 6371
f 6938 6371 6363
f 6938 6363 6934
f 6371 6939 6373
f 6943 6942 6941
f 6942 6945 6944
f 6941 6942 6944
f 6945 6946 6944
f 6949 6948 6947
f 6377 6947 6948
f 6377 6948 6376
f 6376 6948 6950
f 6950 6951 6376
f 6376 6951 6379
f 6951 6952 6379
f 6379 6952 6381
f 6952 6953 6381
f 6381 6953 6383
f 6953 6954 6383
f 6383 6954 6385
f 6954 6955 6385
f 6385 6955 6387
f 6955 6956 6387
f 6387 6956 6389
f 6956 6957 6389
f 6389 6957 6391
f 6957 6958 6391
f 6391 6958 6392
f 6958 6959 6392
f 6392 6959 6393
f 6959 6960 6393
f 6393 6960 6394
f 6960 6961 6394
f 6394 6961 6395
f 6961 6962 6395
f 6395 6962 6396
f 6962 6963 6396
f 6396 6963 6397
f 6963 6964 6397
f 6397 6964 6398
f 6964 6965 6398
f 6398 6965 6399
f 6965 6966 6399
f 6399 6966 6400
f 6966 6967 6400
f 6400 6967 6401
f 6969 6968 6402
f 6969 6402 6967
f 6967 6402 6401
f 6403 6402 6968
f 6970 6403 6968
f 6404 6403 6970
f 6971 6404 6970
f 6405 6404 6971
f 6972 6405 6971
f 6406 6405 6972
f 6973 6406 6972
f 6973 6975 6974
f 6973 6974 6406
f 6406 6974 6407
f 6974 6976 6407
f 6407 6976 6408
f 6976 6977 6408
f 6408 6977 6409
f 6977 6978 6409
f 6409 6978 6410
f 6978 6979 6410
f 6410 6979 6411
f 6979 6980 6411
f 6411 6980 6412
f 6980 6981 6412
f 6412 6981 6413
f 6981 6982 6413
f 6413 6982 6414
f 6982 6983 6414
f 6414 6983 6415
f 6983 6984 6415
f 6415 6984 6416
f 6984 6985 6416
f 6416 6985 6417
f 6985 6986 6417
f 6417 6986 6418
f 6986 6987 6418
f 6418 6987 6419
f 6987 6988 6419
f 6419 6988 6420
f 6368 6989 6935
f 6368 6420 6989
f 6420 6988 6989
f 6935 6421 6369
f 6935 6989 6421
f 6989 6990 6421
f 6990 6991 6421
f 6421 6991 6422
f 6993 6992 6423
f 6993 6423 6991
f 6991 6423 6422
f 6424 6423 6992
f 6994 6424 6992
f 6425 6424 6994
f 6995 6425 6994
f 6426 6425 6995
f 6996 6426 6995
f 6427 6426 6996
f 6997 6427 6996
f 6427 6997 6429
f 6936 6370 6998
f 6998 6370 6431
f 7000 6939 6940
f 6999 6939 7000
f 6939 6999 6433
f 6373 6939 6433
f 7003 7002 7001
f 6941 6435 6436
f 6943 6941 6436
f 6943 6436 7001
f 6943 7001 7002
f 6944 6435 6941
f 6438 6435 6944
f 6946 6438 6944
f 6946 7004 6438
f 7004 6440 6438
f 7005 6441 6440
f 7005 6440 7006
f 7006 6440 7004
f 6947 6443 6444
f 6949 6947 6444
f 6949 6444 7005
f 6949 7005 7006
f 6947 6377 6443
f 6969 7007 6968
f 6968 7008 6970
f 7007 7008 6968
f 6970 7009 6971
f 7008 7009 6970
f 6971 7010 6972
f 7009 7010 6971
f 6972 7011 6973
f 7010 7011 6972
f 6973 7011 6975
f 6993 7012 6992
f 6992 7013 6994
f 7012 7013 6992
f 6994 7014 6995
f 7013 7014 6994
f 6995 7015 6996
f 7014 7015 6995
f 6996 7016 6997
f 7015 7016 6996
f 7018 7017 6445
f 7016 7018 6445
f 7016 6445 6429
f 7016 6429 6997
f 6446 6445 7017
f 7019 6446 7017
f 6447 6446 7019
f 7020 6447 7019
f 6447 7020 6449
f 6998 6431 6457
f 7021 6998 6457
f 6457 7022 7021
f 6458 7022 6457
f 7000 7023 6999
f 7025 7024 6459
f 7023 7025 6459
f 7023 6459 6433
f 7023 6433 6999
f 6460 6459 7024
f 7026 6460 7024
f 6460 7026 6462
f 7001 6463 6464
f 7001 6464 7003
f 7003 6464 7027
f 7001 6436 6463
f 7005 6466 6441
f 7005 6444 6466
f 7018 7028 7017
f 7017 7029 7019
f 7028 7029 7017
f 7031 7019 7029
f 7031 7030 7019
f 7030 7020 7019
f 6467 6449 7020
f 6467 7020 7032
f 7032 7020 7030
f 6467 7032 6469
f 6473 6474 7033
f 6475 6473 7033
f 7034 6475 7033
f 6476 6475 7034
f 7035 6476 7034
f 6477 6476 7035
f 7036 6477 7035
f 6478 6477 7036
f 7037 6478 7036
f 6479 6478 7037
f 7038 6479 7037
f 6479 7038 6481
f 6482 6483 7039
f 7039 7041 7040
f 7039 7040 6482
f 6482 7040 6484
f 7040 6458 6484
f 7022 6458 7040
f 7044 7042 7043
f 7043 7024 7025
f 7043 7042 7024
f 7042 7045 7024
f 7024 7045 7026
f 7026 7045 7046
f 7026 7046 6485
f 6462 7026 6485
f 7027 6464 7047
f 7047 6464 6486
f 7031 7048 7030
f 7030 7049 7032
f 7048 7049 7030
f 7051 7050 6488
f 7049 7051 6488
f 7049 6488 6469
f 7049 6469 7032
f 6489 6488 7050
f 7052 6489 7050
f 6490 6489 7052
f 7053 6490 7052
f 6490 7053 6492
f 6493 6494 7054
f 7054 7056 7055
f 7054 7055 6493
f 6493 7055 6495
f 6474 7057 7033
f 6474 6495 7057
f 6495 7055 7057
f 7033 7058 7034
f 7057 7058 7033
f 7060 7034 7058
f 7060 7059 7034
f 7059 7035 7034
f 7035 7059 7036
f 7036 7059 7061
f 7036 7061 7037
f 7037 7061 7062
f 7037 7062 7038
f 7038 7062 7063
f 7038 7063 6497
f 6481 7038 6497
f 7064 7039 6483
f 6498 7064 6483
f 7041 7064 7065
f 7039 7064 7041
f 7067 7042 7044
f 7066 7042 7067
f 7042 7066 7045
f 7045 7066 7068
f 7045 7068 7046
f 7046 7068 7069
f 7046 7069 6500
f 6485 7046 6500
f 6505 7071 7070
f 6504 6505 7070
f 7070 7072 6504
f 6504 7072 6506
f 7074 7073 6508
f 7074 6508 7072
f 7072 6508 6506
f 6508 7073 6509
f 6510 6511 7075
f 7075 7077 7076
f 7075 7076 6510
f 6510 7076 6512
f 7076 7078 6512
f 6512 7078 6513
f 6513 7078 7079
f 6514 6513 7079
f 7047 6486 7080
f 7080 6486 6515
f 6516 7081 6517
f 6516 6518 7081
f 7051 7082 7050
f 7050 7083 7052
f 7082 7083 7050
f 7085 7052 7083
f 7085 7084 7052
f 7084 7053 7052
f 6519 6492 7053
f 6519 7053 7086
f 7086 7053 7084
f 6494 6519 7086
f 6494 7086 7054
f 7054 7086 7087
f 7056 7087 7088
f 7054 7087 7056
f 7060 7089 7059
f 7059 7090 7061
f 7089 7090 7059
f 7092 7061 7090
f 7092 7091 7061
f 7091 7062 7061
f 7062 7091 7063
f 7063 7091 7093
f 7063 7093 6521
f 6497 7063 6521
f 7094 7064 6498
f 7094 6498 7095
f 7095 6498 6522
f 7064 7094 7065
f 7067 7096 7066
f 7066 7097 7068
f 7096 7097 7066
f 7068 7098 7069
f 7097 7098 7068
f 7100 7099 6523
f 7098 7100 6523
f 7098 6523 6500
f 7098 6500 7069
f 6524 6523 7099
f 7101 6524 7099
f 6525 6524 7101
f 7102 6525 7101
f 6525 7102 6527
f 6529 7104 7103
f 6528 6529 7103
f 7103 6505 6528
f 7071 6505 7103
f 7074 7105 7073
f 7073 6530 6509
f 7073 7105 6530
f 7105 7106 6530
f 6511 7107 7075
f 6511 6530 7107
f 6530 7106 7107
f 7075 7107 7077
f 7079 6531 6514
f 7108 6531 7079
f 7110 7109 6532
f 7110 6532 7108
f 7108 6532 6531
f 6532 7109 6533
f 7080 6515 7111
f 7111 6515 6535
f 7112 6517 7081
f 7112 7113 6517
f 7113 6537 6517
f 7081 7114 7112
f 7081 6518 7114
f 6518 6539 7114
f 7116 7084 7085
f 7115 7084 7116
f 7084 7115 7086
f 7086 7115 7117
f 7118 7117 7119
f 7118 7087 7117
f 7087 7086 7117
f 7087 7118 7088
f 7092 7120 7091
f 7122 7091 7120
f 7122 7121 7091
f 7121 7093 7091
f 6540 6521 7093
f 6540 7093 7123
f 7123 7093 7121
f 7123 6522 6540
f 7123 7124 6522
f 7124 7095 6522
f 7126 7099 7100
f 7125 7099 7126
f 7099 7125 7101
f 7101 7125 7127
f 6543 6542 7102
f 6543 7102 7127
f 7127 7102 7101
f 7102 6542 6527
f 6546 6547 7128
f 6548 6546 7128
f 7129 6548 7128
f 7129 7131 7130
f 7129 7130 6548
f 6548 7130 6549
f 7130 6529 6549
f 7104 6529 7130
f 7110 7132 7109
f 7109 7132 7133
f 7109 7133 6533
f 6533 7133 6551
f 7111 6535 6552
f 7134 7111 6552
f 6552 7135 7134
f 6554 7135 6552
f 6555 7136 6556
f 7136 7137 7138
f 7136 6555 7137
f 6555 6557 7137
f 7137 6557 6537
f 7113 7137 6537
f 7114 6539 6558
f 7139 7114 6558
f 7139 6558 7140
f 6558 6559 7140
f 7140 6559 7141
f 6559 6560 7141
f 6560 7142 7141
f 6561 7142 6560
f 7116 7143 7115
f 7115 7144 7117
f 7143 7144 7115
f 7117 7144 7119
f 7146 7121 7122
f 7145 7121 7146
f 7121 7145 7123
f 7123 7145 7147
f 7124 7147 7148
f 7123 7147 7124
f 7150 7125 7126
f 7149 7125 7150
f 7125 7149 7127
f 7127 7149 7151
f 7127 7151 6563
f 6543 7127 6563
f 6568 7153 7152
f 6567 6568 7152
f 6547 7154 7128
f 6547 6567 7154
f 6567 7152 7154
f 7128 7155 7129
f 7154 7155 7128
f 7129 7155 7131
f 6569 7157 7156
f 6569 6551 7157
f 6551 7133 7157
f 6569 7156 6570
f 7135 6554 6571
f 7158 7135 6571
f 6556 7136 7159
f 6556 7159 6571
f 6571 7159 7158
f 7136 7138 7159
f 7142 6561 6572
f 7160 7142 6572
f 7160 6572 7161
f 6572 6573 7161
f 6573 7162 7161
f 6574 7162 6573
f 7165 7163 7164
f 7164 7166 7167
f 7163 7166 7164
f 7167 7145 7146
f 7167 7166 7145
f 7166 7168 7145
f 7145 7168 7147
f 7147 7168 7169
f 7148 7169 7170
f 7147 7169 7148
f 7172 7149 7150
f 7171 7149 7172
f 7149 7171 7151
f 7151 7171 7173
f 6575 6563 7151
f 6575 7151 7174
f 7174 7151 7173
f 6575 7174 6577
f 6579 6580 7175
f 7175 7177 7176
f 7175 7176 6579
f 6579 7176 6581
f 7176 6568 6581
f 7153 6568 7176
f 7157 7178 7156
f 7156 7178 7179
f 7156 7179 6570
f 6570 7179 6582
f 7162 6574 6583
f 7180 7162 6583
f 7180 6583 7181
f 6583 6584 7181
f 7181 6584 7182
f 6584 6585 7182
f 7182 6585 7183
f 6585 6586 7183
f 7183 6586 7184
f 6586 6587 7184
f 7184 6587 7185
f 6587 6588 7185
f 7185 6588 7186
f 6588 6589 7186
f 7186 6589 7187
f 6589 6590 7187
f 7187 6590 7188
f 6590 6591 7188
f 7188 6591 7189
f 6591 6592 7189
f 7189 6592 7190
f 6592 6593 7190
f 7190 6593 7191
f 6593 6594 7191
f 7191 6594 7192
f 6594 6595 7192
f 7192 6595 7193
f 6595 6596 7193
f 7193 6596 7194
f 6596 6597 7194
f 7194 6597 7195
f 6597 6598 7195
f 7195 6598 7196
f 6598 6599 7196
f 7196 6599 7197
f 6599 6600 7197
f 6600 7198 7197
f 6601 7198 6600
f 7165 7199 7163
f 7163 7200 7166
f 7199 7200 7163
f 7166 7201 7168
f 7200 7201 7166
f 7168 7202 7169
f 7201 7202 7168
f 7169 7202 7170
f 7172 7203 7171
f 7205 7171 7203
f 7205 7204 7171
f 7204 7173 7171
f 6604 6603 7174
f 6604 7174 7204
f 7204 7174 7173
f 7174 6603 6577
f 7206 7175 6580
f 6606 7206 6580
f 7177 7206 7207
f 7175 7206 7177
f 7179 7208 6582
f 7208 6607 6582
f 7198 6601 6608
f 7209 7198 6608
f 7209 6608 7210
f 6608 6609 7210
f 7210 6609 7211
f 6609 6610 7211
f 7211 6610 7212
f 6610 6611 7212
f 7212 6611 7213
f 6611 6612 7213
f 6612 7214 7213
f 6613 7214 6612
f 7216 7204 7205
f 7215 7204 7216
f 7204 7215 6615
f 6604 7204 6615
f 7206 6606 6620
f 6620 7207 7206
f 6620 6621 7207
f 6621 7217 7207
f 7208 7218 6607
f 7218 6622 6607
f 7214 6613 6623
f 7219 7214 6623
f 7219 6623 7220
f 6623 6624 7220
f 7220 6624 7221
f 6624 6625 7221
f 7221 6625 7222
f 6625 6626 7222
f 7222 6626 7223
f 6626 6627 7223
f 7223 6627 7224
f 6627 6628 7224
f 7224 6628 7225
f 6628 6629 7225
f 6629 7226 7225
f 6630 7226 6629
f 7228 7215 7216
f 7227 7215 7228
f 6631 6615 7215
f 6631 7215 7229
f 7229 7215 7227
f 6631 7229 6633
f 7230 7231 7217
f 7230 7217 6639
f 6639 7217 6621
f 7231 7230 7232
f 7235 7233 7234
f 7234 7233 6640
f 7234 6640 7218
f 7218 6640 6622
f 7226 6630 6641
f 7236 7226 6641
f 7236 6641 7237
f 6641 6642 7237
f 7237 6642 7238
f 6642 6643 7238
f 7239 6643 6644
f 7239 7240 6643
f 7240 7238 6643
f 7240 7241 7242
f 7239 7241 7240
f 7242 7243 7244
f 7241 7243 7242
f 7244 7245 7246
f 7243 7245 7244
f 7246 7245 7247
f 7249 7227 7228
f 7248 7227 7249
f 7227 7248 7229
f 7229 7248 7250
f 7229 7250 6646
f 6633 7229 6646
f 7230 6639 6648
f 6648 6650 7251
f 7230 6648 7251
f 7230 7251 7252
f 7230 7252 7232
f 7252 7253 7254
f 7251 7253 7252
f 7254 7255 7256
f 7253 7255 7254
f 7256 7255 7257
f 7233 6653 6652
f 7233 7235 6653
f 7235 7258 6653
f 7233 6652 6640
f 7239 6644 6654
f 7241 7239 7261
f 7241 7261 7260
f 7239 6654 7261
f 7259 7261 6655
f 6654 6655 7261
f 7241 7262 7243
f 7241 7260 7262
f 7259 6655 6656
f 7243 7263 7245
f 7262 7263 7243
f 7245 7263 7247
f 7265 7248 7249
f 7264 7248 7265
f 7248 7264 7250
f 7250 7264 7266
f 7250 7266 6658
f 6646 7250 6658
f 7251 6650 6659
f 7253 7251 6659
f 6660 7253 6659
f 7255 7253 6660
f 6661 7255 6660
f 7255 6661 6662
f 7255 6662 7268
f 7255 7268 7257
f 7267 7268 6662
f 6662 6663 7267
f 6666 7269 7270
f 6665 7269 6666
f 7269 6665 6653
f 7258 7269 6653
f 6668 6669 7271
f 7271 7273 7272
f 7271 7272 6668
f 6668 7272 6670
f 7272 7274 6670
f 6670 7274 6671
f 7274 7275 6671
f 6671 7275 6672
f 7275 7276 6672
f 6672 7276 6673
f 7276 7277 6673
f 6673 7277 6674
f 7277 7278 6674
f 6674 7278 6675
f 7259 7278 7261
f 7259 6676 7278
f 6676 6675 7278
f 7259 6656 6676
f 7265 7279 7264
f 7281 7264 7279
f 7281 7280 7264
f 7280 7266 7264
f 7266 7280 6678
f 6658 7266 6678
f 7268 7267 7282
f 7267 7283 7282
f 7267 6663 7283
f 6663 6680 7283
f 6683 7284 7285
f 6682 7284 6683
f 7286 6682 6684
f 7286 7287 6682
f 7287 7284 6682
f 7287 7286 7288
f 6686 7289 7290
f 6685 7289 6686
f 7289 6685 6666
f 7270 7289 6666
f 6687 6688 7291
f 7291 7293 7292
f 7291 7292 6687
f 6687 7292 6689
f 7292 7294 6689
f 6689 7294 6690
f 7294 7295 6690
f 6690 7295 6691
f 6669 7296 7271
f 6669 6691 7296
f 6691 7295 7296
f 7271 7296 7273
f 7299 7297 7298
f 7298 7280 7281
f 7298 7297 7280
f 7297 7300 7280
f 7280 7300 6693
f 6678 7280 6693
f 7283 6680 6694
f 7301 7283 6694
f 7301 6694 7302
f 6694 6695 7302
f 7302 6695 7303
f 6695 6696 7303
f 7303 6696 7304
f 6696 6697 7304
f 7304 6697 6683
f 7285 7304 6683
f 7286 6684 6698
f 7288 7286 6698
f 7288 6698 7305
f 7305 6698 6699
f 7305 6699 7306
f 6699 6700 7306
f 7306 6700 6686
f 7290 7306 6686
f 6701 6702 7307
f 7307 7309 7308
f 7307 7308 6701
f 6701 7308 6703
f 7308 7310 6703
f 6703 7310 6704
f 7310 7311 6704
f 6704 7311 6705
f 7311 7312 6705
f 6705 7312 6706
f 6688 7313 7291
f 6688 6706 7313
f 6706 7312 7313
f 7291 7313 7293
f 7316 7314 7315
f 7315 7314 7317
f 7319 7297 7299
f 7318 7297 7319
f 6709 6708 7300
f 6709 7300 7318
f 7318 7300 7297
f 7300 6708 6693
f 6713 6714 7320
f 6715 6713 7320
f 7321 6715 7320
f 7321 7323 7322
f 7321 7322 6715
f 6715 7322 6716
f 7322 7324 6716
f 6716 7324 6717
f 7324 7325 6717
f 6717 7325 6718
f 6702 7326 7307
f 6702 6718 7326
f 6718 7325 7326
f 7307 7326 7309
f 7329 7327 7328
f 7328 7327 7330
f 7332 7314 7316
f 7331 7314 7332
f 7317 7333 7334
f 7317 7314 7333
f 7314 7331 7333
f 7334 7333 7335
f 7338 7336 7337
f 7337 7318 7319
f 7337 7336 7318
f 7336 7339 7318
f 7318 7339 6720
f 6709 7318 6720
f 6723 6724 7340
f 6725 6723 7340
f 7341 6725 7340
f 6726 6725 7341
f 7342 6726 7341
f 6727 6726 7342
f 7343 6727 7342
f 6728 6727 7343
f 7344 6728 7343
f 7344 7346 7345
f 7344 7345 6728
f 6728 7345 6729
f 7345 7347 6729
f 6729 7347 6730
f 7347 7348 6730
f 6730 7348 6731
f 6714 7349 7320
f 6714 6731 7349
f 6731 7348 7349
f 7320 7350 7321
f 7349 7350 7320
f 7321 7350 7323
f 7353 7351 7352
f 7352 7327 7329
f 7352 7351 7327
f 7351 7354 7327
f 7330 7354 7355
f 7327 7354 7330
f 7357 7331 7332
f 7356 7331 7357
f 7331 7356 7333
f 7333 7356 7358
f 7335 7358 7359
f 7333 7358 7335
f 7362 7360 7361
f 7336 6734 6733
f 7338 6734 7336
f 7338 7360 6734
f 7338 7361 7360
f 7339 7336 6733
f 6736 7339 6733
f 7339 6736 6720
f 6737 6738 7363
f 7363 7365 7364
f 7363 7364 6737
f 6737 7364 6739
f 7364 7366 6739
f 6739 7366 6740
f 7366 7367 6740
f 6740 7367 6741
f 7367 7368 6741
f 6741 7368 6742
f 7368 7369 6742
f 6742 7369 6743
f 7369 7370 6743
f 6743 7370 6744
f 7370 7371 6744
f 6744 7371 6745
f 6724 7372 7340
f 6724 6745 7372
f 6745 7371 7372
f 7340 7373 7341
f 7372 7373 7340
f 7341 7374 7342
f 7373 7374 7341
f 7342 7375 7343
f 7374 7375 7342
f 7343 7376 7344
f 7375 7376 7343
f 7344 7376 7346
f 7378 7351 7353
f 7377 7351 7378
f 7351 7377 7354
f 7354 7377 7379
f 7355 7380 7381
f 7355 7354 7380
f 7354 7379 7380
f 7381 7382 7383
f 7380 7382 7381
f 7383 7382 7384
f 7387 7385 7386
f 7386 7356 7357
f 7386 7385 7356
f 7385 7388 7356
f 7356 7388 7358
f 7358 7388 7389
f 7359 7390 7391
f 7359 7358 7390
f 7358 7389 7390
f 7391 7390 7392
f 7362 7393 7360
f 7395 7394 6746
f 7393 7395 6746
f 7393 6746 6734
f 7393 6734 7360
f 6746 7394 6747
f 7396 7363 6738
f 7396 6738 7397
f 7397 6738 6748
f 7363 7396 7365
f 7400 7398 7399
f 7399 7401 7402
f 7398 7401 7399
f 7377 6751 6750
f 7378 6751 7377
f 7378 7401 6751
f 7378 7402 7401
f 7379 7377 6750
f 6753 7379 6750
f 7380 7379 6753
f 6755 7380 6753
f 7382 7380 6755
f 6757 7382 6755
f 6757 7384 7382
f 6757 6758 7384
f 6758 7403 7384
f 7406 7404 7405
f 7405 7407 7408
f 7404 7407 7405
f 7408 7409 7410
f 7407 7409 7408
f 7410 7385 7387
f 7410 7409 7385
f 7409 7411 7385
f 7385 7411 7388
f 7388 7411 7412
f 7388 7412 7389
f 7389 7412 7413
f 7389 7413 7390
f 7390 7413 7414
f 7392 7414 7415
f 7390 7414 7392
f 7417 7394 7395
f 7416 7394 7417
f 7394 7416 6760
f 6747 7394 6760
f 6762 7419 7418
f 6761 6762 7418
f 7418 7420 6761
f 6761 7420 6763
f 7420 7421 6763
f 6763 7421 6764
f 7422 6765 6764
f 7422 6764 7423
f 7423 6764 7421
f 6767 7422 7423
f 6767 7423 6766
f 6766 7423 7424
f 7424 7425 6766
f 6766 7425 6768
f 7425 6748 6768
f 7397 6748 7425
f 7428 7426 7427
f 7427 7398 7400
f 7427 7426 7398
f 7426 7429 7398
f 6771 6770 7401
f 6771 7401 7429
f 7429 7401 7398
f 7401 6770 6751
f 7430 7431 7403
f 7430 7403 6773
f 6773 7403 6758
f 7431 7404 7406
f 7431 7430 7404
f 7430 7432 7404
f 6776 6775 7407
f 6776 7407 7432
f 7432 7407 7404
f 7409 7407 6775
f 6778 7409 6775
f 7411 7409 6778
f 6780 7411 6778
f 7412 7411 6780
f 6782 7412 6780
f 7413 7412 6782
f 6784 7413 6782
f 7414 7413 6784
f 6785 7414 6784
f 6785 7415 7414
f 6785 6786 7415
f 6786 7433 7415
f 7436 7434 7435
f 7435 7434 7437
f 7440 7438 7439
f 7439 7441 7442
f 7438 7441 7439
f 6788 7442 7441
f 6788 6787 7442
f 6787 7443 7442
f 7416 7417 7443
f 7416 7443 6789
f 6789 7443 6787
f 7416 6789 6760
f 6791 7445 7444
f 6790 6791 7444
f 7444 6762 6790
f 7419 6762 7444
f 7422 6792 6765
f 7422 6767 6792
f 7448 7446 7447
f 7447 7449 7450
f 7446 7449 7447
f 7450 7451 7452
f 7449 7451 7450
f 7452 7453 7454
f 7451 7453 7452
f 7454 7455 7456
f 7453 7455 7454
f 7456 7426 7428
f 7456 7455 7426
f 7455 7457 7426
f 6795 6794 7429
f 6795 7429 7457
f 7457 7429 7426
f 7429 6794 6771
f 7430 6773 6797
f 7432 7430 6797
f 6798 7432 6797
f 7432 6798 6776
f 7458 7459 7433
f 7458 7433 6799
f 6799 7433 6786
f 7459 7458 7460
f 7436 7461 7434
f 7462 6802 6801
f 7462 7463 6802
f 7461 7437 7434
f 7464 6801 6803
f 7464 7465 6801
f 7465 7462 6801
f 7438 6806 6805
f 7440 6806 7438
f 7440 7464 6806
f 7440 7465 7464
f 7441 7438 6805
f 6808 7441 6805
f 7441 6808 6788
f 7445 6791 7466
f 7466 6791 6810
f 7469 7467 7468
f 7468 7470 7471
f 7467 7470 7468
f 7471 7472 7473
f 7470 7472 7471
f 7473 7474 7475
f 7472 7474 7473
f 7475 7474 7476
f 7479 7477 7478
f 7478 7480 7481
f 7477 7480 7478
f 7481 7446 7448
f 7481 7480 7446
f 7480 7482 7446
f 7446 7482 7449
f 7449 7482 7483
f 7449 7483 7451
f 7451 7483 7484
f 7451 7484 7453
f 7453 7484 7485
f 6813 6812 7455
f 6813 7455 7485
f 7485 7455 7453
f 7457 7455 6812
f 6815 7457 6812
f 7457 6815 6795
f 7458 6799 6817
f 6817 6818 7486
f 7458 6817 7486
f 7458 7486 7487
f 7458 7487 7460
f 7487 7488 7489
f 7486 7488 7487
f 7489 7488 7490
f 7463 7491 6802
f 7491 6820 6802
f 7492 7464 6803
f 6821 7492 6803
f 7464 7492 6822
f 6806 7464 6822
f 7466 6810 7493
f 7493 6810 6825
f 7496 7494 7495
f 7495 7497 7498
f 7494 7497 7495
f 7498 7499 7500
f 7497 7499 7498
f 6827 7500 7499
f 6827 6826 7500
f 6826 7501 7500
f 7501 6826 7502
f 6826 6828 7502
f 7502 6828 7503
f 6828 6829 7503
f 7503 6829 7504
f 6829 6830 7504
f 7467 7469 7504
f 7467 7504 6831
f 6831 7504 6830
f 7470 7467 6831
f 6832 7470 6831
f 7472 7470 6832
f 6833 7472 6832
f 7474 7472 6833
f 6834 7474 6833
f 7476 7474 6834
f 7476 6834 7505
f 7505 6834 6835
f 7505 6835 7506
f 6835 6836 7506
f 7506 6836 7507
f 6836 6837 7507
f 7507 6837 7508
f 6837 6838 7508
f 7508 6838 7509
f 6838 6839 7509
f 7509 6839 7510
f 6839 6840 7510
f 7510 6840 7511
f 6840 6842 7511
f 7511 6842 7512
f 6842 6843 7512
f 7512 6843 7513
f 6843 6844 7513
f 7513 6844 7514
f 6844 6845 7514
f 7477 7479 7514
f 7477 7514 6846
f 6846 7514 6845
f 7480 7477 6846
f 6847 7480 6846
f 7482 7480 6847
f 6848 7482 6847
f 7483 7482 6848
f 6849 7483 6848
f 7484 7483 6849
f 6850 7484 6849
f 7485 7484 6850
f 6851 7485 6850
f 7485 6851 6813
f 7486 6818 6853
f 7515 7488 7486
f 7515 7486 6854
f 7515 6854 7516
f 6854 7486 6853
f 7488 7515 7490
f 7519 7517 7518
f 7518 7520 7521
f 7517 7520 7518
f 7521 7520 6855
f 7521 6855 7491
f 7491 6855 6820
f 7492 6821 6857
f 7492 6857 6822
f 7493 6825 7522
f 7522 6825 6859
f 6862 7523 7524
f 6861 7523 6862
f 7523 6861 7525
f 6861 6863 7525
f 6863 7526 7525
f 6865 7526 6863
f 6866 7527 6867
f 6866 6868 7527
f 7530 7528 7529
f 7529 7531 7532
f 7528 7531 7529
f 7532 7533 7534
f 7531 7533 7532
f 6871 7534 7533
f 6871 6870 7534
f 6870 7535 7534
f 7535 6870 7536
f 6870 6873 7536
f 7536 6873 7537
f 6873 6874 7537
f 7537 6874 7538
f 6874 6875 7538
f 7538 6875 7539
f 6875 6877 7539
f 7539 6877 7540
f 6877 6879 7540
f 7540 6879 7541
f 6879 6881 7541
f 7541 6881 7542
f 6881 6882 7542
f 7542 6882 7543
f 6882 6883 7543
f 7543 6883 7544
f 6883 6884 7544
f 7544 6884 7545
f 6884 6885 7545
f 7545 6885 7546
f 6885 6886 7546
f 7494 7496 7546
f 7494 7546 6887
f 6887 7546 6886
f 7497 7494 6887
f 6888 7497 6887
f 7499 7497 6888
f 6889 7499 6888
f 7499 6889 6827
f 7516 6854 6890
f 7547 7516 6890
f 7547 6890 7548
f 6890 6891 7548
f 7548 6891 7549
f 6891 6892 7549
f 7549 6892 7550
f 6892 6894 7550
f 7550 6894 7551
f 6894 6896 7551
f 7517 7519 7551
f 7517 7551 6897
f 6897 7551 6896
f 7520 7517 6897
f 6898 7520 6897
f 7520 6898 6855
f 7522 6859 6899
f 7552 7522 6899
f 7554 6900 7553
f 7554 7552 6900
f 7552 6899 6900
f 7553 7555 7556
f 7553 6900 7555
f 6900 6901 7555
f 7555 6901 7557
f 6901 6902 7557
f 7557 6902 6862
f 7524 7557 6862
f 7526 6865 6903
f 7558 7526 6903
f 6867 7527 7559
f 6867 7559 6903
f 6903 7559 7558
f 7527 6868 6904
f 7527 6904 7559
f 7559 6904 7560
f 7560 6904 7561
f 6904 6905 7561
f 7561 6905 7562
f 6905 6906 7562
f 7528 7530 7562
f 7528 7562 6907
f 6907 7562 6906
f 7531 7528 6907
f 6908 7531 6907
f 7533 7531 6908
f 6909 7533 6908
f 7533 6909 6871
f 7554 7553 7563
f 7553 7556 7563
f 6913 6914 7564
f 6915 6913 7564
f 7565 6915 7564
f 6916 6915 7565
f 7566 6916 7565
f 6917 6916 7566
f 7567 6917 7566
f 6918 6917 7567
f 7568 6918 7567
f 6918 7568 6920
f 6924 7570 7569
f 6923 6924 7569
f 6914 7571 7564
f 6914 6923 7571
f 6923 7569 7571
f 7564 7572 7565
f 7571 7572 7564
f 7565 7573 7566
f 7572 7573 7565
f 7566 7574 7567
f 7573 7574 7566
f 7567 7575 7568
f 7574 7575 7567
f 7577 7576 6925
f 7575 7577 6925
f 7575 6925 6920
f 7575 6920 7568
f 6926 6925 7576
f 7578 6926 7576
f 6926 7578 6928
f 6930 6931 7579
f 7579 6924 6930
f 7579 7580 6924
f 7580 7570 6924
f 7577 7581 7576
f 7583 7576 7581
f 7583 7582 7576
f 7582 7578 7576
f 7578 7582 6933
f 6928 7578 6933
f 7584 7579 6931
f 6936 7584 6931
f 7580 7584 7585
f 7579 7584 7580
f 7587 7582 7583
f 7586 7582 7587
f 6937 6933 7582
f 6937 7582 7588
f 7588 7582 7586
f 6938 6937 7588
f 7589 6938 7588
f 6938 7589 6940
f 6943 7591 7590
f 6942 6943 7590
f 7590 7592 6942
f 6942 7592 6945
f 7593 6946 6945
f 7593 6945 7594
f 7594 6945 7592
f 7594 7596 7595
f 7593 7594 7595
f 6949 7595 7596
f 6949 7596 6948
f 6948 7596 7597
f 7597 7598 6948
f 6948 7598 6950
f 7598 7599 6950
f 6950 7599 6951
f 7599 7600 6951
f 6951 7600 6952
f 7602 7601 6953
f 7602 6953 7600
f 7600 6953 6952
f 6954 6953 7601
f 7603 6954 7601
f 6955 6954 7603
f 7604 6955 7603
f 6956 6955 7604
f 7605 6956 7604
f 6957 6956 7605
f 7606 6957 7605
f 6958 6957 7606
f 7607 6958 7606
f 6959 6958 7607
f 7608 6959 7607
f 6960 6959 7608
f 7609 6960 7608
f 6961 6960 7609
f 7610 6961 7609
f 6962 6961 7610
f 7611 6962 7610
f 6963 6962 7611
f 7612 6963 7611
f 6964 6963 7612
f 7613 6964 7612
f 6965 6964 7613
f 7614 6965 7613
f 6966 6965 7614
f 7615 6966 7614
f 6967 6966 7615
f 7616 6967 7615
f 6967 7616 6969
f 6974 6975 7617
f 6976 6974 7617
f 7618 6976 7617
f 6977 6976 7618
f 7619 6977 7618
f 6978 6977 7619
f 7620 6978 7619
f 6979 6978 7620
f 7621 6979 7620
f 6980 6979 7621
f 7622 6980 7621
f 6981 6980 7622
f 7623 6981 7622
f 6982 6981 7623
f 7624 6982 7623
f 6983 6982 7624
f 7625 6983 7624
f 6984 6983 7625
f 7626 6984 7625
f 6985 6984 7626
f 7627 6985 7626
f 6986 6985 7627
f 7628 6986 7627
f 6987 6986 7628
f 7629 6987 7628
f 6988 6987 7629
f 7630 6988 7629
f 7630 7632 7631
f 7630 7631 6988
f 6988 7631 6989
f 7634 7633 6990
f 7634 6990 7631
f 7631 6990 6989
f 6991 6990 7633
f 7635 6991 7633
f 6991 7635 6993
f 7636 7584 6936
f 6998 7636 6936
f 7585 7636 7637
f 7584 7636 7585
f 7639 7586 7587
f 7638 7586 7639
f 7586 7638 7588
f 7588 7638 7640
f 7588 7640 7589
f 7589 7640 7641
f 7589 7641 7000
f 6940 7589 7000
f 7003 7643 7642
f 7002 7003 7642
f 7642 6943 7002
f 7591 6943 7642
f 7593 7004 6946
f 7595 7004 7593
f 7006 7004 7595
f 7595 6949 7006
f 7602 7644 7601
f 7601 7645 7603
f 7644 7645 7601
f 7603 7646 7604
f 7645 7646 7603
f 7604 7647 7605
f 7646 7647 7604
f 7605 7648 7606
f 7647 7648 7605
f 7606 7649 7607
f 7648 7649 7606
f 7607 7650 7608
f 7649 7650 7607
f 7608 7651 7609
f 7650 7651 7608
f 7609 7652 7610
f 7651 7652 7609
f 7610 7653 7611
f 7652 7653 7610
f 7611 7654 7612
f 7653 7654 7611
f 7612 7655 7613
f 7654 7655 7612
f 7613 7656 7614
f 7655 7656 7613
f 7614 7657 7615
f 7656 7657 7614
f 7615 7658 7616
f 7657 7658 7615
f 7616 7007 6969
f 7616 7658 7007
f 7658 7659 7007
f 7659 7660 7007
f 7007 7660 7008
f 7660 7661 7008
f 7008 7661 7009
f 7661 7662 7009
f 7009 7662 7010
f 7662 7663 7010
f 7010 7663 7011
f 6975 7664 7617
f 6975 7011 7664
f 7011 7663 7664
f 7617 7665 7618
f 7664 7665 7617
f 7618 7666 7619
f 7665 7666 7618
f 7619 7667 7620
f 7666 7667 7619
f 7620 7668 7621
f 7667 7668 7620
f 7621 7669 7622
f 7668 7669 7621
f 7622 7670 7623
f 7669 7670 7622
f 7623 7671 7624
f 7670 7671 7623
f 7624 7672 7625
f 7671 7672 7624
f 7625 7673 7626
f 7672 7673 7625
f 7626 7674 7627
f 7673 7674 7626
f 7627 7675 7628
f 7674 7675 7627
f 7628 7676 7629
f 7675 7676 7628
f 7629 7677 7630
f 7676 7677 7629
f 7630 7677 7632
f 7634 7678 7633
f 7633 7679 7635
f 7678 7679 7633
f 7681 7680 7012
f 7679 7681 7012
f 7679 7012 6993
f 7679 6993 7635
f 7013 7012 7680
f 7682 7013 7680
f 7014 7013 7682
f 7683 7014 7682
f 7015 7014 7683
f 7684 7015 7683
f 7016 7015 7684
f 7685 7016 7684
f 7016 7685 7018
f 7636 6998 7021
f 7021 7637 7636
f 7021 7022 7637
f 7022 7686 7637
f 7639 7687 7638
f 7638 7688 7640
f 7687 7688 7638
f 7690 7640 7688
f 7690 7689 7640
f 7689 7641 7640
f 7023 7000 7641
f 7023 7641 7691
f 7691 7641 7689
f 7023 7691 7025
f 7643 7003 7692
f 7692 7003 7027
f 7681 7693 7680
f 7680 7694 7682
f 7693 7694 7680
f 7696 7682 7694
f 7696 7695 7682
f 7695 7683 7682
f 7683 7695 7684
f 7684 7695 7697
f 7684 7697 7685
f 7685 7697 7698
f 7028 7018 7685
f 7028 7685 7699
f 7699 7685 7698
f 7029 7028 7699
f 7700 7029 7699
f 7029 7700 7031
f 7040 7041 7701
f 7701 7022 7040
f 7701 7702 7022
f 7702 7686 7022
f 7704 7689 7690
f 7703 7689 7704
f 7044 7043 7691
f 7044 7691 7703
f 7703 7691 7689
f 7691 7043 7025
f 7692 7027 7705
f 7705 7027 7047
f 7696 7706 7695
f 7695 7707 7697
f 7706 7707 7695
f 7709 7697 7707
f 7709 7708 7697
f 7708 7698 7697
f 7698 7708 7699
f 7699 7708 7710
f 7699 7710 7700
f 7700 7710 7711
f 7048 7031 7700
f 7048 7700 7712
f 7712 7700 7711
f 7049 7048 7712
f 7713 7049 7712
f 7049 7713 7051
f 7055 7056 7714
f 7057 7055 7714
f 7715 7057 7714
f 7058 7057 7715
f 7716 7058 7715
f 7058 7716 7060
f 7717 7701 7041
f 7717 7041 7718
f 7718 7041 7065
f 7701 7717 7702
f 7721 7719 7720
f 7720 7722 7723
f 7719 7722 7720
f 7723 7703 7704
f 7723 7722 7703
f 7722 7724 7703
f 7703 7724 7067
f 7044 7703 7067
f 7070 7071 7725
f 7072 7070 7725
f 7726 7072 7725
f 7072 7726 7074
f 7076 7077 7727
f 7078 7076 7727
f 7728 7078 7727
f 7078 7728 7079
f 7705 7047 7729
f 7729 7047 7080
f 7709 7730 7708
f 7732 7708 7730
f 7732 7731 7708
f 7731 7710 7708
f 7710 7731 7711
f 7711 7731 7733
f 7711 7733 7712
f 7712 7733 7734
f 7712 7734 7713
f 7713 7734 7735
f 7082 7051 7713
f 7082 7713 7736
f 7736 7713 7735
f 7083 7082 7736
f 7737 7083 7736
f 7083 7737 7085
f 7738 7714 7056
f 7738 7056 7739
f 7739 7056 7088
f 7741 7714 7738
f 7741 7740 7714
f 7740 7715 7714
f 7715 7740 7716
f 7716 7740 7742
f 7089 7060 7716
f 7089 7716 7743
f 7743 7716 7742
f 7090 7089 7743
f 7744 7090 7743
f 7090 7744 7092
f 7095 7746 7745
f 7094 7095 7745
f 7745 7065 7094
f 7718 7065 7745
f 7721 7747 7719
f 7719 7748 7722
f 7747 7748 7719
f 7722 7749 7724
f 7748 7749 7722
f 7751 7750 7096
f 7749 7751 7096
f 7749 7096 7067
f 7749 7067 7724
f 7097 7096 7750
f 7752 7097 7750
f 7098 7097 7752
f 7753 7098 7752
f 7098 7753 7100
f 7104 7755 7754
f 7103 7104 7754
f 7071 7756 7725
f 7071 7103 7756
f 7103 7754 7756
f 7725 7757 7726
f 7756 7757 7725
f 7759 7758 7105
f 7757 7759 7105
f 7757 7105 7074
f 7757 7074 7726
f 7106 7105 7758
f 7760 7106 7758
f 7107 7106 7760
f 7761 7107 7760
f 7761 7763 7762
f 7107 7761 7762
f 7107 7762 7727
f 7107 7727 7077
f 7727 7764 7728
f 7762 7764 7727
f 7766 7765 7108
f 7764 7766 7108
f 7764 7108 7079
f 7764 7079 7728
f 7108 7765 7110
f 7767 7768 7729
f 7767 7729 7111
f 7111 7729 7080
f 7768 7767 7769
f 7112 7770 7113
f 7112 7114 7770
f 7732 7771 7731
f 7773 7731 7771
f 7773 7772 7731
f 7772 7733 7731
f 7733 7772 7734
f 7734 7772 7774
f 7734 7774 7735
f 7735 7774 7775
f 7735 7775 7736
f 7736 7775 7776
f 7736 7776 7737
f 7737 7776 7777
f 7737 7777 7116
f 7085 7737 7116
f 7118 7119 7778
f 7778 7088 7118
f 7778 7779 7088
f 7779 7739 7088
f 7741 7780 7740
f 7782 7740 7780
f 7782 7781 7740
f 7781 7742 7740
f 7742 7781 7743
f 7743 7781 7783
f 7743 7783 7744
f 7744 7783 7784
f 7120 7092 7744
f 7120 7744 7785
f 7785 7744 7784
f 7120 7785 7122
f 7746 7095 7786
f 7786 7095 7124
f 7789 7787 7788
f 7788 7787 7790
f 7792 7750 7751
f 7791 7750 7792
f 7750 7791 7752
f 7752 7791 7793
f 7752 7793 7753
f 7753 7793 7794
f 7753 7794 7126
f 7100 7753 7126
f 7131 7796 7795
f 7130 7131 7795
f 7795 7104 7130
f 7755 7104 7795
f 7759 7797 7758
f 7758 7798 7760
f 7797 7798 7758
f 7760 7799 7761
f 7798 7799 7760
f 7761 7799 7763
f 7766 7800 7765
f 7802 7801 7132
f 7800 7802 7132
f 7800 7132 7110
f 7800 7110 7765
f 7132 7801 7133
f 7767 7111 7134
f 7134 7769 7767
f 7134 7135 7769
f 7135 7803 7769
f 7806 7804 7805
f 7138 7805 7804
f 7138 7137 7805
f 7137 7807 7805
f 7113 7770 7808
f 7113 7808 7137
f 7137 7808 7807
f 7770 7114 7139
f 7770 7139 7808
f 7808 7139 7809
f 7809 7139 7810
f 7139 7140 7810
f 7810 7140 7811
f 7140 7141 7811
f 7812 7141 7142
f 7812 7813 7141
f 7813 7811 7141
f 7813 7814 7815
f 7812 7814 7813
f 7815 7814 7816
f 7773 7817 7772
f 7819 7772 7817
f 7819 7818 7772
f 7818 7774 7772
f 7774 7818 7775
f 7775 7818 7820
f 7821 7820 7822
f 7821 7776 7820
f 7776 7775 7820
f 7824 7776 7821
f 7824 7823 7776
f 7823 7777 7776
f 7143 7116 7777
f 7143 7777 7825
f 7825 7777 7823
f 7144 7143 7825
f 7826 7144 7825
f 7119 7144 7826
f 7119 7826 7778
f 7778 7826 7827
f 7779 7827 7828
f 7778 7827 7779
f 7782 7829 7781
f 7831 7781 7829
f 7831 7830 7781
f 7830 7783 7781
f 7783 7830 7784
f 7784 7830 7832
f 7784 7832 7785
f 7785 7832 7833
f 7785 7833 7146
f 7122 7785 7146
f 7786 7124 7834
f 7834 7124 7148
f 7789 7835 7787
f 7787 7835 7790
f 7837 7791 7792
f 7836 7791 7837
f 7791 7836 7793
f 7793 7836 7838
f 7793 7838 7794
f 7794 7838 7839
f 7794 7839 7150
f 7126 7794 7150
f 7152 7153 7840
f 7154 7152 7840
f 7841 7154 7840
f 7841 7843 7842
f 7841 7842 7154
f 7154 7842 7155
f 7842 7131 7155
f 7796 7131 7842
f 7802 7844 7801
f 7801 7844 7845
f 7801 7845 7133
f 7133 7845 7157
f 7803 7135 7158
f 7846 7803 7158
f 7804 7806 7846
f 7804 7846 7159
f 7159 7846 7158
f 7804 7159 7138
f 7812 7142 7160
f 7814 7812 7160
f 7161 7814 7160
f 7161 7162 7847
f 7814 7161 7847
f 7814 7847 7848
f 7814 7848 7816
f 7848 7849 7850
f 7847 7849 7848
f 7850 7851 7852
f 7849 7851 7850
f 7852 7853 7854
f 7851 7853 7852
f 7854 7855 7856
f 7853 7855 7854
f 7856 7857 7858
f 7855 7857 7856
f 7858 7859 7860
f 7857 7859 7858
f 7860 7861 7862
f 7859 7861 7860
f 7862 7863 7864
f 7861 7863 7862
f 7864 7863 7865
f 7819 7866 7818
f 7818 7867 7820
f 7866 7867 7818
f 7820 7867 7822
f 7869 7823 7824
f 7868 7823 7869
f 7823 7868 7825
f 7825 7868 7870
f 7825 7870 7826
f 7826 7870 7871
f 7872 7871 7873
f 7872 7827 7871
f 7827 7826 7871
f 7827 7872 7828
f 7875 7830 7831
f 7874 7830 7875
f 7165 7164 7832
f 7165 7832 7874
f 7874 7832 7830
f 7833 7832 7164
f 7167 7833 7164
f 7833 7167 7146
f 7834 7148 7876
f 7876 7148 7170
f 7837 7877 7836
f 7879 7836 7877
f 7879 7878 7836
f 7878 7838 7836
f 7880 7878 7881
f 7880 7839 7878
f 7839 7838 7878
f 7839 7880 7882
f 7839 7882 7150
f 7150 7882 7172
f 7176 7177 7883
f 7883 7885 7884
f 7176 7883 7884
f 7176 7884 7840
f 7176 7840 7153
f 7840 7886 7841
f 7884 7886 7840
f 7841 7886 7843
f 7178 7888 7887
f 7178 7157 7888
f 7157 7845 7888
f 7178 7887 7179
f 7847 7162 7180
f 7849 7847 7180
f 7181 7849 7180
f 7851 7849 7181
f 7182 7851 7181
f 7853 7851 7182
f 7183 7853 7182
f 7855 7853 7183
f 7184 7855 7183
f 7857 7855 7184
f 7185 7857 7184
f 7859 7857 7185
f 7186 7859 7185
f 7861 7859 7186
f 7187 7861 7186
f 7863 7861 7187
f 7188 7863 7187
f 7865 7863 7188
f 7865 7188 7889
f 7889 7188 7189
f 7889 7189 7890
f 7189 7190 7890
f 7890 7190 7891
f 7190 7191 7891
f 7891 7191 7892
f 7191 7192 7892
f 7892 7192 7893
f 7192 7193 7893
f 7893 7193 7894
f 7193 7194 7894
f 7894 7194 7895
f 7194 7195 7895
f 7895 7195 7896
f 7195 7196 7896
f 7896 7196 7897
f 7196 7197 7897
f 7898 7197 7198
f 7898 7899 7197
f 7899 7897 7197
f 7899 7898 7900
f 7903 7901 7902
f 7902 7904 7905
f 7901 7904 7902
f 7905 7904 7906
f 7908 7868 7869
f 7907 7868 7908
f 7868 7907 7870
f 7870 7907 7909
f 7870 7909 7871
f 7871 7909 7910
f 7873 7910 7911
f 7871 7910 7873
f 7875 7912 7874
f 7914 7913 7199
f 7912 7914 7199
f 7912 7199 7165
f 7912 7165 7874
f 7200 7199 7913
f 7915 7200 7913
f 7201 7200 7915
f 7916 7201 7915
f 7202 7201 7916
f 7917 7202 7916
f 7917 7170 7202
f 7917 7918 7170
f 7918 7876 7170
f 7879 7919 7878
f 7881 7878 7919
f 7921 7922 7920
f 7921 7920 7923
f 7921 7923 7172
f 7921 7172 7882
f 7172 7923 7203
f 7203 7923 7205
f 7924 7883 7177
f 7207 7924 7177
f 7885 7924 7925
f 7883 7924 7885
f 7927 7887 7888
f 7926 7887 7927
f 7887 7926 7208
f 7179 7887 7208
f 7898 7198 7209
f 7900 7898 7209
f 7900 7209 7928
f 7928 7209 7210
f 7928 7210 7929
f 7210 7211 7929
f 7929 7211 7930
f 7211 7212 7930
f 7930 7212 7931
f 7212 7213 7931
f 7932 7213 7214
f 7932 7933 7213
f 7933 7931 7213
f 7933 7934 7935
f 7932 7934 7933
f 7935 7934 7936
f 7903 7937 7901
f 7901 7938 7904
f 7937 7938 7901
f 7906 7904 7938
f 7940 7941 7939
f 7940 7907 7908
f 7940 7939 7907
f 7939 7942 7907
f 7907 7942 7909
f 7909 7942 7943
f 7909 7943 7910
f 7910 7943 7944
f 7911 7944 7945
f 7910 7944 7911
f 7914 7946 7913
f 7913 7947 7915
f 7946 7947 7913
f 7949 7915 7947
f 7949 7948 7915
f 7948 7916 7915
f 7916 7948 7917
f 7917 7948 7950
f 7918 7950 7951
f 7917 7950 7918
f 7954 7952 7953
f 7953 7920 7922
f 7953 7952 7920
f 7952 7955 7920
f 7920 7955 7923
f 7923 7955 7956
f 7923 7956 7216
f 7205 7923 7216
f 7957 7924 7207
f 7217 7957 7207
f 7925 7957 7958
f 7924 7957 7925
f 7961 7959 7960
f 7960 7959 7962
f 7965 7963 7964
f 7964 7926 7927
f 7964 7963 7926
f 7963 7966 7926
f 7926 7966 7218
f 7208 7926 7218
f 7932 7214 7219
f 7934 7932 7219
f 7220 7934 7219
f 7936 7934 7220
f 7936 7220 7967
f 7967 7220 7221
f 7967 7221 7968
f 7221 7222 7968
f 7968 7222 7969
f 7222 7223 7969
f 7969 7223 7970
f 7223 7224 7970
f 7970 7224 7971
f 7224 7225 7971
f 7972 7225 7226
f 7972 7973 7225
f 7973 7971 7225
f 7973 7974 7975
f 7972 7974 7973
f 7975 7974 7976
f 7941 7977 7939
f 7939 7978 7942
f 7977 7978 7939
f 7980 7942 7978
f 7980 7979 7942
f 7979 7943 7942
f 7981 7979 7982
f 7981 7944 7979
f 7944 7943 7979
f 7944 7981 7945
f 7949 7983 7948
f 7948 7984 7950
f 7983 7984 7948
f 7950 7984 7951
f 7986 7952 7954
f 7985 7952 7986
f 7952 7985 7955
f 7955 7985 7987
f 7955 7987 7956
f 7956 7987 7988
f 7956 7988 7228
f 7216 7956 7228
f 7957 7217 7231
f 7231 7232 7989
f 7957 7231 7989
f 7957 7989 7990
f 7957 7990 7958
f 7990 7959 7961
f 7990 7989 7959
f 7989 7991 7959
f 7962 7991 7992
f 7959 7991 7962
f 7994 7963 7965
f 7993 7963 7994
f 7235 7234 7966
f 7235 7966 7993
f 7993 7966 7963
f 7966 7234 7218
f 7972 7226 7236
f 7974 7972 7236
f 7237 7974 7236
f 7976 7974 7237
f 7976 7237 7995
f 7995 7237 7238
f 7995 7238 7996
f 7238 7240 7996
f 7996 7240 7997
f 7240 7242 7997
f 7997 7242 7998
f 7242 7244 7998
f 7998 7244 7999
f 7244 7246 7999
f 8000 7246 7247
f 8000 8001 7246
f 8001 7999 7246
f 8001 8000 8002
f 8005 8003 8004
f 8004 8006 8007
f 8003 8006 8004
f 8007 7979 7980
f 8007 8006 7979
f 8006 8008 7979
f 7982 8008 8009
f 7979 8008 7982
f 8012 8010 8011
f 8011 8010 8013
f 7986 8014 7985
f 8016 7985 8014
f 8016 8015 7985
f 8015 7987 7985
f 7987 8015 7988
f 7988 8015 8017
f 7988 8017 7249
f 7228 7988 7249
f 7989 7232 7252
f 7991 7989 7252
f 7254 7991 7252
f 7992 7991 7254
f 7992 7254 8018
f 8018 7254 7256
f 7256 8019 8018
f 7257 8019 7256
f 8022 8020 8021
f 8021 7993 7994
f 8021 8020 7993
f 8020 8023 7993
f 7993 8023 7258
f 7235 7993 7258
f 7261 8025 8024
f 7260 7261 8024
f 8024 8026 7260
f 7260 8026 7262
f 8026 8027 7262
f 7262 8027 7263
f 7247 8028 8000
f 7247 7263 8028
f 7263 8027 8028
f 8000 8028 8002
f 8005 8029 8003
f 8031 8003 8029
f 8031 8030 8003
f 8030 8006 8003
f 8006 8030 8008
f 8008 8030 8032
f 8009 8032 8033
f 8008 8032 8009
f 8036 8034 8035
f 8035 8010 8012
f 8035 8034 8010
f 8034 8037 8010
f 8013 8037 8038
f 8010 8037 8013
f 8016 8039 8015
f 8041 8015 8039
f 8041 8040 8015
f 8040 8017 8015
f 8017 8040 7265
f 7249 8017 7265
f 8042 8043 8019
f 8042 8019 7268
f 7268 8019 7257
f 8043 8042 8044
f 8047 8045 8046
f 8046 8048 8049
f 8045 8048 8046
f 8049 8048 8050
f 8052 8020 8022
f 8051 8020 8052
f 7270 7269 8023
f 7270 8023 8051
f 8051 8023 8020
f 8023 7269 7258
f 7272 7273 8053
f 7274 7272 8053
f 8054 7274 8053
f 7275 7274 8054
f 8055 7275 8054
f 7276 7275 8055
f 8056 7276 8055
f 8056 8058 8057
f 8056 8057 7276
f 7276 8057 7277
f 8057 8059 7277
f 7277 8059 7278
f 8059 7261 7278
f 8025 7261 8059
f 8031 8060 8030
f 8062 8030 8060
f 8062 8061 8030
f 8061 8032 8030
f 8033 8063 8064
f 8033 8032 8063
f 8032 8061 8063
f 8064 8063 8065
f 8068 8066 8067
f 8067 8034 8036
f 8067 8066 8034
f 8066 8069 8034
f 8070 8069 8071
f 8070 8037 8069
f 8037 8034 8069
f 8037 8070 8038
f 8073 8040 8041
f 8072 8040 8073
f 7279 7265 8040
f 7279 8040 8074
f 8074 8040 8072
f 7279 8074 7281
f 8042 7268 7282
f 7282 7283 8075
f 8042 7282 8075
f 8042 8075 8076
f 8042 8076 8044
f 8076 8075 8077
f 8080 8078 8079
f 8082 8079 8078
f 8081 7285 7284
f 8081 8047 8083
f 8081 7287 8047
f 8081 7284 7287
f 7287 8045 8047
f 7287 7288 8084
f 7287 8084 8045
f 8045 8084 8048
f 8050 8085 8086
f 8050 8048 8085
f 8048 8084 8085
f 8051 7290 7289
f 8052 7290 8051
f 8052 8085 7290
f 8052 8086 8085
f 8051 7289 7270
f 7292 7293 8087
f 7294 7292 8087
f 8088 7294 8087
f 7295 7294 8088
f 8089 7295 8088
f 8089 8091 8090
f 8089 8090 7295
f 7295 8090 7296
f 7273 8092 8053
f 7273 7296 8092
f 7296 8090 8092
f 8053 8093 8054
f 8092 8093 8053
f 8054 8094 8055
f 8093 8094 8054
f 8055 8095 8056
f 8094 8095 8055
f 8056 8095 8058
f 8098 8096 8097
f 8097 8099 8100
f 8096 8099 8097
f 8100 8101 8102
f 8099 8101 8100
f 8102 8061 8062
f 8102 8101 8061
f 8101 8103 8061
f 8061 8103 8063
f 8063 8103 8104
f 8065 8104 8105
f 8063 8104 8065
f 8107 8066 8068
f 8106 8066 8107
f 8066 8106 8069
f 8069 8106 8108
f 8071 8109 8110
f 8071 8069 8109
f 8069 8108 8109
f 8110 8109 8111
f 8113 8072 8073
f 8112 8072 8113
f 7299 7298 8074
f 7299 8074 8112
f 8112 8074 8072
f 8074 7298 7281
f 8075 7283 7301
f 8077 8075 7301
f 8077 7301 8114
f 8114 7301 7302
f 8114 7302 8115
f 7302 7303 8115
f 8078 8080 8115
f 8078 8115 7304
f 7304 8115 7303
f 7285 8081 8116
f 7285 8116 7304
f 8082 8078 8116
f 8078 7304 8116
f 8081 8083 8116
f 8084 7288 7305
f 8085 8084 7305
f 7306 8085 7305
f 8085 7306 7290
f 7308 7309 8117
f 7310 7308 8117
f 8118 7310 8117
f 8118 8120 8119
f 8118 8119 7310
f 7310 8119 7311
f 8119 8121 7311
f 7311 8121 7312
f 8121 8122 7312
f 7312 8122 7313
f 7293 8123 8087
f 7293 7313 8123
f 7313 8122 8123
f 8087 8124 8088
f 8123 8124 8087
f 8088 8125 8089
f 8124 8125 8088
f 8089 8125 8091
f 8127 8096 8098
f 8126 8096 8127
f 8096 8126 8099
f 8099 8126 8128
f 8099 8128 8101
f 8101 8128 8129
f 8101 8129 8103
f 8103 8129 8130
f 8103 8130 8104
f 8104 8130 8131
f 8105 8132 8133
f 8105 8104 8132
f 8104 8131 8132
f 8133 8132 8134
f 8137 8135 8136
f 8136 8106 8107
f 8136 8135 8106
f 8135 8138 8106
f 7316 7315 8108
f 7316 8108 8138
f 8138 8108 8106
f 7315 7317 8139
f 7315 8139 8108
f 8108 8139 8109
f 8111 8139 8140
f 8109 8139 8111
f 8143 8141 8142
f 8142 8144 8145
f 8141 8144 8142
f 8145 8112 8113
f 8145 8144 8112
f 8144 8146 8112
f 8112 8146 7319
f 7299 8112 7319
f 7322 7323 8147
f 7324 7322 8147
f 8148 7324 8147
f 8148 8150 8149
f 8148 8149 7324
f 7324 8149 7325
f 8149 8151 7325
f 7325 8151 7326
f 7309 8152 8117
f 7309 7326 8152
f 7326 8151 8152
f 8117 8153 8118
f 8152 8153 8117
f 8118 8153 8120
f 8155 8126 8127
f 8154 8126 8155
f 8126 8154 8128
f 8128 8154 8156
f 8128 8156 8129
f 8129 8156 8157
f 8129 8157 8130
f 8130 8157 8158
f 7329 7328 8131
f 7329 8131 8158
f 8158 8131 8130
f 7328 7330 8159
f 7328 8159 8131
f 8131 8159 8132
f 8134 8159 8160
f 8132 8159 8134
f 8163 8161 8162
f 8162 8135 8137
f 8162 8161 8135
f 8161 8164 8135
f 8135 8164 8138
f 8138 8164 8165
f 8138 8165 7332
f 7316 8138 7332
f 8139 7317 7334
f 7334 8140 8139
f 7334 7335 8140
f 7335 8166 8140
f 8168 8141 8143
f 8167 8141 8168
f 8141 8167 8144
f 8144 8167 8169
f 7338 7337 8146
f 7338 8146 8169
f 8169 8146 8144
f 8146 7337 7319
f 7345 7346 8170
f 7347 7345 8170
f 8171 7347 8170
f 8171 8173 8172
f 8171 8172 7347
f 7347 8172 7348
f 8172 8174 7348
f 7348 8174 7349
f 8174 8175 7349
f 7349 8175 7350
f 7323 8176 8147
f 7323 7350 8176
f 7350 8175 8176
f 8147 8177 8148
f 8176 8177 8147
f 8148 8177 8150
f 8180 8178 8179
f 8179 8154 8155
f 8179 8178 8154
f 8178 8181 8154
f 8154 8181 8156
f 8156 8181 8182
f 8156 8182 8157
f 8157 8182 8183
f 7353 7352 8158
f 7353 8158 8183
f 8183 8158 8157
f 8158 7352 7329
f 8184 8159 7330
f 7355 8184 7330
f 8160 8184 8185
f 8159 8184 8160
f 8188 8186 8187
f 8187 8161 8163
f 8187 8186 8161
f 8186 8189 8161
f 8161 8189 8164
f 8164 8189 8190
f 8164 8190 8165
f 8165 8190 8191
f 8165 8191 7357
f 7332 8165 7357
f 8192 8193 8166
f 8192 8166 7359
f 7359 8166 7335
f 8193 8192 8194
f 8197 8195 8196
f 8196 8198 8199
f 8195 8198 8196
f 8199 8200 8201
f 8198 8200 8199
f 8201 8167 8168
f 8201 8200 8167
f 8200 8202 8167
f 7362 7361 8169
f 7362 8169 8202
f 8202 8169 8167
f 8169 7361 7338
f 7364 7365 8203
f 7366 7364 8203
f 8204 7366 8203
f 7367 7366 8204
f 8205 7367 8204
f 7368 7367 8205
f 8206 7368 8205
f 7369 7368 8206
f 8207 7369 8206
f 7370 7369 8207
f 8208 7370 8207
f 7371 7370 8208
f 8209 7371 8208
f 7372 7371 8209
f 8210 7372 8209
f 7373 7372 8210
f 8211 7373 8210
f 7374 7373 8211
f 8212 7374 8211
f 7375 7374 8212
f 8213 7375 8212
f 8213 8215 8214
f 8213 8214 7375
f 7375 8214 7376
f 7346 8216 8170
f 7346 7376 8216
f 7376 8214 8216
f 8170 8217 8171
f 8216 8217 8170
f 8171 8217 8173
f 8220 8218 8219
f 8219 8178 8180
f 8219 8218 8178
f 8218 8221 8178
f 8178 8221 8181
f 8181 8221 8222
f 8181 8222 8182
f 8182 8222 8223
f 8182 8223 8183
f 8183 8223 8224
f 8183 8224 7378
f 7353 8183 7378
f 8184 7355 7381
f 8185 8184 7381
f 8185 7381 8225
f 8225 7381 7383
f 7383 8226 8225
f 7384 8226 7383
f 8228 8186 8188
f 8227 8186 8228
f 8186 8227 8189
f 8189 8227 8229
f 8189 8229 8190
f 8190 8229 8230
f 7387 7386 8191
f 7387 8191 8230
f 8230 8191 8190
f 8191 7386 7357
f 8192 7359 7391
f 7391 8194 8192
f 7391 7392 8194
f 7392 8231 8194
f 8197 8232 8195
f 8195 8233 8198
f 8232 8233 8195
f 8235 8198 8233
f 8235 8234 8198
f 8234 8200 8198
f 8200 8234 8202
f 8202 8234 8236
f 7393 7362 8202
f 7393 8202 8237
f 8237 8202 8236
f 7393 8237 7395
f 7396 7397 8238
f 7365 7396 8238
f 7365 8238 8203
f 8203 8238 8239
f 8203 8239 8204
f 8204 8239 8240
f 8204 8240 8205
f 8205 8240 8241
f 8242 8241 8243
f 8242 8206 8241
f 8206 8205 8241
f 8206 8244 8207
f 8242 8244 8206
f 8207 8245 8208
f 8244 8245 8207
f 8208 8246 8209
f 8245 8246 8208
f 8209 8247 8210
f 8246 8247 8209
f 8210 8248 8211
f 8247 8248 8210
f 8211 8249 8212
f 8248 8249 8211
f 8212 8250 8213
f 8249 8250 8212
f 8213 8250 8215
f 8253 8251 8252
f 8252 8218 8220
f 8252 8251 8218
f 8251 8254 8218
f 8218 8254 8221
f 8221 8254 8255
f 8221 8255 8222
f 8222 8255 8256
f 7400 7399 8223
f 7400 8223 8256
f 8256 8223 8222
f 8224 8223 7399
f 7402 8224 7399
f 8224 7402 7378
f 8257 8258 8226
f 8257 8226 7403
f 7403 8226 7384
f 8227 7406 7405
f 8228 7406 8227
f 8228 8257 7406
f 8228 8258 8257
f 8229 8227 7405
f 7408 8229 7405
f 8230 8229 7408
f 7410 8230 7408
f 8230 7410 7387
f 8231 7392 8259
f 8259 7392 7415
f 8262 8260 8261
f 8261 8234 8235
f 8261 8260 8234
f 8260 8263 8234
f 8234 8263 8236
f 8236 8263 8264
f 8236 8264 8237
f 8237 8264 8265
f 8237 8265 7417
f 7395 8237 7417
f 7419 8267 8266
f 7418 7419 8266
f 8266 8268 7418
f 7418 8268 7420
f 8268 8269 7420
f 7420 8269 7421
f 8269 8270 7421
f 7421 8270 7423
f 8270 8271 7423
f 7423 8271 7424
f 8271 8272 7424
f 7424 8272 7425
f 7397 8273 8238
f 7397 7425 8273
f 7425 8272 8273
f 8238 8274 8239
f 8273 8274 8238
f 8239 8275 8240
f 8274 8275 8239
f 8240 8276 8241
f 8275 8276 8240
f 8241 8276 8243
f 8279 8277 8278
f 8278 8280 8281
f 8277 8280 8278
f 8281 8251 8253
f 8281 8280 8251
f 8280 8282 8251
f 8251 8282 8254
f 8254 8282 8283
f 8254 8283 8255
f 8255 8283 8284
f 7428 7427 8256
f 7428 8256 8284
f 8284 8256 8255
f 8256 7427 7400
f 8257 7403 7431
f 8257 7431 7406
f 8259 7415 8285
f 8285 7415 7433
f 8288 8286 8287
f 7436 8287 8286
f 7436 7435 8287
f 7435 8289 8287
f 8290 7435 7437
f 8290 8291 7435
f 8291 8289 7435
f 8291 8260 8262
f 8291 8290 8260
f 8290 8292 8260
f 7440 7439 8263
f 7440 8263 8292
f 8292 8263 8260
f 8264 8263 7439
f 7442 8264 7439
f 8265 8264 7442
f 7443 8265 7442
f 8265 7443 7417
f 7444 7445 8293
f 8293 7419 7444
f 8293 8294 7419
f 8294 8267 7419
f 8297 8295 8296
f 8296 8298 8299
f 8295 8298 8296
f 8277 7448 7447
f 8279 7448 8277
f 8279 8298 7448
f 8279 8299 8298
f 8280 8277 7447
f 7450 8280 7447
f 8282 8280 7450
f 7452 8282 7450
f 8283 8282 7452
f 7454 8283 7452
f 8284 8283 7454
f 7456 8284 7454
f 8284 7456 7428
f 8285 7433 7459
f 8300 8285 7459
f 7459 8301 8300
f 7460 8301 7459
f 8304 8302 8303
f 8303 8286 8288
f 8303 8302 8286
f 8302 8305 8286
f 7461 7436 8286
f 7461 8286 8306
f 8306 8286 8305
f 7463 7462 8290
f 7463 8290 8306
f 7437 7461 8290
f 7461 8306 8290
f 8292 8290 7462
f 7465 8292 7462
f 8292 7465 7440
f 8307 8293 7445
f 8307 7445 8308
f 8308 7445 7466
f 8293 8307 8294
f 8311 8309 8310
f 8310 8312 8313
f 8309 8312 8310
f 8313 8312 8314
f 8317 8315 8316
f 8316 8318 8319
f 8315 8318 8316
f 8319 8320 8321
f 8318 8320 8319
f 8321 8322 8323
f 8320 8322 8321
f 8323 8324 8325
f 8322 8324 8323
f 7469 8325 8324
f 7469 7468 8325
f 7468 8326 8325
f 8326 7468 8327
f 7468 7471 8327
f 8327 7471 8328
f 7471 7473 8328
f 8328 7473 8329
f 7473 7475 8329
f 8330 7475 7476
f 8330 8331 7475
f 8331 8329 7475
f 8331 8332 8333
f 8330 8332 8331
f 8333 8334 8335
f 8332 8334 8333
f 8335 8336 8337
f 8334 8336 8335
f 8337 8338 8339
f 8336 8338 8337
f 8339 8340 8341
f 8338 8340 8339
f 8341 8342 8343
f 8340 8342 8341
f 8343 8344 8345
f 8342 8344 8343
f 8345 8346 8347
f 8344 8346 8345
f 8347 8348 8349
f 8346 8348 8347
f 8295 7479 7478
f 8297 7479 8295
f 8297 8348 7479
f 8297 8349 8348
f 8298 8295 7478
f 7481 8298 7478
f 8298 7481 7448
f 8301 7460 7487
f 8350 8301 7487
f 8350 7487 8351
f 7487 7489 8351
f 7489 8352 8351
f 7490 8352 7489
f 8355 8353 8354
f 8354 8302 8304
f 8354 8353 8302
f 8353 8356 8302
f 8302 8356 8305
f 8305 8356 8357
f 8305 8357 8306
f 8306 8357 8358
f 8306 8358 7491
f 7463 8306 7491
f 8308 7466 8359
f 8359 7466 7493
f 8362 8360 8361
f 8361 8363 8364
f 8360 8363 8361
f 8364 8365 8366
f 8363 8365 8364
f 8366 8367 8368
f 8365 8367 8366
f 8368 8369 8370
f 8367 8369 8368
f 8370 8371 8372
f 8369 8371 8370
f 8372 8309 8311
f 8372 8371 8309
f 8371 8373 8309
f 8309 8373 8312
f 8312 8373 8374
f 8314 8375 8376
f 8314 8312 8375
f 8312 8374 8375
f 8376 8377 8378
f 8375 8377 8376
f 8378 8379 8380
f 8377 8379 8378
f 8380 8381 8382
f 8379 8381 8380
f 8382 8383 8384
f 8381 8383 8382
f 8384 8385 8386
f 8383 8385 8384
f 8386 8387 8388
f 8385 8387 8386
f 8388 8389 8390
f 8387 8389 8388
f 7496 8390 8389
f 7496 7495 8390
f 7495 8391 8390
f 8391 7495 8392
f 7495 7498 8392
f 8315 8317 8392
f 8315 8392 7500
f 7500 8392 7498
f 8318 8315 7500
f 7501 8318 7500
f 8320 8318 7501
f 7502 8320 7501
f 8322 8320 7502
f 7503 8322 7502
f 8324 8322 7503
f 7504 8324 7503
f 8324 7504 7469
f 8330 7476 7505
f 8332 8330 7505
f 7506 8332 7505
f 8334 8332 7506
f 7507 8334 7506
f 8336 8334 7507
f 7508 8336 7507
f 8338 8336 7508
f 7509 8338 7508
f 8340 8338 7509
f 7510 8340 7509
f 8342 8340 7510
f 7511 8342 7510
f 8344 8342 7511
f 7512 8344 7511
f 8346 8344 7512
f 7513 8346 7512
f 8348 8346 7513
f 7514 8348 7513
f 8348 7514 7479
f 7515 7516 8393
f 8393 7490 7515
f 8393 8394 7490
f 8394 8352 7490
f 8396 8353 8355
f 8395 8353 8396
f 8353 8395 8356
f 8356 8395 8397
f 7519 7518 8357
f 7519 8357 8397
f 8397 8357 8356
f 8358 8357 7518
f 7521 8358 7518
f 8358 7521 7491
f 8359 7493 8398
f 8398 7493 7522
f 7523 8399 7524
f 7525 8399 7523
f 8400 8399 7525
f 7525 7526 8400
f 8403 8401 8402
f 8402 8404 8405
f 8401 8404 8402
f 8405 8360 8362
f 8405 8404 8360
f 8404 8406 8360
f 7530 7529 8363
f 7530 8363 8406
f 8406 8363 8360
f 8365 8363 7529
f 7532 8365 7529
f 8367 8365 7532
f 7534 8367 7532
f 8369 8367 7534
f 7535 8369 7534
f 8371 8369 7535
f 7536 8371 7535
f 8373 8371 7536
f 7537 8373 7536
f 8374 8373 7537
f 7538 8374 7537
f 8375 8374 7538
f 7539 8375 7538
f 8377 8375 7539
f 7540 8377 7539
f 8379 8377 7540
f 7541 8379 7540
f 8381 8379 7541
f 7542 8381 7541
f 8383 8381 7542
f 7543 8383 7542
f 8385 8383 7543
f 7544 8385 7543
f 8387 8385 7544
f 7545 8387 7544
f 8389 8387 7545
f 7546 8389 7545
f 8389 7546 7496
f 8393 7516 7547
f 8394 8393 7547
f 8394 7547 8407
f 8407 7547 7548
f 8407 7548 8408
f 7548 7549 8408
f 8395 8396 8408
f 8395 8408 7550
f 7550 8408 7549
f 8397 8395 7550
f 7551 8397 7550
f 8397 7551 7519
f 8398 7522 7552
f 8409 8398 7552
f 7552 8410 8409
f 7554 8410 7552
f 7555 8411 7556
f 7557 8411 7555
f 8412 8411 7557
f 8412 8413 8414
f 7557 8413 8412
f 7557 8399 8413
f 7557 7524 8399
f 8399 8400 8415
f 8413 8399 8415
f 8400 7526 7558
f 8400 7558 8415
f 8415 7558 8416
f 8416 7558 8417
f 7558 7559 8417
f 8401 8403 8417
f 8401 8417 7560
f 7560 8417 7559
f 8404 8401 7560
f 7561 8404 7560
f 8406 8404 7561
f 7562 8406 7561
f 8406 7562 7530
f 8410 7554 7563
f 8418 8410 7563
f 7556 8411 8419
f 7556 8419 7563
f 7563 8419 8418
f 8411 8412 8420
f 8419 8411 8420
f 8412 8414 8420
f 7569 7570 8421
f 8421 8423 8422
f 8421 8422 7569
f 7569 8422 7571
f 8422 8424 7571
f 7571 8424 7572
f 8424 8425 7572
f 7572 8425 7573
f 8427 8426 7574
f 8427 7574 8425
f 8425 7574 7573
f 7575 7574 8426
f 8428 7575 8426
f 7575 8428 7577
f 8429 8421 7570
f 8429 7570 8430
f 8430 7570 7580
f 8421 8429 8423
f 8427 8431 8426
f 8426 8432 8428
f 8431 8432 8426
f 8434 8433 7581
f 8432 8434 7581
f 8432 7581 7577
f 8432 7577 8428
f 7581 8433 7583
f 8437 8436 8435
f 8436 8439 8438
f 8435 8436 8438
f 8439 8440 8438
f 8430 7580 8441
f 8441 7580 7585
f 8443 8433 8434
f 8442 8433 8443
f 8433 8442 7587
f 7583 8433 7587
f 8446 8445 8444
f 8435 7590 7591
f 8437 8435 7591
f 8437 7591 8444
f 8437 8444 8445
f 8438 7590 8435
f 7592 7590 8438
f 8440 7592 8438
f 8440 8447 7592
f 8447 7594 7592
f 8447 8448 7594
f 7594 8448 7596
f 8450 8449 7597
f 8450 7597 8448
f 8448 7597 7596
f 8449 8452 8451
f 8449 8451 7597
f 7597 8451 7598
f 8451 8453 7598
f 7598 8453 7599
f 8455 8454 7600
f 8455 7600 8453
f 8453 7600 7599
f 7600 8454 7602
f 7631 7632 8456
f 7631 8456 7634
f 8441 7585 8457
f 8457 7585 7637
f 8459 8442 8443
f 8458 8442 8459
f 8442 8458 7639
f 7587 8442 7639
f 8444 7642 7643
f 8444 7643 8446
f 8446 7643 8460
f 8444 7591 7642
f 8450 8461 8449
f 8449 8461 8452
f 8455 8462 8454
f 8454 7644 7602
f 8454 8462 7644
f 8462 8463 7644
f 8463 8464 7644
f 7644 8464 7645
f 8464 8465 7645
f 7645 8465 7646
f 8467 8466 7647
f 8467 7647 8465
f 8465 7647 7646
f 7648 7647 8466
f 8468 7648 8466
f 7649 7648 8468
f 8469 7649 8468
f 7650 7649 8469
f 8470 7650 8469
f 7651 7650 8470
f 8471 7651 8470
f 7652 7651 8471
f 8472 7652 8471
f 7653 7652 8472
f 8473 7653 8472
f 7654 7653 8473
f 8474 7654 8473
f 7655 7654 8474
f 8475 7655 8474
f 7656 7655 8475
f 8476 7656 8475
f 7657 7656 8476
f 8477 7657 8476
f 7658 7657 8477
f 8478 7658 8477
f 7659 7658 8478
f 8479 7659 8478
f 7660 7659 8479
f 8480 7660 8479
f 7661 7660 8480
f 8481 7661 8480
f 7662 7661 8481
f 8482 7662 8481
f 7663 7662 8482
f 8483 7663 8482
f 7664 7663 8483
f 8484 7664 8483
f 7665 7664 8484
f 8485 7665 8484
f 7666 7665 8485
f 8486 7666 8485
f 8486 8488 8487
f 8486 8487 7666
f 7666 8487 7667
f 8487 8489 7667
f 7667 8489 7668
f 8489 8490 7668
f 7668 8490 7669
f 8490 8491 7669
f 7669 8491 7670
f 8491 8492 7670
f 7670 8492 7671
f 8492 8493 7671
f 7671 8493 7672
f 8495 8494 7673
f 8495 7673 8493
f 8493 7673 7672
f 7674 7673 8494
f 8496 7674 8494
f 7675 7674 8496
f 8497 7675 8496
f 7676 7675 8497
f 8498 7676 8497
f 7677 7676 8498
f 8499 7677 8498
f 8499 8501 8500
f 7677 8499 8500
f 7677 8500 8456
f 7677 8456 7632
f 8503 8502 7678
f 8500 8503 7678
f 8500 7678 7634
f 8500 7634 8456
f 7679 7678 8502
f 8504 7679 8502
f 7679 8504 7681
f 8457 7637 8505
f 8505 7637 7686
f 8507 8458 8459
f 8506 8458 8507
f 7687 7639 8458
f 7687 8458 8508
f 8508 8458 8506
f 7688 7687 8508
f 8509 7688 8508
f 7688 8509 7690
f 8460 7643 8510
f 8510 7643 7692
f 8467 8511 8466
f 8466 8512 8468
f 8511 8512 8466
f 8468 8513 8469
f 8512 8513 8468
f 8469 8514 8470
f 8513 8514 8469
f 8516 8470 8514
f 8516 8515 8470
f 8515 8471 8470
f 8471 8515 8472
f 8472 8515 8517
f 8472 8517 8473
f 8473 8517 8518
f 8519 8518 8520
f 8519 8474 8518
f 8474 8473 8518
f 8474 8521 8475
f 8519 8521 8474
f 8475 8522 8476
f 8521 8522 8475
f 8476 8523 8477
f 8522 8523 8476
f 8477 8524 8478
f 8523 8524 8477
f 8478 8525 8479
f 8524 8525 8478
f 8479 8526 8480
f 8525 8526 8479
f 8480 8527 8481
f 8526 8527 8480
f 8481 8528 8482
f 8527 8528 8481
f 8482 8529 8483
f 8528 8529 8482
f 8483 8530 8484
f 8529 8530 8483
f 8484 8531 8485
f 8530 8531 8484
f 8485 8532 8486
f 8531 8532 8485
f 8486 8532 8488
f 8495 8533 8494
f 8494 8534 8496
f 8533 8534 8494
f 8496 8535 8497
f 8534 8535 8496
f 8497 8536 8498
f 8535 8536 8497
f 8498 8537 8499
f 8536 8537 8498
f 8499 8537 8501
f 8503 8538 8502
f 8540 8502 8538
f 8540 8539 8502
f 8539 8504 8502
f 7693 7681 8504
f 7693 8504 8541
f 8541 8504 8539
f 7694 7693 8541
f 8542 7694 8541
f 7694 8542 7696
f 8505 7686 8543
f 8543 7686 7702
f 8545 8506 8507
f 8544 8506 8545
f 8506 8544 8508
f 8508 8544 8546
f 8508 8546 8509
f 8509 8546 8547
f 8509 8547 7704
f 7690 8509 7704
f 8510 7692 8548
f 8548 7692 7705
f 8516 8549 8515
f 8515 8550 8517
f 8549 8550 8515
f 8517 8551 8518
f 8550 8551 8517
f 8518 8551 8520
f 8540 8552 8539
f 8539 8553 8541
f 8552 8553 8539
f 8555 8541 8553
f 8555 8554 8541
f 8554 8542 8541
f 7706 7696 8542
f 7706 8542 8556
f 8556 8542 8554
f 7707 7706 8556
f 8557 7707 8556
f 7707 8557 7709
f 7718 8559 8558
f 7717 7718 8558
f 8558 7702 7717
f 8543 7702 8558
f 8561 8544 8545
f 8560 8544 8561
f 7721 7720 8546
f 7721 8546 8560
f 8560 8546 8544
f 8547 8546 7720
f 7723 8547 7720
f 8547 7723 7704
f 8562 8563 8548
f 8562 8548 7729
f 7729 8548 7705
f 8563 8562 8564
f 8555 8565 8554
f 8567 8554 8565
f 8567 8566 8554
f 8566 8556 8554
f 8556 8566 8557
f 8557 8566 8568
f 7730 7709 8557
f 7730 8557 8569
f 8569 8557 8568
f 7730 8569 7732
f 7738 7739 8570
f 7738 8570 7741
f 7745 7746 8571
f 8571 7718 7745
f 8571 8572 7718
f 8572 8559 7718
f 8561 8573 8560
f 8575 8574 7747
f 8573 8575 7747
f 8573 7747 7721
f 8573 7721 8560
f 7748 7747 8574
f 8576 7748 8574
f 7749 7748 8576
f 8577 7749 8576
f 7749 8577 7751
f 7755 8579 8578
f 7754 7755 8578
f 8578 8580 7754
f 7754 8580 7756
f 8580 8581 7756
f 7756 8581 7757
f 7757 8581 8582
f 7759 7757 8582
f 7762 7763 8583
f 7764 7762 8583
f 8584 7764 8583
f 7764 8584 7766
f 8562 7729 7768
f 7768 8564 8562
f 7768 7769 8564
f 7769 8585 8564
f 8588 8586 8587
f 8587 8589 8590
f 8586 8589 8587
f 8590 8591 8592
f 8589 8591 8590
f 8592 8593 8594
f 8591 8593 8592
f 8594 8595 8596
f 8593 8595 8594
f 8596 8597 8598
f 8595 8597 8596
f 8598 8597 8599
f 8567 8600 8566
f 8602 8566 8600
f 8602 8601 8566
f 8601 8568 8566
f 8568 8601 8569
f 8569 8601 8603
f 7771 7732 8569
f 7771 8569 8604
f 8604 8569 8603
f 7771 8604 7773
f 8605 8570 7739
f 7779 8605 7739
f 7780 7741 8570
f 7780 8570 8606
f 8606 8570 8605
f 7780 8606 7782
f 8607 8571 7746
f 7786 8607 7746
f 8572 8607 8608
f 8571 8607 8572
f 8574 7789 7788
f 8574 8575 7789
f 8575 8609 7789
f 7788 7790 8610
f 7788 8610 8574
f 8574 8610 8576
f 8576 8610 8577
f 8577 8610 8611
f 8577 8611 7792
f 7751 8577 7792
f 7796 8613 8612
f 7795 7796 8612
f 8612 7755 7795
f 8579 7755 8612
f 8582 7797 7759
f 8614 7797 8582
f 8616 8615 7798
f 8616 7798 8614
f 8614 7798 7797
f 7799 7798 8615
f 8617 7799 8615
f 7763 7799 8617
f 7763 8617 8583
f 8583 8617 8618
f 8619 8618 8620
f 8619 8584 8618
f 8584 8583 8618
f 8622 8621 7800
f 8619 8622 7800
f 8619 7800 7766
f 8619 7766 8584
f 7800 8621 7802
f 8623 8624 8585
f 8623 8585 7803
f 7803 8585 7769
f 7806 8624 8623
f 7806 7805 8624
f 7805 8625 8624
f 8625 7805 8626
f 7805 7807 8626
f 8586 8588 8626
f 8586 8626 7808
f 7808 8626 7807
f 8589 8586 7808
f 7809 8589 7808
f 8591 8589 7809
f 7810 8591 7809
f 8593 8591 7810
f 7811 8593 7810
f 8595 8593 7811
f 7813 8595 7811
f 8597 8595 7813
f 7815 8597 7813
f 7815 7816 8627
f 8597 7815 8627
f 8597 8627 8628
f 8597 8628 8599
f 8628 8629 8630
f 8627 8629 8628
f 8630 8631 8632
f 8629 8631 8630
f 8632 8633 8634
f 8631 8633 8632
f 8634 8635 8636
f 8633 8635 8634
f 8636 8637 8638
f 8635 8637 8636
f 8638 8639 8640
f 8637 8639 8638
f 8640 8641 8642
f 8639 8641 8640
f 8642 8643 8644
f 8641 8643 8642
f 8644 8645 8646
f 8643 8645 8644
f 8646 8645 8647
f 8602 8648 8601
f 8650 8601 8648
f 8650 8649 8601
f 8649 8603 8601
f 8603 8649 8604
f 8604 8649 8651
f 7817 7773 8604
f 7817 8604 8652
f 8652 8604 8651
f 7817 8652 7819
f 7821 7822 8653
f 7821 8653 7824
f 8654 8605 7779
f 7828 8654 7779
f 8605 8654 8606
f 8606 8654 8655
f 7829 7782 8606
f 7829 8606 8656
f 8656 8606 8655
f 7829 8656 7831
f 8657 8607 7786
f 7834 8657 7786
f 8608 8657 8658
f 8607 8657 8608
f 7835 8660 8659
f 7835 7789 8660
f 7789 8609 8660
f 7790 7835 8659
f 7790 8659 8610
f 8610 8659 8661
f 8610 8661 8611
f 8611 8661 8662
f 8611 8662 7837
f 7792 8611 7837
f 7843 8664 8663
f 7842 7843 8663
f 8663 7796 7842
f 8613 7796 8663
f 8616 8665 8615
f 8615 8666 8617
f 8665 8666 8615
f 8668 8617 8666
f 8668 8667 8617
f 8667 8618 8617
f 8620 8667 8669
f 8618 8667 8620
f 8622 8670 8621
f 8672 8671 7844
f 8670 8672 7844
f 8670 7844 7802
f 8670 7802 8621
f 7844 8671 7845
f 8623 7803 7846
f 8623 7846 7806
f 8627 7816 7848
f 8629 8627 7848
f 7850 8629 7848
f 8631 8629 7850
f 7852 8631 7850
f 8633 8631 7852
f 7854 8633 7852
f 8635 8633 7854
f 7856 8635 7854
f 8637 8635 7856
f 7858 8637 7856
f 8639 8637 7858
f 7860 8639 7858
f 8641 8639 7860
f 7862 8641 7860
f 8643 8641 7862
f 7864 8643 7862
f 7864 7865 8673
f 7864 8673 8643
f 8643 8673 8645
f 8647 8674 8675
f 8647 8645 8674
f 8645 8673 8674
f 8675 8676 8677
f 8674 8676 8675
f 8677 8678 8679
f 8676 8678 8677
f 8679 8680 8681
f 8678 8680 8679
f 8681 8682 8683
f 8680 8682 8681
f 8683 8684 8685
f 8682 8684 8683
f 8685 8684 8686
f 8650 8687 8649
f 8689 8649 8687
f 8689 8688 8649
f 8688 8651 8649
f 8651 8688 8652
f 8652 8688 8690
f 7866 7819 8652
f 7866 8652 8691
f 8691 8652 8690
f 7867 7866 8691
f 8692 7867 8691
f 7822 7867 8692
f 7822 8692 8653
f 8653 8692 8693
f 8653 8693 7869
f 7824 8653 7869
f 7872 7873 8694
f 8694 8696 8695
f 7872 8694 8695
f 7872 8695 8654
f 7872 8654 7828
f 8654 8697 8655
f 8695 8697 8654
f 8699 8655 8697
f 8699 8698 8655
f 8698 8656 8655
f 8656 8698 7875
f 7831 8656 7875
f 8700 8657 7834
f 7876 8700 7834
f 8658 8700 8701
f 8657 8700 8658
f 8660 8702 8659
f 8704 8659 8702
f 8704 8703 8659
f 8703 8661 8659
f 8661 8703 8662
f 8662 8703 8705
f 7877 7837 8662
f 7877 8662 8706
f 8706 8662 8705
f 7877 8706 7879
f 7880 7881 8707
f 7880 8707 7882
f 7884 7885 8708
f 7886 7884 8708
f 8709 7886 8708
f 8709 7843 7886
f 8709 8710 7843
f 8710 8664 7843
f 8668 8711 8667
f 8667 8711 8669
f 8713 8671 8672
f 8712 8671 8713
f 8671 8712 7888
f 7845 8671 7888
f 8673 7865 7889
f 8674 8673 7889
f 7890 8674 7889
f 8676 8674 7890
f 7891 8676 7890
f 8678 8676 7891
f 7892 8678 7891
f 8680 8678 7892
f 7893 8680 7892
f 8682 8680 7893
f 7894 8682 7893
f 8684 8682 7894
f 7895 8684 7894
f 8686 8684 7895
f 8686 7895 8714
f 8714 7895 7896
f 8714 7896 8715
f 7896 7897 8715
f 8715 7897 8716
f 7897 7899 8716
f 8717 7899 7900
f 8717 8718 7899
f 8718 8716 7899
f 8718 8719 8720
f 8717 8719 8718
f 8720 8719 8721
f 8724 8722 8723
f 8723 8688 8689
f 8723 8722 8688
f 8722 8725 8688
f 8688 8725 8690
f 8690 8725 8726
f 7903 7902 8691
f 7903 8691 8726
f 8726 8691 8690
f 8692 8691 7902
f 7905 8692 7902
f 7905 7906 8727
f 7905 8727 8692
f 8692 8727 8693
f 8693 8727 7908
f 7869 8693 7908
f 8728 8694 7873
f 8728 7873 8729
f 8729 7873 7911
f 8694 8728 8696
f 8732 8730 8731
f 8731 8698 8699
f 8731 8730 8698
f 8730 8733 8698
f 7912 7875 8698
f 7912 8698 8734
f 8734 8698 8733
f 7912 8734 7914
f 8735 8700 7876
f 7918 8735 7876
f 8701 8735 8736
f 8700 8735 8701
f 8738 8703 8704
f 8737 8703 8738
f 8703 8737 8705
f 8705 8737 8739
f 8705 8739 8706
f 8706 8739 8740
f 7919 7879 8706
f 7919 8706 8741
f 8741 8706 8740
f 7922 7921 8707
f 7922 8707 8741
f 7881 7919 8707
f 7919 8741 8707
f 8707 7921 7882
f 8742 8708 7885
f 7925 8742 7885
f 8708 8742 8709
f 8709 8742 8743
f 8710 8743 8744
f 8709 8743 8710
f 8746 8712 8713
f 8745 8712 8746
f 8712 8745 7927
f 7888 8712 7927
f 8717 7900 7928
f 8719 8717 7928
f 7929 8719 7928
f 8721 8719 7929
f 8721 7929 8747
f 8747 7929 7930
f 8747 7930 8748
f 7930 7931 8748
f 8748 7931 8749
f 7931 7933 8749
f 8749 7933 8750
f 7933 7935 8750
f 8751 7935 7936
f 8751 8752 7935
f 8752 8750 7935
f 8752 8753 8754
f 8751 8753 8752
f 8754 8755 8756
f 8753 8755 8754
f 8756 8755 8757
f 8760 8758 8759
f 8759 8722 8724
f 8759 8758 8722
f 8758 8761 8722
f 8722 8761 8725
f 8725 8761 8762
f 8725 8762 8726
f 8726 8762 8763
f 7937 7903 8726
f 7937 8726 8764
f 8764 8726 8763
f 7938 7937 8764
f 8765 7938 8764
f 7941 7940 8727
f 7941 8727 8765
f 7906 7938 8727
f 7938 8765 8727
f 8727 7940 7908
f 8729 7911 8766
f 8766 7911 7945
f 8768 8730 8732
f 8767 8730 8768
f 8730 8767 8733
f 8733 8767 8769
f 8733 8769 8734
f 8734 8769 8770
f 7946 7914 8734
f 7946 8734 8771
f 8771 8734 8770
f 7947 7946 8771
f 8772 7947 8771
f 7947 8772 7949
f 8773 8735 7918
f 8773 7918 8774
f 8774 7918 7951
f 8735 8773 8736
f 8738 8775 8737
f 8777 8737 8775
f 8777 8776 8737
f 8776 8739 8737
f 8739 8776 8740
f 8740 8776 8778
f 7954 7953 8741
f 7954 8741 8778
f 8778 8741 8740
f 8741 7953 7922
f 8779 8742 7925
f 7958 8779 7925
f 7961 7960 8743
f 7961 8743 8779
f 8779 8743 8742
f 7960 8744 8743
f 7960 7962 8744
f 7962 8780 8744
f 8745 7965 7964
f 8745 8746 7965
f 8746 8781 7965
f 8745 7964 7927
f 8751 7936 7967
f 8753 8751 7967
f 7968 8753 7967
f 8755 8753 7968
f 7969 8755 7968
f 8757 8755 7969
f 8757 7969 8782
f 8782 7969 7970
f 8782 7970 8783
f 7970 7971 8783
f 8783 7971 8784
f 7971 7973 8784
f 8784 7973 8785
f 7973 7975 8785
f 8786 7975 7976
f 8786 8787 7975
f 8787 8785 7975
f 8787 8788 8789
f 8786 8788 8787
f 8789 8790 8791
f 8788 8790 8789
f 8791 8792 8793
f 8790 8792 8791
f 8793 8794 8795
f 8792 8794 8793
f 8795 8796 8797
f 8794 8796 8795
f 8797 8798 8799
f 8796 8798 8797
f 8799 8758 8760
f 8799 8798 8758
f 8798 8800 8758
f 8758 8800 8761
f 8761 8800 8801
f 8761 8801 8762
f 8762 8801 8802
f 8762 8802 8763
f 8763 8802 8803
f 8763 8803 8764
f 8764 8803 8804
f 8764 8804 8765
f 8765 8804 8805
f 7977 7941 8765
f 7977 8765 8806
f 8806 8765 8805
f 7978 7977 8806
f 8807 7978 8806
f 7978 8807 7980
f 7981 7982 8808
f 8808 7945 7981
f 8808 8809 7945
f 8809 8766 7945
f 8811 8767 8768
f 8810 8767 8811
f 8812 8810 8813
f 8812 8769 8810
f 8769 8767 8810
f 8769 8814 8770
f 8812 8814 8769
f 8816 8770 8814
f 8816 8815 8770
f 8815 8771 8770
f 8771 8815 8772
f 8772 8815 8817
f 7983 7949 8772
f 7983 8772 8818
f 8818 8772 8817
f 7984 7983 8818
f 8819 7984 8818
f 8819 7951 7984
f 8819 8820 7951
f 8820 8774 7951
f 8822 8776 8777
f 8821 8776 8822
f 8776 8821 8778
f 8778 8821 8823
f 8778 8823 7986
f 7954 8778 7986
f 8779 7958 7990
f 8779 7990 7961
f 8780 7962 8824
f 8824 7962 7992
f 8827 8825 8826
f 8826 8825 8828
f 8831 8829 8830
f 8830 8829 7994
f 8830 7994 8781
f 8781 7994 7965
f 8786 7976 7995
f 8788 8786 7995
f 7996 8788 7995
f 8790 8788 7996
f 7997 8790 7996
f 8792 8790 7997
f 7998 8792 7997
f 8794 8792 7998
f 7999 8794 7998
f 8796 8794 7999
f 8001 8796 7999
f 8001 8002 8832
f 8001 8832 8796
f 8796 8832 8798
f 8798 8832 8800
f 8800 8832 8833
f 8800 8833 8801
f 8801 8833 8834
f 8801 8834 8802
f 8802 8834 8835
f 8802 8835 8803
f 8803 8835 8836
f 8803 8836 8804
f 8804 8836 8837
f 8804 8837 8805
f 8805 8837 8838
f 8005 8004 8806
f 8005 8806 8838
f 8838 8806 8805
f 8807 8806 8004
f 8007 8807 8004
f 8807 8007 7980
f 8839 8808 7982
f 8009 8839 7982
f 8809 8839 8840
f 8808 8839 8809
f 8842 8810 8811
f 8841 8810 8842
f 8813 8841 8843
f 8810 8841 8813
f 8845 8815 8816
f 8844 8815 8845
f 8815 8844 8817
f 8817 8844 8846
f 8817 8846 8818
f 8818 8846 8847
f 8012 8011 8819
f 8012 8819 8847
f 8847 8819 8818
f 8011 8820 8819
f 8011 8013 8820
f 8013 8848 8820
f 8851 8849 8850
f 8850 8821 8822
f 8850 8849 8821
f 8849 8852 8821
f 8821 8852 8823
f 8823 8852 8853
f 8014 7986 8823
f 8014 8823 8854
f 8854 8823 8853
f 8014 8854 8016
f 8824 7992 8018
f 8855 8824 8018
f 8018 8856 8855
f 8019 8856 8018
f 8858 8825 8827
f 8857 8825 8858
f 8828 8857 8859
f 8825 8857 8828
f 8829 8022 8021
f 8829 8831 8022
f 8831 8860 8022
f 8829 8021 7994
f 8024 8025 8861
f 8026 8024 8861
f 8862 8026 8861
f 8027 8026 8862
f 8863 8027 8862
f 8028 8027 8863
f 8864 8028 8863
f 8002 8028 8864
f 8002 8864 8832
f 8832 8864 8865
f 8832 8865 8833
f 8833 8865 8866
f 8833 8866 8834
f 8834 8866 8867
f 8834 8867 8835
f 8835 8867 8868
f 8835 8868 8836
f 8836 8868 8869
f 8836 8869 8837
f 8837 8869 8870
f 8837 8870 8838
f 8838 8870 8871
f 8029 8005 8838
f 8029 8838 8872
f 8872 8838 8871
f 8029 8872 8031
f 8873 8839 8009
f 8033 8873 8009
f 8840 8873 8874
f 8839 8873 8840
f 8876 8841 8842
f 8875 8841 8876
f 8843 8877 8878
f 8843 8841 8877
f 8841 8875 8877
f 8878 8879 8880
f 8877 8879 8878
f 8880 8844 8845
f 8880 8879 8844
f 8879 8881 8844
f 8844 8881 8846
f 8846 8881 8882
f 8036 8035 8847
f 8036 8847 8882
f 8882 8847 8846
f 8847 8035 8012
f 8848 8013 8883
f 8883 8013 8038
f 8886 8884 8885
f 8885 8849 8851
f 8885 8884 8849
f 8884 8887 8849
f 8849 8887 8852
f 8852 8887 8888
f 8852 8888 8853
f 8853 8888 8889
f 8853 8889 8854
f 8854 8889 8890
f 8039 8016 8854
f 8039 8854 8891
f 8891 8854 8890
f 8039 8891 8041
f 8856 8019 8043
f 8892 8856 8043
f 8893 8043 8044
f 8893 8894 8043
f 8894 8892 8043
f 8894 8893 8895
f 8898 8896 8897
f 8897 8899 8900
f 8896 8899 8897
f 8047 8900 8899
f 8047 8046 8900
f 8046 8901 8900
f 8857 8858 8901
f 8857 8901 8049
f 8049 8901 8046
f 8049 8050 8902
f 8857 8049 8902
f 8857 8902 8903
f 8857 8903 8859
f 8903 8902 8052
f 8903 8052 8860
f 8860 8052 8022
f 8057 8058 8904
f 8059 8057 8904
f 8905 8059 8904
f 8025 8059 8905
f 8025 8905 8861
f 8861 8905 8906
f 8861 8906 8862
f 8862 8906 8907
f 8862 8907 8863
f 8863 8907 8908
f 8909 8908 8910
f 8909 8864 8908
f 8864 8863 8908
f 8864 8911 8865
f 8909 8911 8864
f 8865 8912 8866
f 8911 8912 8865
f 8914 8866 8912
f 8914 8913 8866
f 8913 8867 8866
f 8867 8913 8868
f 8868 8913 8915
f 8868 8915 8869
f 8869 8915 8916
f 8869 8916 8870
f 8870 8916 8917
f 8870 8917 8871
f 8871 8917 8918
f 8871 8918 8872
f 8872 8918 8919
f 8060 8031 8872
f 8060 8872 8920
f 8920 8872 8919
f 8060 8920 8062
f 8873 8033 8064
f 8064 8874 8873
f 8064 8065 8874
f 8065 8921 8874
f 8876 8922 8875
f 8924 8875 8922
f 8924 8923 8875
f 8923 8877 8875
f 8877 8923 8879
f 8879 8923 8925
f 8879 8925 8881
f 8881 8925 8926
f 8068 8067 8882
f 8068 8882 8926
f 8926 8882 8881
f 8882 8067 8036
f 8070 8071 8927
f 8927 8038 8070
f 8927 8928 8038
f 8928 8883 8038
f 8886 8929 8884
f 8884 8930 8887
f 8929 8930 8884
f 8932 8887 8930
f 8932 8931 8887
f 8931 8888 8887
f 8888 8931 8889
f 8889 8931 8933
f 8889 8933 8890
f 8890 8933 8934
f 8890 8934 8891
f 8891 8934 8935
f 8891 8935 8073
f 8041 8891 8073
f 8893 8044 8076
f 8076 8077 8936
f 8893 8076 8936
f 8893 8936 8937
f 8893 8937 8895
f 8937 8938 8939
f 8936 8938 8937
f 8896 8080 8079
f 8898 8080 8896
f 8898 8938 8080
f 8898 8939 8938
f 8079 8082 8940
f 8079 8940 8896
f 8896 8940 8899
f 8899 8940 8083
f 8047 8899 8083
f 8902 8050 8086
f 8902 8086 8052
f 8090 8091 8941
f 8092 8090 8941
f 8942 8092 8941
f 8093 8092 8942
f 8943 8093 8942
f 8094 8093 8943
f 8944 8094 8943
f 8095 8094 8944
f 8945 8095 8944
f 8058 8095 8945
f 8058 8945 8904
f 8904 8945 8946
f 8904 8946 8905
f 8905 8946 8947
f 8905 8947 8906
f 8906 8947 8948
f 8906 8948 8907
f 8907 8948 8949
f 8907 8949 8908
f 8908 8949 8950
f 8910 8951 8952
f 8910 8908 8951
f 8908 8950 8951
f 8952 8953 8954
f 8951 8953 8952
f 8954 8955 8956
f 8953 8955 8954
f 8956 8913 8914
f 8956 8955 8913
f 8955 8957 8913
f 8913 8957 8915
f 8915 8957 8958
f 8915 8958 8916
f 8916 8958 8959
f 8916 8959 8917
f 8917 8959 8960
f 8098 8097 8918
f 8098 8918 8960
f 8960 8918 8917
f 8919 8918 8097
f 8100 8919 8097
f 8920 8919 8100
f 8102 8920 8100
f 8920 8102 8062
f 8961 8962 8921
f 8961 8921 8105
f 8105 8921 8065
f 8962 8961 8963
f 8966 8964 8965
f 8965 8923 8924
f 8965 8964 8923
f 8964 8967 8923
f 8923 8967 8925
f 8925 8967 8968
f 8925 8968 8926
f 8926 8968 8969
f 8926 8969 8107
f 8068 8926 8107
f 8927 8071 8110
f 8110 8928 8927
f 8110 8111 8928
f 8111 8970 8928
f 8973 8971 8972
f 8972 8974 8975
f 8971 8974 8972
f 8975 8931 8932
f 8975 8974 8931
f 8974 8976 8931
f 8931 8976 8933
f 8933 8976 8977
f 8933 8977 8934
f 8934 8977 8978
f 8934 8978 8935
f 8935 8978 8979
f 8935 8979 8113
f 8073 8935 8113
f 8936 8077 8114
f 8938 8936 8114
f 8115 8938 8114
f 8938 8115 8080
f 8940 8082 8116
f 8940 8116 8083
f 8119 8120 8980
f 8121 8119 8980
f 8981 8121 8980
f 8122 8121 8981
f 8982 8122 8981
f 8123 8122 8982
f 8983 8123 8982
f 8983 8985 8984
f 8983 8984 8123
f 8123 8984 8124
f 8984 8986 8124
f 8124 8986 8125
f 8091 8987 8941
f 8091 8125 8987
f 8125 8986 8987
f 8941 8988 8942
f 8987 8988 8941
f 8942 8989 8943
f 8988 8989 8942
f 8943 8990 8944
f 8989 8990 8943
f 8944 8991 8945
f 8990 8991 8944
f 8945 8992 8946
f 8991 8992 8945
f 8946 8993 8947
f 8992 8993 8946
f 8947 8994 8948
f 8993 8994 8947
f 8948 8995 8949
f 8994 8995 8948
f 8949 8996 8950
f 8995 8996 8949
f 8950 8997 8951
f 8996 8997 8950
f 8951 8998 8953
f 8997 8998 8951
f 8953 8999 8955
f 8998 8999 8953
f 9001 8955 8999
f 9001 9000 8955
f 9000 8957 8955
f 8957 9000 8958
f 8958 9000 9002
f 8958 9002 8959
f 8959 9002 9003
f 8959 9003 8960
f 8960 9003 9004
f 8960 9004 8127
f 8098 8960 8127
f 8961 8105 8133
f 8133 8963 8961
f 8133 8134 8963
f 8134 9005 8963
f 9007 8964 8966
f 9006 8964 9007
f 8964 9006 8967
f 8967 9006 9008
f 8967 9008 8968
f 8968 9008 9009
f 8137 8136 8969
f 8137 8969 9009
f 9009 8969 8968
f 8969 8136 8107
f 8970 8111 9010
f 9010 8111 8140
f 8973 9011 8971
f 9013 8971 9011
f 9013 9012 8971
f 9012 8974 8971
f 8974 9012 8976
f 8976 9012 9014
f 8976 9014 8977
f 8977 9014 9015
f 8143 8142 8978
f 8143 8978 9015
f 9015 8978 8977
f 8979 8978 8142
f 8145 8979 8142
f 8979 8145 8113
f 8149 8150 9016
f 8151 8149 9016
f 9017 8151 9016
f 9017 9019 9018
f 9017 9018 8151
f 8151 9018 8152
f 9018 9020 8152
f 8152 9020 8153
f 8120 9021 8980
f 8120 8153 9021
f 8153 9020 9021
f 8980 9022 8981
f 9021 9022 8980
f 8981 9023 8982
f 9022 9023 8981
f 8982 9024 8983
f 9023 9024 8982
f 8983 9024 8985
f 9001 9025 9000
f 9027 9000 9025
f 9027 9026 9000
f 9026 9002 9000
f 9002 9026 9003
f 9003 9026 9028
f 9003 9028 9004
f 9004 9028 9029
f 9004 9029 8155
f 8127 9004 8155
f 9005 8134 9030
f 9030 8134 8160
f 9032 9006 9007
f 9031 9006 9032
f 9006 9031 9008
f 9008 9031 9033
f 8163 8162 9009
f 8163 9009 9033
f 9033 9009 9008
f 9009 8162 8137
f 9010 8140 9034
f 9034 8140 8166
f 9036 9012 9013
f 9035 9012 9036
f 9012 9035 9014
f 9014 9035 9037
f 9014 9037 9015
f 9015 9037 9038
f 9015 9038 8168
f 8143 9015 8168
f 8172 8173 9039
f 8174 8172 9039
f 9040 8174 9039
f 8175 8174 9040
f 9041 8175 9040
f 8176 8175 9041
f 9042 8176 9041
f 9042 9044 9043
f 9042 9043 8176
f 8176 9043 8177
f 8150 9045 9016
f 8150 8177 9045
f 8177 9043 9045
f 9016 9046 9017
f 9045 9046 9016
f 9017 9046 9019
f 9049 9047 9048
f 9048 9026 9027
f 9048 9047 9026
f 9047 9050 9026
f 9026 9050 9028
f 9028 9050 9051
f 8180 8179 9029
f 8180 9029 9051
f 9051 9029 9028
f 9029 8179 8155
f 9052 9053 9030
f 9052 9030 8185
f 8185 9030 8160
f 9053 9031 9032
f 9053 9052 9031
f 9052 9054 9031
f 8188 8187 9033
f 8188 9033 9054
f 9054 9033 9031
f 9033 8187 8163
f 8193 9055 9056
f 8193 9056 8166
f 8166 9056 9034
f 8193 8194 9055
f 9035 8197 8196
f 9035 9036 8197
f 9036 9057 8197
f 9037 9035 8196
f 8199 9037 8196
f 9038 9037 8199
f 8201 9038 8199
f 9038 8201 8168
f 8214 8215 9058
f 8216 8214 9058
f 9059 8216 9058
f 8217 8216 9059
f 9060 8217 9059
f 8173 8217 9060
f 8173 9060 9039
f 9039 9060 9061
f 9039 9061 9040
f 9040 9061 9062
f 9063 9062 9064
f 9063 9041 9062
f 9041 9040 9062
f 9041 9065 9042
f 9063 9065 9041
f 9042 9065 9044
f 9068 9066 9067
f 9067 9069 9070
f 9066 9069 9067
f 9070 9047 9049
f 9070 9069 9047
f 9069 9071 9047
f 9047 9071 9050
f 9050 9071 9072
f 8220 8219 9051
f 8220 9051 9072
f 9072 9051 9050
f 9051 8219 8180
f 9052 8185 8225
f 8225 8226 9073
f 8225 9073 9052
f 9052 9073 9054
f 9054 9073 8228
f 8188 9054 8228
f 9056 9055 9074
f 9055 9075 9074
f 9055 8194 9075
f 8194 8231 9075
f 9078 9076 9077
f 9077 9076 9079
f 9077 9079 8197
f 9077 8197 9057
f 8197 9079 8232
f 8233 8232 9079
f 9080 8233 9079
f 8233 9080 8235
f 8242 8243 9081
f 8244 8242 9081
f 9082 8244 9081
f 8245 8244 9082
f 9083 8245 9082
f 8246 8245 9083
f 9084 8246 9083
f 8247 8246 9084
f 9085 8247 9084
f 8248 8247 9085
f 9086 8248 9085
f 8249 8248 9086
f 9087 8249 9086
f 8250 8249 9087
f 9088 8250 9087
f 8215 8250 9088
f 8215 9088 9058
f 9058 9088 9089
f 9058 9089 9059
f 9059 9089 9090
f 9059 9090 9060
f 9060 9090 9091
f 9060 9091 9061
f 9061 9091 9092
f 9093 9092 9094
f 9093 9062 9092
f 9062 9061 9092
f 9062 9093 9064
f 9097 9095 9096
f 9096 9098 9099
f 9095 9098 9096
f 9099 9066 9068
f 9099 9098 9066
f 9098 9100 9066
f 9066 9100 9069
f 9069 9100 9101
f 9069 9101 9071
f 9071 9101 9102
f 8253 8252 9072
f 8253 9072 9102
f 9102 9072 9071
f 9072 8252 8220
f 9073 8226 8258
f 9073 8258 8228
f 9075 8231 9103
f 9103 8231 8259
f 9106 9104 9105
f 9105 9076 9078
f 9105 9104 9076
f 9104 9107 9076
f 9076 9107 9079
f 9079 9107 9108
f 8262 8261 9080
f 8262 9080 9108
f 9108 9080 9079
f 9080 8261 8235
f 8267 9110 9109
f 8266 8267 9109
f 9109 9111 8266
f 8266 9111 8268
f 9111 9112 8268
f 8268 9112 8269
f 9114 9113 8270
f 9114 8270 9112
f 9112 8270 8269
f 9113 9116 9115
f 9113 9115 8270
f 8270 9115 8271
f 9118 9117 8272
f 9118 8272 9115
f 9115 8272 8271
f 8273 8272 9117
f 9119 8273 9117
f 8274 8273 9119
f 9120 8274 9119
f 8275 8274 9120
f 9121 8275 9120
f 8276 8275 9121
f 9122 8276 9121
f 8243 8276 9122
f 8243 9122 9081
f 9081 9122 9123
f 9081 9123 9082
f 9082 9123 9124
f 9082 9124 9083
f 9083 9124 9125
f 9083 9125 9084
f 9084 9125 9126
f 9084 9126 9085
f 9085 9126 9127
f 9085 9127 9086
f 9086 9127 9128
f 9086 9128 9087
f 9087 9128 9129
f 9087 9129 9088
f 9088 9129 9130
f 9088 9130 9089
f 9089 9130 9131
f 9089 9131 9090
f 9090 9131 9132
f 9090 9132 9091
f 9091 9132 9133
f 9134 9133 9135
f 9134 9092 9133
f 9092 9091 9133
f 9092 9134 9094
f 9138 9136 9137
f 9137 9139 9140
f 9136 9139 9137
f 9140 9139 9141
f 9144 9142 9143
f 9143 9145 9146
f 9142 9145 9143
f 9146 9095 9097
f 9146 9145 9095
f 9145 9147 9095
f 9095 9147 9098
f 9098 9147 9148
f 9098 9148 9100
f 9100 9148 9149
f 8279 8278 9101
f 8279 9101 9149
f 9149 9101 9100
f 9102 9101 8278
f 8281 9102 8278
f 9102 8281 8253
f 9150 9151 9103
f 9150 9103 8285
f 8285 9103 8259
f 9151 9150 9152
f 9155 9153 9154
f 9104 8288 8287
f 9106 8288 9104
f 9106 9153 8288
f 9106 9154 9153
f 9107 9104 8287
f 8289 9107 8287
f 9108 9107 8289
f 8291 9108 8289
f 9108 8291 8262
f 9110 8267 9156
f 9156 8267 8294
f 9114 9157 9113
f 9113 9157 9116
f 9118 9158 9117
f 9160 9117 9158
f 9160 9159 9117
f 9159 9119 9117
f 9119 9159 9120
f 9120 9159 9161
f 9120 9161 9121
f 9121 9161 9162
f 9121 9162 9122
f 9122 9162 9163
f 9122 9163 9123
f 9123 9163 9164
f 9123 9164 9124
f 9124 9164 9165
f 9124 9165 9125
f 9125 9165 9166
f 9125 9166 9126
f 9126 9166 9167
f 9126 9167 9127
f 9127 9167 9168
f 9127 9168 9128
f 9128 9168 9169
f 9128 9169 9129
f 9129 9169 9170
f 9129 9170 9130
f 9130 9170 9171
f 9130 9171 9131
f 9131 9171 9172
f 9131 9172 9132
f 9132 9172 9173
f 9132 9173 9133
f 9133 9173 9174
f 9135 9175 9176
f 9135 9133 9175
f 9133 9174 9175
f 9176 9177 9178
f 9175 9177 9176
f 9178 9179 9180
f 9177 9179 9178
f 9180 9181 9182
f 9179 9181 9180
f 9182 9183 9184
f 9181 9183 9182
f 9184 9183 9185
f 9188 9186 9187
f 9187 9189 9190
f 9186 9189 9187
f 9190 9191 9192
f 9189 9191 9190
f 9192 9193 9194
f 9191 9193 9192
f 9194 9195 9196
f 9193 9195 9194
f 9196 9197 9198
f 9195 9197 9196
f 9198 9199 9200
f 9197 9199 9198
f 9200 9201 9202
f 9199 9201 9200
f 9202 9136 9138
f 9202 9201 9136
f 9201 9203 9136
f 9136 9203 9139
f 9139 9203 9204
f 9141 9205 9206
f 9141 9139 9205
f 9139 9204 9205
f 9206 9142 9144
f 9206 9205 9142
f 9205 9207 9142
f 9142 9207 9145
f 9145 9207 9208
f 9145 9208 9147
f 9147 9208 9209
f 8297 8296 9148
f 8297 9148 9209
f 9209 9148 9147
f 9149 9148 8296
f 8299 9149 8296
f 9149 8299 8279
f 9150 8285 8300
f 8300 9152 9150
f 8300 8301 9152
f 8301 9210 9152
f 9213 9211 9212
f 9153 8304 8303
f 9155 8304 9153
f 9155 9211 8304
f 9155 9212 9211
f 9153 8303 8288
f 8308 9215 9214
f 8307 8308 9214
f 9214 8294 8307
f 9156 8294 9214
f 9217 9159 9160
f 9216 9159 9217
f 9159 9216 9161
f 9161 9216 9218
f 9161 9218 9162
f 9162 9218 9219
f 9162 9219 9163
f 9163 9219 9220
f 9163 9220 9164
f 9164 9220 9221
f 9164 9221 9165
f 9165 9221 9222
f 9165 9222 9166
f 9166 9222 9223
f 9166 9223 9167
f 9167 9223 9224
f 9167 9224 9168
f 9168 9224 9225
f 8311 8310 9169
f 8311 9169 9225
f 9225 9169 9168
f 9170 9169 8310
f 8313 9170 8310
f 8313 8314 9226
f 8313 9226 9170
f 9170 9226 9171
f 9171 9226 9172
f 9172 9226 9227
f 9172 9227 9173
f 9173 9227 9228
f 9173 9228 9174
f 9174 9228 9229
f 9174 9229 9175
f 9175 9229 9230
f 9175 9230 9177
f 9177 9230 9231
f 9177 9231 9179
f 9179 9231 9232
f 9179 9232 9181
f 9181 9232 9233
f 9181 9233 9183
f 9183 9233 9234
f 9185 9235 9236
f 9185 9183 9235
f 9183 9234 9235
f 8317 9236 9235
f 8317 8316 9236
f 8316 9237 9236
f 9237 8316 9238
f 8316 8319 9238
f 9238 8319 9239
f 8319 8321 9239
f 9239 8321 9240
f 8321 8323 9240
f 9240 8323 9241
f 8323 8325 9241
f 9186 9188 9241
f 9186 9241 8326
f 8326 9241 8325
f 9189 9186 8326
f 8327 9189 8326
f 9191 9189 8327
f 8328 9191 8327
f 9193 9191 8328
f 8329 9193 8328
f 9195 9193 8329
f 8331 9195 8329
f 9197 9195 8331
f 8333 9197 8331
f 9199 9197 8333
f 8335 9199 8333
f 9201 9199 8335
f 8337 9201 8335
f 9203 9201 8337
f 8339 9203 8337
f 9204 9203 8339
f 8341 9204 8339
f 9205 9204 8341
f 8343 9205 8341
f 9207 9205 8343
f 8345 9207 8343
f 9208 9207 8345
f 8347 9208 8345
f 9209 9208 8347
f 8349 9209 8347
f 9209 8349 8297
f 8350 9242 9243
f 8350 9243 8301
f 8301 9243 9210
f 8351 9242 8350
f 9244 9242 8351
f 9244 8351 8352
f 9247 9245 9246
f 9246 9248 9249
f 9245 9248 9246
f 9211 8355 8354
f 9213 8355 9211
f 9213 9248 8355
f 9213 9249 9248
f 9211 8354 8304
f 9215 8308 9250
f 9250 8308 8359
f 9252 9216 9217
f 9251 9216 9252
f 9216 9251 9218
f 9218 9251 9253
f 9218 9253 9219
f 9219 9253 9254
f 8362 8361 9220
f 8362 9220 9254
f 9254 9220 9219
f 9221 9220 8361
f 8364 9221 8361
f 9222 9221 8364
f 8366 9222 8364
f 9223 9222 8366
f 8368 9223 8366
f 9224 9223 8368
f 8370 9224 8368
f 9225 9224 8370
f 8372 9225 8370
f 9225 8372 8311
f 9226 8314 8376
f 9227 9226 8376
f 8378 9227 8376
f 9228 9227 8378
f 8380 9228 8378
f 9229 9228 8380
f 8382 9229 8380
f 9230 9229 8382
f 8384 9230 8382
f 9231 9230 8384
f 8386 9231 8384
f 9232 9231 8386
f 8388 9232 8386
f 9233 9232 8388
f 8390 9233 8388
f 9234 9233 8390
f 8391 9234 8390
f 9235 9234 8391
f 8392 9235 8391
f 9235 8392 8317
f 9243 9242 9255
f 9242 9244 9256
f 9255 9242 9256
f 8352 8394 9256
f 8352 9256 9244
f 8394 9257 9256
f 9247 9256 9245
f 9257 9245 9256
f 9245 9257 9248
f 9248 9257 9258
f 9248 9258 8396
f 8355 9248 8396
f 9250 8359 9259
f 9259 8359 8398
f 9262 9260 9261
f 9261 9263 9264
f 9260 9263 9261
f 9264 9251 9252
f 9264 9263 9251
f 9263 9265 9251
f 8403 8402 9253
f 8403 9253 9265
f 9265 9253 9251
f 9254 9253 8402
f 8405 9254 8402
f 9254 8405 8362
f 9257 8394 8407
f 9258 9257 8407
f 8408 9258 8407
f 9258 8408 8396
f 9259 8398 8409
f 9266 9259 8409
f 8409 9267 9266
f 8410 9267 8409
f 9270 9268 9269
f 8414 9269 9268
f 8414 8413 9269
f 8413 9271 9269
f 9260 9262 9271
f 9260 9271 8415
f 8415 9271 8413
f 9263 9260 8415
f 8416 9263 8415
f 9265 9263 8416
f 8417 9265 8416
f 9265 8417 8403
f 9267 8410 8418
f 9272 9267 8418
f 9272 8418 9273
f 8418 8419 9273
f 9268 9270 9273
f 9268 9273 8420
f 8420 9273 8419
f 9268 8420 8414
f 8422 8423 9274
f 8424 8422 9274
f 9275 8424 9274
f 8425 8424 9275
f 9276 8425 9275
f 8425 9276 8427
f 8429 8430 9277
f 8423 8429 9277
f 8423 9277 9274
f 9274 9277 9278
f 9274 9278 9275
f 9275 9278 9279
f 9275 9279 9276
f 9276 9279 9280
f 8431 8427 9276
f 8431 9276 9281
f 9281 9276 9280
f 8432 8431 9281
f 9282 8432 9281
f 8432 9282 8434
f 8437 9284 9283
f 8436 8437 9283
f 9283 9285 8436
f 8436 9285 8439
f 9286 8440 8439
f 9286 8439 9287
f 9287 8439 9285
f 9287 9288 9286
f 9289 9277 8430
f 8441 9289 8430
f 9290 9289 9291
f 9290 9278 9289
f 9278 9277 9289
f 9278 9292 9279
f 9290 9292 9278
f 9279 9293 9280
f 9292 9293 9279
f 9295 9280 9293
f 9295 9294 9280
f 9294 9281 9280
f 9281 9294 9282
f 9282 9294 9296
f 9282 9296 8443
f 8434 9282 8443
f 8446 9298 9297
f 8445 8446 9297
f 9297 8437 8445
f 9284 8437 9297
f 9286 8447 8440
f 9288 8447 9286
f 9288 9299 8447
f 9299 8448 8447
f 8448 9299 9300
f 8450 8448 9300
f 8452 9302 9301
f 8451 8452 9301
f 9304 9303 8453
f 9304 8453 9301
f 9301 8453 8451
f 8453 9303 8455
f 9305 9289 8441
f 8457 9305 8441
f 9291 9305 9306
f 9289 9305 9291
f 9309 9307 9308
f 9308 9310 9311
f 9307 9310 9308
f 9311 9294 9295
f 9311 9310 9294
f 9310 9312 9294
f 9294 9312 9296
f 9296 9312 9313
f 9296 9313 8459
f 8443 9296 8459
f 9298 8446 9314
f 9314 8446 8460
f 9300 8461 8450
f 9315 8461 9300
f 9315 8452 8461
f 9302 8452 9315
f 9304 9316 9303
f 9318 9317 8462
f 9316 9318 8462
f 9316 8462 8455
f 9316 8455 9303
f 8463 8462 9317
f 9319 8463 9317
f 8464 8463 9319
f 9320 8464 9319
f 8465 8464 9320
f 9321 8465 9320
f 8465 9321 8467
f 8487 8488 9322
f 8489 8487 9322
f 9323 8489 9322
f 8490 8489 9323
f 9324 8490 9323
f 8491 8490 9324
f 9325 8491 9324
f 8492 8491 9325
f 9326 8492 9325
f 8493 8492 9326
f 9327 8493 9326
f 8493 9327 8495
f 8500 8501 9328
f 8500 9328 8503
f 9329 9305 8457
f 9329 8457 9330
f 9330 8457 8505
f 9305 9329 9306
f 9332 9307 9309
f 9331 9307 9332
f 9333 9331 9334
f 9333 9310 9331
f 9310 9307 9331
f 9336 9310 9333
f 9336 9335 9310
f 9335 9312 9310
f 9312 9335 9313
f 9313 9335 9337
f 9313 9337 8507
f 8459 9313 8507
f 9314 8460 9338
f 9338 8460 8510
f 9318 9339 9317
f 9341 9317 9339
f 9341 9340 9317
f 9340 9319 9317
f 9319 9340 9320
f 9320 9340 9342
f 9320 9342 9321
f 9321 9342 9343
f 8511 8467 9321
f 8511 9321 9344
f 9344 9321 9343
f 8512 8511 9344
f 9345 8512 9344
f 8513 8512 9345
f 9346 8513 9345
f 8514 8513 9346
f 9347 8514 9346
f 8514 9347 8516
f 8519 8520 9348
f 8521 8519 9348
f 9349 8521 9348
f 8522 8521 9349
f 9350 8522 9349
f 8523 8522 9350
f 9351 8523 9350
f 8524 8523 9351
f 9352 8524 9351
f 8525 8524 9352
f 9353 8525 9352
f 8526 8525 9353
f 9354 8526 9353
f 8527 8526 9354
f 9355 8527 9354
f 8528 8527 9355
f 9356 8528 9355
f 8529 8528 9356
f 9357 8529 9356
f 8530 8529 9357
f 9358 8530 9357
f 8531 8530 9358
f 9359 8531 9358
f 8532 8531 9359
f 9360 8532 9359
f 8488 8532 9360
f 8488 9360 9322
f 9322 9360 9361
f 9322 9361 9323
f 9323 9361 9362
f 9323 9362 9324
f 9324 9362 9363
f 9324 9363 9325
f 9325 9363 9364
f 9325 9364 9326
f 9326 9364 9365
f 9326 9365 9327
f 9327 9365 9366
f 8533 8495 9327
f 8533 9327 9367
f 9367 9327 9366
f 8534 8533 9367
f 9368 8534 9367
f 8535 8534 9368
f 9369 8535 9368
f 8536 8535 9369
f 9370 8536 9369
f 8537 8536 9370
f 9371 8537 9370
f 8501 8537 9371
f 8501 9371 9328
f 9328 9371 9372
f 8538 8503 9328
f 8538 9328 9373
f 9373 9328 9372
f 8538 9373 8540
f 9330 8505 9374
f 9374 8505 8543
f 9332 9375 9331
f 9331 9375 9334
f 9377 9335 9336
f 9376 9335 9377
f 9335 9376 9337
f 9337 9376 9378
f 9337 9378 8545
f 8507 9337 8545
f 9338 8510 9379
f 9379 8510 8548
f 9382 9380 9381
f 9381 9340 9341
f 9381 9380 9340
f 9380 9383 9340
f 9340 9383 9342
f 9342 9383 9384
f 9342 9384 9343
f 9343 9384 9385
f 9343 9385 9344
f 9344 9385 9386
f 9344 9386 9345
f 9345 9386 9387
f 9345 9387 9346
f 9346 9387 9388
f 9346 9388 9347
f 9347 9388 9389
f 8549 8516 9347
f 8549 9347 9390
f 9390 9347 9389
f 8550 8549 9390
f 9391 8550 9390
f 8551 8550 9391
f 9392 8551 9391
f 8520 8551 9392
f 8520 9392 9348
f 9348 9392 9393
f 9348 9393 9349
f 9349 9393 9394
f 9349 9394 9350
f 9350 9394 9395
f 9350 9395 9351
f 9351 9395 9396
f 9351 9396 9352
f 9352 9396 9397
f 9352 9397 9353
f 9353 9397 9398
f 9353 9398 9354
f 9354 9398 9399
f 9354 9399 9355
f 9355 9399 9400
f 9355 9400 9356
f 9356 9400 9401
f 9356 9401 9357
f 9357 9401 9402
f 9357 9402 9358
f 9358 9402 9403
f 9404 9403 9405
f 9404 9359 9403
f 9359 9358 9403
f 9359 9406 9360
f 9404 9406 9359
f 9360 9407 9361
f 9406 9407 9360
f 9409 9361 9407
f 9409 9408 9361
f 9408 9362 9361
f 9362 9408 9363
f 9363 9408 9410
f 9363 9410 9364
f 9364 9410 9411
f 9412 9411 9413
f 9412 9365 9411
f 9365 9364 9411
f 9365 9414 9366
f 9412 9414 9365
f 9366 9415 9367
f 9414 9415 9366
f 9367 9416 9368
f 9415 9416 9367
f 9418 9368 9416
f 9418 9417 9368
f 9417 9369 9368
f 9369 9417 9370
f 9370 9417 9419
f 9370 9419 9371
f 9371 9419 9420
f 9371 9420 9372
f 9372 9420 9421
f 9372 9421 9373
f 9373 9421 9422
f 8552 8540 9373
f 8552 9373 9423
f 9423 9373 9422
f 8553 8552 9423
f 9424 8553 9423
f 8553 9424 8555
f 8558 8559 9425
f 9425 8543 8558
f 9425 9426 8543
f 9426 9374 8543
f 9377 9427 9376
f 9376 9428 9378
f 9427 9428 9376
f 9378 9428 9429
f 9378 9429 8545
f 8545 9429 8561
f 9379 8548 8563
f 9430 9379 8563
f 8563 9431 9430
f 8564 9431 8563
f 9434 9432 9433
f 9433 9435 9436
f 9432 9435 9433
f 9436 9437 9438
f 9435 9437 9436
f 9438 9380 9382
f 9438 9437 9380
f 9437 9439 9380
f 9380 9439 9383
f 9383 9439 9440
f 9383 9440 9384
f 9384 9440 9441
f 9384 9441 9385
f 9385 9441 9442
f 9385 9442 9386
f 9386 9442 9443
f 9386 9443 9387
f 9387 9443 9444
f 9387 9444 9388
f 9388 9444 9445
f 9388 9445 9389
f 9389 9445 9446
f 9389 9446 9390
f 9390 9446 9447
f 9390 9447 9391
f 9391 9447 9448
f 9391 9448 9392
f 9392 9448 9449
f 9392 9449 9393
f 9393 9449 9450
f 9393 9450 9394
f 9394 9450 9451
f 9394 9451 9395
f 9395 9451 9452
f 9395 9452 9396
f 9396 9452 9453
f 9396 9453 9397
f 9397 9453 9454
f 9397 9454 9398
f 9398 9454 9455
f 9398 9455 9399
f 9399 9455 9456
f 9399 9456 9400
f 9400 9456 9457
f 9400 9457 9401
f 9401 9457 9458
f 9401 9458 9402
f 9402 9458 9459
f 9460 9459 9461
f 9460 9403 9459
f 9403 9402 9459
f 9403 9460 9405
f 9409 9462 9408
f 9408 9463 9410
f 9462 9463 9408
f 9410 9464 9411
f 9463 9464 9410
f 9411 9464 9413
f 9418 9465 9417
f 9417 9466 9419
f 9465 9466 9417
f 9419 9467 9420
f 9466 9467 9419
f 9420 9468 9421
f 9467 9468 9420
f 9470 9421 9468
f 9470 9469 9421
f 9469 9422 9421
f 9422 9469 9423
f 9423 9469 9471
f 9423 9471 9424
f 9424 9471 9472
f 8565 8555 9424
f 8565 9424 9473
f 9473 9424 9472
f 8565 9473 8567
f 9474 9425 8559
f 9474 8559 9475
f 9475 8559 8572
f 9425 9474 9426
f 9429 8573 8561
f 9476 8573 9429
f 8573 9476 9477
f 8575 8573 9477
f 8578 8579 9478
f 8580 8578 9478
f 9479 8580 9478
f 8581 8580 9479
f 9480 8581 9479
f 8581 9480 8582
f 9431 8564 9481
f 9481 8564 8585
f 8588 9482 9483
f 8587 9482 8588
f 9432 9434 9482
f 9432 9482 8590
f 8590 9482 8587
f 9435 9432 8590
f 8592 9435 8590
f 9437 9435 8592
f 8594 9437 8592
f 9439 9437 8594
f 8596 9439 8594
f 9440 9439 8596
f 8598 9440 8596
f 8598 8599 9484
f 8598 9484 9440
f 9440 9484 9441
f 9441 9484 9442
f 9442 9484 9485
f 9442 9485 9443
f 9443 9485 9486
f 9443 9486 9444
f 9444 9486 9487
f 9444 9487 9445
f 9445 9487 9488
f 9445 9488 9446
f 9446 9488 9489
f 9446 9489 9447
f 9447 9489 9490
f 9447 9490 9448
f 9448 9490 9491
f 9448 9491 9449
f 9449 9491 9492
f 9449 9492 9450
f 9450 9492 9493
f 9450 9493 9451
f 9451 9493 9494
f 9451 9494 9452
f 9452 9494 9495
f 9452 9495 9453
f 9453 9495 9496
f 9453 9496 9454
f 9454 9496 9497
f 9454 9497 9455
f 9455 9497 9498
f 9455 9498 9456
f 9456 9498 9499
f 9500 9499 9501
f 9500 9457 9499
f 9457 9456 9499
f 9457 9502 9458
f 9500 9502 9457
f 9458 9503 9459
f 9502 9503 9458
f 9459 9503 9461
f 9470 9504 9469
f 9506 9469 9504
f 9506 9505 9469
f 9505 9471 9469
f 9471 9505 9472
f 9472 9505 9507
f 9472 9507 9473
f 9473 9507 9508
f 8600 8567 9473
f 8600 9473 9509
f 9509 9473 9508
f 8600 9509 8602
f 9510 9511 9475
f 9510 9475 8608
f 8608 9475 8572
f 9511 9510 9512
f 9477 9513 8575
f 9513 8609 8575
f 8612 8613 9514
f 9514 9516 9515
f 8612 9514 9515
f 8612 9515 9478
f 8612 9478 8579
f 9478 9517 9479
f 9515 9517 9478
f 9479 9518 9480
f 9517 9518 9479
f 9520 9519 8614
f 9518 9520 8614
f 9518 8614 8582
f 9518 8582 9480
f 8614 9519 8616
f 8619 8620 9521
f 8619 9521 8622
f 9481 8585 8624
f 9522 9481 8624
f 9522 8624 9523
f 8624 8625 9523
f 9523 8625 9524
f 8625 8626 9524
f 9524 8626 8588
f 9483 9524 8588
f 9484 8599 8628
f 9485 9484 8628
f 8630 9485 8628
f 9486 9485 8630
f 8632 9486 8630
f 9487 9486 8632
f 8634 9487 8632
f 9488 9487 8634
f 8636 9488 8634
f 9489 9488 8636
f 8638 9489 8636
f 9490 9489 8638
f 8640 9490 8638
f 9491 9490 8640
f 8642 9491 8640
f 9492 9491 8642
f 8644 9492 8642
f 9493 9492 8644
f 8646 9493 8644
f 8646 8647 9525
f 8646 9525 9493
f 9493 9525 9494
f 9494 9525 9495
f 9495 9525 9526
f 9495 9526 9496
f 9496 9526 9527
f 9496 9527 9497
f 9497 9527 9528
f 9497 9528 9498
f 9498 9528 9529
f 9498 9529 9499
f 9499 9529 9530
f 9501 9531 9532
f 9501 9499 9531
f 9499 9530 9531
f 9532 9533 9534
f 9531 9533 9532
f 9534 9533 9535
f 9537 9505 9506
f 9536 9505 9537
f 9505 9536 9507
f 9507 9536 9538
f 9507 9538 9508
f 9508 9538 9539
f 9508 9539 9509
f 9509 9539 9540
f 8648 8602 9509
f 8648 9509 9541
f 9541 9509 9540
f 8648 9541 8650
f 9542 9510 8608
f 8658 9542 8608
f 9512 9542 9543
f 9510 9542 9512
f 9546 9544 9545
f 9545 9544 8660
f 9545 8660 9513
f 9513 8660 8609
f 8663 8664 9547
f 8613 8663 9547
f 8613 9547 9514
f 9514 9547 9548
f 9516 9548 9549
f 9514 9548 9516
f 9552 9550 9551
f 9551 9519 9520
f 9551 9550 9519
f 9550 9553 9519
f 8665 8616 9519
f 8665 9519 9554
f 9554 9519 9553
f 8666 8665 9554
f 9555 8666 9554
f 8666 9555 8668
f 9556 9521 8620
f 9556 8620 9557
f 9557 8620 8669
f 9559 9558 8670
f 9556 9559 8670
f 9556 8670 8622
f 9556 8622 9521
f 8670 9558 8672
f 9525 8647 8675
f 9526 9525 8675
f 8677 9526 8675
f 9527 9526 8677
f 8679 9527 8677
f 9528 9527 8679
f 8681 9528 8679
f 9529 9528 8681
f 8683 9529 8681
f 9530 9529 8683
f 8685 9530 8683
f 8685 8686 9560
f 8685 9560 9530
f 9530 9560 9531
f 9531 9560 9533
f 9533 9560 9561
f 9535 9562 9563
f 9535 9533 9562
f 9533 9561 9562
f 9563 9564 9565
f 9562 9564 9563
f 9565 9564 9566
f 9568 9536 9537
f 9567 9536 9568
f 9536 9567 9538
f 9538 9567 9569
f 9538 9569 9539
f 9539 9569 9570
f 9539 9570 9540
f 9540 9570 9571
f 9540 9571 9541
f 9541 9571 9572
f 8687 8650 9541
f 8687 9541 9573
f 9573 9541 9572
f 8687 9573 8689
f 8695 8696 9574
f 8697 8695 9574
f 9575 8697 9574
f 8697 9575 8699
f 9576 9542 8658
f 8701 9576 8658
f 9543 9576 9577
f 9542 9576 9543
f 9546 9578 9544
f 9580 9579 8702
f 9578 9580 8702
f 9578 8702 8660
f 9578 8660 9544
f 8702 9579 8704
f 9581 9547 8664
f 8710 9581 8664
f 9547 9581 9548
f 9548 9581 9582
f 9549 9583 9584
f 9549 9548 9583
f 9548 9582 9583
f 9584 9585 9586
f 9583 9585 9584
f 9586 9550 9552
f 9586 9585 9550
f 9585 9587 9550
f 9550 9587 9553
f 9553 9587 9588
f 9553 9588 9554
f 9554 9588 9589
f 9554 9589 9555
f 9555 9589 9590
f 8711 8668 9555
f 8711 9555 9591
f 9591 9555 9590
f 9593 9557 8669
f 9593 8669 9591
f 9593 9591 9592
f 8711 9591 8669
f 9593 9558 9559
f 9593 9592 9558
f 9592 9594 9558
f 9558 9594 8713
f 8672 9558 8713
f 9560 8686 8714
f 9561 9560 8714
f 8715 9561 8714
f 9562 9561 8715
f 8716 9562 8715
f 9564 9562 8716
f 8718 9564 8716
f 9566 9564 8718
f 9566 8718 9595
f 9595 8718 8720
f 9596 8720 8721
f 9596 9597 8720
f 9597 9595 8720
f 9597 9598 9599
f 9596 9598 9597
f 9599 9600 9601
f 9598 9600 9599
f 9601 9602 9603
f 9600 9602 9601
f 9603 9604 9605
f 9602 9604 9603
f 9605 9606 9607
f 9604 9606 9605
f 9607 9608 9609
f 9606 9608 9607
f 9609 9610 9611
f 9608 9610 9609
f 9611 9612 9613
f 9610 9612 9611
f 9613 9614 9615
f 9612 9614 9613
f 9615 9616 9617
f 9614 9616 9615
f 9617 9618 9619
f 9616 9618 9617
f 9619 9620 9621
f 9618 9620 9619
f 9621 9622 9623
f 9620 9622 9621
f 9623 9567 9568
f 9623 9622 9567
f 9622 9624 9567
f 9567 9624 9569
f 9569 9624 9625
f 9569 9625 9570
f 9570 9625 9626
f 9570 9626 9571
f 9571 9626 9627
f 9571 9627 9572
f 9572 9627 9628
f 8724 8723 9573
f 8724 9573 9628
f 9628 9573 9572
f 9573 8723 8689
f 8728 8729 9629
f 8696 8728 9629
f 8696 9629 9574
f 9574 9629 9630
f 8732 8731 9575
f 8732 9575 9630
f 9630 9575 9574
f 9575 8731 8699
f 9631 9576 8701
f 8736 9631 8701
f 9577 9631 9632
f 9576 9631 9577
f 9634 9579 9580
f 9633 9579 9634
f 9579 9633 8738
f 8704 9579 8738
f 9635 9581 8710
f 9635 8710 9636
f 9636 8710 8744
f 9581 9637 9582
f 9635 9637 9581
f 9582 9638 9583
f 9637 9638 9582
f 9583 9639 9585
f 9638 9639 9583
f 9641 9585 9639
f 9641 9640 9585
f 9640 9587 9585
f 9587 9640 9588
f 9588 9640 9642
f 9588 9642 9589
f 9589 9642 9643
f 9644 9643 9645
f 9644 9590 9643
f 9590 9589 9643
f 9647 9590 9644
f 9647 9646 9590
f 9646 9591 9590
f 9591 9646 9592
f 9592 9646 9648
f 9592 9648 9594
f 9594 9648 9649
f 9594 9649 8746
f 8713 9594 8746
f 9596 8721 8747
f 9598 9596 8747
f 8748 9598 8747
f 9600 9598 8748
f 8749 9600 8748
f 9602 9600 8749
f 8750 9602 8749
f 9604 9602 8750
f 8752 9604 8750
f 9606 9604 8752
f 8754 9606 8752
f 9608 9606 8754
f 8756 9608 8754
f 8756 8757 9650
f 8756 9650 9608
f 9608 9650 9610
f 9610 9650 9612
f 9612 9650 9651
f 9612 9651 9614
f 9614 9651 9652
f 9614 9652 9616
f 9616 9652 9653
f 9616 9653 9618
f 9618 9653 9654
f 9618 9654 9620
f 9620 9654 9655
f 9620 9655 9622
f 9622 9655 9656
f 9622 9656 9624
f 9624 9656 9657
f 9624 9657 9625
f 9625 9657 9658
f 9625 9658 9626
f 9626 9658 9659
f 9626 9659 9627
f 9627 9659 9660
f 8760 8759 9628
f 8760 9628 9660
f 9660 9628 9627
f 9628 8759 8724
f 9661 9629 8729
f 8766 9661 8729
f 9629 9661 9630
f 9630 9661 9662
f 9630 9662 8768
f 8732 9630 8768
f 8773 8774 9663
f 9663 9665 9664
f 8773 9663 9664
f 8773 9664 9631
f 8773 9631 8736
f 9631 9664 9632
f 9667 9633 9634
f 9666 9633 9667
f 8775 8738 9633
f 8775 9633 9668
f 9668 9633 9666
f 8775 9668 8777
f 9636 8744 9669
f 9669 8744 8780
f 9641 9670 9640
f 9640 9671 9642
f 9670 9671 9640
f 9642 9672 9643
f 9671 9672 9642
f 9643 9672 9645
f 9674 9646 9647
f 9673 9646 9674
f 9675 9673 9676
f 9675 9648 9673
f 9648 9646 9673
f 9678 9648 9675
f 9678 9677 9648
f 9677 9649 9648
f 9649 9677 8781
f 8746 9649 8781
f 9650 8757 8782
f 9651 9650 8782
f 8783 9651 8782
f 9652 9651 8783
f 8784 9652 8783
f 9653 9652 8784
f 8785 9653 8784
f 9654 9653 8785
f 8787 9654 8785
f 9655 9654 8787
f 8789 9655 8787
f 9656 9655 8789
f 8791 9656 8789
f 9657 9656 8791
f 8793 9657 8791
f 9658 9657 8793
f 8795 9658 8793
f 9659 9658 8795
f 8797 9659 8795
f 9660 9659 8797
f 8799 9660 8797
f 9660 8799 8760
f 9679 9661 8766
f 8809 9679 8766
f 9661 9679 9662
f 9662 9679 9680
f 9662 9680 8811
f 8768 9662 8811
f 8812 8813 9681
f 8814 8812 9681
f 9682 8814 9681
f 8814 9682 8816
f 9683 9663 8774
f 9683 8774 9684
f 9684 8774 8820
f 9663 9683 9665
f 9667 9685 9666
f 9687 9666 9685
f 9687 9686 9666
f 9686 9668 9666
f 9668 9686 8822
f 8777 9668 8822
f 9688 9689 9669
f 9688 9669 8824
f 8824 9669 8780
f 9689 9690 9691
f 9688 9690 9689
f 9691 9692 9693
f 9690 9692 9691
f 9693 9692 9694
f 9697 9695 9696
f 9696 9695 9698
f 9701 9699 9700
f 9700 9702 9703
f 9699 9702 9700
f 9673 8827 8826
f 9674 8827 9673
f 9674 9702 8827
f 9674 9703 9702
f 8826 8828 9704
f 9673 8826 9704
f 9673 9704 9705
f 9673 9705 9676
f 9677 8831 8830
f 9678 8831 9677
f 9678 9704 8831
f 9678 9705 9704
f 9677 8830 8781
f 9706 9679 8809
f 8840 9706 8809
f 9679 9706 9680
f 9680 9706 9707
f 9680 9707 8842
f 8811 9680 8842
f 9708 9681 8813
f 8843 9708 8813
f 9681 9708 9682
f 9682 9708 9709
f 9682 9709 8845
f 8816 9682 8845
f 9684 8820 9710
f 9710 8820 8848
f 9713 9711 9712
f 9686 8851 8850
f 9687 8851 9686
f 9687 9711 8851
f 9687 9712 9711
f 9686 8850 8822
f 9688 8824 8855
f 8855 8856 9714
f 8855 9714 9688
f 9688 9714 9690
f 9690 9714 9692
f 9692 9714 9715
f 9694 9716 9717
f 9694 9692 9716
f 9692 9715 9716
f 9717 9695 9697
f 9717 9716 9695
f 9716 9718 9695
f 9698 9719 9720
f 9698 9695 9719
f 9695 9718 9719
f 9720 9699 9701
f 9720 9719 9699
f 9719 9721 9699
f 9699 9721 9702
f 9702 9721 9722
f 9702 9722 8858
f 8827 9702 8858
f 9723 9704 8828
f 8859 9723 8828
f 9704 9723 8860
f 8831 9704 8860
f 9724 9706 8840
f 8874 9724 8840
f 9706 9724 9707
f 9707 9724 9725
f 9707 9725 8876
f 8842 9707 8876
f 9708 8843 8878
f 9709 9708 8878
f 8880 9709 8878
f 9709 8880 8845
f 9710 8848 9726
f 9726 8848 8883
f 9711 8886 8885
f 9711 9713 8886
f 9713 9727 8886
f 9711 8885 8851
f 9714 8856 8892
f 9715 9714 8892
f 8894 9715 8892
f 8894 8895 9728
f 8894 9728 9715
f 9715 9728 9716
f 9716 9728 9718
f 9718 9728 9729
f 8898 8897 9719
f 8898 9719 9729
f 9729 9719 9718
f 9721 9719 8897
f 8900 9721 8897
f 9722 9721 8900
f 8901 9722 8900
f 9722 8901 8858
f 9723 8859 8903
f 9723 8903 8860
f 8909 8910 9730
f 8911 8909 9730
f 9731 8911 9730
f 8912 8911 9731
f 9732 8912 9731
f 8912 9732 8914
f 9733 9724 8874
f 8921 9733 8874
f 9724 9733 9725
f 9725 9733 9734
f 8922 8876 9725
f 8922 9725 9735
f 9735 9725 9734
f 8922 9735 8924
f 9736 9737 9726
f 9736 9726 8928
f 8928 9726 8883
f 9737 9736 9738
f 8929 9740 9739
f 8929 8886 9740
f 8886 9727 9740
f 8930 8929 9739
f 9741 8930 9739
f 8930 9741 8932
f 9728 8895 8937
f 9729 9728 8937
f 8939 9729 8937
f 9729 8939 8898
f 9730 8910 8952
f 9731 9730 8952
f 8954 9731 8952
f 9732 9731 8954
f 8956 9732 8954
f 9732 8956 8914
f 9733 8921 8962
f 8962 8963 9742
f 8962 9742 9733
f 9733 9742 9734
f 8966 8965 9735
f 8966 9735 9742
f 9742 9735 9734
f 9735 8965 8924
f 9743 9736 8928
f 9743 8928 9744
f 9744 8928 8970
f 9736 9743 9738
f 9739 8973 8972
f 9739 9740 8973
f 9740 9745 8973
f 9741 9739 8972
f 8975 9741 8972
f 9741 8975 8932
f 8984 8985 9746
f 8986 8984 9746
f 9747 8986 9746
f 8987 8986 9747
f 9748 8987 9747
f 8988 8987 9748
f 9749 8988 9748
f 8989 8988 9749
f 9750 8989 9749
f 8990 8989 9750
f 9751 8990 9750
f 8991 8990 9751
f 9752 8991 9751
f 8992 8991 9752
f 9753 8992 9752
f 8993 8992 9753
f 9754 8993 9753
f 8994 8993 9754
f 9755 8994 9754
f 8995 8994 9755
f 9756 8995 9755
f 8996 8995 9756
f 9757 8996 9756
f 8997 8996 9757
f 9758 8997 9757
f 8998 8997 9758
f 9759 8998 9758
f 8999 8998 9759
f 9760 8999 9759
f 8999 9760 9001
f 9761 9742 8963
f 9005 9761 8963
f 9742 9761 9007
f 8966 9742 9007
f 9744 8970 9762
f 9762 8970 9010
f 9011 9764 9763
f 9011 8973 9764
f 8973 9745 9764
f 9011 9763 9013
f 9018 9019 9765
f 9020 9018 9765
f 9766 9020 9765
f 9021 9020 9766
f 9767 9021 9766
f 9022 9021 9767
f 9768 9022 9767
f 9023 9022 9768
f 9769 9023 9768
f 9024 9023 9769
f 9770 9024 9769
f 8985 9024 9770
f 8985 9770 9746
f 9746 9770 9771
f 9746 9771 9747
f 9747 9771 9772
f 9747 9772 9748
f 9748 9772 9773
f 9748 9773 9749
f 9749 9773 9774
f 9749 9774 9750
f 9750 9774 9775
f 9750 9775 9751
f 9751 9775 9776
f 9751 9776 9752
f 9752 9776 9777
f 9752 9777 9753
f 9753 9777 9778
f 9753 9778 9754
f 9754 9778 9779
f 9754 9779 9755
f 9755 9779 9780
f 9755 9780 9756
f 9756 9780 9781
f 9756 9781 9757
f 9757 9781 9782
f 9757 9782 9758
f 9758 9782 9783
f 9758 9783 9759
f 9759 9783 9784
f 9759 9784 9760
f 9760 9784 9785
f 9025 9001 9760
f 9025 9760 9786
f 9786 9760 9785
f 9025 9786 9027
f 9787 9761 9005
f 9030 9787 9005
f 9761 9787 9032
f 9007 9761 9032
f 9762 9010 9788
f 9788 9010 9034
f 9764 9789 9763
f 9763 9789 9790
f 9763 9790 9013
f 9013 9790 9036
f 9043 9044 9791
f 9045 9043 9791
f 9792 9045 9791
f 9046 9045 9792
f 9793 9046 9792
f 9019 9046 9793
f 9019 9793 9765
f 9765 9793 9794
f 9765 9794 9766
f 9766 9794 9795
f 9796 9795 9797
f 9796 9767 9795
f 9767 9766 9795
f 9767 9798 9768
f 9796 9798 9767
f 9768 9799 9769
f 9798 9799 9768
f 9769 9800 9770
f 9799 9800 9769
f 9770 9801 9771
f 9800 9801 9770
f 9771 9802 9772
f 9801 9802 9771
f 9772 9803 9773
f 9802 9803 9772
f 9773 9804 9774
f 9803 9804 9773
f 9806 9774 9804
f 9806 9805 9774
f 9805 9775 9774
f 9775 9805 9776
f 9776 9805 9807
f 9776 9807 9777
f 9777 9807 9808
f 9777 9808 9778
f 9778 9808 9809
f 9778 9809 9779
f 9779 9809 9810
f 9779 9810 9780
f 9780 9810 9811
f 9780 9811 9781
f 9781 9811 9812
f 9781 9812 9782
f 9782 9812 9813
f 9782 9813 9783
f 9783 9813 9814
f 9783 9814 9784
f 9784 9814 9815
f 9784 9815 9785
f 9785 9815 9816
f 9049 9048 9786
f 9049 9786 9816
f 9816 9786 9785
f 9786 9048 9027
f 9787 9030 9053
f 9787 9053 9032
f 9788 9034 9817
f 9817 9034 9056
f 9820 9818 9819
f 9819 9818 9057
f 9819 9057 9790
f 9790 9057 9036
f 9063 9064 9821
f 9065 9063 9821
f 9822 9065 9821
f 9044 9065 9822
f 9044 9822 9791
f 9791 9822 9823
f 9791 9823 9792
f 9792 9823 9824
f 9792 9824 9793
f 9793 9824 9825
f 9793 9825 9794
f 9794 9825 9826
f 9794 9826 9795
f 9795 9826 9827
f 9797 9827 9828
f 9795 9827 9797
f 9831 9829 9830
f 9830 9832 9833
f 9829 9832 9830
f 9833 9805 9806
f 9833 9832 9805
f 9832 9834 9805
f 9805 9834 9807
f 9807 9834 9835
f 9807 9835 9808
f 9808 9835 9836
f 9808 9836 9809
f 9809 9836 9837
f 9809 9837 9810
f 9810 9837 9838
f 9810 9838 9811
f 9811 9838 9839
f 9811 9839 9812
f 9812 9839 9840
f 9812 9840 9813
f 9813 9840 9841
f 9813 9841 9814
f 9814 9841 9842
f 9068 9067 9815
f 9068 9815 9842
f 9842 9815 9814
f 9816 9815 9067
f 9070 9816 9067
f 9816 9070 9049
f 9817 9056 9074
f 9843 9817 9074
f 9074 9844 9843
f 9075 9844 9074
f 9818 9078 9077
f 9818 9820 9078
f 9820 9845 9078
f 9818 9077 9057
f 9093 9094 9846
f 9064 9093 9846
f 9064 9846 9821
f 9821 9846 9847
f 9821 9847 9822
f 9822 9847 9848
f 9822 9848 9823
f 9823 9848 9849
f 9823 9849 9824
f 9824 9849 9850
f 9824 9850 9825
f 9825 9850 9851
f 9825 9851 9826
f 9826 9851 9852
f 9826 9852 9827
f 9827 9852 9853
f 9828 9854 9855
f 9828 9827 9854
f 9827 9853 9854
f 9855 9856 9857
f 9854 9856 9855
f 9857 9858 9859
f 9856 9858 9857
f 9859 9860 9861
f 9858 9860 9859
f 9861 9862 9863
f 9860 9862 9861
f 9863 9864 9865
f 9862 9864 9863
f 9865 9829 9831
f 9865 9864 9829
f 9864 9866 9829
f 9829 9866 9832
f 9832 9866 9867
f 9832 9867 9834
f 9834 9867 9868
f 9834 9868 9835
f 9835 9868 9869
f 9835 9869 9836
f 9836 9869 9870
f 9836 9870 9837
f 9837 9870 9871
f 9837 9871 9838
f 9838 9871 9872
f 9838 9872 9839
f 9839 9872 9873
f 9839 9873 9840
f 9840 9873 9874
f 9097 9096 9841
f 9097 9841 9874
f 9874 9841 9840
f 9842 9841 9096
f 9099 9842 9096
f 9842 9099 9068
f 9875 9876 9844
f 9875 9844 9103
f 9103 9844 9075
f 9876 9875 9877
f 9880 9878 9879
f 9106 9879 9878
f 9106 9105 9879
f 9105 9881 9879
f 9881 9105 9078
f 9845 9881 9078
f 9110 9883 9882
f 9109 9110 9882
f 9882 9884 9109
f 9109 9884 9111
f 9884 9885 9111
f 9111 9885 9112
f 9886 9114 9112
f 9886 9112 9887
f 9887 9112 9885
f 9116 9886 9887
f 9116 9887 9115
f 9889 9888 9887
f 9888 9115 9887
f 9115 9888 9118
f 9134 9135 9890
f 9094 9134 9890
f 9094 9890 9846
f 9846 9890 9891
f 9846 9891 9847
f 9847 9891 9892
f 9847 9892 9848
f 9848 9892 9893
f 9848 9893 9849
f 9849 9893 9894
f 9849 9894 9850
f 9850 9894 9895
f 9850 9895 9851
f 9851 9895 9896
f 9851 9896 9852
f 9852 9896 9897
f 9852 9897 9853
f 9853 9897 9898
f 9853 9898 9854
f 9854 9898 9899
f 9854 9899 9856
f 9856 9899 9900
f 9856 9900 9858
f 9858 9900 9901
f 9858 9901 9860
f 9860 9901 9902
f 9860 9902 9862
f 9862 9902 9903
f 9862 9903 9864
f 9864 9903 9904
f 9864 9904 9866
f 9866 9904 9905
f 9866 9905 9867
f 9867 9905 9906
f 9867 9906 9868
f 9868 9906 9907
f 9868 9907 9869
f 9869 9907 9908
f 9138 9137 9870
f 9138 9870 9908
f 9908 9870 9869
f 9871 9870 9137
f 9140 9871 9137
f 9140 9141 9909
f 9140 9909 9871
f 9871 9909 9872
f 9144 9143 9873
f 9144 9873 9909
f 9909 9873 9872
f 9874 9873 9143
f 9146 9874 9143
f 9874 9146 9097
f 9875 9103 9151
f 9151 9877 9875
f 9151 9152 9877
f 9152 9910 9877
f 9913 9911 9912
f 9878 9155 9154
f 9880 9155 9878
f 9880 9911 9155
f 9880 9912 9911
f 9878 9154 9106
f 9883 9110 9914
f 9914 9110 9156
f 9886 9157 9114
f 9889 9915 9888
f 9886 9116 9157
f 9917 9916 9158
f 9915 9917 9158
f 9915 9158 9118
f 9915 9118 9888
f 9158 9916 9160
f 9890 9135 9176
f 9891 9890 9176
f 9178 9891 9176
f 9892 9891 9178
f 9180 9892 9178
f 9893 9892 9180
f 9182 9893 9180
f 9894 9893 9182
f 9184 9894 9182
f 9184 9185 9918
f 9184 9918 9894
f 9894 9918 9895
f 9895 9918 9896
f 9896 9918 9919
f 9896 9919 9897
f 9897 9919 9920
f 9897 9920 9898
f 9898 9920 9921
f 9898 9921 9899
f 9899 9921 9922
f 9899 9922 9900
f 9900 9922 9923
f 9188 9187 9901
f 9188 9901 9923
f 9923 9901 9900
f 9902 9901 9187
f 9190 9902 9187
f 9903 9902 9190
f 9192 9903 9190
f 9904 9903 9192
f 9194 9904 9192
f 9905 9904 9194
f 9196 9905 9194
f 9906 9905 9196
f 9198 9906 9196
f 9907 9906 9198
f 9200 9907 9198
f 9908 9907 9200
f 9202 9908 9200
f 9908 9202 9138
f 9909 9141 9206
f 9909 9206 9144
f 9910 9152 9924
f 9924 9152 9210
f 9927 9925 9926
f 9911 9213 9212
f 9913 9213 9911
f 9913 9925 9213
f 9913 9926 9925
f 9911 9212 9155
f 9215 9929 9928
f 9214 9215 9928
f 9928 9156 9214
f 9914 9156 9928
f 9917 9930 9916
f 9916 9930 9931
f 9916 9931 9160
f 9160 9931 9217
f 9918 9185 9236
f 9919 9918 9236
f 9237 9919 9236
f 9920 9919 9237
f 9238 9920 9237
f 9921 9920 9238
f 9239 9921 9238
f 9922 9921 9239
f 9240 9922 9239
f 9923 9922 9240
f 9241 9923 9240
f 9923 9241 9188
f 9924 9210 9932
f 9932 9210 9243
f 9246 9933 9247
f 9249 9933 9246
f 9249 9934 9933
f 9935 9925 9927
f 9934 9249 9213
f 9934 9213 9936
f 9925 9935 9213
f 9935 9936 9213
f 9929 9215 9937
f 9937 9215 9250
f 9940 9938 9939
f 9939 9938 9252
f 9939 9252 9931
f 9931 9252 9217
f 9932 9243 9255
f 9941 9932 9255
f 9941 9255 9942
f 9255 9256 9942
f 9247 9933 9943
f 9247 9943 9256
f 9256 9943 9942
f 9933 9934 9944
f 9943 9933 9944
f 9934 9936 9944
f 9937 9250 9945
f 9945 9250 9259
f 9262 9946 9947
f 9261 9946 9262
f 9938 9940 9946
f 9938 9946 9264
f 9264 9946 9261
f 9938 9264 9252
f 9945 9259 9266
f 9948 9945 9266
f 9266 9949 9948
f 9267 9949 9266
f 9269 9950 9270
f 9950 9951 9952
f 9950 9269 9951
f 9269 9271 9951
f 9951 9271 9262
f 9947 9951 9262
f 9949 9267 9272
f 9953 9949 9272
f 9953 9272 9954
f 9272 9273 9954
f 9270 9950 9955
f 9270 9955 9273
f 9273 9955 9954
f 9950 9952 9955
f 9958 9957 9956
f 9957 9960 9959
f 9956 9957 9959
f 9960 9961 9959
f 9964 9963 9962
f 9956 9283 9284
f 9958 9956 9284
f 9958 9284 9962
f 9958 9962 9963
f 9959 9283 9956
f 9285 9283 9959
f 9961 9285 9959
f 9961 9965 9285
f 9965 9287 9285
f 9287 9965 9966
f 9288 9287 9966
f 9290 9291 9967
f 9292 9290 9967
f 9968 9292 9967
f 9293 9292 9968
f 9969 9293 9968
f 9293 9969 9295
f 9962 9297 9298
f 9962 9298 9964
f 9964 9298 9970
f 9962 9284 9297
f 9966 9299 9288
f 9971 9299 9966
f 9299 9971 9972
f 9300 9299 9972
f 9301 9302 9973
f 9301 9973 9304
f 9974 9967 9291
f 9306 9974 9291
f 9309 9308 9968
f 9309 9968 9974
f 9974 9968 9967
f 9969 9968 9308
f 9311 9969 9308
f 9969 9311 9295
f 9970 9298 9975
f 9975 9298 9314
f 9972 9315 9300
f 9976 9315 9972
f 9302 9315 9976
f 9302 9976 9977
f 9302 9977 9973
f 9977 9976 9978
f 9316 9304 9973
f 9316 9973 9979
f 9979 9973 9977
f 9316 9979 9318
f 9329 9330 9980
f 9306 9329 9980
f 9306 9980 9974
f 9974 9980 9981
f 9974 9981 9332
f 9309 9974 9332
f 9333 9334 9982
f 9333 9982 9336
f 9975 9314 9983
f 9983 9314 9338
f 9985 9977 9978
f 9984 9977 9985
f 9977 9984 9979
f 9979 9984 9986
f 9339 9318 9979
f 9339 9979 9987
f 9987 9979 9986
f 9339 9987 9341
f 9988 9980 9330
f 9374 9988 9330
f 9989 9988 9990
f 9989 9981 9988
f 9981 9980 9988
f 9981 9375 9332
f 9981 9989 9375
f 9989 9991 9375
f 9334 9375 9991
f 9334 9991 9992
f 9334 9992 9982
f 9992 9991 9993
f 9982 9992 9377
f 9336 9982 9377
f 9983 9338 9994
f 9994 9338 9379
f 9996 9984 9985
f 9995 9984 9996
f 9984 9995 9986
f 9986 9995 9997
f 9382 9381 9987
f 9382 9987 9997
f 9997 9987 9986
f 9987 9381 9341
f 9404 9405 9998
f 9406 9404 9998
f 9999 9406 9998
f 9407 9406 9999
f 10000 9407 9999
f 9407 10000 9409
f 9412 9413 10001
f 9414 9412 10001
f 10002 9414 10001
f 9415 9414 10002
f 10003 9415 10002
f 9416 9415 10003
f 10004 9416 10003
f 9416 10004 9418
f 10005 9988 9374
f 10005 9374 10006
f 10006 9374 9426
f 9988 10005 9990
f 9993 10007 9992
f 9992 9427 9377
f 9992 10007 9427
f 10007 10008 9427
f 10010 10009 9428
f 10010 9428 10008
f 10008 9428 9427
f 9428 10009 9429
f 9994 9379 9430
f 10011 9994 9430
f 9430 10012 10011
f 9431 10012 9430
f 10015 10013 10014
f 9434 10014 10013
f 9434 9433 10014
f 9433 10016 10014
f 9995 9996 10016
f 9995 10016 9436
f 9436 10016 9433
f 9997 9995 9436
f 9438 9997 9436
f 9997 9438 9382
f 9460 9461 10017
f 9405 9460 10017
f 9405 10017 9998
f 9998 10017 10018
f 9998 10018 9999
f 9999 10018 10019
f 9999 10019 10000
f 10000 10019 10020
f 9462 9409 10000
f 9462 10000 10021
f 10021 10000 10020
f 9463 9462 10021
f 10022 9463 10021
f 9464 9463 10022
f 10023 9464 10022
f 9413 9464 10023
f 9413 10023 10001
f 10001 10023 10024
f 10001 10024 10002
f 10002 10024 10025
f 10002 10025 10003
f 10003 10025 10026
f 10003 10026 10004
f 10004 10026 10027
f 9465 9418 10004
f 9465 10004 10028
f 10028 10004 10027
f 9466 9465 10028
f 10029 9466 10028
f 9467 9466 10029
f 10030 9467 10029
f 9468 9467 10030
f 10031 9468 10030
f 9468 10031 9470
f 9474 9475 10032
f 10032 9426 9474
f 10032 10033 9426
f 10033 10006 9426
f 10010 10034 10009
f 10036 10035 9476
f 10034 10036 9476
f 10034 9476 9429
f 10034 9429 10009
f 9476 10035 9477
f 10037 10038 10012
f 10037 10012 9481
f 9481 10012 9431
f 10038 10039 10040
f 10037 10039 10038
f 10040 10041 10042
f 10039 10041 10040
f 10013 9483 9482
f 10015 9483 10013
f 10015 10041 9483
f 10015 10042 10041
f 10013 9482 9434
f 9500 9501 10043
f 9502 9500 10043
f 10044 9502 10043
f 9503 9502 10044
f 10045 9503 10044
f 9461 9503 10045
f 9461 10045 10017
f 10017 10045 10046
f 10017 10046 10018
f 10018 10046 10047
f 10018 10047 10019
f 10019 10047 10048
f 10019 10048 10020
f 10020 10048 10049
f 10020 10049 10021
f 10021 10049 10050
f 10021 10050 10022
f 10022 10050 10051
f 10022 10051 10023
f 10023 10051 10052
f 10023 10052 10024
f 10024 10052 10053
f 10024 10053 10025
f 10025 10053 10054
f 10025 10054 10026
f 10026 10054 10055
f 10026 10055 10027
f 10027 10055 10056
f 10027 10056 10028
f 10028 10056 10057
f 10028 10057 10029
f 10029 10057 10058
f 10029 10058 10030
f 10030 10058 10059
f 10030 10059 10031
f 10031 10059 10060
f 9504 9470 10031
f 9504 10031 10061
f 10061 10031 10060
f 9504 10061 9506
f 10032 9475 9511
f 9511 10033 10032
f 9511 9512 10033
f 9512 10062 10033
f 10064 10035 10036
f 10063 10035 10064
f 10035 10063 9513
f 9477 10035 9513
f 9515 9516 10065
f 9517 9515 10065
f 10066 9517 10065
f 9518 9517 10066
f 10067 9518 10066
f 9518 10067 9520
f 10037 9481 9522
f 10039 10037 9522
f 9523 10039 9522
f 10041 10039 9523
f 9524 10041 9523
f 10041 9524 9483
f 10043 9501 9532
f 10044 10043 9532
f 9534 10044 9532
f 9534 9535 10068
f 9534 10068 10044
f 10044 10068 10045
f 10045 10068 10046
f 10046 10068 10069
f 10046 10069 10047
f 10047 10069 10070
f 10047 10070 10048
f 10048 10070 10071
f 10048 10071 10049
f 10049 10071 10072
f 10049 10072 10050
f 10050 10072 10073
f 10050 10073 10051
f 10051 10073 10074
f 10051 10074 10052
f 10052 10074 10075
f 10052 10075 10053
f 10053 10075 10076
f 10053 10076 10054
f 10054 10076 10077
f 10054 10077 10055
f 10055 10077 10078
f 10055 10078 10056
f 10056 10078 10079
f 10056 10079 10057
f 10057 10079 10080
f 10057 10080 10058
f 10058 10080 10081
f 10058 10081 10059
f 10059 10081 10082
f 10059 10082 10060
f 10060 10082 10083
f 10060 10083 10061
f 10061 10083 10084
f 10061 10084 9537
f 9506 10061 9537
f 10062 9512 10085
f 10085 9512 9543
f 10063 9546 9545
f 10063 10064 9546
f 10064 10086 9546
f 10063 9545 9513
f 10087 10065 9516
f 9549 10087 9516
f 10065 10087 10066
f 10066 10087 10088
f 9552 9551 10067
f 9552 10067 10088
f 10088 10067 10066
f 10067 9551 9520
f 9556 9557 10089
f 9556 10089 9559
f 10068 9535 9563
f 10069 10068 9563
f 9565 10069 9563
f 9565 9566 10090
f 9565 10090 10069
f 10069 10090 10070
f 10070 10090 10071
f 10071 10090 10091
f 10071 10091 10072
f 10072 10091 10092
f 10072 10092 10073
f 10073 10092 10093
f 10073 10093 10074
f 10074 10093 10094
f 10074 10094 10075
f 10075 10094 10095
f 10075 10095 10076
f 10076 10095 10096
f 10076 10096 10077
f 10077 10096 10097
f 10077 10097 10078
f 10078 10097 10098
f 10078 10098 10079
f 10079 10098 10099
f 10079 10099 10080
f 10080 10099 10100
f 10080 10100 10081
f 10081 10100 10101
f 10081 10101 10082
f 10082 10101 10102
f 10082 10102 10083
f 10083 10102 10103
f 10083 10103 10084
f 10084 10103 10104
f 10084 10104 9568
f 9537 10084 9568
f 10105 10106 10085
f 10105 10085 9577
f 9577 10085 9543
f 10106 10105 10107
f 10110 10108 10109
f 10109 10108 10111
f 10109 10111 9546
f 10109 9546 10086
f 9546 10111 9578
f 9578 10111 9580
f 10087 9549 9584
f 10088 10087 9584
f 9586 10088 9584
f 10088 9586 9552
f 10089 9557 9593
f 10089 9593 9559
f 10090 9566 9595
f 10091 10090 9595
f 9597 10091 9595
f 10092 10091 9597
f 9599 10092 9597
f 10093 10092 9599
f 9601 10093 9599
f 10094 10093 9601
f 9603 10094 9601
f 10095 10094 9603
f 9605 10095 9603
f 10096 10095 9605
f 9607 10096 9605
f 10097 10096 9607
f 9609 10097 9607
f 10098 10097 9609
f 9611 10098 9609
f 10099 10098 9611
f 9613 10099 9611
f 10100 10099 9613
f 9615 10100 9613
f 10101 10100 9615
f 9617 10101 9615
f 10102 10101 9617
f 9619 10102 9617
f 10103 10102 9619
f 9621 10103 9619
f 10104 10103 9621
f 9623 10104 9621
f 10104 9623 9568
f 10112 10105 9577
f 10112 9577 10113
f 10113 9577 9632
f 10105 10112 10107
f 10110 10114 10108
f 10116 10108 10114
f 10116 10115 10108
f 10115 10111 10108
f 10111 10115 9634
f 9580 10111 9634
f 9635 9636 10117
f 9637 9635 10117
f 10118 9637 10117
f 9638 9637 10118
f 10119 9638 10118
f 9639 9638 10119
f 10120 9639 10119
f 9639 10120 9641
f 9644 9645 10121
f 9644 10121 9647
f 9665 10123 10122
f 9664 9665 10122
f 10122 9632 9664
f 10113 9632 10122
f 10116 10124 10115
f 10115 10124 10125
f 10115 10125 9634
f 9634 10125 9667
f 10126 10117 9636
f 9669 10126 9636
f 10117 10126 10118
f 10118 10126 10127
f 10118 10127 10119
f 10119 10127 10128
f 10119 10128 10120
f 10120 10128 10129
f 9670 9641 10120
f 9670 10120 10130
f 10130 10120 10129
f 9671 9670 10130
f 10131 9671 10130
f 9672 9671 10131
f 10132 9672 10131
f 9645 9672 10132
f 9645 10132 10121
f 10121 10132 10133
f 10121 10133 9674
f 9647 10121 9674
f 9675 9676 10134
f 9675 10134 9678
f 9683 9684 10135
f 10135 9665 9683
f 10135 10136 9665
f 10136 10123 9665
f 10125 9685 9667
f 10137 9685 10125
f 9685 10137 10138
f 9687 9685 10138
f 10126 9669 9689
f 10127 10126 9689
f 9691 10127 9689
f 10128 10127 9691
f 9693 10128 9691
f 9693 9694 10139
f 9693 10139 10128
f 10128 10139 10129
f 9697 9696 10130
f 9697 10130 10139
f 10139 10130 10129
f 9696 9698 10140
f 9696 10140 10130
f 10130 10140 10131
f 9701 9700 10132
f 9701 10132 10140
f 10140 10132 10131
f 10133 10132 9700
f 9703 10133 9700
f 10133 9703 9674
f 10134 9676 9705
f 10134 9705 9678
f 10141 10135 9684
f 9710 10141 9684
f 10136 10141 10142
f 10135 10141 10136
f 9713 10143 10144
f 9712 10143 9713
f 10143 9712 9687
f 10138 10143 9687
f 10139 9694 9717
f 10139 9717 9697
f 10140 9698 9720
f 10140 9720 9701
f 10145 10141 9710
f 9726 10145 9710
f 10142 10145 10146
f 10141 10145 10142
f 10149 10147 10148
f 10148 10150 10151
f 10147 10150 10148
f 10151 10150 9727
f 10151 9727 10144
f 10144 9727 9713
f 10145 9726 9737
f 9737 10146 10145
f 9737 9738 10146
f 9738 10152 10146
f 10154 10147 10149
f 10153 10147 10154
f 10147 10153 10150
f 10150 10153 10155
f 10150 10155 9740
f 9727 10150 9740
f 9743 9744 10156
f 10156 9738 9743
f 10156 10157 9738
f 10157 10152 9738
f 10160 10158 10159
f 10159 10158 10162
f 10154 10161 10153
f 10153 10163 10155
f 10161 10163 10153
f 10155 10163 10164
f 10155 10164 9740
f 9740 10164 9745
f 10165 10156 9744
f 10165 9744 10166
f 10166 9744 9762
f 10156 10165 10157
f 10160 10167 10158
f 10158 10167 10162
f 10164 10168 9745
f 10168 9764 9745
f 10166 9762 10169
f 10169 9762 9788
f 9789 10171 10170
f 9789 9764 10171
f 9764 10168 10171
f 9789 10170 9790
f 9796 9797 10172
f 9798 9796 10172
f 10173 9798 10172
f 9799 9798 10173
f 10174 9799 10173
f 9800 9799 10174
f 10175 9800 10174
f 9801 9800 10175
f 10176 9801 10175
f 9802 9801 10176
f 10177 9802 10176
f 9803 9802 10177
f 10178 9803 10177
f 9804 9803 10178
f 10179 9804 10178
f 9804 10179 9806
f 10180 10181 10169
f 10180 10169 9817
f 9817 10169 9788
f 10181 10180 10182
f 10170 9820 9819
f 10170 10171 9820
f 10171 10183 9820
f 10170 9819 9790
f 10184 10172 9797
f 9828 10184 9797
f 10172 10184 10173
f 10173 10184 10185
f 10173 10185 10174
f 10174 10185 10186
f 10174 10186 10175
f 10175 10186 10187
f 10175 10187 10176
f 10176 10187 10188
f 10176 10188 10177
f 10177 10188 10189
f 9831 9830 10178
f 9831 10178 10189
f 10189 10178 10177
f 10179 10178 9830
f 9833 10179 9830
f 10179 9833 9806
f 10180 9817 9843
f 9843 10182 10180
f 9843 9844 10182
f 9844 10190 10182
f 10193 10191 10192
f 10192 10191 10194
f 10197 10195 10196
f 10196 10195 9845
f 10196 9845 10183
f 10183 9845 9820
f 10184 9828 9855
f 10185 10184 9855
f 9857 10185 9855
f 10186 10185 9857
f 9859 10186 9857
f 10187 10186 9859
f 9861 10187 9859
f 10188 10187 9861
f 9863 10188 9861
f 10189 10188 9863
f 9865 10189 9863
f 10189 9865 9831
f 10190 9844 9876
f 10198 10190 9876
f 9876 10199 10198
f 9877 10199 9876
f 10202 10200 10201
f 10201 10203 10204
f 10200 10203 10201
f 10204 10191 10193
f 10204 10203 10191
f 10203 10205 10191
f 10194 9879 10206
f 10194 10205 9879
f 10194 10191 10205
f 10205 9880 9879
f 10195 10197 10206
f 10195 10206 9881
f 9881 10206 9879
f 10195 9881 9845
f 9883 10208 10207
f 9882 9883 10207
f 10207 10209 9882
f 9882 10209 9884
f 10209 10210 9884
f 9884 10210 9885
f 10212 10211 9887
f 10212 9887 10210
f 10210 9887 9885
f 9887 10211 9889
f 10199 9877 10213
f 10213 9877 9910
f 10202 10214 10200
f 10216 10200 10214
f 10216 10215 10200
f 10215 10203 10200
f 9913 9912 10205
f 9913 10205 10215
f 10215 10205 10203
f 10205 9912 9880
f 10208 9883 10217
f 10217 9883 9914
f 10212 10218 10211
f 10211 9915 9889
f 10211 10218 9915
f 10218 10219 9915
f 9915 10219 10220
f 9917 9915 10220
f 10213 9910 10221
f 10221 9910 9924
f 10215 10216 10223
f 9926 10222 9927
f 10222 9926 9913
f 10222 9913 10224
f 10215 10223 9913
f 10223 10224 9913
f 9929 10226 10225
f 9928 9929 10225
f 10225 9914 9928
f 10217 9914 10225
f 9930 10228 10227
f 9930 9917 10228
f 9917 10220 10228
f 9930 10227 9931
f 10229 10230 10221
f 10229 10221 9932
f 9932 10221 9924
f 10230 10231 10232
f 10229 10231 10230
f 10232 10233 10234
f 10231 10233 10232
f 10235 10234 10233
f 10235 10236 10234
f 10222 9935 9927
f 9935 10222 10224
f 9935 10224 9936
f 10236 10235 10224
f 10235 9936 10224
f 10226 9929 10237
f 10237 9929 9937
f 10227 9940 9939
f 10227 10228 9940
f 10228 10238 9940
f 10227 9939 9931
f 10229 9932 9941
f 10231 10229 9941
f 9942 10231 9941
f 10233 10231 9942
f 9943 10233 9942
f 10235 10233 9943
f 9944 10235 9943
f 10235 9944 9936
f 10237 9937 10239
f 10239 9937 9945
f 9947 10240 10241
f 9946 10240 9947
f 10240 9946 9940
f 10238 10240 9940
f 10239 9945 9948
f 10242 10239 9948
f 9948 10243 10242
f 9949 10243 9948
f 9952 10244 10245
f 9951 10244 9952
f 10244 9951 9947
f 10241 10244 9947
f 9953 10246 10247
f 9953 10247 9949
f 9949 10247 10243
f 9954 10246 9953
f 10248 10246 9954
f 10248 10249 10250
f 10248 9954 10249
f 9954 9955 10249
f 10249 9955 9952
f 10245 10249 9952
f 10247 10246 10251
f 10246 10248 10252
f 10251 10246 10252
f 10248 10250 10252
f 9958 10254 10253
f 9957 9958 10253
f 10253 10255 9957
f 9957 10255 9960
f 9960 10255 10256
f 9961 9960 10256
f 9964 10258 10257
f 9963 9964 10257
f 10257 9958 9963
f 10254 9958 10257
f 10256 9965 9961
f 10259 9965 10256
f 9965 10259 10260
f 9966 9965 10260
f 10258 9964 10261
f 10261 9964 9970
f 10260 9971 9966
f 10262 9971 10260
f 9971 10262 10263
f 9972 9971 10263
f 10261 9970 10264
f 10264 9970 9975
f 10263 9976 9972
f 10265 9976 10263
f 9976 10265 10266
f 9978 9976 10266
f 10264 9975 10267
f 10267 9975 9983
f 10266 10268 9978
f 10268 9985 9978
f 9989 9990 10269
f 9991 9989 10269
f 10270 9991 10269
f 9991 10270 9993
f 10271 10272 10267
f 10271 10267 9994
f 9994 10267 9983
f 10272 10271 10273
f 10276 10274 10275
f 10275 10274 9996
f 10275 9996 10268
f 10268 9996 9985
f 10005 10006 10277
f 10277 10279 10278
f 10005 10277 10278
f 10005 10278 10269
f 10005 10269 9990
f 10269 10280 10270
f 10278 10280 10269
f 10282 10281 10007
f 10280 10282 10007
f 10280 10007 9993
f 10280 9993 10270
f 10281 10284 10283
f 10281 10283 10007
f 10007 10283 10008
f 10008 10283 10285
f 10010 10008 10285
f 10271 9994 10011
f 10011 10273 10271
f 10011 10012 10273
f 10012 10286 10273
f 10289 10287 10288
f 10015 10288 10287
f 10015 10014 10288
f 10014 10290 10288
f 10274 10276 10290
f 10274 10290 10016
f 10016 10290 10014
f 10274 10016 9996
f 10291 10277 10006
f 10291 10006 10292
f 10292 10006 10033
f 10277 10291 10279
f 10282 10293 10281
f 10281 10293 10284
f 10034 10295 10294
f 10034 10010 10295
f 10010 10285 10295
f 10034 10294 10036
f 10286 10012 10038
f 10296 10286 10038
f 10296 10038 10297
f 10038 10040 10297
f 10287 10289 10297
f 10287 10297 10042
f 10042 10297 10040
f 10287 10042 10015
f 10292 10033 10298
f 10298 10033 10062
f 10295 10299 10294
f 10294 10299 10300
f 10294 10300 10036
f 10036 10300 10064
f 10301 10302 10298
f 10301 10298 10085
f 10085 10298 10062
f 10302 10301 10303
f 10300 10304 10064
f 10304 10086 10064
f 10301 10085 10106
f 10106 10107 10305
f 10301 10106 10305
f 10301 10305 10306
f 10301 10306 10303
f 10306 10305 10307
f 10109 10308 10110
f 10310 10086 10304
f 10310 10308 10086
f 10310 10309 10308
f 10109 10086 10308
f 10310 10311 10309
f 10113 10313 10312
f 10112 10113 10312
f 10107 10314 10305
f 10107 10112 10314
f 10112 10312 10314
f 10305 10314 10307
f 10308 10114 10110
f 10315 10308 10309
f 10315 10116 10308
f 10315 10316 10116
f 10116 10114 10308
f 10309 10311 10315
f 10122 10123 10317
f 10317 10113 10122
f 10317 10318 10113
f 10318 10313 10113
f 10124 10320 10319
f 10124 10116 10320
f 10116 10316 10320
f 10124 10319 10125
f 10321 10317 10123
f 10321 10123 10322
f 10322 10123 10136
f 10317 10321 10318
f 10320 10323 10319
f 10325 10324 10137
f 10323 10325 10137
f 10323 10137 10125
f 10323 10125 10319
f 10137 10324 10138
f 10322 10136 10326
f 10326 10136 10142
f 10329 10327 10328
f 10328 10330 10331
f 10327 10330 10328
f 10324 10144 10143
f 10325 10144 10324
f 10325 10330 10144
f 10325 10331 10330
f 10324 10143 10138
f 10326 10142 10332
f 10332 10142 10146
f 10327 10149 10148
f 10327 10329 10149
f 10329 10333 10149
f 10330 10327 10148
f 10151 10330 10148
f 10330 10151 10144
f 10332 10146 10334
f 10334 10146 10152
f 10335 10333 10336
f 10335 10154 10333
f 10154 10149 10333
f 10336 10337 10335
f 10334 10152 10338
f 10338 10152 10157
f 10159 10339 10160
f 10159 10162 10339
f 10161 10154 10335
f 10342 10340 10341
f 10340 10343 10337
f 10340 10337 10341
f 10343 10163 10337
f 10335 10337 10161
f 10163 10161 10337
f 10163 10343 10164
f 10165 10166 10344
f 10344 10157 10165
f 10344 10345 10157
f 10345 10338 10157
f 10347 10348 10346
f 10339 10167 10160
f 10167 10339 10162
f 10347 10346 10350
f 10340 10342 10349
f 10340 10351 10343
f 10349 10351 10340
f 10343 10351 10352
f 10343 10352 10164
f 10164 10352 10168
f 10353 10344 10166
f 10169 10353 10166
f 10345 10353 10354
f 10344 10353 10345
f 10348 10355 10346
f 10346 10355 10350
f 10352 10356 10168
f 10356 10171 10168
f 10353 10169 10181
f 10181 10354 10353
f 10181 10182 10354
f 10182 10357 10354
f 10360 10358 10359
f 10359 10358 10361
f 10364 10362 10363
f 10363 10362 10183
f 10363 10183 10356
f 10356 10183 10171
f 10365 10366 10357
f 10365 10357 10190
f 10190 10357 10182
f 10366 10365 10367
f 10358 10193 10192
f 10358 10360 10193
f 10360 10368 10193
f 10192 10194 10369
f 10358 10192 10369
f 10358 10369 10370
f 10358 10370 10361
f 10362 10197 10196
f 10364 10197 10362
f 10364 10369 10197
f 10364 10370 10369
f 10362 10196 10183
f 10365 10190 10198
f 10198 10199 10371
f 10365 10198 10371
f 10365 10371 10372
f 10365 10372 10367
f 10372 10373 10374
f 10371 10373 10372
f 10376 10374 10373
f 10375 10202 10201
f 10204 10375 10201
f 10377 10375 10204
f 10377 10204 10193
f 10377 10193 10378
f 10378 10193 10368
f 10369 10194 10206
f 10369 10206 10197
f 10208 10380 10379
f 10207 10208 10379
f 10379 10381 10207
f 10207 10381 10209
f 10381 10382 10209
f 10209 10382 10210
f 10210 10382 10383
f 10212 10210 10383
f 10384 10371 10199
f 10213 10384 10199
f 10371 10384 10373
f 10373 10384 10385
f 10202 10375 10214
f 10376 10373 10387
f 10373 10386 10387
f 10373 10385 10386
f 10387 10386 10389
f 10214 10375 10216
f 10375 10388 10216
f 10375 10377 10388
f 10378 10390 10388
f 10377 10378 10388
f 10380 10208 10391
f 10391 10208 10217
f 10383 10218 10212
f 10392 10218 10383
f 10394 10393 10219
f 10394 10219 10392
f 10392 10219 10218
f 10219 10393 10220
f 10395 10384 10213
f 10221 10395 10213
f 10384 10395 10385
f 10385 10395 10396
f 10385 10396 10386
f 10386 10396 10397
f 10216 10388 10223
f 10389 10386 10399
f 10386 10398 10399
f 10386 10397 10398
f 10223 10388 10390
f 10223 10390 10224
f 10399 10398 10390
f 10398 10224 10390
f 10226 10401 10400
f 10225 10226 10400
f 10400 10217 10225
f 10391 10217 10400
f 10403 10393 10394
f 10402 10393 10403
f 10393 10402 10228
f 10220 10393 10228
f 10395 10221 10230
f 10396 10395 10230
f 10232 10396 10230
f 10397 10396 10232
f 10234 10397 10232
f 10398 10397 10234
f 10236 10398 10234
f 10398 10236 10224
f 10401 10226 10404
f 10404 10226 10237
f 10403 10405 10402
f 10402 10405 10406
f 10402 10406 10228
f 10228 10406 10238
f 10404 10237 10407
f 10407 10237 10239
f 10241 10408 10409
f 10240 10408 10241
f 10408 10240 10238
f 10406 10408 10238
f 10407 10239 10242
f 10410 10407 10242
f 10242 10411 10410
f 10243 10411 10242
f 10245 10412 10413
f 10244 10412 10245
f 10412 10244 10241
f 10409 10412 10241
f 10411 10243 10414
f 10414 10243 10247
f 10250 10415 10416
f 10249 10415 10250
f 10415 10249 10245
f 10413 10415 10245
f 10414 10247 10251
f 10417 10414 10251
f 10417 10251 10418
f 10251 10252 10418
f 10418 10252 10250
f 10416 10418 10250
f 10254 10420 10419
f 10253 10254 10419
f 10419 10421 10253
f 10253 10421 10255
f 10255 10421 10422
f 10256 10255 10422
f 10258 10424 10423
f 10257 10258 10423
f 10423 10254 10257
f 10420 10254 10423
f 10422 10259 10256
f 10425 10259 10422
f 10259 10425 10426
f 10260 10259 10426
f 10424 10258 10427
f 10427 10258 10261
f 10426 10262 10260
f 10428 10262 10426
f 10262 10428 10429
f 10263 10262 10429
f 10427 10261 10430
f 10430 10261 10264
f 10265 10432 10431
f 10265 10263 10432
f 10263 10429 10432
f 10265 10431 10266
f 10430 10264 10433
f 10433 10264 10267
f 10435 10431 10432
f 10434 10431 10435
f 10431 10434 10268
f 10266 10431 10268
f 10433 10267 10272
f 10436 10433 10272
f 10272 10437 10436
f 10273 10437 10272
f 10440 10438 10439
f 10434 10276 10275
f 10435 10276 10434
f 10435 10438 10276
f 10435 10439 10438
f 10434 10275 10268
f 10278 10279 10441
f 10280 10278 10441
f 10442 10280 10441
f 10280 10442 10282
f 10283 10284 10443
f 10283 10443 10285
f 10444 10445 10437
f 10444 10437 10286
f 10286 10437 10273
f 10445 10446 10447
f 10444 10446 10445
f 10289 10447 10446
f 10289 10288 10447
f 10288 10448 10447
f 10438 10440 10448
f 10438 10448 10290
f 10290 10448 10288
f 10438 10290 10276
f 10291 10292 10449
f 10279 10291 10449
f 10279 10449 10441
f 10441 10449 10450
f 10451 10450 10452
f 10451 10442 10450
f 10442 10441 10450
f 10454 10453 10293
f 10451 10454 10293
f 10451 10293 10282
f 10451 10282 10442
f 10284 10293 10453
f 10284 10453 10443
f 10443 10453 10455
f 10443 10455 10295
f 10285 10443 10295
f 10444 10286 10296
f 10446 10444 10296
f 10297 10446 10296
f 10446 10297 10289
f 10456 10449 10292
f 10298 10456 10292
f 10449 10456 10450
f 10450 10456 10457
f 10452 10457 10458
f 10450 10457 10452
f 10460 10453 10454
f 10459 10453 10460
f 10461 10459 10462
f 10461 10455 10459
f 10455 10453 10459
f 10464 10463 10299
f 10461 10464 10299
f 10461 10299 10295
f 10461 10295 10455
f 10299 10463 10300
f 10456 10298 10302
f 10302 10303 10465
f 10302 10465 10456
f 10456 10465 10457
f 10458 10465 10466
f 10457 10465 10458
f 10460 10467 10459
f 10459 10467 10462
f 10469 10463 10464
f 10468 10463 10469
f 10463 10468 10304
f 10300 10463 10304
f 10465 10303 10306
f 10306 10466 10465
f 10306 10307 10466
f 10307 10470 10466
f 10469 10471 10468
f 10468 10310 10304
f 10468 10471 10310
f 10471 10472 10310
f 10310 10472 10473
f 10311 10310 10473
f 10312 10313 10474
f 10314 10312 10474
f 10475 10314 10474
f 10475 10307 10314
f 10475 10476 10307
f 10476 10470 10307
f 10479 10477 10478
f 10316 10478 10477
f 10316 10315 10478
f 10315 10480 10478
f 10480 10315 10311
f 10473 10480 10311
f 10481 10474 10313
f 10318 10481 10313
f 10482 10481 10483
f 10482 10475 10481
f 10475 10474 10481
f 10475 10482 10476
f 10479 10484 10477
f 10477 10484 10485
f 10477 10485 10316
f 10316 10485 10320
f 10321 10322 10486
f 10486 10488 10487
f 10321 10486 10487
f 10321 10487 10481
f 10321 10481 10318
f 10481 10487 10483
f 10323 10490 10489
f 10323 10320 10490
f 10320 10485 10490
f 10323 10489 10325
f 10491 10486 10322
f 10326 10491 10322
f 10488 10491 10492
f 10486 10491 10488
f 10329 10493 10494
f 10328 10493 10329
f 10489 10490 10493
f 10489 10493 10331
f 10331 10493 10328
f 10489 10331 10325
f 10495 10491 10326
f 10495 10326 10496
f 10496 10326 10332
f 10491 10495 10492
f 10494 10497 10329
f 10497 10333 10329
f 10496 10332 10498
f 10498 10332 10334
f 10497 10336 10333
f 10499 10336 10497
f 10336 10499 10500
f 10337 10336 10500
f 10498 10334 10501
f 10501 10334 10338
f 10342 10502 10503
f 10341 10502 10342
f 10502 10341 10337
f 10500 10502 10337
f 10501 10338 10504
f 10504 10338 10345
f 10347 10505 10348
f 10505 10347 10350
f 10507 10506 10342
f 10507 10342 10503
f 10342 10506 10349
f 10351 10349 10506
f 10508 10351 10506
f 10351 10508 10352
f 10504 10345 10509
f 10509 10345 10354
f 10511 10512 10510
f 10505 10355 10348
f 10355 10505 10350
f 10511 10510 10514
f 10506 10507 10513
f 10516 10506 10513
f 10516 10515 10506
f 10515 10508 10506
f 10508 10515 10356
f 10352 10508 10356
f 10517 10518 10509
f 10517 10509 10357
f 10357 10509 10354
f 10518 10517 10519
f 10510 10360 10359
f 10510 10512 10360
f 10512 10520 10360
f 10359 10361 10521
f 10510 10359 10521
f 10510 10521 10522
f 10510 10522 10514
f 10515 10364 10363
f 10516 10364 10515
f 10516 10521 10364
f 10516 10522 10521
f 10515 10363 10356
f 10517 10357 10366
f 10366 10367 10523
f 10517 10366 10523
f 10517 10523 10524
f 10517 10524 10519
f 10524 10525 10526
f 10523 10525 10524
f 10526 10525 10527
f 10528 10520 10529
f 10528 10368 10520
f 10368 10360 10520
f 10529 10530 10528
f 10361 10370 10521
f 10521 10370 10364
f 10523 10367 10372
f 10525 10523 10372
f 10374 10525 10372
f 10374 10527 10525
f 10374 10376 10527
f 10376 10531 10527
f 10532 10368 10528
f 10378 10368 10532
f 10530 10533 10532
f 10528 10530 10532
f 10380 10535 10534
f 10379 10380 10534
f 10534 10536 10379
f 10379 10536 10381
f 10538 10537 10382
f 10538 10382 10536
f 10536 10382 10381
f 10382 10537 10383
f 10531 10376 10387
f 10539 10531 10387
f 10387 10540 10539
f 10389 10540 10387
f 10541 10378 10532
f 10541 10542 10378
f 10542 10390 10378
f 10532 10533 10541
f 10535 10380 10543
f 10543 10380 10391
f 10538 10544 10537
f 10537 10392 10383
f 10537 10544 10392
f 10544 10545 10392
f 10392 10545 10546
f 10394 10392 10546
f 10540 10389 10399
f 10547 10540 10399
f 10547 10399 10390
f 10542 10547 10390
f 10401 10549 10548
f 10400 10401 10548
f 10548 10391 10400
f 10543 10391 10548
f 10546 10550 10394
f 10550 10403 10394
f 10549 10401 10551
f 10551 10401 10404
f 10405 10553 10552
f 10405 10403 10553
f 10403 10550 10553
f 10405 10552 10406
f 10551 10404 10554
f 10554 10404 10407
f 10552 10409 10408
f 10552 10553 10409
f 10553 10555 10409
f 10552 10408 10406
f 10410 10556 10557
f 10410 10557 10407
f 10407 10557 10554
f 10410 10411 10556
f 10413 10558 10559
f 10412 10558 10413
f 10558 10412 10409
f 10555 10558 10409
f 10557 10556 10560
f 10556 10561 10560
f 10556 10411 10561
f 10411 10414 10561
f 10416 10562 10563
f 10415 10562 10416
f 10562 10415 10413
f 10559 10562 10413
f 10561 10414 10417
f 10564 10561 10417
f 10564 10417 10565
f 10417 10418 10565
f 10565 10418 10416
f 10563 10565 10416
f 10568 10567 10566
f 10567 10569 10566
f 10572 10571 10570
f 10566 10419 10420
f 10568 10566 10420
f 10568 10420 10570
f 10568 10570 10571
f 10569 10419 10566
f 10569 10573 10419
f 10573 10421 10419
f 10421 10573 10574
f 10422 10421 10574
f 10570 10423 10424
f 10570 10424 10572
f 10572 10424 10575
f 10570 10420 10423
f 10574 10425 10422
f 10576 10425 10574
f 10425 10576 10577
f 10426 10425 10577
f 10575 10424 10578
f 10578 10424 10427
f 10428 10580 10579
f 10428 10426 10580
f 10426 10577 10580
f 10428 10579 10429
f 10578 10427 10581
f 10581 10427 10430
f 10580 10582 10579
f 10579 10582 10583
f 10579 10583 10429
f 10429 10583 10432
f 10581 10430 10584
f 10584 10430 10433
f 10587 10585 10586
f 10586 10585 10435
f 10586 10435 10583
f 10583 10435 10432
f 10584 10433 10436
f 10588 10584 10436
f 10436 10589 10588
f 10437 10589 10436
f 10592 10590 10591
f 10585 10440 10439
f 10587 10440 10585
f 10587 10590 10440
f 10587 10591 10590
f 10585 10439 10435
f 10589 10437 10445
f 10593 10589 10445
f 10593 10445 10594
f 10445 10447 10594
f 10590 10592 10594
f 10590 10594 10448
f 10448 10594 10447
f 10590 10448 10440
f 10451 10452 10595
f 10451 10595 10454
f 10596 10595 10452
f 10458 10596 10452
f 10595 10596 10460
f 10454 10595 10460
f 10461 10462 10597
f 10461 10597 10464
f 10598 10596 10458
f 10466 10598 10458
f 10460 10596 10598
f 10460 10598 10599
f 10460 10599 10467
f 10600 10599 10598
f 10462 10601 10597
f 10462 10467 10601
f 10467 10599 10601
f 10597 10601 10602
f 10597 10602 10464
f 10464 10602 10469
f 10603 10598 10466
f 10603 10466 10604
f 10604 10466 10470
f 10598 10603 10600
f 10602 10471 10469
f 10605 10471 10602
f 10607 10606 10472
f 10607 10472 10605
f 10605 10472 10471
f 10472 10606 10473
f 10604 10470 10608
f 10608 10470 10476
f 10478 10609 10479
f 10609 10607 10610
f 10609 10480 10607
f 10609 10478 10480
f 10480 10606 10607
f 10606 10480 10473
f 10482 10483 10611
f 10611 10476 10482
f 10611 10612 10476
f 10612 10608 10476
f 10614 10615 10613
f 10609 10484 10479
f 10484 10609 10610
f 10484 10610 10485
f 10614 10613 10610
f 10613 10485 10610
f 10487 10488 10616
f 10483 10487 10616
f 10483 10616 10611
f 10611 10616 10617
f 10612 10617 10618
f 10611 10617 10612
f 10621 10619 10620
f 10620 10619 10622
f 10624 10613 10615
f 10623 10613 10624
f 10613 10623 10490
f 10485 10613 10490
f 10625 10616 10488
f 10492 10625 10488
f 10616 10625 10617
f 10617 10625 10626
f 10618 10626 10627
f 10617 10626 10618
f 10621 10628 10619
f 10622 10619 10628
f 10630 10631 10629
f 10623 10494 10493
f 10624 10494 10623
f 10624 10629 10494
f 10624 10630 10629
f 10623 10493 10490
f 10495 10496 10632
f 10632 10634 10633
f 10495 10632 10633
f 10495 10633 10625
f 10495 10625 10492
f 10625 10635 10626
f 10633 10635 10625
f 10626 10635 10627
f 10631 10636 10629
f 10629 10636 10637
f 10629 10637 10494
f 10494 10637 10497
f 10638 10632 10496
f 10498 10638 10496
f 10634 10638 10639
f 10632 10638 10634
f 10637 10499 10497
f 10640 10499 10637
f 10499 10640 10641
f 10500 10499 10641
f 10642 10638 10498
f 10501 10642 10498
f 10639 10642 10643
f 10638 10642 10639
f 10503 10644 10645
f 10502 10644 10503
f 10644 10502 10500
f 10641 10644 10500
f 10646 10642 10501
f 10504 10646 10501
f 10643 10646 10647
f 10642 10646 10643
f 10645 10648 10503
f 10648 10507 10503
f 10649 10646 10504
f 10509 10649 10504
f 10647 10649 10650
f 10646 10649 10647
f 10653 10651 10652
f 10652 10654 10655
f 10651 10654 10652
f 10512 10655 10654
f 10512 10511 10655
f 10511 10656 10655
f 10507 10648 10657
f 10507 10657 10513
f 10648 10656 10657
f 10514 10657 10511
f 10656 10511 10657
f 10513 10657 10516
f 10649 10509 10518
f 10518 10519 10658
f 10649 10518 10658
f 10649 10658 10659
f 10649 10659 10650
f 10659 10660 10661
f 10658 10660 10659
f 10661 10651 10653
f 10661 10660 10651
f 10660 10662 10651
f 10663 10662 10664
f 10663 10654 10662
f 10654 10651 10662
f 10654 10520 10512
f 10654 10666 10520
f 10654 10663 10666
f 10666 10665 10520
f 10666 10667 10665
f 10514 10522 10657
f 10657 10522 10516
f 10658 10519 10524
f 10660 10658 10524
f 10526 10660 10524
f 10668 10662 10660
f 10668 10660 10527
f 10668 10527 10669
f 10527 10660 10526
f 10662 10668 10664
f 10665 10529 10520
f 10529 10665 10667
f 10529 10667 10530
f 10530 10667 10670
f 10669 10527 10671
f 10671 10527 10531
f 10670 10672 10530
f 10672 10533 10530
f 10535 10674 10673
f 10534 10535 10673
f 10676 10675 10536
f 10676 10536 10673
f 10673 10536 10534
f 10536 10675 10538
f 10671 10531 10539
f 10677 10671 10539
f 10678 10539 10540
f 10678 10679 10539
f 10679 10677 10539
f 10542 10679 10678
f 10542 10541 10679
f 10541 10680 10679
f 10680 10541 10533
f 10672 10680 10533
f 10674 10535 10681
f 10681 10535 10543
f 10676 10682 10675
f 10675 10544 10538
f 10675 10682 10544
f 10682 10683 10544
f 10685 10684 10545
f 10685 10545 10683
f 10683 10545 10544
f 10545 10684 10546
f 10678 10540 10547
f 10678 10547 10542
f 10549 10687 10686
f 10548 10549 10686
f 10686 10543 10548
f 10681 10543 10686
f 10689 10684 10685
f 10688 10684 10689
f 10684 10688 10550
f 10546 10684 10550
f 10687 10549 10690
f 10690 10549 10551
f 10692 10688 10689
f 10691 10688 10692
f 10688 10691 10553
f 10550 10688 10553
f 10690 10551 10693
f 10693 10551 10554
f 10692 10694 10691
f 10691 10694 10695
f 10691 10695 10553
f 10553 10695 10555
f 10693 10554 10696
f 10696 10554 10557
f 10559 10697 10698
f 10558 10697 10559
f 10697 10558 10555
f 10695 10697 10555
f 10696 10557 10560
f 10699 10696 10560
f 10560 10700 10699
f 10561 10700 10560
f 10563 10701 10702
f 10562 10701 10563
f 10701 10562 10559
f 10698 10701 10559
f 10700 10561 10564
f 10703 10700 10564
f 10703 10564 10704
f 10564 10565 10704
f 10704 10565 10563
f 10702 10704 10563
f 10568 10706 10705
f 10567 10568 10705
f 10567 10705 10707
f 10569 10567 10707
f 10572 10709 10708
f 10571 10572 10708
f 10708 10568 10571
f 10706 10568 10708
f 10707 10573 10569
f 10710 10573 10707
f 10573 10710 10711
f 10574 10573 10711
f 10709 10572 10712
f 10712 10572 10575
f 10711 10576 10574
f 10713 10576 10711
f 10576 10713 10714
f 10577 10576 10714
f 10712 10575 10715
f 10715 10575 10578
f 10714 10716 10577
f 10716 10580 10577
f 10715 10578 10717
f 10717 10578 10581
f 10582 10719 10718
f 10582 10580 10719
f 10580 10716 10719
f 10582 10718 10583
f 10717 10581 10720
f 10720 10581 10584
f 10718 10587 10586
f 10718 10719 10587
f 10719 10721 10587
f 10718 10586 10583
f 10720 10584 10588
f 10722 10720 10588
f 10588 10723 10722
f 10589 10723 10588
f 10592 10724 10725
f 10591 10724 10592
f 10724 10591 10587
f 10721 10724 10587
f 10723 10589 10593
f 10726 10723 10593
f 10726 10593 10727
f 10593 10594 10727
f 10727 10594 10592
f 10725 10727 10592
f 10599 10600 10728
f 10601 10599 10728
f 10729 10601 10728
f 10601 10729 10602
f 10603 10604 10730
f 10600 10603 10730
f 10600 10730 10728
f 10728 10730 10731
f 10728 10731 10729
f 10729 10731 10732
f 10605 10602 10729
f 10605 10729 10733
f 10733 10729 10732
f 10605 10733 10607
f 10734 10730 10604
f 10608 10734 10604
f 10730 10734 10731
f 10731 10734 10735
f 10731 10735 10732
f 10732 10735 10736
f 10732 10736 10733
f 10733 10736 10737
f 10733 10737 10610
f 10607 10733 10610
f 10738 10734 10608
f 10612 10738 10608
f 10734 10738 10735
f 10735 10738 10739
f 10740 10739 10741
f 10740 10736 10739
f 10736 10735 10739
f 10740 10742 10615
f 10740 10615 10737
f 10740 10737 10736
f 10614 10737 10615
f 10737 10614 10610
f 10743 10738 10612
f 10618 10743 10612
f 10621 10620 10739
f 10621 10739 10743
f 10743 10739 10738
f 10620 10741 10739
f 10620 10622 10741
f 10622 10744 10741
f 10742 10745 10615
f 10745 10624 10615
f 10746 10743 10618
f 10627 10746 10618
f 10628 10621 10743
f 10628 10743 10747
f 10747 10743 10746
f 10630 10748 10747
f 10630 10747 10631
f 10748 10744 10747
f 10628 10747 10622
f 10744 10622 10747
f 10748 10630 10624
f 10745 10748 10624
f 10633 10634 10749
f 10635 10633 10749
f 10750 10635 10749
f 10627 10635 10750
f 10627 10750 10746
f 10746 10750 10751
f 10746 10751 10747
f 10747 10751 10752
f 10636 10631 10747
f 10636 10747 10753
f 10753 10747 10752
f 10636 10753 10637
f 10754 10749 10634
f 10639 10754 10634
f 10749 10754 10750
f 10750 10754 10755
f 10750 10755 10751
f 10751 10755 10756
f 10751 10756 10752
f 10752 10756 10757
f 10752 10757 10753
f 10753 10757 10758
f 10640 10637 10753
f 10640 10753 10759
f 10759 10753 10758
f 10640 10759 10641
f 10760 10754 10639
f 10643 10760 10639
f 10754 10760 10755
f 10755 10760 10761
f 10755 10761 10756
f 10756 10761 10762
f 10756 10762 10757
f 10757 10762 10763
f 10757 10763 10758
f 10758 10763 10764
f 10645 10644 10759
f 10645 10759 10764
f 10764 10759 10758
f 10759 10644 10641
f 10765 10760 10643
f 10647 10765 10643
f 10760 10765 10761
f 10761 10765 10766
f 10761 10766 10762
f 10762 10766 10767
f 10762 10767 10763
f 10763 10767 10768
f 10763 10768 10764
f 10764 10768 10769
f 10764 10769 10648
f 10645 10764 10648
f 10770 10765 10647
f 10650 10770 10647
f 10765 10770 10766
f 10766 10770 10771
f 10653 10652 10767
f 10653 10767 10771
f 10771 10767 10766
f 10768 10767 10652
f 10655 10768 10652
f 10769 10768 10655
f 10656 10769 10655
f 10769 10656 10648
f 10770 10650 10659
f 10771 10770 10659
f 10661 10771 10659
f 10771 10661 10653
f 10663 10664 10772
f 10666 10663 10772
f 10773 10666 10772
f 10666 10773 10667
f 10668 10669 10774
f 10664 10668 10774
f 10664 10774 10772
f 10772 10774 10775
f 10772 10775 10773
f 10773 10775 10776
f 10773 10776 10670
f 10667 10773 10670
f 10777 10774 10669
f 10671 10777 10669
f 10774 10777 10775
f 10775 10777 10778
f 10775 10778 10776
f 10776 10778 10779
f 10776 10779 10672
f 10670 10776 10672
f 10673 10674 10780
f 10673 10780 10676
f 10777 10671 10677
f 10778 10777 10677
f 10679 10778 10677
f 10779 10778 10679
f 10680 10779 10679
f 10779 10680 10672
f 10781 10780 10674
f 10781 10674 10782
f 10782 10674 10681
f 10780 10682 10676
f 10780 10781 10682
f 10781 10783 10682
f 10783 10784 10682
f 10682 10784 10683
f 10683 10784 10785
f 10685 10683 10785
f 10687 10787 10786
f 10686 10687 10786
f 10786 10681 10686
f 10782 10681 10786
f 10785 10788 10685
f 10788 10689 10685
f 10787 10687 10789
f 10789 10687 10690
f 10788 10790 10689
f 10790 10692 10689
f 10789 10690 10791
f 10791 10690 10693
f 10694 10793 10792
f 10694 10692 10793
f 10692 10790 10793
f 10694 10792 10695
f 10794 10795 10791
f 10794 10791 10696
f 10696 10791 10693
f 10795 10794 10796
f 10792 10698 10697
f 10792 10793 10698
f 10793 10797 10698
f 10792 10697 10695
f 10794 10696 10699
f 10699 10796 10794
f 10699 10700 10796
f 10700 10798 10796
f 10702 10799 10800
f 10701 10799 10702
f 10799 10701 10698
f 10797 10799 10698
f 10798 10700 10703
f 10801 10798 10703
f 10801 10703 10802
f 10703 10704 10802
f 10802 10704 10702
f 10800 10802 10702
f 10706 10804 10803
f 10705 10706 10803
f 10805 10707 10705
f 10805 10705 10806
f 10806 10705 10803
f 10806 10807 10805
f 10709 10809 10808
f 10708 10709 10808
f 10808 10706 10708
f 10804 10706 10808
f 10805 10710 10707
f 10710 10805 10807
f 10710 10807 10711
f 10711 10807 10810
f 10809 10709 10811
f 10811 10709 10712
f 10810 10713 10711
f 10812 10713 10810
f 10713 10812 10813
f 10714 10713 10813
f 10811 10712 10814
f 10814 10712 10715
f 10813 10815 10714
f 10815 10716 10714
f 10814 10715 10816
f 10816 10715 10717
f 10815 10817 10716
f 10817 10719 10716
f 10818 10819 10816
f 10818 10816 10720
f 10720 10816 10717
f 10819 10818 10820
f 10823 10821 10822
f 10822 10821 10721
f 10822 10721 10817
f 10817 10721 10719
f 10818 10720 10722
f 10722 10723 10824
f 10818 10722 10824
f 10818 10824 10825
f 10818 10825 10820
f 10825 10826 10827
f 10824 10826 10825
f 10821 10725 10724
f 10823 10725 10821
f 10823 10826 10725
f 10823 10827 10826
f 10821 10724 10721
f 10824 10723 10726
f 10826 10824 10726
f 10727 10826 10726
f 10826 10727 10725
f 10740 10741 10828
f 10740 10828 10742
f 10829 10828 10741
f 10744 10829 10741
f 10828 10829 10745
f 10742 10828 10745
f 10829 10744 10748
f 10829 10748 10745
f 10782 10831 10830
f 10781 10782 10830
f 10830 10832 10781
f 10781 10832 10783
f 10834 10833 10784
f 10834 10784 10832
f 10832 10784 10783
f 10784 10833 10785
f 10787 10836 10835
f 10786 10787 10835
f 10835 10782 10786
f 10831 10782 10835
f 10834 10837 10833
f 10833 10837 10838
f 10833 10838 10785
f 10785 10838 10788
f 10836 10787 10839
f 10839 10787 10789
f 10838 10840 10788
f 10840 10790 10788
f 10841 10842 10839
f 10841 10839 10791
f 10791 10839 10789
f 10842 10841 10843
f 10840 10844 10790
f 10844 10793 10790
f 10841 10791 10795
f 10795 10843 10841
f 10795 10796 10843
f 10796 10845 10843
f 10844 10846 10793
f 10846 10797 10793
f 10845 10796 10847
f 10847 10796 10798
f 10800 10848 10849
f 10799 10848 10800
f 10848 10799 10797
f 10846 10848 10797
f 10847 10798 10801
f 10850 10847 10801
f 10850 10801 10851
f 10801 10802 10851
f 10851 10802 10800
f 10849 10851 10800
f 10804 10853 10852
f 10803 10804 10852
f 10855 10854 10806
f 10855 10806 10852
f 10852 10806 10803
f 10806 10854 10807
f 10808 10809 10856
f 10856 10804 10808
f 10856 10857 10804
f 10857 10853 10804
f 10855 10858 10854
f 10854 10858 10859
f 10854 10859 10807
f 10807 10859 10810
f 10860 10856 10809
f 10860 10809 10861
f 10861 10809 10811
f 10856 10860 10857
f 10859 10812 10810
f 10862 10812 10859
f 10812 10862 10863
f 10813 10812 10863
f 10861 10811 10864
f 10864 10811 10814
f 10863 10865 10813
f 10865 10815 10813
f 10864 10814 10866
f 10866 10814 10816
f 10869 10867 10868
f 10868 10867 10817
f 10868 10817 10865
f 10865 10817 10815
f 10866 10816 10819
f 10870 10866 10819
f 10819 10871 10870
f 10820 10871 10819
f 10867 10823 10822
f 10867 10869 10823
f 10869 10872 10823
f 10867 10822 10817
f 10871 10820 10825
f 10873 10871 10825
f 10873 10825 10874
f 10825 10827 10874
f 10874 10827 10823
f 10872 10874 10823
f 10831 10876 10875
f 10830 10831 10875
f 10875 10877 10830
f 10830 10877 10832
f 10832 10877 10878
f 10834 10832 10878
f 10835 10836 10879
f 10879 10831 10835
f 10879 10880 10831
f 10880 10876 10831
f 10837 10882 10881
f 10837 10834 10882
f 10834 10878 10882
f 10837 10881 10838
f 10883 10879 10836
f 10839 10883 10836
f 10880 10883 10884
f 10879 10883 10880
f 10882 10885 10881
f 10881 10885 10886
f 10881 10886 10838
f 10838 10886 10840
f 10883 10839 10842
f 10842 10884 10883
f 10842 10843 10884
f 10843 10887 10884
f 10886 10888 10840
f 10888 10844 10840
f 10887 10843 10889
f 10889 10843 10845
f 10892 10890 10891
f 10891 10890 10846
f 10891 10846 10888
f 10888 10846 10844
f 10893 10894 10889
f 10893 10889 10847
f 10847 10889 10845
f 10894 10893 10895
f 10890 10849 10848
f 10890 10892 10849
f 10892 10896 10849
f 10890 10848 10846
f 10893 10847 10850
f 10895 10893 10850
f 10895 10850 10897
f 10897 10850 10851
f 10897 10851 10849
f 10896 10897 10849
f 10852 10853 10898
f 10852 10898 10855
f 10899 10898 10853
f 10899 10853 10900
f 10900 10853 10857
f 10898 10858 10855
f 10898 10899 10858
f 10899 10901 10858
f 10858 10901 10902
f 10859 10858 10902
f 10860 10861 10903
f 10903 10857 10860
f 10903 10904 10857
f 10904 10900 10857
f 10862 10906 10905
f 10862 10859 10906
f 10859 10902 10906
f 10862 10905 10863
f 10907 10903 10861
f 10864 10907 10861
f 10904 10907 10908
f 10903 10907 10904
f 10910 10905 10906
f 10909 10905 10910
f 10905 10909 10865
f 10863 10905 10865
f 10911 10907 10864
f 10866 10911 10864
f 10908 10911 10912
f 10907 10911 10908
f 10909 10869 10868
f 10909 10910 10869
f 10910 10913 10869
f 10909 10868 10865
f 10911 10866 10870
f 10870 10871 10914
f 10911 10870 10914
f 10911 10914 10915
f 10911 10915 10912
f 10915 10916 10917
f 10914 10916 10915
f 10917 10916 10872
f 10917 10872 10913
f 10913 10872 10869
f 10914 10871 10873
f 10916 10914 10873
f 10874 10916 10873
f 10916 10874 10872
f 10875 10876 10918
f 10877 10875 10918
f 10919 10877 10918
f 10877 10919 10878
f 10920 10918 10876
f 10920 10876 10921
f 10921 10876 10880
f 10918 10922 10919
f 10920 10922 10918
f 10919 10922 10923
f 10919 10923 10878
f 10878 10923 10882
f 10921 10880 10924
f 10924 10880 10884
f 10885 10926 10925
f 10885 10882 10926
f 10882 10923 10926
f 10885 10925 10886
f 10924 10884 10927
f 10927 10884 10887
f 10929 10925 10926
f 10928 10925 10929
f 10925 10928 10888
f 10886 10925 10888
f 10927 10887 10930
f 10930 10887 10889
f 10928 10892 10891
f 10928 10929 10892
f 10929 10931 10892
f 10928 10891 10888
f 10930 10889 10894
f 10932 10930 10894
f 10933 10894 10895
f 10933 10934 10894
f 10934 10932 10894
f 10934 10933 10896
f 10934 10896 10931
f 10931 10896 10892
f 10933 10895 10897
f 10933 10897 10896
f 10900 10936 10935
f 10899 10900 10935
f 10938 10937 10901
f 10938 10901 10935
f 10935 10901 10899
f 10901 10937 10902
f 10936 10900 10939
f 10939 10900 10904
f 10941 10937 10938
f 10940 10937 10941
f 10937 10940 10906
f 10902 10937 10906
f 10939 10904 10942
f 10942 10904 10908
f 10944 10940 10941
f 10943 10940 10944
f 10940 10943 10910
f 10906 10940 10910
f 10942 10908 10945
f 10945 10908 10912
f 10947 10943 10944
f 10946 10943 10947
f 10943 10946 10913
f 10910 10943 10913
f 10945 10912 10915
f 10948 10945 10915
f 10946 10947 10948
f 10946 10948 10917
f 10917 10948 10915
f 10946 10917 10913
f 10920 10921 10949
f 10922 10920 10949
f 10950 10922 10949
f 10922 10950 10923
f 10951 10949 10921
f 10924 10951 10921
f 10949 10951 10950
f 10950 10951 10952
f 10950 10952 10926
f 10923 10950 10926
f 10953 10951 10924
f 10927 10953 10924
f 10951 10953 10952
f 10952 10953 10954
f 10952 10954 10929
f 10926 10952 10929
f 10955 10953 10927
f 10930 10955 10927
f 10953 10955 10954
f 10954 10955 10956
f 10954 10956 10931
f 10929 10954 10931
f 10955 10930 10932
f 10956 10955 10932
f 10934 10956 10932
f 10956 10934 10931
f 10935 10936 10957
f 10935 10957 10938
f 10958 10957 10936
f 10939 10958 10936
f 10957 10958 10941
f 10938 10957 10941
f 10959 10958 10939
f 10942 10959 10939
f 10958 10959 10944
f 10941 10958 10944
f 10960 10959 10942
f 10945 10960 10942
f 10959 10960 10947
f 10944 10959 10947
f 10960 10945 10948
f 10960 10948 10947